person_id,department,year,month,planned_missions,completed_missions,cancelled_missions,flight_hours_real,flight_hours_training,flight_hours_combat,flight_hours_test,flight_hours_simulator,avg_temperature_c,avg_wind_speed_kmh,dominant_weather,primary_cancellation_reason
AO05709,Delta,2022,5,17,17,0,59.89,24.0,27.57,8.32,5.22,16.5,34.9,Clear,
AO05709,Delta,2022,6,20,20,0,76.56,18.54,35.55,22.47,5.02,29.7,22.1,Clear,
AO05709,Delta,2022,7,9,9,0,30.39,4.55,9.84,16.0,4.19,29.6,42.6,Clear,
AO05709,Delta,2022,8,14,14,0,50.0,13.81,21.59,14.6,5.82,30.3,9.9,Clear,
AO05709,Delta,2022,9,7,7,0,28.0,16.0,8.0,4.0,2.89,15.1,41.5,Rainy,
AO05709,Delta,2022,10,6,6,0,22.17,22.17,0.0,0.0,1.2,15.5,21.7,Cloudy,
AO05709,Delta,2022,11,7,7,0,19.74,6.66,13.08,0.0,0.77,13.8,32.9,Clear,
AO05709,Delta,2022,12,5,5,0,20.0,8.0,8.0,4.0,3.27,2.9,38.0,Cloudy,
AO05709,Delta,2023,1,4,4,0,16.0,12.0,4.0,0.0,6.07,1.9,19.4,Rainy,
AO05709,Delta,2023,2,3,3,0,12.0,4.0,0.0,8.0,0.0,4.7,28.5,Cloudy,
AO05709,Delta,2023,3,5,5,0,17.58,8.0,4.0,5.58,4.1,17.2,11.6,Clear,
AO05709,Delta,2023,4,8,8,0,29.28,18.3,0.0,10.98,3.46,14.2,23.1,Clear,
AO05709,Delta,2023,5,7,7,0,27.740000000000002,16.0,7.74,4.0,0.5,15.4,29.0,Clear,
AO05709,Delta,2023,6,9,9,0,33.78,17.78,8.0,8.0,0.0,29.3,20.2,Clear,
AO05709,Delta,2023,7,12,12,0,43.75,14.39,21.36,8.0,0.39,28.8,29.5,Clear,
AO05709,Delta,2023,8,16,16,0,60.44,21.8,30.64,8.0,4.96,29.4,38.2,Clear,
AO05709,Delta,2023,9,9,9,0,33.18,8.0,20.0,5.18,3.92,14.3,19.6,Cloudy,
AO05709,Delta,2023,10,6,6,0,24.0,12.0,0.0,12.0,0.6,13.4,13.8,Clear,
AO05709,Delta,2023,11,2,2,0,8.0,4.0,4.0,0.0,5.09,16.2,29.2,Clear,
AO05709,Delta,2023,12,1,1,0,4.0,0.0,4.0,0.0,7.93,3.9,23.7,Clear,
AO05709,Delta,2024,1,3,3,0,12.0,8.0,4.0,0.0,4.36,4.6,19.8,Windy,
AO05709,Delta,2024,2,4,4,0,13.21,8.0,2.5,2.71,3.36,1.6,17.1,Cloudy,
AO05709,Delta,2024,3,3,3,0,12.0,0.0,8.0,4.0,3.71,14.7,11.8,Clear,
AO05709,Delta,2024,4,9,9,0,34.35,15.94,10.41,8.0,7.31,16.0,41.5,Clear,
AO05709,Delta,2024,5,7,7,0,22.07,12.85,9.22,0.0,2.89,14.5,30.9,Clear,
AO05709,Delta,2024,6,12,12,0,42.48,17.47,14.46,10.55,4.24,31.1,17.1,Clear,
AO05709,Delta,2024,7,8,8,0,25.15,16.55,4.6,4.0,6.63,30.4,21.8,Clear,
AO05709,Delta,2024,8,7,7,0,26.86,22.86,4.0,0.0,6.76,29.2,9.4,Clear,
AO05709,Delta,2024,9,2,2,0,8.0,0.0,8.0,0.0,7.29,14.1,39.0,Cloudy,
AO05709,Delta,2024,10,3,3,0,12.0,0.0,4.0,8.0,6.07,13.7,12.0,Cloudy,
AO05709,Delta,2024,11,3,3,0,7.82,0.0,0.4,7.42,8.29,14.5,37.0,Cloudy,
AO05709,Delta,2024,12,1,1,0,0.41,0.0,0.0,0.41,1.16,4.4,37.3,Clear,
AO05709,Delta,2025,1,1,1,0,4.0,0.0,4.0,0.0,7.44,2.8,14.9,Windy,
AO05709,Delta,2025,2,2,2,0,8.0,4.0,0.0,4.0,0.0,2.2,5.8,Rainy,
AO05709,Delta,2025,3,3,3,0,11.02,4.0,0.0,7.02,6.02,14.4,14.3,Clear,
AO05709,Delta,2025,4,5,5,0,20.0,8.0,4.0,8.0,2.71,16.7,42.7,Clear,
AO05709,Delta,2025,5,3,3,0,8.58,4.0,4.58,0.0,2.18,15.5,26.9,Clear,
AO05709,Delta,2025,6,3,3,0,12.0,4.0,4.0,4.0,1.94,30.8,23.5,Clear,
AO05709,Delta,2025,7,2,2,0,8.0,4.0,4.0,0.0,4.93,30.1,32.3,Clear,
AO05709,Delta,2025,8,6,6,0,22.21,18.21,0.0,4.0,3.87,30.5,12.0,Clear,
AO05709,Delta,2025,9,3,3,0,12.0,8.0,0.0,4.0,0.0,14.0,8.7,Cloudy,
AO05709,Delta,2025,10,2,2,0,8.0,0.0,4.0,4.0,1.71,15.0,17.6,Windy,
AO05709,Delta,2025,11,2,2,0,5.14,4.0,0.0,1.14,4.57,12.1,38.7,Clear,
AO05709,Delta,2025,12,3,3,0,9.08,2.21,6.87,0.0,4.64,2.5,44.1,Windy,
AO05709,Delta,2026,1,3,3,0,12.0,4.0,8.0,0.0,3.47,2.4,7.8,Cloudy,
AO05709,Delta,2026,3,3,3,0,12.0,4.0,4.0,4.0,1.93,15.9,29.5,Clear,
AO05709,Delta,2026,4,1,1,0,4.0,4.0,0.0,0.0,2.97,16.2,29.8,Cloudy,
AO05709,Delta,2026,5,6,6,0,24.0,4.0,8.0,12.0,3.45,16.5,25.4,Clear,
AO05709,Delta,2026,6,8,8,0,24.72,10.75,9.97,4.0,4.06,30.9,20.3,Clear,
AO07216,Alpha,2024,9,1,1,0,4.0,4.0,0.0,0.0,1.12,13.1,13.6,Cloudy,
AO07216,Alpha,2024,10,5,5,0,20.0,12.0,4.0,4.0,5.34,13.6,18.8,Clear,
AO07216,Alpha,2024,11,2,2,0,4.87,0.0,0.0,4.87,2.35,14.1,8.4,Rainy,
AO07216,Alpha,2025,2,1,1,0,4.0,4.0,0.0,0.0,1.76,3.1,34.0,Cloudy,
AO07216,Alpha,2025,4,3,3,0,8.629999999999999,0.63,4.0,4.0,3.8,17.4,16.2,Clear,
AO07216,Alpha,2025,5,2,2,0,8.0,4.0,0.0,4.0,4.33,16.4,43.3,Clear,
AO07216,Alpha,2025,7,2,2,0,4.720000000000001,2.74,1.98,0.0,3.92,30.5,6.5,Clear,
AO07216,Alpha,2025,8,2,2,0,7.4399999999999995,4.0,3.44,0.0,4.37,31.3,29.4,Clear,
AO07216,Alpha,2025,9,3,3,0,9.530000000000001,1.53,8.0,0.0,4.93,13.9,16.2,Clear,
AO07216,Alpha,2025,10,2,2,0,8.0,4.0,4.0,0.0,2.05,14.8,42.2,Clear,
AO07216,Alpha,2025,11,1,1,0,4.0,4.0,0.0,0.0,5.02,14.7,10.6,Cloudy,
AO07216,Alpha,2025,12,2,2,0,8.0,0.0,0.0,8.0,3.63,3.9,44.3,Rainy,
AO07216,Alpha,2026,2,1,1,0,1.29,0.0,1.29,0.0,8.21,3.4,16.1,Rainy,
AO07216,Alpha,2026,3,1,1,0,3.18,0.0,3.18,0.0,8.77,15.0,28.9,Clear,
AO07216,Alpha,2026,4,5,5,0,20.0,4.0,8.0,8.0,4.55,14.4,24.3,Cloudy,
AO07216,Alpha,2026,5,1,1,0,4.0,4.0,0.0,0.0,0.53,16.5,44.2,Clear,
AO07216,Alpha,2026,6,3,3,0,12.0,8.0,0.0,4.0,4.5,28.3,6.0,Clear,
AO11296,Delta,2022,12,2,2,0,5.699999999999999,5.699999999999999,0.0,0.0,6.72,2.9,10.9,Cloudy,
AO11296,Delta,2023,1,3,3,0,11.0,8.0,3.0,0.0,5.88,1.9,10.6,Rainy,
AO11296,Delta,2023,2,4,4,0,16.0,8.0,8.0,0.0,4.61,4.7,7.7,Cloudy,
AO11296,Delta,2023,3,1,1,0,4.0,0.0,4.0,0.0,1.93,17.2,7.1,Clear,
AO11296,Delta,2023,4,3,3,0,12.0,0.0,8.0,4.0,1.78,14.2,41.7,Clear,
AO11296,Delta,2023,5,11,11,0,39.53,18.1,13.43,8.0,4.38,15.4,40.9,Clear,
AO11296,Delta,2023,6,7,7,0,25.07,12.0,8.0,5.07,2.38,29.3,23.4,Clear,
AO11296,Delta,2023,7,6,6,0,20.939999999999998,12.0,8.94,0.0,6.16,28.8,23.3,Clear,
AO11296,Delta,2023,8,8,8,0,28.36,20.0,4.36,4.0,4.63,29.4,24.4,Clear,
AO11296,Delta,2023,9,1,1,0,1.96,0.0,1.96,0.0,2.54,14.3,38.6,Cloudy,
AO11296,Delta,2023,10,8,8,0,32.0,12.0,8.0,12.0,5.31,13.4,7.8,Clear,
AO11296,Delta,2023,11,2,2,0,8.0,4.0,0.0,4.0,4.47,16.2,20.6,Clear,
AO11296,Delta,2023,12,1,1,0,4.0,4.0,0.0,0.0,4.11,3.9,10.5,Clear,
AO11296,Delta,2024,1,2,2,0,6.8,4.0,2.8,0.0,2.76,4.6,5.7,Windy,
AO11296,Delta,2024,2,3,3,0,12.0,4.0,8.0,0.0,6.77,1.6,36.5,Cloudy,
AO11296,Delta,2024,3,5,5,0,16.72,7.52,5.2,4.0,4.38,14.7,21.1,Clear,
AO11296,Delta,2024,4,2,2,0,8.0,4.0,0.0,4.0,6.15,16.0,32.0,Clear,
AO11296,Delta,2024,5,3,3,0,11.6,4.0,0.0,7.6,2.26,14.5,8.3,Clear,
AO11296,Delta,2024,6,8,8,0,30.95,8.0,10.95,12.0,5.64,31.1,26.3,Clear,
AO11296,Delta,2024,7,5,5,0,20.0,12.0,4.0,4.0,5.73,30.4,5.9,Clear,
AO11296,Delta,2024,8,2,2,0,8.0,8.0,0.0,0.0,3.85,29.2,41.4,Clear,
AO11296,Delta,2024,9,3,3,0,11.7,8.0,0.0,3.7,4.43,14.1,29.3,Cloudy,
AO11296,Delta,2024,10,5,5,0,17.95,4.0,5.95,8.0,4.28,13.7,10.6,Cloudy,
AO11296,Delta,2024,11,2,2,0,7.65,7.65,0.0,0.0,1.97,14.5,17.7,Cloudy,
AO11296,Delta,2024,12,1,1,0,4.0,0.0,0.0,4.0,3.95,4.4,14.7,Clear,
AO11296,Delta,2025,1,1,1,0,3.31,0.0,0.0,3.31,4.43,2.8,13.1,Windy,
AO11296,Delta,2025,2,2,2,0,8.0,4.0,4.0,0.0,3.27,2.2,36.9,Rainy,
AO11296,Delta,2025,3,2,2,0,4.34,4.0,0.0,0.34,5.76,14.4,39.3,Clear,
AO11296,Delta,2025,4,3,3,0,10.93,6.93,4.0,0.0,6.76,16.7,19.1,Clear,
AO11296,Delta,2025,5,1,1,0,4.0,0.0,4.0,0.0,4.3,15.5,7.7,Clear,
AO11296,Delta,2025,6,2,2,0,7.08,0.0,4.0,3.08,3.28,30.8,6.9,Clear,
AO11296,Delta,2025,7,2,2,0,5.38,1.38,0.0,4.0,6.93,30.1,39.3,Clear,
AO11296,Delta,2025,8,2,2,0,4.65,4.65,0.0,0.0,2.66,30.5,37.2,Clear,
AO11296,Delta,2025,9,2,2,0,5.79,1.79,4.0,0.0,2.13,14.0,6.0,Cloudy,
AO11296,Delta,2025,10,3,3,0,12.0,4.0,0.0,8.0,0.0,15.0,8.1,Windy,
AO11296,Delta,2025,11,1,1,0,4.0,4.0,0.0,0.0,2.84,12.1,21.9,Clear,
AO11296,Delta,2025,12,1,1,0,1.4,1.4,0.0,0.0,8.17,2.5,9.2,Windy,
AO11296,Delta,2026,1,2,2,0,8.0,0.0,8.0,0.0,4.4,2.4,11.8,Cloudy,
AO11296,Delta,2026,4,3,3,0,12.0,4.0,8.0,0.0,5.07,16.2,22.8,Cloudy,
AO11296,Delta,2026,5,3,3,0,12.0,8.0,4.0,0.0,0.81,16.5,24.6,Clear,
AO11296,Delta,2026,6,1,1,0,4.0,0.0,4.0,0.0,2.37,30.9,5.7,Clear,
AO11537,Sigma,2021,1,4,4,0,16.0,4.0,12.0,0.0,2.77,4.9,39.3,Cloudy,
AO11537,Sigma,2021,2,11,11,0,89.4,36.47,40.76,12.17,1.73,4.0,21.7,Clear,
AO11537,Sigma,2021,3,9,9,0,56.22,39.74,12.48,4.0,5.17,15.3,22.3,Clear,
AO11537,Sigma,2021,4,18,18,0,67.82,28.67,27.15,12.0,3.4,16.2,7.2,Clear,
AO11537,Sigma,2021,5,26,26,0,91.35,36.15,35.2,20.0,0.5,15.3,18.6,Clear,
AO11537,Sigma,2021,6,11,11,0,44.0,8.0,24.0,12.0,1.52,29.1,26.1,Clear,
AO11537,Sigma,2021,7,15,15,0,54.94,18.21,20.0,16.73,4.24,30.1,24.8,Clear,
AO11537,Sigma,2021,8,7,7,0,25.14,13.14,4.0,8.0,1.6,31.4,22.6,Clear,
AO11537,Sigma,2021,9,11,11,0,42.13,20.0,7.83,14.3,5.01,13.3,31.1,Rainy,
AO11537,Sigma,2021,10,3,3,0,12.0,4.0,4.0,4.0,7.4,14.0,23.2,Clear,
AO11537,Sigma,2021,11,2,2,0,6.54,4.0,0.0,2.54,7.19,12.6,19.9,Clear,
AO11537,Sigma,2021,12,4,4,0,10.65,4.05,4.0,2.6,0.12,3.0,11.4,Clear,
AO11537,Sigma,2022,1,5,5,0,20.0,8.0,8.0,4.0,1.56,4.3,18.2,Rainy,
AO11537,Sigma,2022,2,2,2,0,8.0,4.0,4.0,0.0,5.89,3.0,35.0,Cloudy,
AO11537,Sigma,2022,3,9,9,0,32.54,13.57,6.970000000000001,12.0,5.97,15.3,44.5,Clear,
AO11537,Sigma,2022,4,8,8,0,28.08,8.08,4.0,16.0,6.52,16.6,11.3,Clear,
AO11537,Sigma,2022,5,13,13,0,46.14,8.0,26.42,11.719999999999999,4.36,17.1,25.0,Cloudy,
AO11537,Sigma,2022,6,8,8,0,30.34,14.34,12.0,4.0,6.73,29.2,36.7,Clear,
AO11537,Sigma,2022,7,3,3,0,12.0,8.0,4.0,0.0,5.28,30.6,18.4,Clear,
AO11537,Sigma,2022,8,7,7,0,25.009999999999998,13.43,7.58,4.0,2.96,31.1,23.5,Clear,
AO11537,Sigma,2022,9,4,4,0,16.0,8.0,4.0,4.0,6.22,13.0,44.6,Rainy,
AO11537,Sigma,2022,10,5,5,0,20.0,12.0,8.0,0.0,5.27,15.3,23.0,Cloudy,
AO11537,Sigma,2022,11,2,2,0,8.0,0.0,0.0,8.0,5.55,14.0,30.2,Cloudy,
AO11537,Sigma,2022,12,5,5,0,18.759999999999998,14.76,0.0,4.0,3.69,3.9,30.6,Cloudy,
AO11537,Sigma,2023,1,2,2,0,7.720000000000001,4.0,0.0,3.72,2.29,4.7,10.2,Cloudy,
AO11537,Sigma,2023,2,9,9,0,29.51,19.73,5.78,4.0,4.28,2.6,39.6,Clear,
AO11537,Sigma,2023,3,3,3,0,9.48,8.0,1.48,0.0,5.99,16.6,21.2,Cloudy,
AO11537,Sigma,2023,4,3,3,0,12.0,8.0,4.0,0.0,5.62,14.6,32.1,Clear,
AO11537,Sigma,2023,5,5,5,0,19.25,8.0,3.25,8.0,6.86,15.4,26.7,Clear,
AO11537,Sigma,2023,6,7,7,0,26.36,4.0,12.0,10.36,5.38,29.5,35.4,Clear,
AO11537,Sigma,2023,7,10,10,0,38.0,16.0,11.29,10.71,2.46,29.9,12.2,Clear,
AO11537,Sigma,2023,8,5,5,0,16.27,0.81,8.0,7.46,4.74,30.6,10.3,Clear,
AO11537,Sigma,2023,9,8,8,0,26.07,8.030000000000001,6.23,11.81,1.28,14.1,13.6,Cloudy,
AO11537,Sigma,2023,10,8,8,0,25.84,5.84,16.0,4.0,3.54,14.3,31.4,Cloudy,
AO11537,Sigma,2023,11,5,5,0,20.0,8.0,12.0,0.0,5.16,12.8,8.8,Clear,
AO11537,Sigma,2023,12,5,5,0,16.61,8.61,0.0,8.0,3.41,4.0,23.8,Clear,
AO11537,Sigma,2024,1,4,4,0,11.16,9.27,1.89,0.0,2.27,3.6,44.0,Cloudy,
AO11537,Sigma,2024,2,4,4,0,16.0,8.0,8.0,0.0,1.83,3.5,22.7,Cloudy,
AO11537,Sigma,2024,3,2,2,0,8.0,8.0,0.0,0.0,1.5,16.3,28.9,Clear,
AO11537,Sigma,2024,4,5,5,0,13.47,1.81,4.0,7.66,2.03,16.0,9.1,Clear,
AO11537,Sigma,2024,5,8,8,0,28.28,16.28,8.0,4.0,3.73,16.0,36.0,Clear,
AO11537,Sigma,2024,6,4,4,0,16.0,4.0,4.0,8.0,4.37,30.4,13.6,Clear,
AO11537,Sigma,2024,7,7,7,0,24.6,8.0,13.86,2.74,6.23,29.4,16.6,Clear,
AO11537,Sigma,2024,8,5,5,0,19.02,7.02,12.0,0.0,5.79,30.9,27.2,Clear,
AO11537,Sigma,2024,9,7,7,0,27.72,0.0,16.0,11.72,6.35,13.7,38.1,Clear,
AO11537,Sigma,2024,10,4,4,0,15.92,4.0,3.92,8.0,0.0,13.5,29.8,Clear,
AO11537,Sigma,2024,11,2,2,0,7.48,4.0,3.48,0.0,9.03,13.4,16.8,Clear,
AO11537,Sigma,2024,12,3,3,0,6.359999999999999,4.0,0.0,2.36,5.11,4.0,26.2,Rainy,
AO11537,Sigma,2025,1,2,2,0,8.0,4.0,4.0,0.0,6.9,3.1,37.6,Windy,
AO11537,Sigma,2025,2,4,4,0,12.4,4.4,8.0,0.0,5.98,4.7,12.0,Clear,
AO11537,Sigma,2025,3,4,4,0,8.89,1.65,3.2399999999999998,4.0,2.62,16.4,21.2,Clear,
AO11537,Sigma,2025,4,5,5,0,15.91,8.0,5.37,2.54,4.59,16.3,31.2,Clear,
AO11537,Sigma,2025,6,2,2,0,8.0,4.0,4.0,0.0,3.08,29.6,33.6,Clear,
AO11537,Sigma,2025,7,5,5,0,20.0,12.0,4.0,4.0,2.06,30.3,34.3,Clear,
AO11537,Sigma,2025,8,5,5,0,20.0,12.0,4.0,4.0,0.65,29.6,17.1,Clear,
AO11537,Sigma,2025,9,3,3,0,11.98,7.98,4.0,0.0,3.45,14.1,29.9,Cloudy,
AO11537,Sigma,2025,10,3,3,0,8.46,4.0,0.0,4.46,3.91,14.5,40.0,Clear,
AO11537,Sigma,2025,11,4,4,0,16.0,12.0,4.0,0.0,3.17,13.9,18.7,Clear,
AO11537,Sigma,2025,12,3,3,0,12.0,4.0,4.0,4.0,1.96,2.4,19.7,Cloudy,
AO11537,Sigma,2026,1,1,1,0,2.8,0.0,0.0,2.8,3.33,3.4,15.2,Cloudy,
AO11537,Sigma,2026,2,4,4,0,14.41,12.0,2.41,0.0,5.1,2.6,12.0,Rainy,
AO11537,Sigma,2026,3,4,4,0,12.81,4.0,4.0,4.8100000000000005,2.83,15.9,9.8,Clear,
AO11537,Sigma,2026,4,6,6,0,23.89,3.89,16.0,4.0,3.98,14.9,6.9,Clear,
AO11537,Sigma,2026,5,1,1,0,4.0,0.0,4.0,0.0,4.33,16.0,31.0,Clear,
AO11537,Sigma,2026,6,5,5,0,16.16,7.5600000000000005,8.0,0.6,3.3,29.2,43.7,Clear,
AO11628,Alpha,2022,8,3,3,0,51.56,18.89,15.46,17.21,2.63,31.5,24.3,Clear,
AO11628,Alpha,2023,1,1,1,0,15.73,0.0,0.0,15.73,3.08,3.0,39.0,Rainy,
AO11628,Alpha,2023,4,1,1,0,16.52,16.52,0.0,0.0,2.2,16.2,7.3,Clear,
AO11628,Alpha,2023,6,1,1,0,18.8,18.8,0.0,0.0,5.23,30.7,31.6,Clear,
AO11628,Alpha,2023,8,3,3,0,42.45,27.490000000000002,0.0,14.96,10.36,28.2,22.5,Clear,
AO11628,Alpha,2023,9,1,1,0,19.03,19.03,0.0,0.0,2.41,13.9,11.8,Cloudy,
AO11628,Alpha,2023,11,1,1,0,18.12,0.0,18.12,0.0,2.69,13.3,10.1,Cloudy,
AO11628,Alpha,2023,12,1,1,0,15.94,0.0,0.0,15.94,4.26,3.0,35.5,Rainy,
AO11628,Alpha,2024,3,1,1,0,16.09,16.09,0.0,0.0,0.0,16.4,10.4,Cloudy,
AO11628,Alpha,2024,4,1,1,0,16.74,16.74,0.0,0.0,7.57,16.7,9.0,Clear,
AO11628,Alpha,2024,5,1,1,0,13.99,0.0,13.99,0.0,5.38,15.8,15.5,Clear,
AO11628,Alpha,2024,6,1,1,0,15.42,0.0,15.42,0.0,3.98,30.3,20.5,Clear,
AO11628,Alpha,2024,7,1,1,0,15.58,15.58,0.0,0.0,3.29,29.5,14.9,Clear,
AO11628,Alpha,2024,8,1,1,0,18.23,18.23,0.0,0.0,6.29,28.6,5.8,Clear,
AO11628,Alpha,2024,9,1,1,0,15.77,0.0,15.77,0.0,5.7,13.1,24.0,Cloudy,
AO11628,Alpha,2024,11,1,1,0,12.26,0.0,12.26,0.0,4.32,14.1,30.3,Rainy,
AO11628,Alpha,2024,12,2,2,0,32.230000000000004,16.42,15.81,0.0,2.07,4.3,9.2,Clear,
AO11628,Alpha,2025,4,1,1,0,19.11,0.0,19.11,0.0,8.87,17.4,35.5,Clear,
AO11628,Alpha,2025,6,2,2,0,35.11,35.11,0.0,0.0,6.62,31.3,8.4,Clear,
AO11628,Alpha,2025,7,2,2,0,35.95,35.95,0.0,0.0,6.33,30.5,23.0,Clear,
AO11938,Gamma,2021,6,9,9,0,151.58,70.81,34.980000000000004,45.79,0.96,29.1,26.1,Clear,
AO11938,Gamma,2021,7,1,1,0,16.33,0.0,16.33,0.0,5.96,30.2,27.7,Clear,
AO11938,Gamma,2021,8,1,1,0,19.05,19.05,0.0,0.0,2.75,29.7,23.5,Clear,
AO11938,Gamma,2021,9,3,3,0,53.769999999999996,53.769999999999996,0.0,0.0,2.96,15.2,43.5,Cloudy,
AO11938,Gamma,2021,11,4,4,0,77.47,20.0,57.47,0.0,4.78,13.9,12.7,Clear,
AO11938,Gamma,2021,12,1,1,0,16.31,16.31,0.0,0.0,3.89,2.5,25.9,Clear,
AO11938,Gamma,2022,1,1,1,0,14.81,0.0,0.0,14.81,5.19,3.4,12.3,Cloudy,
AO11938,Gamma,2022,2,1,1,0,18.59,0.0,18.59,0.0,7.79,2.8,18.1,Cloudy,
AO11938,Gamma,2022,3,2,2,0,34.81,0.0,17.7,17.11,4.86,17.1,34.9,Clear,
AO11938,Gamma,2022,4,1,1,0,20.0,0.0,20.0,0.0,4.44,16.4,34.8,Cloudy,
AO11938,Gamma,2022,5,4,4,0,62.44,30.75,15.36,16.33,2.73,15.9,7.7,Clear,
AO11938,Gamma,2022,7,5,5,0,84.15,69.82,14.33,0.0,4.85,29.9,13.4,Clear,
AO11938,Gamma,2022,8,1,1,0,17.21,0.0,17.21,0.0,2.54,29.7,27.7,Clear,
AO11938,Gamma,2022,9,2,2,0,33.47,33.47,0.0,0.0,4.8,13.5,22.1,Cloudy,
AO11938,Gamma,2023,2,2,2,0,31.580000000000002,17.1,14.48,0.0,1.52,1.2,13.3,Clear,
AO11938,Gamma,2023,3,4,4,0,65.91,0.0,33.01,32.9,5.29,16.8,31.4,Clear,
AO11938,Gamma,2023,4,1,1,0,16.38,0.0,0.0,16.38,2.75,16.0,30.3,Clear,
AO11938,Gamma,2023,5,3,3,0,49.51,34.72,0.0,14.79,3.04,14.7,43.2,Clear,
AO11938,Gamma,2023,6,2,2,0,32.56,16.04,16.52,0.0,3.07,30.7,10.8,Clear,
AO11938,Gamma,2023,7,1,1,0,20.0,0.0,0.0,20.0,4.06,29.6,35.0,Clear,
AO11938,Gamma,2023,8,1,1,0,19.53,0.0,19.53,0.0,3.9,29.7,25.3,Clear,
AO11938,Gamma,2023,9,3,3,0,49.53,32.49,0.0,17.04,4.76,14.3,43.5,Cloudy,
AO11938,Gamma,2023,10,2,2,0,31.410000000000004,0.0,16.51,14.9,7.12,15.1,30.5,Clear,
AO11938,Gamma,2024,1,3,3,0,55.94,18.86,17.91,19.17,3.14,1.5,26.2,Cloudy,
AO11938,Gamma,2024,5,1,1,0,18.95,18.95,0.0,0.0,2.5,17.0,28.8,Clear,
AO11938,Gamma,2024,6,1,1,0,18.84,18.84,0.0,0.0,3.3,31.2,24.1,Clear,
AO11938,Gamma,2024,7,2,2,0,32.129999999999995,0.0,32.129999999999995,0.0,5.62,29.5,41.0,Clear,
AO11938,Gamma,2024,8,2,2,0,29.34,14.48,0.0,14.86,3.27,30.1,5.9,Clear,
AO11938,Gamma,2024,9,1,1,0,14.8,14.8,0.0,0.0,1.54,14.5,41.9,Cloudy,
AO11938,Gamma,2024,11,1,1,0,20.0,0.0,20.0,0.0,9.33,14.5,7.0,Cloudy,
AO11938,Gamma,2025,3,3,3,0,53.43,0.0,35.69,17.74,2.55,17.2,13.3,Rainy,
AO11938,Gamma,2025,6,2,2,0,34.22,0.0,34.22,0.0,4.92,31.1,6.0,Clear,
AO11938,Gamma,2025,7,1,1,0,14.64,0.0,14.64,0.0,5.26,29.2,38.0,Clear,
AO11938,Gamma,2025,11,1,1,0,20.0,0.0,0.0,20.0,5.11,14.3,41.7,Clear,
AO11938,Gamma,2026,1,2,2,0,37.099999999999994,19.2,17.9,0.0,5.13,3.3,26.3,Cloudy,
AO11938,Gamma,2026,2,1,1,0,17.02,0.0,0.0,17.02,7.59,3.5,24.8,Windy,
AO11938,Gamma,2026,3,1,1,0,19.74,0.0,19.74,0.0,4.85,15.4,15.4,Cloudy,
AO11938,Gamma,2026,6,1,1,0,15.5,0.0,15.5,0.0,5.95,29.9,12.0,Clear,
AO12000,Sigma,2021,8,8,8,0,29.18,14.26,12.0,2.92,4.17,31.4,39.8,Clear,
AO12000,Sigma,2021,9,9,9,0,35.56,12.0,8.0,15.56,2.26,13.3,34.0,Rainy,
AO12000,Sigma,2021,10,4,4,0,12.49,4.0,0.49,8.0,3.67,14.0,11.7,Clear,
AO12000,Sigma,2021,11,5,5,0,19.28,11.28,4.0,4.0,7.03,12.6,33.1,Clear,
AO12000,Sigma,2021,12,9,9,0,36.0,12.0,20.0,4.0,3.95,3.0,25.3,Clear,
AO12000,Sigma,2022,1,1,1,0,2.76,2.76,0.0,0.0,4.82,4.3,43.7,Rainy,
AO12000,Sigma,2022,2,4,4,0,9.0,4.97,4.0,0.03,3.97,3.0,24.2,Cloudy,
AO12000,Sigma,2022,3,7,7,0,28.0,12.0,4.0,12.0,5.95,15.3,26.4,Clear,
AO12000,Sigma,2022,4,6,6,0,20.66,0.0,4.0,16.66,3.33,16.6,37.4,Clear,
AO12000,Sigma,2022,5,21,21,0,79.41,24.67,34.74,20.0,3.21,17.1,18.3,Cloudy,
AO12000,Sigma,2022,6,5,5,0,16.07,12.07,4.0,0.0,3.31,29.2,36.6,Clear,
AO12000,Sigma,2022,7,13,13,0,45.69,33.0,8.0,4.6899999999999995,3.37,30.6,26.5,Clear,
AO12000,Sigma,2022,8,9,9,0,34.89,16.0,7.32,11.57,3.28,31.1,41.3,Clear,
AO12000,Sigma,2022,9,4,4,0,14.14,4.0,0.0,10.14,8.29,13.0,42.5,Rainy,
AO12000,Sigma,2022,10,6,6,0,21.09,10.07,7.02,4.0,4.05,15.3,15.0,Cloudy,
AO12000,Sigma,2022,11,2,2,0,4.78,0.0,0.0,4.78,2.71,14.0,39.5,Cloudy,
AO12000,Sigma,2022,12,5,5,0,18.23,8.0,0.0,10.23,4.53,3.9,21.4,Cloudy,
AO12000,Sigma,2023,1,5,5,0,20.0,8.0,8.0,4.0,4.75,4.7,36.2,Cloudy,
AO12000,Sigma,2023,2,5,5,0,14.44,13.55,0.0,0.89,5.85,2.6,29.2,Clear,
AO12000,Sigma,2023,3,6,6,0,24.0,20.0,4.0,0.0,3.23,16.6,39.3,Cloudy,
AO12000,Sigma,2023,4,6,6,0,18.759999999999998,9.43,9.33,0.0,0.48,14.6,43.2,Clear,
AO12000,Sigma,2023,5,5,5,0,19.85,7.85,8.0,4.0,3.08,15.4,43.3,Clear,
AO12000,Sigma,2023,6,6,6,0,22.98,4.0,4.0,14.98,7.06,29.5,9.6,Clear,
AO12000,Sigma,2023,7,14,14,0,54.95,20.0,22.95,12.0,4.88,29.9,19.6,Clear,
AO12000,Sigma,2023,8,8,8,0,26.560000000000002,4.0,12.0,10.56,3.12,30.6,41.0,Clear,
AO12000,Sigma,2023,9,7,7,0,27.66,8.0,16.0,3.66,6.46,14.1,44.6,Cloudy,
AO12000,Sigma,2023,10,8,8,0,31.16,12.0,11.16,8.0,8.2,14.3,12.6,Cloudy,
AO12000,Sigma,2023,11,1,1,0,4.0,0.0,4.0,0.0,2.82,12.8,5.0,Clear,
AO12000,Sigma,2023,12,2,2,0,8.0,4.0,4.0,0.0,1.78,4.0,25.3,Clear,
AO12000,Sigma,2024,1,3,3,0,8.57,8.57,0.0,0.0,1.57,3.6,21.5,Cloudy,
AO12000,Sigma,2024,2,3,3,0,12.0,8.0,4.0,0.0,3.79,3.5,41.1,Cloudy,
AO12000,Sigma,2024,3,2,2,0,8.0,4.0,0.0,4.0,4.62,16.3,11.8,Clear,
AO12000,Sigma,2024,4,4,4,0,16.0,8.0,0.0,8.0,2.82,16.0,41.1,Clear,
AO12000,Sigma,2024,5,7,7,0,20.54,8.54,4.0,8.0,2.83,16.0,41.2,Clear,
AO12000,Sigma,2024,6,7,7,0,27.42,16.0,3.42,8.0,4.08,30.4,37.5,Clear,
AO12000,Sigma,2024,7,9,9,0,35.13,19.13,12.0,4.0,4.06,29.4,27.0,Clear,
AO12000,Sigma,2024,8,8,8,0,32.0,12.0,8.0,12.0,3.31,30.9,16.4,Clear,
AO12000,Sigma,2024,9,6,6,0,24.0,8.0,12.0,4.0,0.95,13.7,38.8,Clear,
AO12000,Sigma,2024,10,3,3,0,9.34,6.25,0.0,3.09,3.73,13.5,38.7,Clear,
AO12000,Sigma,2024,11,4,4,0,16.0,12.0,4.0,0.0,4.36,13.4,37.3,Clear,
AO12000,Sigma,2024,12,6,6,0,24.0,4.0,16.0,4.0,2.94,4.0,30.0,Rainy,
AO12000,Sigma,2025,1,5,5,0,18.05,4.0,10.05,4.0,4.67,3.1,43.3,Windy,
AO12000,Sigma,2025,2,5,5,0,18.28,8.0,6.279999999999999,4.0,6.44,4.7,18.6,Clear,
AO12000,Sigma,2025,3,3,3,0,10.83,4.0,6.83,0.0,4.41,16.4,22.1,Clear,
AO12000,Sigma,2025,4,6,6,0,24.0,12.0,4.0,8.0,3.45,16.3,40.8,Clear,
AO12000,Sigma,2025,5,7,7,0,23.73,16.32,4.0,3.41,5.66,14.9,30.3,Clear,
AO12000,Sigma,2025,6,6,6,0,19.0,12.0,7.0,0.0,5.06,29.6,42.9,Clear,
AO12000,Sigma,2025,7,3,3,0,12.0,4.0,4.0,4.0,5.23,30.3,22.8,Clear,
AO12000,Sigma,2025,8,6,6,0,21.2,9.2,8.0,4.0,6.16,29.6,41.7,Clear,
AO12000,Sigma,2025,9,4,4,0,10.780000000000001,10.780000000000001,0.0,0.0,2.59,14.1,30.2,Cloudy,
AO12000,Sigma,2025,10,9,9,0,31.66,11.77,11.89,8.0,2.14,14.5,16.3,Clear,
AO12000,Sigma,2025,11,3,3,0,11.46,11.46,0.0,0.0,5.26,13.9,15.3,Clear,
AO12000,Sigma,2025,12,3,3,0,12.0,8.0,0.0,4.0,1.03,2.4,5.9,Cloudy,
AO12000,Sigma,2026,1,4,4,0,16.0,4.0,0.0,12.0,4.16,3.4,9.2,Cloudy,
AO12000,Sigma,2026,3,3,3,0,9.030000000000001,9.030000000000001,0.0,0.0,1.2,15.9,18.2,Clear,
AO12000,Sigma,2026,4,4,4,0,16.0,4.0,8.0,4.0,4.28,14.9,12.4,Clear,
AO12000,Sigma,2026,5,8,8,0,31.17,12.0,15.17,4.0,2.76,16.0,7.6,Clear,
AO12000,Sigma,2026,6,3,3,0,12.0,8.0,4.0,0.0,1.74,29.2,14.7,Clear,
AO12061,Delta,2025,3,2,2,0,30.02,13.23,0.0,16.79,4.54,14.4,16.1,Clear,
AO12061,Delta,2025,5,1,1,0,19.35,0.0,19.35,0.0,5.94,15.5,37.8,Clear,
AO12061,Delta,2025,6,2,2,0,35.09,0.0,16.82,18.27,2.43,30.8,37.8,Clear,
AO12061,Delta,2025,10,1,1,0,16.55,0.0,16.55,0.0,5.45,15.0,8.5,Windy,
AO12061,Delta,2026,1,1,1,0,18.51,0.0,18.51,0.0,2.28,2.4,42.3,Cloudy,
AO12061,Delta,2026,4,2,2,0,37.36,17.75,0.0,19.61,2.96,16.2,43.8,Cloudy,
AO12061,Delta,2026,5,3,3,0,52.86,0.0,0.0,52.86,5.01,16.5,37.8,Clear,
AO12061,Delta,2026,6,3,3,0,50.32,14.04,0.0,36.28,8.55,30.9,41.4,Clear,
AO12140,Sigma,2021,6,7,7,0,19.47,2.71,8.76,8.0,2.36,29.1,32.6,Clear,
AO12140,Sigma,2021,7,7,7,0,25.47,4.0,13.469999999999999,8.0,0.45,30.1,6.1,Clear,
AO12140,Sigma,2021,8,6,6,0,17.89,4.0,5.48,8.41,2.79,31.4,28.6,Clear,
AO12140,Sigma,2021,9,8,8,0,25.15,4.0,5.65,15.5,5.99,13.3,6.0,Rainy,
AO12140,Sigma,2021,10,1,1,0,4.0,0.0,0.0,4.0,5.74,14.0,40.5,Clear,
AO12140,Sigma,2021,11,4,4,0,12.51,8.0,4.0,0.51,3.36,12.6,40.1,Clear,
AO12140,Sigma,2021,12,2,2,0,8.0,0.0,8.0,0.0,5.46,3.0,38.1,Clear,
AO12140,Sigma,2022,2,5,5,0,11.24,8.0,3.24,0.0,2.19,3.0,28.9,Cloudy,
AO12140,Sigma,2022,3,6,6,0,18.22,12.0,6.05,0.17,3.97,15.3,32.8,Clear,
AO12140,Sigma,2022,4,7,7,0,27.62,8.0,7.62,12.0,6.86,16.6,23.8,Clear,
AO12140,Sigma,2022,5,15,15,0,55.96,16.0,22.78,17.18,4.15,17.1,21.1,Cloudy,
AO12140,Sigma,2022,6,2,2,0,8.0,8.0,0.0,0.0,3.74,29.2,32.7,Clear,
AO12140,Sigma,2022,7,5,5,0,20.0,12.0,4.0,4.0,3.0,30.6,36.5,Clear,
AO12140,Sigma,2022,8,4,4,0,12.45,8.45,4.0,0.0,2.34,31.1,25.1,Clear,
AO12140,Sigma,2022,9,4,4,0,12.33,7.720000000000001,0.0,4.61,3.06,13.0,16.4,Rainy,
AO12140,Sigma,2022,10,2,2,0,4.85,4.0,0.0,0.85,4.61,15.3,28.9,Cloudy,
AO12140,Sigma,2022,11,1,1,0,4.0,4.0,0.0,0.0,4.24,14.0,33.9,Cloudy,
AO12140,Sigma,2022,12,1,1,0,4.0,4.0,0.0,0.0,5.11,3.9,6.6,Cloudy,
AO12140,Sigma,2023,1,2,2,0,8.0,4.0,0.0,4.0,1.45,4.7,44.8,Cloudy,
AO12140,Sigma,2023,2,6,6,0,23.11,12.0,8.0,3.11,3.19,2.6,27.4,Clear,
AO12140,Sigma,2023,3,4,4,0,13.33,13.33,0.0,0.0,1.9,16.6,33.8,Cloudy,
AO12140,Sigma,2023,4,1,1,0,2.13,2.13,0.0,0.0,4.84,14.6,30.4,Clear,
AO12140,Sigma,2023,5,5,5,0,16.740000000000002,11.49,4.0,1.25,6.01,15.4,27.1,Clear,
AO12140,Sigma,2023,6,6,6,0,24.0,4.0,12.0,8.0,3.56,29.5,13.6,Clear,
AO12140,Sigma,2023,7,5,5,0,16.19,12.190000000000001,4.0,0.0,4.44,29.9,11.3,Clear,
AO12140,Sigma,2023,8,8,8,0,27.91,5.82,10.09,12.0,6.93,30.6,13.8,Clear,
AO12140,Sigma,2023,9,6,6,0,23.86,15.98,0.0,7.88,5.3,14.1,20.2,Cloudy,
AO12140,Sigma,2023,10,6,6,0,20.759999999999998,8.0,12.0,0.76,4.76,14.3,5.3,Cloudy,
AO12140,Sigma,2023,11,4,4,0,14.24,6.24,8.0,0.0,3.48,12.8,9.8,Clear,
AO12140,Sigma,2023,12,3,3,0,6.47,4.0,0.0,2.4699999999999998,0.19,4.0,28.7,Clear,
AO12140,Sigma,2024,1,4,4,0,13.04,8.0,5.04,0.0,1.72,3.6,33.3,Cloudy,
AO12140,Sigma,2024,2,1,1,0,4.0,0.0,0.0,4.0,5.63,3.5,36.0,Cloudy,
AO12140,Sigma,2024,3,4,4,0,12.83,4.0,0.0,8.83,8.16,16.3,30.6,Clear,
AO12140,Sigma,2024,4,6,6,0,24.0,8.0,8.0,8.0,4.37,16.0,36.7,Clear,
AO12140,Sigma,2024,5,2,2,0,8.0,4.0,4.0,0.0,6.73,16.0,8.3,Clear,
AO12140,Sigma,2024,6,4,4,0,16.0,8.0,4.0,4.0,4.23,30.4,18.8,Clear,
AO12140,Sigma,2024,7,2,2,0,7.25,0.0,0.0,7.25,2.52,29.4,21.2,Clear,
AO12140,Sigma,2024,8,2,2,0,4.05,4.0,0.05,0.0,3.9,30.9,8.5,Clear,
AO12140,Sigma,2024,9,5,5,0,14.780000000000001,8.0,6.78,0.0,5.94,13.7,38.1,Clear,
AO12140,Sigma,2024,11,3,3,0,9.08,4.0,4.0,1.08,5.79,13.4,8.1,Clear,
AO12140,Sigma,2024,12,6,6,0,24.0,8.0,12.0,4.0,3.6,4.0,43.3,Rainy,
AO12140,Sigma,2025,1,1,1,0,4.0,4.0,0.0,0.0,7.64,3.1,39.3,Windy,
AO12140,Sigma,2025,2,2,2,0,8.0,8.0,0.0,0.0,1.43,4.7,16.5,Clear,
AO12140,Sigma,2025,3,1,1,0,4.0,4.0,0.0,0.0,4.16,16.4,18.7,Clear,
AO12140,Sigma,2025,4,3,3,0,12.0,4.0,4.0,4.0,4.98,16.3,40.0,Clear,
AO12140,Sigma,2025,5,8,8,0,29.07,8.0,9.07,12.0,8.64,14.9,10.6,Clear,
AO12140,Sigma,2025,6,2,2,0,8.0,4.0,4.0,0.0,2.72,29.6,39.1,Clear,
AO12140,Sigma,2025,7,4,4,0,14.719999999999999,2.8,4.0,7.92,5.75,30.3,20.6,Clear,
AO12140,Sigma,2025,8,2,2,0,8.0,4.0,0.0,4.0,3.82,29.6,21.1,Clear,
AO12140,Sigma,2025,9,2,2,0,8.0,0.0,4.0,4.0,2.71,14.1,32.9,Cloudy,
AO12140,Sigma,2025,10,1,1,0,0.87,0.87,0.0,0.0,5.71,14.5,21.3,Clear,
AO12140,Sigma,2025,11,2,2,0,8.0,8.0,0.0,0.0,4.5,13.9,28.3,Clear,
AO12140,Sigma,2025,12,1,1,0,4.0,0.0,0.0,4.0,7.11,2.4,5.1,Cloudy,
AO12140,Sigma,2026,1,1,1,0,2.24,0.0,2.24,0.0,3.18,3.4,34.1,Cloudy,
AO12140,Sigma,2026,2,3,3,0,9.4,0.0,5.4,4.0,3.68,2.6,16.0,Rainy,
AO12140,Sigma,2026,3,2,2,0,8.0,8.0,0.0,0.0,2.51,15.9,7.6,Clear,
AO12140,Sigma,2026,4,3,3,0,8.8,4.0,4.8,0.0,1.6,14.9,12.4,Clear,
AO12140,Sigma,2026,5,2,2,0,8.0,4.0,4.0,0.0,1.26,16.0,16.5,Clear,
AO12140,Sigma,2026,6,4,4,0,15.3,3.3,12.0,0.0,1.27,29.2,38.2,Clear,
AO12189,Delta,2022,8,10,10,0,37.45,8.0,16.0,13.45,3.61,30.3,43.6,Clear,
AO12189,Delta,2022,9,7,7,0,22.56,14.56,4.0,4.0,4.29,15.1,6.3,Rainy,
AO12189,Delta,2022,10,9,9,0,31.89,22.05,8.0,1.84,0.07,15.5,11.6,Cloudy,
AO12189,Delta,2022,11,7,7,0,25.990000000000002,16.0,9.99,0.0,8.41,13.8,12.6,Clear,
AO12189,Delta,2022,12,4,4,0,9.79,3.39,4.0,2.4,4.5,2.9,12.1,Cloudy,
AO12189,Delta,2023,1,6,6,0,22.13,14.129999999999999,8.0,0.0,7.93,1.9,9.5,Rainy,
AO12189,Delta,2023,2,5,5,0,20.0,8.0,0.0,12.0,2.58,4.7,30.2,Cloudy,
AO12189,Delta,2023,3,1,1,0,4.0,4.0,0.0,0.0,3.91,17.2,14.4,Clear,
AO12189,Delta,2023,4,7,7,0,25.48,16.0,9.48,0.0,5.17,14.2,5.6,Clear,
AO12189,Delta,2023,5,6,6,0,21.95,9.95,12.0,0.0,6.02,15.4,14.2,Clear,
AO12189,Delta,2023,6,7,7,0,25.04,19.21,0.0,5.83,7.07,29.3,17.9,Clear,
AO12189,Delta,2023,7,12,12,0,38.32,6.9,27.42,4.0,6.44,28.8,21.3,Clear,
AO12189,Delta,2023,8,13,13,0,46.51,28.7,13.81,4.0,4.99,29.4,22.3,Clear,
AO12189,Delta,2023,9,9,9,0,34.82,12.0,14.82,8.0,6.58,14.3,22.4,Cloudy,
AO12189,Delta,2023,10,7,7,0,25.39,4.0,8.0,13.39,4.36,13.4,17.4,Clear,
AO12189,Delta,2023,11,2,2,0,8.0,0.0,8.0,0.0,6.63,16.2,22.1,Clear,
AO12189,Delta,2023,12,4,4,0,14.96,6.96,8.0,0.0,5.04,3.9,24.5,Clear,
AO12189,Delta,2024,1,3,3,0,12.0,8.0,4.0,0.0,5.6,4.6,29.2,Windy,
AO12189,Delta,2024,2,3,3,0,8.280000000000001,0.0,4.28,4.0,7.09,1.6,12.8,Cloudy,
AO12189,Delta,2024,3,4,4,0,14.69,4.0,10.69,0.0,0.11,14.7,39.8,Clear,
AO12189,Delta,2024,4,5,5,0,16.28,4.28,8.0,4.0,7.36,16.0,23.6,Clear,
AO12189,Delta,2024,5,2,2,0,5.65,5.65,0.0,0.0,5.02,14.5,40.7,Clear,
AO12189,Delta,2024,6,5,5,0,20.0,12.0,0.0,8.0,4.81,31.1,43.1,Clear,
AO12189,Delta,2024,7,12,12,0,44.77,16.85,19.92,8.0,3.55,30.4,23.8,Clear,
AO12189,Delta,2024,8,4,4,0,16.0,4.0,12.0,0.0,4.56,29.2,26.6,Clear,
AO12189,Delta,2024,9,3,3,0,12.0,12.0,0.0,0.0,1.01,14.1,37.5,Cloudy,
AO12189,Delta,2024,10,2,2,0,8.0,0.0,0.0,8.0,6.7,13.7,32.7,Cloudy,
AO12189,Delta,2024,11,5,5,0,13.86,4.85,0.0,9.01,2.25,14.5,18.5,Cloudy,
AO12189,Delta,2024,12,2,2,0,8.0,4.0,0.0,4.0,3.19,4.4,40.7,Clear,
AO12189,Delta,2025,1,5,5,0,16.63,4.63,4.0,8.0,2.98,2.8,35.6,Windy,
AO12189,Delta,2025,2,2,2,0,5.03,0.0,1.03,4.0,8.24,2.2,36.2,Rainy,
AO12189,Delta,2025,3,4,4,0,13.05,9.05,4.0,0.0,9.86,14.4,18.7,Clear,
AO12189,Delta,2025,4,3,3,0,10.01,0.0,10.01,0.0,1.01,16.7,39.9,Clear,
AO12189,Delta,2025,5,5,5,0,19.87,8.0,11.870000000000001,0.0,5.39,15.5,17.7,Clear,
AO12189,Delta,2025,6,11,11,0,37.480000000000004,12.0,4.82,20.66,1.06,30.8,25.1,Clear,
AO12189,Delta,2025,7,1,1,0,4.0,0.0,4.0,0.0,3.99,30.1,30.0,Clear,
AO12189,Delta,2025,8,1,1,0,4.0,0.0,0.0,4.0,3.2,30.5,39.8,Clear,
AO12189,Delta,2025,9,3,3,0,12.0,0.0,8.0,4.0,0.0,14.0,27.7,Cloudy,
AO12189,Delta,2025,10,1,1,0,3.59,0.0,3.59,0.0,4.32,15.0,26.9,Windy,
AO12189,Delta,2025,11,1,1,0,4.0,0.0,4.0,0.0,3.12,12.1,17.7,Clear,
AO12189,Delta,2025,12,3,3,0,10.82,0.0,10.82,0.0,2.62,2.5,31.0,Windy,
AO12189,Delta,2026,1,4,4,0,15.95,11.95,4.0,0.0,1.02,2.4,12.1,Cloudy,
AO12189,Delta,2026,2,3,3,0,12.0,4.0,0.0,8.0,6.13,4.3,24.1,Windy,
AO12189,Delta,2026,3,4,4,0,16.0,12.0,4.0,0.0,7.23,15.9,33.8,Clear,
AO12189,Delta,2026,4,3,3,0,12.0,12.0,0.0,0.0,6.38,16.2,14.5,Cloudy,
AO12189,Delta,2026,5,5,5,0,20.0,0.0,8.0,12.0,5.48,16.5,11.1,Clear,
AO12189,Delta,2026,6,5,5,0,18.04,2.04,8.0,8.0,6.68,30.9,27.0,Clear,
AO12366,Beta,2021,6,8,8,0,139.15,55.34,83.81,0.0,4.65,29.8,18.4,Clear,
AO12366,Beta,2021,7,6,6,0,100.38,51.18,32.08,17.12,2.09,30.1,44.2,Clear,
AO12366,Beta,2021,8,9,9,0,156.04,66.51,32.370000000000005,57.16,2.21,29.8,6.2,Clear,
AO12366,Beta,2021,9,5,5,0,85.78999999999999,17.66,53.63,14.5,5.06,15.0,14.8,Clear,
AO12366,Beta,2021,10,2,2,0,37.66,37.66,0.0,0.0,1.88,13.8,12.4,Cloudy,
AO12366,Beta,2021,11,4,4,0,61.78,14.43,47.35,0.0,4.05,13.3,10.8,Clear,
AO12366,Beta,2021,12,2,2,0,35.739999999999995,17.25,18.49,0.0,4.38,3.0,39.1,Clear,
AO12366,Beta,2022,2,5,5,0,91.7,34.05,38.46,19.19,4.08,3.5,24.9,Rainy,
AO12366,Beta,2022,3,2,2,0,35.629999999999995,16.55,0.0,19.08,2.9,17.3,27.1,Clear,
AO12366,Beta,2022,4,4,4,0,71.71000000000001,17.39,19.5,34.82,6.66,14.5,25.1,Clear,
AO12366,Beta,2022,5,4,4,0,74.27,0.0,55.84,18.43,1.68,16.3,10.1,Cloudy,
AO12366,Beta,2022,6,5,5,0,85.99000000000001,14.89,55.36,15.74,3.41,28.5,39.8,Clear,
AO12366,Beta,2022,7,5,5,0,88.98,55.980000000000004,0.0,33.0,4.98,29.6,40.0,Clear,
AO12366,Beta,2022,8,5,5,0,88.65,51.56,37.09,0.0,7.49,29.6,30.2,Clear,
AO12366,Beta,2022,9,7,7,0,108.32,44.14,45.91,18.27,2.05,14.8,28.7,Clear,
AO12366,Beta,2022,11,2,2,0,33.7,14.88,18.82,0.0,1.79,12.8,14.9,Cloudy,
AO12366,Beta,2022,12,1,1,0,16.11,16.11,0.0,0.0,5.25,3.1,6.6,Cloudy,
AO12366,Beta,2023,1,1,1,0,14.88,0.0,0.0,14.88,6.05,3.7,31.3,Cloudy,
AO12366,Beta,2023,4,3,3,0,52.900000000000006,0.0,34.08,18.82,5.42,17.0,41.9,Clear,
AO12366,Beta,2023,5,2,2,0,39.75,20.0,0.0,19.75,0.74,16.9,12.5,Clear,
AO12366,Beta,2023,6,4,4,0,59.1,0.0,59.1,0.0,1.71,30.5,21.8,Clear,
AO12366,Beta,2023,7,2,2,0,31.51,31.51,0.0,0.0,7.85,30.2,16.8,Clear,
AO12366,Beta,2023,8,3,3,0,48.68,36.019999999999996,12.66,0.0,2.74,29.9,32.1,Clear,
AO12366,Beta,2023,9,1,1,0,17.14,17.14,0.0,0.0,3.65,14.6,26.1,Cloudy,
AO12366,Beta,2023,10,1,1,0,16.75,0.0,0.0,16.75,5.16,12.7,9.1,Clear,
AO12366,Beta,2023,11,4,4,0,67.42,50.839999999999996,16.58,0.0,4.51,15.6,6.8,Clear,
AO12366,Beta,2023,12,2,2,0,36.980000000000004,16.98,0.0,20.0,5.42,1.6,42.3,Clear,
AO12366,Beta,2024,1,1,1,0,17.29,17.29,0.0,0.0,4.86,3.1,23.6,Windy,
AO12366,Beta,2024,3,1,1,0,17.09,17.09,0.0,0.0,6.12,16.7,22.9,Clear,
AO12366,Beta,2024,4,1,1,0,16.14,0.0,0.0,16.14,3.29,17.3,14.3,Clear,
AO12366,Beta,2024,5,3,3,0,51.6,0.0,17.87,33.730000000000004,3.43,15.8,29.3,Clear,
AO12366,Beta,2024,7,1,1,0,14.03,0.0,14.03,0.0,3.98,31.1,29.4,Clear,
AO12366,Beta,2024,8,2,2,0,37.59,18.53,19.06,0.0,2.68,30.1,44.4,Clear,
AO12366,Beta,2024,9,3,3,0,51.410000000000004,15.15,16.26,20.0,5.42,13.9,30.0,Clear,
AO12366,Beta,2025,2,2,2,0,26.96,26.96,0.0,0.0,3.06,4.0,18.3,Cloudy,
AO12366,Beta,2025,5,2,2,0,30.97,16.31,14.66,0.0,5.05,16.6,23.8,Clear,
AO12366,Beta,2025,7,1,1,0,16.02,16.02,0.0,0.0,2.24,29.2,5.4,Clear,
AO12366,Beta,2025,11,1,1,0,16.95,0.0,0.0,16.95,3.32,14.2,22.7,Clear,
AO12366,Beta,2026,6,1,1,0,16.58,16.58,0.0,0.0,2.32,30.0,29.6,Clear,
AO12461,Alpha,2021,1,7,7,0,116.49,34.620000000000005,47.05,34.82,1.21,4.0,44.5,Clear,
AO12461,Alpha,2021,2,1,1,0,19.41,19.41,0.0,0.0,5.11,2.9,39.2,Cloudy,
AO12461,Alpha,2021,3,4,4,0,67.12,16.72,32.64,17.76,4.16,17.1,18.1,Clear,
AO12461,Alpha,2021,4,1,1,0,18.19,18.19,0.0,0.0,2.45,16.4,44.0,Clear,
AO12461,Alpha,2021,5,4,4,0,73.49000000000001,0.0,53.49,20.0,1.58,16.9,33.4,Clear,
AO12461,Alpha,2021,6,5,5,0,83.39,36.89,0.0,46.5,4.39,30.4,32.5,Clear,
AO12461,Alpha,2021,7,7,7,0,115.58,83.93,31.65,0.0,8.37,28.0,27.3,Clear,
AO12461,Alpha,2021,8,6,6,0,98.0,49.949999999999996,17.9,30.15,5.3,29.2,25.1,Clear,
AO12461,Alpha,2021,9,2,2,0,35.32,0.0,35.32,0.0,4.22,14.0,35.5,Cloudy,
AO12461,Alpha,2021,10,1,1,0,17.02,0.0,0.0,17.02,5.26,12.5,35.5,Rainy,
AO12461,Alpha,2021,11,2,2,0,32.16,0.0,16.91,15.25,2.46,14.3,22.1,Clear,
AO12461,Alpha,2021,12,3,3,0,50.71,15.66,16.2,18.85,5.11,3.6,21.6,Clear,
AO12461,Alpha,2022,2,1,1,0,14.49,0.0,14.49,0.0,1.36,4.4,25.6,Clear,
AO12461,Alpha,2022,3,2,2,0,35.48,19.58,0.0,15.9,6.26,17.6,11.1,Cloudy,
AO12461,Alpha,2022,4,3,3,0,50.209999999999994,0.0,33.32,16.89,5.08,15.4,25.4,Clear,
AO12461,Alpha,2022,5,3,3,0,54.5,0.0,35.04,19.46,8.67,16.4,32.3,Clear,
AO12461,Alpha,2022,6,7,7,0,109.27000000000001,45.5,48.61,15.16,4.81,28.9,19.8,Clear,
AO12461,Alpha,2022,7,1,1,0,17.88,0.0,0.0,17.88,3.68,30.7,28.7,Clear,
AO12461,Alpha,2022,8,1,1,0,18.07,0.0,18.07,0.0,2.53,31.5,21.3,Clear,
AO12461,Alpha,2022,9,3,3,0,55.129999999999995,20.0,35.129999999999995,0.0,3.78,13.0,23.0,Cloudy,
AO12461,Alpha,2022,12,1,1,0,15.03,15.03,0.0,0.0,3.17,3.3,9.3,Clear,
AO12461,Alpha,2023,4,1,1,0,18.39,18.39,0.0,0.0,3.67,16.2,41.6,Clear,
AO12461,Alpha,2023,5,4,4,0,70.74000000000001,53.02,0.0,17.72,4.45,16.3,29.0,Clear,
AO12461,Alpha,2023,6,2,2,0,35.75,19.38,0.0,16.37,2.85,30.7,15.6,Clear,
AO12461,Alpha,2023,7,3,3,0,49.96,32.230000000000004,17.73,0.0,4.79,30.4,18.8,Clear,
AO12461,Alpha,2023,8,3,3,0,52.72,18.94,0.0,33.78,5.0,28.2,5.2,Clear,
AO12461,Alpha,2023,9,4,4,0,64.1,29.509999999999998,34.589999999999996,0.0,3.85,13.9,40.3,Cloudy,
AO12461,Alpha,2023,11,1,1,0,16.87,0.0,0.0,16.87,8.02,13.3,32.3,Cloudy,
AO12461,Alpha,2024,3,1,1,0,15.69,15.69,0.0,0.0,6.02,16.4,37.2,Cloudy,
AO12461,Alpha,2024,4,2,2,0,31.84,31.84,0.0,0.0,3.97,16.7,10.8,Clear,
AO12461,Alpha,2024,5,2,2,0,34.339999999999996,34.339999999999996,0.0,0.0,3.47,15.8,16.5,Clear,
AO12461,Alpha,2024,8,3,3,0,55.35,39.57,15.78,0.0,4.06,28.6,8.6,Clear,
AO12461,Alpha,2024,10,1,1,0,15.83,0.0,0.0,15.83,0.6,13.6,10.6,Clear,
AO12461,Alpha,2025,5,2,2,0,34.32,0.0,0.0,34.32,4.68,16.4,33.1,Clear,
AO12461,Alpha,2025,7,2,2,0,35.49,17.51,17.98,0.0,2.93,30.5,12.3,Clear,
AO12461,Alpha,2025,8,1,1,0,15.44,0.0,15.44,0.0,5.11,31.3,38.0,Clear,
AO12461,Alpha,2025,9,1,1,0,17.52,17.52,0.0,0.0,5.56,13.9,38.8,Clear,
AO12461,Alpha,2025,11,1,1,0,14.3,14.3,0.0,0.0,4.14,14.7,14.7,Cloudy,
AO12461,Alpha,2026,1,1,1,0,17.4,0.0,0.0,17.4,3.47,3.1,25.2,Cloudy,
AO12461,Alpha,2026,4,1,1,0,15.91,0.0,15.91,0.0,3.92,14.4,25.5,Cloudy,
AO12461,Alpha,2026,6,1,1,0,20.0,20.0,0.0,0.0,5.59,28.3,11.4,Clear,
AO12488,Gamma,2023,11,1,1,0,19.82,19.82,0.0,0.0,3.92,15.7,38.6,Clear,
AO12488,Gamma,2023,12,1,1,0,13.94,13.94,0.0,0.0,3.85,3.1,40.4,Windy,
AO12488,Gamma,2024,5,2,2,0,32.769999999999996,32.769999999999996,0.0,0.0,5.38,17.0,17.4,Clear,
AO12488,Gamma,2024,6,2,2,0,34.6,15.9,0.0,18.7,5.9,31.2,39.1,Clear,
AO12488,Gamma,2024,7,1,1,0,19.48,19.48,0.0,0.0,2.24,29.5,44.7,Clear,
AO12488,Gamma,2024,8,2,2,0,29.619999999999997,29.619999999999997,0.0,0.0,3.05,30.1,6.4,Clear,
AO12488,Gamma,2024,12,2,2,0,31.65,31.65,0.0,0.0,1.96,3.2,12.4,Cloudy,
AO12488,Gamma,2025,1,1,1,0,14.97,0.0,14.97,0.0,5.4,3.0,21.0,Rainy,
AO12488,Gamma,2025,5,2,2,0,32.05,16.21,15.84,0.0,5.79,16.4,20.3,Clear,
AO12488,Gamma,2025,6,1,1,0,16.22,0.0,0.0,16.22,2.41,31.1,11.9,Clear,
AO12488,Gamma,2025,8,1,1,0,14.95,0.0,0.0,14.95,6.62,29.8,43.6,Clear,
AO12488,Gamma,2025,10,1,1,0,16.67,0.0,0.0,16.67,6.87,15.7,17.8,Cloudy,
AO12488,Gamma,2025,11,2,2,0,33.64,19.74,13.9,0.0,7.2,14.3,43.2,Clear,
AO12488,Gamma,2026,5,1,1,0,16.7,16.7,0.0,0.0,4.43,14.6,12.2,Clear,
AO12560,Beta,2023,2,1,1,0,14.92,14.92,0.0,0.0,7.94,2.5,8.8,Rainy,
AO12560,Beta,2023,3,1,1,0,16.8,0.0,16.8,0.0,4.96,15.6,43.0,Cloudy,
AO12560,Beta,2023,4,1,1,0,18.42,0.0,18.42,0.0,2.5,17.0,39.1,Clear,
AO12560,Beta,2023,5,1,1,0,19.39,0.0,0.0,19.39,5.85,16.9,7.3,Clear,
AO12560,Beta,2023,6,1,1,0,16.22,0.0,16.22,0.0,3.63,30.5,38.7,Clear,
AO12560,Beta,2023,7,1,1,0,16.38,16.38,0.0,0.0,7.32,30.2,28.9,Clear,
AO12560,Beta,2023,8,1,1,0,18.64,18.64,0.0,0.0,1.56,29.9,29.6,Clear,
AO12560,Beta,2023,9,1,1,0,20.0,20.0,0.0,0.0,3.01,14.6,25.8,Cloudy,
AO12560,Beta,2023,12,1,1,0,17.47,17.47,0.0,0.0,2.34,1.6,42.0,Clear,
AO12560,Beta,2024,4,1,1,0,19.09,0.0,0.0,19.09,6.72,17.3,21.1,Clear,
AO12560,Beta,2024,5,2,2,0,32.2,15.46,16.74,0.0,4.12,15.8,28.9,Clear,
AO12560,Beta,2024,6,2,2,0,34.14,34.14,0.0,0.0,1.82,30.9,39.4,Clear,
AO12560,Beta,2024,8,1,1,0,19.68,0.0,0.0,19.68,2.45,30.1,34.0,Clear,
AO12560,Beta,2024,10,1,1,0,15.91,0.0,15.91,0.0,5.39,13.1,36.5,Clear,
AO12560,Beta,2025,1,1,1,0,17.36,0.0,0.0,17.36,8.67,3.7,13.3,Cloudy,
AO12560,Beta,2025,3,1,1,0,17.53,17.53,0.0,0.0,3.95,15.5,29.7,Cloudy,
AO12560,Beta,2026,3,1,1,0,20.0,20.0,0.0,0.0,4.93,16.3,17.9,Clear,
AO12605,Alpha,2021,3,8,8,0,62.35,24.0,18.35,20.0,2.85,17.1,32.5,Clear,
AO12605,Alpha,2021,4,17,17,0,120.06,71.59,16.0,32.47,4.3,16.4,15.7,Clear,
AO12605,Alpha,2021,5,25,25,0,190.25,35.81,79.59,74.85,3.29,16.9,23.4,Clear,
AO12605,Alpha,2021,6,17,17,0,113.98,32.0,47.85,34.13,5.61,30.4,19.4,Clear,
AO12605,Alpha,2021,7,18,18,0,141.58,78.87,54.71,8.0,4.29,28.0,11.4,Clear,
AO12605,Alpha,2021,8,23,23,0,160.42,86.75,44.35,29.32,7.16,29.2,20.4,Clear,
AO12605,Alpha,2021,9,12,12,0,102.84,58.33,33.31,11.2,3.35,14.0,28.0,Cloudy,
AO12605,Alpha,2021,10,13,13,0,61.68,31.54,14.879999999999999,15.26,1.79,12.5,28.6,Rainy,
AO12605,Alpha,2021,11,10,10,0,52.0,16.0,24.0,12.0,1.84,14.3,31.7,Clear,
AO12605,Alpha,2021,12,10,10,0,45.59,10.19,27.4,8.0,2.98,3.6,29.9,Clear,
AO12605,Alpha,2022,1,6,6,0,15.29,2.88,4.0,8.41,5.92,2.2,25.2,Clear,
AO12605,Alpha,2022,2,4,4,0,14.11,4.0,6.49,3.62,8.07,4.4,32.2,Clear,
AO12605,Alpha,2022,3,9,9,0,32.019999999999996,12.0,12.02,8.0,0.76,17.6,28.9,Cloudy,
AO12605,Alpha,2022,4,13,13,0,45.0,9.94,24.93,10.129999999999999,5.63,15.4,31.0,Clear,
AO12605,Alpha,2022,5,17,17,0,64.7,18.2,27.04,19.46,3.05,16.4,30.9,Clear,
AO12605,Alpha,2022,6,12,12,0,36.68,11.4,14.81,10.47,2.89,28.9,17.4,Clear,
AO12605,Alpha,2022,7,7,7,0,25.02,9.3,4.0,11.72,2.5,30.7,9.6,Clear,
AO12605,Alpha,2022,8,7,7,0,24.65,12.0,8.0,4.65,2.94,31.5,40.5,Clear,
AO12605,Alpha,2022,9,9,9,0,29.08,12.84,8.24,8.0,3.66,13.0,41.2,Cloudy,
AO12605,Alpha,2022,10,8,8,0,21.86,12.04,9.82,0.0,6.26,13.2,16.7,Clear,
AO12605,Alpha,2022,11,8,8,0,31.1,20.0,7.1,4.0,7.05,14.5,18.2,Cloudy,
AO12605,Alpha,2022,12,7,7,0,22.4,11.53,9.91,0.96,3.13,3.3,11.1,Clear,
AO12605,Alpha,2023,1,5,5,0,18.89,6.890000000000001,4.0,8.0,2.98,3.0,9.7,Rainy,
AO12605,Alpha,2023,2,6,6,0,16.17,8.11,8.059999999999999,0.0,6.16,2.1,19.1,Cloudy,
AO12605,Alpha,2023,3,7,7,0,28.0,16.0,4.0,8.0,3.58,15.4,22.5,Clear,
AO12605,Alpha,2023,4,12,12,0,43.46,25.16,10.3,8.0,5.36,16.2,40.6,Clear,
AO12605,Alpha,2023,5,6,6,0,24.0,12.0,4.0,8.0,2.56,16.3,21.7,Clear,
AO12605,Alpha,2023,6,12,12,0,43.51,20.02,15.49,8.0,5.63,30.7,16.1,Clear,
AO12605,Alpha,2023,7,14,14,0,51.51,32.99,10.52,8.0,5.34,30.4,17.9,Clear,
AO12605,Alpha,2023,8,15,15,0,45.29,28.6,14.22,2.4699999999999998,5.31,28.2,44.6,Clear,
AO12605,Alpha,2023,9,9,9,0,26.91,18.91,4.0,4.0,4.55,13.9,7.8,Cloudy,
AO12605,Alpha,2023,10,4,4,0,13.39,0.0,5.39,8.0,4.9,15.1,27.4,Cloudy,
AO12605,Alpha,2023,11,4,4,0,16.0,4.0,4.0,8.0,1.56,13.3,7.7,Cloudy,
AO12605,Alpha,2023,12,4,4,0,15.120000000000001,11.120000000000001,4.0,0.0,6.5,3.0,10.4,Rainy,
AO12605,Alpha,2024,2,1,1,0,4.0,4.0,0.0,0.0,6.05,2.0,41.1,Clear,
AO12605,Alpha,2024,3,5,5,0,17.64,17.64,0.0,0.0,4.03,16.4,25.3,Cloudy,
AO12605,Alpha,2024,4,8,8,0,31.14,15.14,12.0,4.0,5.76,16.7,17.3,Clear,
AO12605,Alpha,2024,5,9,9,0,29.97,22.77,7.2,0.0,1.63,15.8,22.1,Clear,
AO12605,Alpha,2024,6,6,6,0,24.0,16.0,8.0,0.0,3.18,30.3,6.8,Clear,
AO12605,Alpha,2024,7,6,6,0,23.88,19.88,0.0,4.0,3.03,29.5,29.9,Clear,
AO12605,Alpha,2024,8,9,9,0,33.35,17.35,12.0,4.0,5.25,28.6,32.5,Clear,
AO12605,Alpha,2024,9,3,3,0,12.0,8.0,4.0,0.0,6.37,13.1,18.5,Cloudy,
AO12605,Alpha,2024,10,4,4,0,16.0,8.0,8.0,0.0,3.93,13.6,24.4,Clear,
AO12605,Alpha,2024,11,4,4,0,16.0,4.0,12.0,0.0,4.41,14.1,44.2,Rainy,
AO12605,Alpha,2024,12,1,1,0,4.0,0.0,4.0,0.0,6.44,4.3,12.3,Clear,
AO12605,Alpha,2025,1,3,3,0,12.0,4.0,4.0,4.0,2.46,1.8,18.2,Clear,
AO12605,Alpha,2025,2,1,1,0,1.58,1.58,0.0,0.0,4.42,3.1,30.5,Cloudy,
AO12605,Alpha,2025,3,6,6,0,22.689999999999998,8.0,4.0,10.69,8.81,16.6,8.4,Clear,
AO12605,Alpha,2025,4,4,4,0,13.16,4.0,9.16,0.0,0.0,17.4,5.1,Clear,
AO12605,Alpha,2025,5,6,6,0,21.91,8.0,9.91,4.0,6.46,16.4,14.8,Clear,
AO12605,Alpha,2025,6,4,4,0,11.15,4.0,2.9,4.25,6.09,31.3,39.1,Clear,
AO12605,Alpha,2025,7,7,7,0,24.43,16.43,8.0,0.0,6.55,30.5,9.2,Clear,
AO12605,Alpha,2025,8,4,4,0,14.879999999999999,2.88,4.0,8.0,5.76,31.3,22.6,Clear,
AO12605,Alpha,2025,9,3,3,0,11.0,8.0,0.0,3.0,7.22,13.9,34.5,Clear,
AO12605,Alpha,2025,10,2,2,0,8.0,0.0,8.0,0.0,0.0,14.8,33.8,Clear,
AO12605,Alpha,2025,11,3,3,0,10.54,6.54,0.0,4.0,4.39,14.7,44.5,Cloudy,
AO12605,Alpha,2025,12,3,3,0,12.0,0.0,8.0,4.0,3.78,3.9,41.4,Rainy,
AO12605,Alpha,2026,1,1,1,0,4.0,0.0,4.0,0.0,2.17,3.1,18.6,Cloudy,
AO12605,Alpha,2026,2,2,2,0,8.0,4.0,0.0,4.0,4.96,3.4,37.9,Rainy,
AO12605,Alpha,2026,3,2,2,0,5.37,4.0,1.37,0.0,3.67,15.0,35.7,Clear,
AO12605,Alpha,2026,4,3,3,0,12.0,4.0,4.0,4.0,1.88,14.4,40.2,Cloudy,
AO12605,Alpha,2026,5,1,1,0,4.0,0.0,0.0,4.0,3.74,16.5,42.7,Clear,
AO12605,Alpha,2026,6,1,1,0,4.0,0.0,0.0,4.0,5.81,28.3,39.3,Clear,
AO12822,Gamma,2023,2,1,1,0,19.48,0.0,19.48,0.0,2.05,1.2,30.2,Clear,
AO12822,Gamma,2023,4,2,2,0,30.55,16.78,0.0,13.77,5.98,16.0,30.2,Clear,
AO12822,Gamma,2023,5,1,1,0,19.52,0.0,0.0,19.52,5.02,14.7,7.3,Clear,
AO12822,Gamma,2023,6,2,2,0,32.67,0.0,0.0,32.67,4.07,30.7,12.8,Clear,
AO12822,Gamma,2023,9,1,1,0,18.66,0.0,18.66,0.0,7.25,14.3,20.4,Cloudy,
AO12822,Gamma,2023,10,1,1,0,19.05,0.0,19.05,0.0,2.32,15.1,6.3,Clear,
AO12822,Gamma,2023,11,2,2,0,27.82,13.89,0.0,13.93,1.47,15.7,28.8,Clear,
AO12822,Gamma,2023,12,1,1,0,18.41,0.0,0.0,18.41,5.61,3.1,22.9,Windy,
AO12822,Gamma,2024,4,2,2,0,31.759999999999998,31.759999999999998,0.0,0.0,4.2,14.4,21.0,Clear,
AO12822,Gamma,2024,6,2,2,0,32.96,17.31,15.65,0.0,6.43,31.2,6.5,Clear,
AO12822,Gamma,2024,7,1,1,0,15.59,0.0,15.59,0.0,4.23,29.5,21.4,Clear,
AO12822,Gamma,2024,8,3,3,0,50.129999999999995,31.48,18.65,0.0,6.3,30.1,7.3,Clear,
AO12822,Gamma,2024,9,2,2,0,33.03,15.85,0.0,17.18,2.82,14.5,23.2,Cloudy,
AO12822,Gamma,2025,2,2,2,0,36.230000000000004,0.0,16.23,20.0,0.64,2.3,12.5,Clear,
AO12822,Gamma,2025,3,1,1,0,13.04,0.0,13.04,0.0,2.45,17.2,34.4,Rainy,
AO12822,Gamma,2025,4,1,1,0,18.43,0.0,18.43,0.0,4.12,15.2,31.5,Clear,
AO12822,Gamma,2025,5,2,2,0,34.33,34.33,0.0,0.0,2.09,16.4,43.6,Clear,
AO12822,Gamma,2025,7,3,3,0,47.13,47.13,0.0,0.0,5.49,29.2,11.2,Clear,
AO12822,Gamma,2025,9,1,1,0,17.5,0.0,0.0,17.5,6.74,13.7,35.4,Rainy,
AO12822,Gamma,2025,10,1,1,0,17.55,17.55,0.0,0.0,2.87,15.7,8.5,Cloudy,
AO12822,Gamma,2025,11,1,1,0,19.61,19.61,0.0,0.0,5.64,14.3,34.6,Clear,
AO12822,Gamma,2026,6,1,1,0,18.89,0.0,0.0,18.89,3.77,29.9,39.1,Clear,
AO12824,Delta,2021,7,17,17,0,72.69,34.81,17.96,19.92,3.37,30.2,40.6,Clear,
AO12824,Delta,2021,8,13,13,0,56.160000000000004,13.27,15.66,27.23,6.61,29.5,20.7,Clear,
AO12824,Delta,2021,9,16,16,0,66.18,25.26,28.0,12.92,4.38,13.0,30.4,Clear,
AO12824,Delta,2021,10,7,7,0,38.51,36.0,0.0,2.51,3.26,14.7,18.9,Clear,
AO12824,Delta,2021,11,5,5,0,23.18,4.0,12.0,7.18,1.94,13.5,18.4,Clear,
AO12824,Delta,2021,12,6,6,0,23.38,5.81,9.69,7.88,2.43,3.2,38.6,Cloudy,
AO12824,Delta,2022,1,7,7,0,31.62,24.1,3.52,4.0,1.06,4.8,44.8,Cloudy,
AO12824,Delta,2022,2,7,7,0,25.8,8.94,16.86,0.0,3.91,2.1,9.3,Rainy,
AO12824,Delta,2022,3,7,7,0,26.3,16.0,6.3,4.0,3.36,15.2,22.7,Clear,
AO12824,Delta,2022,4,13,13,0,38.62,24.96,0.06,13.600000000000001,5.52,15.8,37.7,Clear,
AO12824,Delta,2022,5,16,16,0,58.8,24.84,25.96,8.0,6.62,16.5,8.1,Clear,
AO12824,Delta,2022,6,22,22,0,72.82,34.31,26.95,11.559999999999999,7.39,29.7,21.4,Clear,
AO12824,Delta,2022,7,6,6,0,24.0,4.0,8.0,12.0,6.11,29.6,33.4,Clear,
AO12824,Delta,2022,8,9,9,0,32.68,15.06,13.620000000000001,4.0,8.37,30.3,42.6,Clear,
AO12824,Delta,2022,9,3,3,0,12.0,4.0,8.0,0.0,4.55,15.1,10.0,Rainy,
AO12824,Delta,2022,10,4,4,0,12.83,8.83,4.0,0.0,6.23,15.5,25.2,Cloudy,
AO12824,Delta,2022,11,2,2,0,8.0,8.0,0.0,0.0,5.67,13.8,39.6,Clear,
AO12824,Delta,2022,12,1,1,0,4.0,0.0,4.0,0.0,3.91,2.9,44.4,Cloudy,
AO12824,Delta,2023,1,2,2,0,8.0,8.0,0.0,0.0,5.77,1.9,10.0,Rainy,
AO12824,Delta,2023,2,1,1,0,4.0,0.0,4.0,0.0,2.63,4.7,29.8,Cloudy,
AO12824,Delta,2023,4,5,5,0,19.2,15.2,0.0,4.0,8.33,14.2,10.1,Clear,
AO12824,Delta,2023,5,9,9,0,36.0,20.0,12.0,4.0,1.75,15.4,41.8,Clear,
AO12824,Delta,2023,6,5,5,0,17.91,8.0,1.91,8.0,4.15,29.3,31.2,Clear,
AO12824,Delta,2023,7,4,4,0,16.0,4.0,8.0,4.0,1.77,28.8,17.1,Clear,
AO12824,Delta,2023,8,5,5,0,17.61,12.0,4.0,1.61,5.22,29.4,20.5,Clear,
AO12824,Delta,2023,9,3,3,0,8.4,0.4,4.0,4.0,5.58,14.3,41.1,Cloudy,
AO12824,Delta,2023,10,4,4,0,13.65,4.0,4.0,5.65,5.79,13.4,28.0,Clear,
AO12824,Delta,2023,11,2,2,0,4.95,4.0,0.95,0.0,2.61,16.2,12.8,Clear,
AO12824,Delta,2023,12,2,2,0,8.0,0.0,4.0,4.0,7.18,3.9,5.7,Clear,
AO12824,Delta,2024,2,1,1,0,4.0,4.0,0.0,0.0,3.26,1.6,26.1,Cloudy,
AO12824,Delta,2024,3,2,2,0,8.0,0.0,4.0,4.0,6.32,14.7,20.3,Clear,
AO12824,Delta,2024,4,7,7,0,22.73,9.219999999999999,5.51,8.0,0.0,16.0,12.9,Clear,
AO12824,Delta,2024,5,9,9,0,36.0,12.0,12.0,12.0,3.82,14.5,17.1,Clear,
AO12824,Delta,2024,6,7,7,0,23.65,0.0,16.0,7.65,5.61,31.1,43.2,Clear,
AO12824,Delta,2024,7,5,5,0,17.47,8.0,8.0,1.47,3.38,30.4,33.9,Clear,
AO12824,Delta,2024,8,6,6,0,20.19,16.0,0.0,4.19,4.25,29.2,12.9,Clear,
AO12824,Delta,2024,9,2,2,0,8.0,0.0,0.0,8.0,0.0,14.1,43.0,Cloudy,
AO12824,Delta,2024,10,1,1,0,1.03,1.03,0.0,0.0,3.9,13.7,36.9,Cloudy,
AO12824,Delta,2024,11,5,5,0,19.29,11.29,0.0,8.0,4.72,14.5,22.9,Cloudy,
AO12824,Delta,2024,12,1,1,0,3.26,3.26,0.0,0.0,5.63,4.4,6.7,Clear,
AO12824,Delta,2025,1,1,1,0,0.25,0.0,0.0,0.25,4.39,2.8,22.1,Windy,
AO12824,Delta,2025,2,1,1,0,4.0,4.0,0.0,0.0,8.86,2.2,21.5,Rainy,
AO12824,Delta,2025,3,3,3,0,12.0,4.0,4.0,4.0,2.38,14.4,31.3,Clear,
AO12824,Delta,2025,4,3,3,0,9.870000000000001,4.0,1.87,4.0,3.75,16.7,25.2,Clear,
AO12824,Delta,2025,5,3,3,0,12.0,0.0,8.0,4.0,2.7,15.5,22.8,Clear,
AO12824,Delta,2025,6,4,4,0,13.51,5.51,0.0,8.0,2.44,30.8,29.2,Clear,
AO12824,Delta,2025,7,3,3,0,10.77,4.0,0.0,6.77,5.86,30.1,30.5,Clear,
AO12824,Delta,2025,8,3,3,0,12.0,8.0,0.0,4.0,5.9,30.5,44.0,Clear,
AO12824,Delta,2025,9,2,2,0,4.5600000000000005,4.5600000000000005,0.0,0.0,3.18,14.0,43.0,Cloudy,
AO12824,Delta,2025,10,3,3,0,9.99,5.99,0.0,4.0,5.5,15.0,32.6,Windy,
AO12824,Delta,2025,11,5,5,0,17.15,9.15,4.0,4.0,1.52,12.1,39.5,Clear,
AO12824,Delta,2025,12,2,2,0,5.1,4.0,1.1,0.0,1.78,2.5,19.4,Windy,
AO12824,Delta,2026,1,2,2,0,8.0,4.0,0.0,4.0,3.26,2.4,28.3,Cloudy,
AO12824,Delta,2026,2,1,1,0,2.14,2.14,0.0,0.0,2.67,4.3,36.9,Windy,
AO12824,Delta,2026,3,1,1,0,4.0,4.0,0.0,0.0,6.55,15.9,40.2,Clear,
AO12824,Delta,2026,4,2,2,0,8.0,0.0,4.0,4.0,5.24,16.2,20.5,Cloudy,
AO12824,Delta,2026,5,3,3,0,12.0,0.0,8.0,4.0,5.3,16.5,43.6,Clear,
AO12824,Delta,2026,6,2,2,0,8.0,8.0,0.0,0.0,2.82,30.9,19.2,Clear,
AO13289,Delta,2021,3,3,3,0,50.8,34.43,0.0,16.37,1.48,14.6,44.8,Clear,
AO13289,Delta,2021,4,12,12,0,206.82,119.06,34.91,52.849999999999994,5.22,15.4,28.4,Clear,
AO13289,Delta,2021,5,7,7,0,109.47,35.41,28.57,45.489999999999995,3.22,16.6,43.2,Clear,
AO13289,Delta,2021,6,8,8,0,133.42,101.93,17.57,13.92,5.84,30.8,31.2,Clear,
AO13289,Delta,2021,7,2,2,0,36.75,16.83,0.0,19.92,0.81,30.2,36.0,Clear,
AO13289,Delta,2021,8,2,2,0,34.15,0.0,15.56,18.59,6.75,29.5,14.7,Clear,
AO13289,Delta,2021,9,8,8,0,142.17,36.129999999999995,52.15,53.89,4.24,13.0,17.3,Clear,
AO13289,Delta,2021,10,3,3,0,54.72,36.08,18.64,0.0,4.02,14.7,24.7,Clear,
AO13289,Delta,2021,11,2,2,0,36.120000000000005,0.0,16.94,19.18,5.38,13.5,31.7,Clear,
AO13289,Delta,2022,2,1,1,0,17.85,0.0,17.85,0.0,5.15,2.1,43.1,Rainy,
AO13289,Delta,2022,3,2,2,0,34.42,34.42,0.0,0.0,4.71,15.2,37.0,Clear,
AO13289,Delta,2022,4,2,2,0,29.17,29.17,0.0,0.0,2.23,15.8,17.3,Clear,
AO13289,Delta,2022,5,13,13,0,217.51,86.10000000000001,99.31,32.1,5.21,16.5,19.8,Clear,
AO13289,Delta,2022,6,9,9,0,157.8,88.62,36.79,32.39,5.39,29.7,17.3,Clear,
AO13289,Delta,2022,8,2,2,0,35.57,0.0,35.57,0.0,4.89,30.3,37.0,Clear,
AO13289,Delta,2022,9,1,1,0,20.0,20.0,0.0,0.0,1.79,15.1,13.6,Rainy,
AO13289,Delta,2022,10,1,1,0,18.01,18.01,0.0,0.0,5.68,15.5,27.2,Cloudy,
AO13289,Delta,2022,12,1,1,0,17.3,17.3,0.0,0.0,4.7,2.9,37.9,Cloudy,
AO13289,Delta,2023,1,3,3,0,54.55,54.55,0.0,0.0,1.43,1.9,34.8,Rainy,
AO13289,Delta,2023,2,2,2,0,36.61,0.0,0.0,36.61,5.41,4.7,34.3,Cloudy,
AO13289,Delta,2023,3,2,2,0,35.33,35.33,0.0,0.0,7.09,17.2,6.6,Clear,
AO13289,Delta,2023,4,2,2,0,31.89,11.89,20.0,0.0,4.17,14.2,15.7,Clear,
AO13289,Delta,2023,5,2,2,0,31.520000000000003,16.21,0.0,15.31,3.12,15.4,22.7,Clear,
AO13289,Delta,2023,7,4,4,0,70.57,36.59,17.28,16.7,5.63,28.8,21.5,Clear,
AO13289,Delta,2023,8,1,1,0,13.8,13.8,0.0,0.0,5.3,29.4,12.4,Clear,
AO13289,Delta,2023,9,1,1,0,17.18,0.0,0.0,17.18,6.17,14.3,12.5,Cloudy,
AO13289,Delta,2023,10,2,2,0,31.02,0.0,0.0,31.02,3.78,13.4,43.5,Clear,
AO13289,Delta,2023,11,1,1,0,16.51,0.0,0.0,16.51,4.7,16.2,21.2,Clear,
AO13289,Delta,2023,12,2,2,0,36.13,16.35,19.78,0.0,2.39,3.9,27.4,Clear,
AO13289,Delta,2024,4,4,4,0,70.33,70.33,0.0,0.0,7.79,16.0,41.5,Clear,
AO13289,Delta,2024,6,1,1,0,15.18,15.18,0.0,0.0,5.24,31.1,19.1,Clear,
AO13289,Delta,2024,7,1,1,0,16.05,0.0,0.0,16.05,4.68,30.4,15.3,Clear,
AO13289,Delta,2024,8,1,1,0,16.25,0.0,16.25,0.0,3.72,29.2,13.4,Clear,
AO13289,Delta,2024,9,1,1,0,18.19,18.19,0.0,0.0,4.46,14.1,40.9,Cloudy,
AO13289,Delta,2025,4,2,2,0,35.19,0.0,16.83,18.36,2.88,16.7,36.8,Clear,
AO13289,Delta,2025,6,2,2,0,33.91,0.0,33.91,0.0,2.85,30.8,29.4,Clear,
AO13289,Delta,2025,7,2,2,0,33.83,33.83,0.0,0.0,4.66,30.1,43.9,Clear,
AO13289,Delta,2025,9,1,1,0,16.58,0.0,0.0,16.58,3.57,14.0,20.4,Cloudy,
AO13289,Delta,2025,10,1,1,0,19.73,0.0,0.0,19.73,6.45,15.0,11.6,Windy,
AO13289,Delta,2025,11,1,1,0,18.06,18.06,0.0,0.0,3.84,12.1,8.3,Clear,
AO13289,Delta,2025,12,2,2,0,37.69,0.0,37.69,0.0,8.26,2.5,25.3,Windy,
AO13289,Delta,2026,3,3,3,0,49.1,17.78,15.72,15.6,4.58,15.9,29.4,Clear,
AO13289,Delta,2026,5,1,1,0,15.2,0.0,15.2,0.0,5.56,16.5,42.1,Clear,
AO13289,Delta,2026,6,1,1,0,17.64,0.0,17.64,0.0,4.01,30.9,20.1,Clear,
AO13357,Alpha,2021,12,11,11,0,55.13,13.96,28.0,13.17,5.07,3.6,10.8,Clear,
AO13357,Alpha,2022,1,7,7,0,25.25,12.0,4.0,9.25,4.5,2.2,38.5,Clear,
AO13357,Alpha,2022,2,3,3,0,12.0,4.0,4.0,4.0,5.06,4.4,12.5,Clear,
AO13357,Alpha,2022,3,9,9,0,34.75,11.58,16.0,7.17,0.0,17.6,35.8,Cloudy,
AO13357,Alpha,2022,4,15,15,0,56.76,20.0,16.759999999999998,20.0,4.42,15.4,22.4,Clear,
AO13357,Alpha,2022,5,18,18,0,66.98,19.560000000000002,27.42,20.0,5.28,16.4,43.6,Clear,
AO13357,Alpha,2022,6,11,11,0,44.0,8.0,16.0,20.0,5.08,28.9,40.6,Clear,
AO13357,Alpha,2022,7,7,7,0,19.94,6.06,4.0,9.879999999999999,3.9,30.7,43.9,Clear,
AO13357,Alpha,2022,8,10,10,0,35.33,18.12,4.0,13.21,6.28,31.5,34.7,Clear,
AO13357,Alpha,2022,9,11,11,0,40.43,8.43,20.0,12.0,2.0,13.0,34.7,Cloudy,
AO13357,Alpha,2022,10,10,10,0,40.0,20.0,16.0,4.0,5.71,13.2,38.4,Clear,
AO13357,Alpha,2022,11,6,6,0,24.0,16.0,8.0,0.0,3.53,14.5,6.1,Cloudy,
AO13357,Alpha,2022,12,4,4,0,16.0,8.0,4.0,4.0,3.16,3.3,38.9,Clear,
AO13357,Alpha,2023,1,4,4,0,14.05,2.05,4.0,8.0,5.86,3.0,33.1,Rainy,
AO13357,Alpha,2023,2,7,7,0,23.9,16.0,4.97,2.93,6.68,2.1,8.7,Cloudy,
AO13357,Alpha,2023,3,6,6,0,15.81,11.79,4.0,0.02,6.24,15.4,29.3,Clear,
AO13357,Alpha,2023,4,10,10,0,38.0,14.0,16.0,8.0,5.79,16.2,12.2,Clear,
AO13357,Alpha,2023,5,8,8,0,24.439999999999998,16.439999999999998,0.0,8.0,2.17,16.3,43.9,Clear,
AO13357,Alpha,2023,6,16,16,0,53.29,30.509999999999998,16.0,6.78,7.33,30.7,9.4,Clear,
AO13357,Alpha,2023,7,12,12,0,40.730000000000004,23.2,9.530000000000001,8.0,3.51,30.4,14.1,Clear,
AO13357,Alpha,2023,8,20,20,0,75.75,38.55,18.240000000000002,18.96,0.16,28.2,8.1,Clear,
AO13357,Alpha,2023,9,8,8,0,28.42,20.82,3.6,4.0,4.72,13.9,7.6,Cloudy,
AO13357,Alpha,2023,10,5,5,0,16.37,4.0,12.0,0.37,7.18,15.1,31.2,Cloudy,
AO13357,Alpha,2023,11,8,8,0,28.0,4.0,4.0,20.0,9.45,13.3,13.2,Cloudy,
AO13357,Alpha,2023,12,3,3,0,10.27,6.27,0.0,4.0,5.5,3.0,44.3,Rainy,
AO13357,Alpha,2024,1,4,4,0,8.540000000000001,8.0,0.54,0.0,4.09,3.1,7.2,Clear,
AO13357,Alpha,2024,2,1,1,0,4.0,4.0,0.0,0.0,0.62,2.0,9.2,Clear,
AO13357,Alpha,2024,3,6,6,0,20.439999999999998,12.44,4.0,4.0,3.31,16.4,7.4,Cloudy,
AO13357,Alpha,2024,4,8,8,0,30.18,14.18,8.0,8.0,3.69,16.7,33.8,Clear,
AO13357,Alpha,2024,5,8,8,0,28.46,12.46,12.0,4.0,8.02,15.8,33.7,Clear,
AO13357,Alpha,2024,6,8,8,0,24.919999999999998,7.46,12.0,5.46,3.74,30.3,28.1,Clear,
AO13357,Alpha,2024,7,5,5,0,20.0,16.0,0.0,4.0,3.96,29.5,44.2,Clear,
AO13357,Alpha,2024,8,5,5,0,15.86,4.0,10.78,1.08,6.34,28.6,25.4,Clear,
AO13357,Alpha,2024,9,5,5,0,18.08,10.08,8.0,0.0,4.43,13.1,17.6,Cloudy,
AO13357,Alpha,2024,10,2,2,0,8.0,0.0,4.0,4.0,0.8,13.6,41.4,Clear,
AO13357,Alpha,2024,11,4,4,0,16.0,0.0,12.0,4.0,5.65,14.1,41.1,Rainy,
AO13357,Alpha,2024,12,3,3,0,12.0,4.0,8.0,0.0,4.31,4.3,39.2,Clear,
AO13357,Alpha,2025,1,2,2,0,8.0,8.0,0.0,0.0,2.75,1.8,28.0,Clear,
AO13357,Alpha,2025,2,1,1,0,4.0,0.0,4.0,0.0,3.75,3.1,41.6,Cloudy,
AO13357,Alpha,2025,3,2,2,0,8.0,4.0,4.0,0.0,2.05,16.6,28.8,Clear,
AO13357,Alpha,2025,4,4,4,0,16.0,8.0,8.0,0.0,5.69,17.4,31.3,Clear,
AO13357,Alpha,2025,5,7,7,0,25.990000000000002,4.0,9.99,12.0,2.12,16.4,12.3,Clear,
AO13357,Alpha,2025,6,6,6,0,18.07,10.07,8.0,0.0,0.0,31.3,12.8,Clear,
AO13357,Alpha,2025,7,6,6,0,17.02,12.33,0.0,4.6899999999999995,3.5,30.5,32.5,Clear,
AO13357,Alpha,2025,8,3,3,0,9.81,4.0,0.0,5.8100000000000005,4.82,31.3,23.0,Clear,
AO13357,Alpha,2025,9,6,6,0,20.11,5.24,6.87,8.0,3.26,13.9,5.6,Clear,
AO13357,Alpha,2025,10,6,6,0,22.68,8.0,2.68,12.0,4.15,14.8,19.2,Clear,
AO13357,Alpha,2025,11,4,4,0,12.29,11.85,0.44,0.0,3.6,14.7,23.8,Cloudy,
AO13357,Alpha,2025,12,3,3,0,12.0,0.0,4.0,8.0,2.54,3.9,20.7,Rainy,
AO13357,Alpha,2026,1,4,4,0,16.0,4.0,8.0,4.0,4.97,3.1,20.7,Cloudy,
AO13357,Alpha,2026,2,1,1,0,4.0,4.0,0.0,0.0,5.38,3.4,43.0,Rainy,
AO13357,Alpha,2026,3,2,2,0,7.01,4.0,0.0,3.01,2.74,15.0,29.5,Clear,
AO13357,Alpha,2026,5,5,5,0,19.92,0.0,15.92,4.0,4.07,16.5,33.1,Clear,
AO13357,Alpha,2026,6,4,4,0,12.77,4.0,8.0,0.77,3.92,28.3,37.2,Clear,
AO13467,Sigma,2021,1,1,1,0,17.46,0.0,0.0,17.46,2.61,4.9,20.1,Cloudy,
AO13467,Sigma,2021,2,4,4,0,71.42,20.0,35.3,16.12,5.28,4.0,26.7,Clear,
AO13467,Sigma,2021,3,4,4,0,66.03999999999999,49.3,0.0,16.74,2.59,15.3,36.9,Clear,
AO13467,Sigma,2021,4,1,1,0,16.09,16.09,0.0,0.0,5.44,16.2,44.7,Clear,
AO13467,Sigma,2021,5,7,7,0,120.12,30.65,56.13,33.34,6.76,15.3,13.3,Clear,
AO13467,Sigma,2021,6,2,2,0,31.5,15.85,15.65,0.0,4.89,29.1,18.0,Clear,
AO13467,Sigma,2021,7,4,4,0,74.02,18.21,55.81,0.0,7.59,30.1,30.9,Clear,
AO13467,Sigma,2021,8,1,1,0,19.37,19.37,0.0,0.0,1.75,31.4,41.3,Clear,
AO13467,Sigma,2021,9,5,5,0,89.76,31.46,20.0,38.3,0.84,13.3,25.5,Rainy,
AO13467,Sigma,2021,10,1,1,0,16.23,0.0,16.23,0.0,2.96,14.0,6.4,Clear,
AO13467,Sigma,2021,12,1,1,0,16.99,16.99,0.0,0.0,4.93,3.0,10.9,Clear,
AO13467,Sigma,2022,1,1,1,0,20.0,0.0,0.0,20.0,6.8,4.3,31.2,Rainy,
AO13467,Sigma,2022,2,1,1,0,16.97,16.97,0.0,0.0,5.6,3.0,17.3,Cloudy,
AO13467,Sigma,2022,3,1,1,0,17.11,17.11,0.0,0.0,6.82,15.3,44.3,Clear,
AO13467,Sigma,2022,6,1,1,0,14.34,14.34,0.0,0.0,2.84,29.2,9.5,Clear,
AO13467,Sigma,2022,7,3,3,0,50.22,50.22,0.0,0.0,1.42,30.6,44.0,Clear,
AO13467,Sigma,2022,12,1,1,0,20.0,0.0,0.0,20.0,7.14,3.9,30.3,Cloudy,
AO13467,Sigma,2023,3,1,1,0,17.33,17.33,0.0,0.0,4.27,16.6,42.3,Cloudy,
AO13467,Sigma,2023,4,1,1,0,16.96,0.0,16.96,0.0,7.53,14.6,29.2,Clear,
AO13467,Sigma,2023,6,1,1,0,15.57,15.57,0.0,0.0,3.33,29.5,35.0,Clear,
AO13467,Sigma,2023,7,2,2,0,36.9,19.36,0.0,17.54,6.08,29.9,22.9,Clear,
AO13467,Sigma,2023,10,1,1,0,17.79,0.0,17.79,0.0,0.0,14.3,32.6,Cloudy,
AO13467,Sigma,2023,11,1,1,0,19.57,0.0,19.57,0.0,2.66,12.8,29.6,Clear,
AO13467,Sigma,2023,12,1,1,0,17.61,17.61,0.0,0.0,2.52,4.0,8.2,Clear,
AO13467,Sigma,2024,4,1,1,0,17.22,0.0,17.22,0.0,0.78,16.0,12.0,Clear,
AO13467,Sigma,2024,5,2,2,0,33.709999999999994,33.709999999999994,0.0,0.0,7.62,16.0,17.0,Clear,
AO13467,Sigma,2024,9,1,1,0,16.94,0.0,16.94,0.0,1.28,13.7,11.1,Clear,
AO13467,Sigma,2025,3,2,2,0,34.58,15.75,18.83,0.0,5.62,16.4,5.1,Clear,
AO13467,Sigma,2025,6,1,1,0,18.23,18.23,0.0,0.0,5.94,29.6,34.1,Clear,
AO13467,Sigma,2025,8,1,1,0,17.14,17.14,0.0,0.0,1.65,29.6,10.3,Clear,
AO13467,Sigma,2025,9,1,1,0,17.7,0.0,17.7,0.0,6.25,14.1,16.7,Cloudy,
AO13467,Sigma,2025,11,1,1,0,17.43,17.43,0.0,0.0,2.02,13.9,30.6,Clear,
AO13467,Sigma,2025,12,1,1,0,16.13,16.13,0.0,0.0,3.84,2.4,7.9,Cloudy,
AO13497,Alpha,2022,5,15,15,0,57.22,15.04,22.18,20.0,6.43,16.4,44.4,Clear,
AO13497,Alpha,2022,6,12,12,0,39.69,16.0,4.66,19.03,6.66,28.9,30.8,Clear,
AO13497,Alpha,2022,7,10,10,0,36.69,26.03,2.66,8.0,3.87,30.7,13.2,Clear,
AO13497,Alpha,2022,8,8,8,0,31.009999999999998,16.0,0.0,15.01,4.77,31.5,7.5,Clear,
AO13497,Alpha,2022,9,13,13,0,45.11,27.13,9.98,8.0,4.51,13.0,44.3,Cloudy,
AO13497,Alpha,2022,10,10,10,0,31.9,14.76,17.14,0.0,3.08,13.2,32.6,Clear,
AO13497,Alpha,2022,11,5,5,0,16.9,8.0,4.9,4.0,7.07,14.5,20.8,Cloudy,
AO13497,Alpha,2022,12,7,7,0,22.759999999999998,0.76,15.16,6.84,0.64,3.3,8.4,Clear,
AO13497,Alpha,2023,1,5,5,0,19.73,12.0,0.0,7.73,7.12,3.0,5.5,Rainy,
AO13497,Alpha,2023,2,6,6,0,24.0,12.0,12.0,0.0,2.31,2.1,42.2,Cloudy,
AO13497,Alpha,2023,3,4,4,0,16.0,16.0,0.0,0.0,4.13,15.4,33.3,Clear,
AO13497,Alpha,2023,4,10,10,0,24.38,11.88,4.5,8.0,4.41,16.2,15.2,Clear,
AO13497,Alpha,2023,5,11,11,0,35.1,20.05,5.33,9.72,1.57,16.3,32.9,Clear,
AO13497,Alpha,2023,6,19,19,0,70.43,44.0,18.43,8.0,7.14,30.7,14.5,Clear,
AO13497,Alpha,2023,7,14,14,0,52.93,31.939999999999998,16.0,4.99,3.87,30.4,9.2,Clear,
AO13497,Alpha,2023,8,9,9,0,28.259999999999998,24.22,0.0,4.04,3.39,28.2,11.8,Clear,
AO13497,Alpha,2023,9,7,7,0,22.11,17.95,2.99,1.17,4.14,13.9,44.3,Cloudy,
AO13497,Alpha,2023,10,6,6,0,24.0,8.0,8.0,8.0,4.6,15.1,34.9,Cloudy,
AO13497,Alpha,2023,11,7,7,0,27.73,7.76,15.97,4.0,2.63,13.3,6.1,Cloudy,
AO13497,Alpha,2023,12,4,4,0,16.0,12.0,4.0,0.0,5.35,3.0,12.2,Rainy,
AO13497,Alpha,2024,2,3,3,0,12.0,8.0,4.0,0.0,4.48,2.0,25.0,Clear,
AO13497,Alpha,2024,3,8,8,0,23.04,19.28,2.77,0.99,3.94,16.4,22.1,Cloudy,
AO13497,Alpha,2024,4,3,3,0,11.66,0.0,4.0,7.66,4.89,16.7,36.4,Clear,
AO13497,Alpha,2024,5,13,13,0,47.19,32.0,7.19,8.0,7.34,15.8,19.6,Clear,
AO13497,Alpha,2024,6,9,9,0,32.58,16.95,12.0,3.63,5.47,30.3,18.5,Clear,
AO13497,Alpha,2024,7,8,8,0,24.990000000000002,14.07,4.0,6.92,1.75,29.5,33.1,Clear,
AO13497,Alpha,2024,8,7,7,0,28.0,16.0,12.0,0.0,1.32,28.6,22.2,Clear,
AO13497,Alpha,2024,9,3,3,0,11.67,4.0,7.67,0.0,7.19,13.1,44.5,Cloudy,
AO13497,Alpha,2024,10,3,3,0,10.309999999999999,10.309999999999999,0.0,0.0,1.97,13.6,23.6,Clear,
AO13497,Alpha,2024,11,5,5,0,18.9,6.9,4.0,8.0,3.32,14.1,5.7,Rainy,
AO13497,Alpha,2025,1,1,1,0,4.0,0.0,4.0,0.0,7.07,1.8,21.4,Clear,
AO13497,Alpha,2025,2,2,2,0,8.0,0.0,4.0,4.0,5.61,3.1,33.9,Cloudy,
AO13497,Alpha,2025,3,3,3,0,9.26,4.0,1.66,3.6,0.0,16.6,8.7,Clear,
AO13497,Alpha,2025,4,4,4,0,9.129999999999999,2.49,6.640000000000001,0.0,2.15,17.4,13.3,Clear,
AO13497,Alpha,2025,5,6,6,0,24.0,8.0,12.0,4.0,7.03,16.4,34.4,Clear,
AO13497,Alpha,2025,6,5,5,0,20.0,8.0,0.0,12.0,2.22,31.3,41.8,Clear,
AO13497,Alpha,2025,7,9,9,0,34.06,10.54,16.0,7.52,3.97,30.5,35.4,Clear,
AO13497,Alpha,2025,8,3,3,0,10.29,10.29,0.0,0.0,2.53,31.3,23.5,Clear,
AO13497,Alpha,2025,9,6,6,0,20.14,12.0,4.14,4.0,3.39,13.9,11.5,Clear,
AO13497,Alpha,2025,10,1,1,0,4.0,0.0,0.0,4.0,0.74,14.8,27.5,Clear,
AO13497,Alpha,2025,11,3,3,0,12.0,8.0,0.0,4.0,2.85,14.7,20.4,Cloudy,
AO13497,Alpha,2025,12,5,5,0,17.78,0.0,11.53,6.25,3.62,3.9,26.0,Rainy,
AO13497,Alpha,2026,1,3,3,0,8.629999999999999,6.23,2.4,0.0,1.61,3.1,39.2,Cloudy,
AO13497,Alpha,2026,2,1,1,0,4.0,4.0,0.0,0.0,2.35,3.4,7.9,Rainy,
AO13497,Alpha,2026,3,2,2,0,8.0,4.0,4.0,0.0,3.06,15.0,44.3,Clear,
AO13497,Alpha,2026,4,5,5,0,16.08,8.0,4.0,4.08,8.58,14.4,17.8,Cloudy,
AO13497,Alpha,2026,5,9,9,0,30.74,16.0,10.74,4.0,2.43,16.5,24.7,Clear,
AO13497,Alpha,2026,6,5,5,0,20.0,4.0,12.0,4.0,3.42,28.3,20.7,Clear,
AO13576,Delta,2023,2,2,2,0,31.55,14.73,0.0,16.82,4.77,4.7,36.9,Cloudy,
AO13576,Delta,2023,3,2,2,0,32.79,13.27,0.0,19.52,4.64,17.2,42.5,Clear,
AO13576,Delta,2023,4,3,3,0,48.97,31.490000000000002,17.48,0.0,2.13,14.2,20.9,Clear,
AO13576,Delta,2023,5,2,2,0,34.629999999999995,18.14,16.49,0.0,4.0,15.4,8.0,Clear,
AO13576,Delta,2023,6,1,1,0,15.87,15.87,0.0,0.0,5.66,29.3,29.3,Clear,
AO13576,Delta,2023,7,3,3,0,52.07,17.91,34.16,0.0,0.69,28.8,28.4,Clear,
AO13576,Delta,2023,8,3,3,0,53.65,36.81,16.84,0.0,1.41,29.4,42.4,Clear,
AO13576,Delta,2023,9,1,1,0,16.53,0.0,16.53,0.0,1.76,14.3,6.9,Cloudy,
AO13576,Delta,2023,10,1,1,0,18.27,18.27,0.0,0.0,5.02,13.4,41.7,Clear,
AO13576,Delta,2023,12,2,2,0,35.01,17.31,17.7,0.0,2.19,3.9,6.7,Clear,
AO13576,Delta,2024,2,1,1,0,18.71,0.0,0.0,18.71,1.84,1.6,30.4,Cloudy,
AO13576,Delta,2024,3,1,1,0,17.59,0.0,17.59,0.0,4.18,14.7,19.1,Clear,
AO13576,Delta,2024,4,2,2,0,38.56,19.94,0.0,18.62,2.49,16.0,11.5,Clear,
AO13576,Delta,2024,5,1,1,0,18.89,0.0,0.0,18.89,5.18,14.5,24.0,Clear,
AO13576,Delta,2024,6,2,2,0,29.21,14.66,0.0,14.55,2.29,31.1,32.7,Clear,
AO13576,Delta,2024,7,1,1,0,14.21,14.21,0.0,0.0,5.38,30.4,39.0,Clear,
AO13576,Delta,2024,8,1,1,0,15.9,0.0,0.0,15.9,4.52,29.2,19.7,Clear,
AO13576,Delta,2024,9,1,1,0,18.69,18.69,0.0,0.0,3.41,14.1,22.9,Cloudy,
AO13576,Delta,2024,10,1,1,0,20.0,0.0,0.0,20.0,3.25,13.7,39.2,Cloudy,
AO13576,Delta,2024,12,1,1,0,14.89,0.0,0.0,14.89,7.14,4.4,9.8,Clear,
AO13576,Delta,2025,2,2,2,0,34.04,34.04,0.0,0.0,1.12,2.2,30.1,Rainy,
AO13576,Delta,2025,3,1,1,0,17.3,0.0,0.0,17.3,3.08,14.4,10.2,Clear,
AO13576,Delta,2025,4,1,1,0,19.44,0.0,19.44,0.0,4.93,16.7,10.6,Clear,
AO13576,Delta,2025,6,2,2,0,32.08,14.53,17.55,0.0,4.11,30.8,10.2,Clear,
AO13576,Delta,2025,8,3,3,0,52.4,52.4,0.0,0.0,0.14,30.5,32.9,Clear,
AO13576,Delta,2025,10,1,1,0,20.0,20.0,0.0,0.0,0.96,15.0,30.8,Windy,
AO13576,Delta,2025,11,2,2,0,33.89,0.0,16.75,17.14,0.46,12.1,22.5,Clear,
AO13576,Delta,2026,1,1,1,0,18.51,0.0,18.51,0.0,3.75,2.4,16.9,Cloudy,
AO13576,Delta,2026,5,1,1,0,17.05,0.0,0.0,17.05,5.22,16.5,26.5,Clear,
AO13576,Delta,2026,6,1,1,0,12.2,0.0,12.2,0.0,7.52,30.9,34.5,Clear,
AO13655,Gamma,2022,6,2,2,0,37.870000000000005,0.0,37.870000000000005,0.0,2.48,30.8,28.4,Clear,
AO13655,Gamma,2022,7,4,4,0,67.62,0.0,34.35,33.269999999999996,5.61,29.9,27.0,Clear,
AO13655,Gamma,2022,8,4,4,0,70.2,0.0,33.099999999999994,37.1,4.03,29.7,44.0,Clear,
AO13655,Gamma,2022,9,1,1,0,16.82,0.0,16.82,0.0,4.42,13.5,7.8,Cloudy,
AO13655,Gamma,2022,11,3,3,0,49.63,49.63,0.0,0.0,2.89,14.1,37.2,Rainy,
AO13655,Gamma,2023,4,1,1,0,18.73,18.73,0.0,0.0,5.76,16.0,26.2,Clear,
AO13655,Gamma,2023,5,3,3,0,55.08,37.260000000000005,0.0,17.82,2.4,14.7,23.5,Clear,
AO13655,Gamma,2023,6,1,1,0,16.47,0.0,0.0,16.47,3.26,30.7,27.2,Clear,
AO13655,Gamma,2023,7,2,2,0,35.230000000000004,0.0,18.96,16.27,4.96,29.6,42.0,Clear,
AO13655,Gamma,2023,8,2,2,0,28.049999999999997,15.85,0.0,12.2,4.75,29.7,33.6,Clear,
AO13655,Gamma,2023,9,1,1,0,15.22,15.22,0.0,0.0,0.94,14.3,31.9,Cloudy,
AO13655,Gamma,2024,1,1,1,0,16.82,16.82,0.0,0.0,1.44,1.5,24.7,Cloudy,
AO13655,Gamma,2024,2,1,1,0,15.08,0.0,15.08,0.0,3.44,1.9,30.2,Clear,
AO13655,Gamma,2024,4,2,2,0,28.5,13.9,0.0,14.6,6.84,14.4,29.0,Clear,
AO13655,Gamma,2024,5,1,1,0,19.45,0.0,19.45,0.0,1.93,17.0,42.3,Clear,
AO13655,Gamma,2024,6,1,1,0,18.24,0.0,0.0,18.24,7.85,31.2,40.6,Clear,
AO13655,Gamma,2024,7,1,1,0,18.14,18.14,0.0,0.0,3.41,29.5,43.4,Clear,
AO13655,Gamma,2024,8,2,2,0,38.730000000000004,18.73,20.0,0.0,1.2,30.1,18.7,Clear,
AO13655,Gamma,2025,2,1,1,0,19.97,0.0,19.97,0.0,3.06,2.3,33.5,Clear,
AO13655,Gamma,2025,5,2,2,0,33.01,33.01,0.0,0.0,0.0,16.4,43.5,Clear,
AO13655,Gamma,2025,6,1,1,0,18.67,18.67,0.0,0.0,5.16,31.1,28.0,Clear,
AO13655,Gamma,2025,7,2,2,0,36.66,0.0,0.0,36.66,4.1,29.2,30.4,Clear,
AO13655,Gamma,2025,8,1,1,0,15.39,0.0,0.0,15.39,6.45,29.8,44.3,Clear,
AO13655,Gamma,2025,9,2,2,0,36.629999999999995,0.0,18.8,17.83,4.72,13.7,20.1,Rainy,
AO13655,Gamma,2025,10,1,1,0,16.69,0.0,16.69,0.0,6.19,15.7,37.0,Cloudy,
AO13655,Gamma,2026,4,1,1,0,15.35,0.0,0.0,15.35,1.06,15.5,8.5,Clear,
AO13655,Gamma,2026,6,2,2,0,33.1,0.0,19.53,13.57,4.34,29.9,19.0,Clear,
AO13943,Sigma,2021,1,4,4,0,64.5,13.62,50.879999999999995,0.0,7.67,4.9,30.2,Cloudy,
AO13943,Sigma,2021,2,1,1,0,17.17,17.17,0.0,0.0,7.15,4.0,7.0,Clear,
AO13943,Sigma,2021,3,3,3,0,48.03,29.98,0.0,18.05,5.29,15.3,38.4,Clear,
AO13943,Sigma,2021,4,6,6,0,107.99000000000001,59.06,48.93,0.0,6.36,16.2,24.9,Clear,
AO13943,Sigma,2021,5,14,14,0,230.5,88.56,83.0,58.94,3.9,15.3,34.6,Clear,
AO13943,Sigma,2021,6,8,8,0,138.29,52.82,49.68,35.79,2.14,29.1,32.0,Clear,
AO13943,Sigma,2021,7,6,6,0,101.94,52.28,17.94,31.72,4.48,30.1,39.0,Clear,
AO13943,Sigma,2021,8,5,5,0,81.6,28.55,18.39,34.66,2.99,31.4,37.3,Clear,
AO13943,Sigma,2021,9,2,2,0,32.22,16.66,0.0,15.56,4.87,13.3,11.9,Rainy,
AO13943,Sigma,2021,10,1,1,0,15.95,0.0,0.0,15.95,0.73,14.0,36.1,Clear,
AO13943,Sigma,2021,11,2,2,0,33.33,33.33,0.0,0.0,2.88,12.6,5.8,Clear,
AO13943,Sigma,2021,12,2,2,0,31.28,0.0,31.28,0.0,5.65,3.0,12.7,Clear,
AO13943,Sigma,2022,2,1,1,0,16.03,0.0,0.0,16.03,2.43,3.0,41.3,Cloudy,
AO13943,Sigma,2022,3,2,2,0,35.93,0.0,18.05,17.88,4.52,15.3,41.4,Clear,
AO13943,Sigma,2022,4,4,4,0,62.370000000000005,13.8,0.0,48.57,8.04,16.6,31.0,Clear,
AO13943,Sigma,2022,5,3,3,0,52.0,15.45,36.55,0.0,0.93,17.1,11.8,Cloudy,
AO13943,Sigma,2022,7,1,1,0,19.15,19.15,0.0,0.0,4.95,30.6,42.8,Clear,
AO13943,Sigma,2022,8,5,5,0,86.46000000000001,51.67,34.79,0.0,2.86,31.1,28.4,Clear,
AO13943,Sigma,2022,10,3,3,0,53.02,34.07,0.0,18.95,6.82,15.3,44.2,Cloudy,
AO13943,Sigma,2023,2,2,2,0,34.67,0.0,17.78,16.89,6.02,2.6,19.8,Clear,
AO13943,Sigma,2023,5,1,1,0,19.73,19.73,0.0,0.0,6.78,15.4,39.1,Clear,
AO13943,Sigma,2023,6,1,1,0,20.0,0.0,20.0,0.0,3.54,29.5,37.8,Clear,
AO13943,Sigma,2023,7,2,2,0,31.85,0.0,15.83,16.02,6.7,29.9,21.9,Clear,
AO13943,Sigma,2023,8,1,1,0,15.69,15.69,0.0,0.0,1.79,30.6,39.0,Clear,
AO13943,Sigma,2023,9,1,1,0,18.25,0.0,0.0,18.25,3.05,14.1,24.6,Cloudy,
AO13943,Sigma,2023,10,2,2,0,32.870000000000005,32.870000000000005,0.0,0.0,4.5,14.3,39.2,Cloudy,
AO13943,Sigma,2024,1,1,1,0,17.04,0.0,17.04,0.0,2.91,3.6,33.6,Cloudy,
AO13943,Sigma,2024,2,1,1,0,18.28,0.0,18.28,0.0,3.3,3.5,6.2,Cloudy,
AO13943,Sigma,2024,3,1,1,0,16.73,0.0,0.0,16.73,5.21,16.3,6.8,Clear,
AO13943,Sigma,2024,4,3,3,0,49.28,0.0,49.28,0.0,3.2,16.0,25.2,Clear,
AO13943,Sigma,2024,6,2,2,0,33.85,17.23,0.0,16.62,3.78,30.4,32.6,Clear,
AO13943,Sigma,2024,8,2,2,0,35.07,19.02,16.05,0.0,4.45,30.9,10.9,Clear,
AO13943,Sigma,2025,4,1,1,0,16.24,16.24,0.0,0.0,7.12,16.3,43.3,Clear,
AO13943,Sigma,2025,5,1,1,0,16.26,16.26,0.0,0.0,6.01,14.9,8.3,Clear,
AO13943,Sigma,2025,6,2,2,0,36.269999999999996,0.0,17.19,19.08,3.32,29.6,25.1,Clear,
AO13943,Sigma,2025,8,1,1,0,19.03,0.0,19.03,0.0,5.03,29.6,41.3,Clear,
AO13943,Sigma,2025,10,4,4,0,71.0,0.0,71.0,0.0,2.9,14.5,27.3,Clear,
AO13943,Sigma,2026,1,1,1,0,16.36,16.36,0.0,0.0,7.73,3.4,14.2,Cloudy,
AO14110,Sigma,2021,6,10,10,0,34.97,7.85,20.92,6.2,5.06,29.1,39.0,Clear,
AO14110,Sigma,2021,7,10,10,0,32.81,11.57,17.240000000000002,4.0,3.32,30.1,24.9,Clear,
AO14110,Sigma,2021,8,9,9,0,33.49,8.0,9.49,16.0,3.19,31.4,24.0,Clear,
AO14110,Sigma,2021,9,8,8,0,23.72,19.72,4.0,0.0,4.68,13.3,7.2,Rainy,
AO14110,Sigma,2021,10,2,2,0,8.0,0.0,4.0,4.0,4.77,14.0,38.9,Clear,
AO14110,Sigma,2021,11,5,5,0,17.6,4.0,9.6,4.0,7.24,12.6,7.5,Clear,
AO14110,Sigma,2021,12,6,6,0,20.69,8.0,8.69,4.0,3.81,3.0,33.8,Clear,
AO14110,Sigma,2022,1,3,3,0,12.0,4.0,4.0,4.0,3.97,4.3,24.0,Rainy,
AO14110,Sigma,2022,2,5,5,0,20.0,8.0,8.0,4.0,4.48,3.0,13.9,Cloudy,
AO14110,Sigma,2022,3,2,2,0,5.83,5.83,0.0,0.0,4.36,15.3,20.6,Clear,
AO14110,Sigma,2022,4,7,7,0,27.91,4.0,4.0,19.91,2.0,16.6,29.2,Clear,
AO14110,Sigma,2022,5,16,16,0,55.81,21.98,17.83,16.0,4.74,17.1,40.9,Cloudy,
AO14110,Sigma,2022,6,7,7,0,25.0,10.0,4.0,11.0,4.18,29.2,42.5,Clear,
AO14110,Sigma,2022,7,6,6,0,22.5,18.5,4.0,0.0,5.36,30.6,31.3,Clear,
AO14110,Sigma,2022,8,6,6,0,24.0,0.0,12.0,12.0,5.1,31.1,21.0,Clear,
AO14110,Sigma,2022,9,5,5,0,18.89,14.89,0.0,4.0,2.07,13.0,41.4,Rainy,
AO14110,Sigma,2022,10,4,4,0,13.91,0.0,9.91,4.0,4.36,15.3,14.0,Cloudy,
AO14110,Sigma,2022,11,1,1,0,4.0,4.0,0.0,0.0,4.72,14.0,22.8,Cloudy,
AO14110,Sigma,2022,12,5,5,0,10.879999999999999,6.88,0.0,4.0,6.33,3.9,16.1,Cloudy,
AO14110,Sigma,2023,1,3,3,0,12.0,12.0,0.0,0.0,2.33,4.7,5.1,Cloudy,
AO14110,Sigma,2023,2,4,4,0,13.49,7.88,5.61,0.0,1.44,2.6,44.2,Clear,
AO14110,Sigma,2023,3,5,5,0,15.07,13.76,1.31,0.0,4.9,16.6,6.2,Cloudy,
AO14110,Sigma,2023,4,3,3,0,12.0,8.0,4.0,0.0,3.02,14.6,20.5,Clear,
AO14110,Sigma,2023,5,8,8,0,21.43,9.3,12.129999999999999,0.0,5.78,15.4,36.7,Clear,
AO14110,Sigma,2023,6,4,4,0,13.14,0.0,10.7,2.44,3.23,29.5,26.2,Clear,
AO14110,Sigma,2023,7,4,4,0,13.54,8.0,0.0,5.54,5.7,29.9,40.1,Clear,
AO14110,Sigma,2023,8,4,4,0,14.92,6.92,4.0,4.0,0.29,30.6,29.1,Clear,
AO14110,Sigma,2023,9,5,5,0,13.690000000000001,5.12,0.57,8.0,3.72,14.1,16.3,Cloudy,
AO14110,Sigma,2023,10,7,7,0,28.0,16.0,8.0,4.0,1.58,14.3,20.1,Cloudy,
AO14110,Sigma,2023,11,8,8,0,32.0,16.0,16.0,0.0,3.33,12.8,39.6,Clear,
AO14110,Sigma,2023,12,2,2,0,8.0,8.0,0.0,0.0,4.33,4.0,14.7,Clear,
AO14110,Sigma,2024,1,4,4,0,14.45,10.45,4.0,0.0,5.26,3.6,41.2,Cloudy,
AO14110,Sigma,2024,4,5,5,0,16.81,0.81,12.0,4.0,3.45,16.0,38.0,Clear,
AO14110,Sigma,2024,5,3,3,0,12.0,12.0,0.0,0.0,6.45,16.0,31.2,Clear,
AO14110,Sigma,2024,6,4,4,0,12.620000000000001,4.0,8.0,0.62,3.73,30.4,39.5,Clear,
AO14110,Sigma,2024,7,5,5,0,20.0,4.0,8.0,8.0,0.0,29.4,28.0,Clear,
AO14110,Sigma,2024,8,5,5,0,19.04,8.0,0.0,11.04,2.9,30.9,5.7,Clear,
AO14110,Sigma,2024,9,4,4,0,15.24,4.0,3.24,8.0,1.68,13.7,14.6,Clear,
AO14110,Sigma,2024,10,2,2,0,8.0,4.0,4.0,0.0,4.12,13.5,30.1,Clear,
AO14110,Sigma,2024,11,2,2,0,8.0,8.0,0.0,0.0,4.84,13.4,40.8,Clear,
AO14110,Sigma,2024,12,1,1,0,4.0,4.0,0.0,0.0,3.39,4.0,18.5,Rainy,
AO14110,Sigma,2025,1,3,3,0,9.81,0.0,9.81,0.0,3.21,3.1,29.5,Windy,
AO14110,Sigma,2025,2,2,2,0,8.0,0.0,8.0,0.0,2.18,4.7,31.5,Clear,
AO14110,Sigma,2025,3,7,7,0,27.88,16.0,8.0,3.88,3.36,16.4,7.5,Clear,
AO14110,Sigma,2025,4,5,5,0,16.240000000000002,4.24,8.0,4.0,5.28,16.3,20.7,Clear,
AO14110,Sigma,2025,5,3,3,0,10.69,8.0,0.0,2.69,1.89,14.9,25.3,Clear,
AO14110,Sigma,2025,6,7,7,0,26.8,10.95,11.85,4.0,1.63,29.6,18.8,Clear,
AO14110,Sigma,2025,7,5,5,0,20.0,8.0,8.0,4.0,2.03,30.3,8.1,Clear,
AO14110,Sigma,2025,8,10,10,0,39.519999999999996,19.52,16.0,4.0,2.32,29.6,38.3,Clear,
AO14110,Sigma,2025,9,2,2,0,7.12,3.12,4.0,0.0,3.24,14.1,9.9,Cloudy,
AO14110,Sigma,2025,10,2,2,0,8.0,0.0,8.0,0.0,3.61,14.5,27.2,Clear,
AO14110,Sigma,2025,11,4,4,0,10.540000000000001,6.86,0.0,3.68,3.09,13.9,8.8,Clear,
AO14110,Sigma,2026,1,2,2,0,8.0,4.0,0.0,4.0,4.22,3.4,13.0,Cloudy,
AO14110,Sigma,2026,2,5,5,0,19.72,3.72,12.0,4.0,6.19,2.6,38.6,Rainy,
AO14110,Sigma,2026,3,6,6,0,24.0,16.0,4.0,4.0,5.12,15.9,13.9,Clear,
AO14110,Sigma,2026,4,3,3,0,12.0,8.0,4.0,0.0,7.08,14.9,32.9,Clear,
AO14110,Sigma,2026,5,9,9,0,30.83,11.71,19.12,0.0,3.27,16.0,24.3,Clear,
AO14110,Sigma,2026,6,1,1,0,4.0,4.0,0.0,0.0,3.79,29.2,30.3,Clear,
AO14187,Delta,2021,3,3,3,0,24.77,7.38,5.39,12.0,5.27,14.6,13.6,Clear,
AO14187,Delta,2021,4,17,17,0,156.32,84.01,35.29,37.02,5.04,15.4,7.6,Clear,
AO14187,Delta,2021,5,26,26,0,220.8,96.97,73.65,50.18,3.51,16.6,42.8,Clear,
AO14187,Delta,2021,6,23,23,0,166.53,80.15,58.54,27.84,4.92,30.8,19.1,Clear,
AO14187,Delta,2021,7,17,17,0,86.97,46.97,16.0,24.0,2.57,30.2,32.1,Clear,
AO14187,Delta,2021,8,14,14,0,49.14,15.7,21.439999999999998,12.0,1.19,29.5,34.8,Clear,
AO14187,Delta,2021,9,18,18,0,69.31,24.97,29.8,14.54,5.2,13.0,35.2,Clear,
AO14187,Delta,2021,10,11,11,0,55.44,32.25,8.0,15.19,2.78,14.7,41.5,Clear,
AO14187,Delta,2021,11,2,2,0,8.0,0.0,4.0,4.0,1.8,13.5,29.5,Clear,
AO14187,Delta,2021,12,10,10,0,49.51,16.0,12.0,21.509999999999998,2.79,3.2,11.8,Cloudy,
AO14187,Delta,2022,1,6,6,0,34.61,26.61,4.0,4.0,3.28,4.8,23.7,Cloudy,
AO14187,Delta,2022,2,8,8,0,30.45,15.32,15.129999999999999,0.0,5.26,2.1,20.6,Rainy,
AO14187,Delta,2022,3,8,8,0,27.63,14.45,9.18,4.0,2.3,15.2,37.5,Clear,
AO14187,Delta,2022,4,14,14,0,50.73,26.759999999999998,4.0,19.97,5.55,15.8,32.2,Clear,
AO14187,Delta,2022,5,20,20,0,61.13,29.3,18.66,13.17,2.82,16.5,32.0,Clear,
AO14187,Delta,2022,6,21,21,0,76.71,33.1,28.77,14.84,7.7,29.7,7.9,Clear,
AO14187,Delta,2022,7,8,8,0,32.0,8.0,12.0,12.0,7.3,29.6,32.3,Clear,
AO14187,Delta,2022,8,16,16,0,55.26,24.0,12.6,18.66,2.58,30.3,23.4,Clear,
AO14187,Delta,2022,9,9,9,0,35.9,8.0,20.0,7.9,3.38,15.1,5.2,Rainy,
AO14187,Delta,2022,10,5,5,0,19.5,19.5,0.0,0.0,3.4,15.5,19.8,Cloudy,
AO14187,Delta,2022,11,8,8,0,28.91,16.91,12.0,0.0,8.2,13.8,20.6,Clear,
AO14187,Delta,2022,12,5,5,0,20.0,8.0,4.0,8.0,2.49,2.9,8.4,Cloudy,
AO14187,Delta,2023,1,4,4,0,16.0,16.0,0.0,0.0,2.89,1.9,25.1,Rainy,
AO14187,Delta,2023,2,7,7,0,22.02,9.2,4.0,8.82,6.5,4.7,17.0,Cloudy,
AO14187,Delta,2023,3,5,5,0,15.33,7.33,0.0,8.0,2.71,17.2,7.7,Clear,
AO14187,Delta,2023,4,8,8,0,27.81,11.81,8.0,8.0,6.64,14.2,17.2,Clear,
AO14187,Delta,2023,5,14,14,0,47.17,26.87,20.3,0.0,6.05,15.4,14.9,Clear,
AO14187,Delta,2023,6,11,11,0,43.48,23.93,12.0,7.55,3.12,29.3,34.3,Clear,
AO14187,Delta,2023,7,13,13,0,42.76,24.59,9.47,8.7,5.65,28.8,39.0,Clear,
AO14187,Delta,2023,8,9,9,0,36.0,16.0,16.0,4.0,4.26,29.4,35.4,Clear,
AO14187,Delta,2023,9,9,9,0,32.74,12.0,20.0,0.74,3.74,14.3,29.4,Cloudy,
AO14187,Delta,2023,10,11,11,0,43.17,15.77,8.0,19.4,5.29,13.4,31.8,Clear,
AO14187,Delta,2023,11,2,2,0,8.0,8.0,0.0,0.0,4.15,16.2,30.4,Clear,
AO14187,Delta,2023,12,5,5,0,20.0,12.0,0.0,8.0,5.11,3.9,45.0,Clear,
AO14187,Delta,2024,1,3,3,0,7.1000000000000005,7.1000000000000005,0.0,0.0,1.65,4.6,25.7,Windy,
AO14187,Delta,2024,2,5,5,0,13.91,1.69,12.22,0.0,2.67,1.6,29.4,Cloudy,
AO14187,Delta,2024,3,6,6,0,21.42,4.0,12.0,5.42,2.94,14.7,33.7,Clear,
AO14187,Delta,2024,4,8,8,0,31.09,15.09,8.0,8.0,5.37,16.0,10.1,Clear,
AO14187,Delta,2024,5,6,6,0,22.89,16.0,0.0,6.890000000000001,6.24,14.5,12.5,Clear,
AO14187,Delta,2024,6,10,10,0,34.01,13.92,11.73,8.36,5.22,31.1,42.7,Clear,
AO14187,Delta,2024,7,13,13,0,52.0,20.0,24.0,8.0,3.67,30.4,9.1,Clear,
AO14187,Delta,2024,8,3,3,0,12.0,4.0,8.0,0.0,5.86,29.2,34.6,Clear,
AO14187,Delta,2024,9,5,5,0,16.57,1.2,11.370000000000001,4.0,6.1,14.1,10.3,Cloudy,
AO14187,Delta,2024,10,4,4,0,14.01,8.0,0.0,6.01,0.4,13.7,11.6,Cloudy,
AO14187,Delta,2024,11,2,2,0,7.15,0.0,3.15,4.0,4.04,14.5,35.6,Cloudy,
AO14187,Delta,2024,12,2,2,0,8.0,8.0,0.0,0.0,5.6,4.4,15.7,Clear,
AO14187,Delta,2025,1,1,1,0,4.0,0.0,0.0,4.0,6.52,2.8,10.8,Windy,
AO14187,Delta,2025,2,1,1,0,4.0,0.0,4.0,0.0,4.25,2.2,41.1,Rainy,
AO14187,Delta,2025,3,4,4,0,15.35,11.35,0.0,4.0,2.79,14.4,10.6,Clear,
AO14187,Delta,2025,4,5,5,0,17.3,8.0,5.3,4.0,4.11,16.7,44.8,Clear,
AO14187,Delta,2025,5,7,7,0,28.0,4.0,16.0,8.0,3.8,15.5,35.3,Clear,
AO14187,Delta,2025,6,5,5,0,17.67,11.85,5.82,0.0,3.56,30.8,36.4,Clear,
AO14187,Delta,2025,7,4,4,0,13.3,8.0,0.0,5.3,2.11,30.1,14.0,Clear,
AO14187,Delta,2025,8,7,7,0,26.59,14.85,7.74,4.0,7.59,30.5,25.3,Clear,
AO14187,Delta,2025,9,3,3,0,10.78,0.0,10.78,0.0,5.55,14.0,23.8,Cloudy,
AO14187,Delta,2025,10,1,1,0,4.0,4.0,0.0,0.0,2.38,15.0,38.5,Windy,
AO14187,Delta,2025,11,2,2,0,8.0,4.0,4.0,0.0,7.91,12.1,14.0,Clear,
AO14187,Delta,2025,12,2,2,0,7.48,3.48,4.0,0.0,5.97,2.5,38.4,Windy,
AO14187,Delta,2026,1,2,2,0,8.0,8.0,0.0,0.0,6.12,2.4,24.9,Cloudy,
AO14187,Delta,2026,2,2,2,0,8.0,4.0,4.0,0.0,4.38,4.3,40.9,Windy,
AO14187,Delta,2026,3,4,4,0,13.95,5.95,8.0,0.0,3.82,15.9,6.1,Clear,
AO14187,Delta,2026,4,4,4,0,14.77,10.77,4.0,0.0,7.54,16.2,13.6,Cloudy,
AO14187,Delta,2026,5,9,9,0,26.91,1.68,16.18,9.05,1.91,16.5,24.7,Clear,
AO14187,Delta,2026,6,5,5,0,14.67,4.0,8.45,2.22,6.65,30.9,21.8,Clear,
AO14212,Gamma,2025,4,2,2,0,32.83,0.0,32.83,0.0,0.61,15.2,26.7,Clear,
AO14212,Gamma,2025,6,1,1,0,18.85,0.0,0.0,18.85,2.78,31.1,16.9,Clear,
AO14212,Gamma,2025,7,1,1,0,13.21,0.0,13.21,0.0,6.6,29.2,30.3,Clear,
AO14212,Gamma,2025,8,1,1,0,18.16,18.16,0.0,0.0,3.66,29.8,24.9,Clear,
AO14212,Gamma,2025,10,1,1,0,15.34,15.34,0.0,0.0,3.92,15.7,11.4,Cloudy,
AO14212,Gamma,2026,2,1,1,0,16.31,16.31,0.0,0.0,4.84,3.5,28.0,Windy,
AO14212,Gamma,2026,6,1,1,0,19.39,0.0,0.0,19.39,0.56,29.9,43.4,Clear,
AO14271,Delta,2022,6,8,8,0,137.75,54.38,29.54,53.83,4.29,29.7,28.5,Clear,
AO14271,Delta,2022,7,3,3,0,52.44,0.0,36.08,16.36,7.55,29.6,43.2,Clear,
AO14271,Delta,2022,8,4,4,0,69.05,17.81,16.6,34.64,0.83,30.3,15.3,Clear,
AO14271,Delta,2022,9,1,1,0,15.66,0.0,15.66,0.0,3.28,15.1,13.9,Rainy,
AO14271,Delta,2022,10,2,2,0,32.06,18.22,0.0,13.84,2.83,15.5,8.5,Cloudy,
AO14271,Delta,2022,11,1,1,0,17.46,0.0,17.46,0.0,4.45,13.8,42.7,Clear,
AO14271,Delta,2022,12,2,2,0,33.32,16.67,0.0,16.65,3.22,2.9,32.3,Cloudy,
AO14271,Delta,2023,1,1,1,0,20.0,20.0,0.0,0.0,3.75,1.9,38.3,Rainy,
AO14271,Delta,2023,2,3,3,0,46.41,13.2,15.61,17.6,1.92,4.7,39.1,Cloudy,
AO14271,Delta,2023,4,1,1,0,17.88,17.88,0.0,0.0,4.38,14.2,34.8,Clear,
AO14271,Delta,2023,5,2,2,0,34.94,17.28,0.0,17.66,2.58,15.4,36.4,Clear,
AO14271,Delta,2023,6,1,1,0,14.89,14.89,0.0,0.0,4.96,29.3,38.4,Clear,
AO14271,Delta,2023,7,5,5,0,88.4,36.96,34.980000000000004,16.46,6.63,28.8,19.6,Clear,
AO14271,Delta,2023,8,2,2,0,35.16,35.16,0.0,0.0,5.84,29.4,37.7,Clear,
AO14271,Delta,2023,9,1,1,0,18.24,0.0,18.24,0.0,2.55,14.3,17.1,Cloudy,
AO14271,Delta,2023,10,2,2,0,32.74,12.74,20.0,0.0,2.61,13.4,20.6,Clear,
AO14271,Delta,2024,4,1,1,0,16.24,0.0,0.0,16.24,5.71,16.0,10.6,Clear,
AO14271,Delta,2024,5,1,1,0,16.14,0.0,16.14,0.0,8.41,14.5,27.8,Clear,
AO14271,Delta,2024,6,1,1,0,18.46,0.0,18.46,0.0,4.3,31.1,29.8,Clear,
AO14271,Delta,2024,7,5,5,0,79.57,32.94,33.52,13.11,4.24,30.4,18.3,Clear,
AO14271,Delta,2024,8,2,2,0,31.36,31.36,0.0,0.0,5.26,29.2,38.3,Clear,
AO14271,Delta,2024,9,2,2,0,31.479999999999997,0.0,0.0,31.479999999999997,0.0,14.1,32.2,Cloudy,
AO14271,Delta,2025,2,1,1,0,17.03,0.0,17.03,0.0,5.43,2.2,6.4,Rainy,
AO14271,Delta,2025,4,2,2,0,30.980000000000004,19.26,0.0,11.72,6.38,16.7,20.6,Clear,
AO14271,Delta,2025,5,2,2,0,36.81,36.81,0.0,0.0,1.12,15.5,17.4,Clear,
AO14271,Delta,2025,6,3,3,0,54.62,35.54,0.0,19.08,0.0,30.8,35.6,Clear,
AO14271,Delta,2025,7,1,1,0,16.25,16.25,0.0,0.0,4.69,30.1,6.4,Clear,
AO14271,Delta,2025,8,1,1,0,16.16,16.16,0.0,0.0,5.51,30.5,30.2,Clear,
AO14271,Delta,2026,2,2,2,0,32.34,0.0,0.0,32.34,3.02,4.3,24.0,Windy,
AO14271,Delta,2026,4,1,1,0,17.85,17.85,0.0,0.0,0.58,16.2,18.4,Cloudy,
AO14271,Delta,2026,5,2,2,0,35.08,0.0,15.08,20.0,5.13,16.5,17.6,Clear,
AO14271,Delta,2026,6,2,2,0,28.919999999999998,16.47,12.45,0.0,6.01,30.9,8.2,Clear,
AO14299,Beta,2021,1,8,8,0,136.18,55.17,34.04,46.97,5.38,5.2,32.2,Clear,
AO14299,Beta,2021,2,4,4,0,60.269999999999996,30.01,30.259999999999998,0.0,5.84,4.0,5.6,Cloudy,
AO14299,Beta,2021,3,8,8,0,138.2,33.18,16.63,88.39,1.7,15.5,28.7,Clear,
AO14299,Beta,2021,4,8,8,0,128.99,64.88,30.85,33.260000000000005,6.97,15.4,21.7,Clear,
AO14299,Beta,2021,5,19,19,0,321.76,152.01,120.4,49.35,3.3,16.8,43.9,Clear,
AO14299,Beta,2021,6,5,5,0,76.34,26.409999999999997,15.21,34.72,4.63,29.8,9.7,Clear,
AO14299,Beta,2021,7,6,6,0,103.16,17.81,52.980000000000004,32.37,4.86,30.1,19.8,Clear,
AO14299,Beta,2021,8,6,6,0,97.86,35.15,34.69,28.020000000000003,5.05,29.8,33.0,Clear,
AO14299,Beta,2021,9,2,2,0,34.45,15.51,18.94,0.0,3.31,15.0,32.0,Clear,
AO14299,Beta,2021,10,2,2,0,35.25,35.25,0.0,0.0,5.22,13.8,5.7,Cloudy,
AO14299,Beta,2021,11,1,1,0,17.17,0.0,17.17,0.0,4.36,13.3,42.5,Clear,
AO14299,Beta,2021,12,1,1,0,17.74,17.74,0.0,0.0,1.1,3.0,36.2,Clear,
AO14299,Beta,2022,1,1,1,0,16.63,16.63,0.0,0.0,3.61,2.7,42.5,Clear,
AO14299,Beta,2022,2,2,2,0,30.47,0.0,30.47,0.0,5.3,3.5,38.7,Rainy,
AO14299,Beta,2022,3,4,4,0,69.54,0.0,50.28,19.26,4.92,17.3,10.8,Clear,
AO14299,Beta,2022,4,2,2,0,35.16,16.53,18.63,0.0,5.72,14.5,9.0,Clear,
AO14299,Beta,2022,5,3,3,0,52.47,18.29,15.8,18.38,3.73,16.3,17.0,Cloudy,
AO14299,Beta,2022,6,2,2,0,35.25,20.0,15.25,0.0,2.11,28.5,22.3,Clear,
AO14299,Beta,2022,7,10,10,0,155.98,93.12,32.19,30.67,3.26,29.6,12.2,Clear,
AO14299,Beta,2022,8,5,5,0,80.82,14.27,66.55,0.0,1.72,29.6,9.6,Clear,
AO14299,Beta,2022,9,5,5,0,78.81,31.28,0.0,47.53,1.15,14.8,32.4,Clear,
AO14299,Beta,2022,10,2,2,0,35.17,0.0,19.45,15.72,6.82,14.9,8.6,Clear,
AO14299,Beta,2022,12,2,2,0,39.46,20.0,19.46,0.0,5.88,3.1,41.6,Cloudy,
AO14299,Beta,2023,1,2,2,0,31.66,16.0,15.66,0.0,2.99,3.7,12.7,Cloudy,
AO14299,Beta,2023,2,3,3,0,51.92,0.0,36.980000000000004,14.94,3.8,2.5,33.7,Rainy,
AO14299,Beta,2023,3,3,3,0,47.05,0.0,47.05,0.0,5.99,15.6,21.1,Cloudy,
AO14299,Beta,2023,4,2,2,0,37.41,17.41,0.0,20.0,2.75,17.0,21.0,Clear,
AO14299,Beta,2023,5,2,2,0,35.269999999999996,18.27,17.0,0.0,3.21,16.9,23.5,Clear,
AO14299,Beta,2023,7,4,4,0,67.7,35.980000000000004,13.68,18.04,5.41,30.2,40.0,Clear,
AO14299,Beta,2023,10,1,1,0,13.87,13.87,0.0,0.0,5.85,12.7,32.8,Clear,
AO14299,Beta,2023,12,2,2,0,37.230000000000004,0.0,20.0,17.23,6.06,1.6,35.3,Clear,
AO14299,Beta,2024,3,1,1,0,18.73,0.0,0.0,18.73,5.9,16.7,23.9,Clear,
AO14299,Beta,2024,4,2,2,0,32.38,0.0,16.98,15.4,2.48,17.3,24.6,Clear,
AO14299,Beta,2024,5,2,2,0,38.56,19.54,19.02,0.0,3.6,15.8,18.4,Clear,
AO14299,Beta,2024,8,1,1,0,20.0,20.0,0.0,0.0,2.07,30.1,22.3,Clear,
AO14299,Beta,2025,1,1,1,0,16.56,0.0,0.0,16.56,5.93,3.7,14.2,Cloudy,
AO14299,Beta,2025,5,2,2,0,37.18,37.18,0.0,0.0,0.49,16.6,22.0,Clear,
AO14299,Beta,2025,9,1,1,0,17.46,17.46,0.0,0.0,7.2,15.1,23.5,Clear,
AO14299,Beta,2026,2,1,1,0,16.44,0.0,0.0,16.44,3.79,2.4,12.1,Rainy,
AO14299,Beta,2026,5,1,1,0,17.07,17.07,0.0,0.0,8.47,16.0,31.9,Clear,
AO14416,Gamma,2023,9,7,7,0,27.21,23.21,4.0,0.0,4.9,14.3,29.1,Cloudy,
AO14416,Gamma,2023,10,11,11,0,39.62,16.95,18.67,4.0,6.95,15.1,14.1,Clear,
AO14416,Gamma,2023,11,5,5,0,16.06,4.0,12.0,0.06,0.55,15.7,21.6,Clear,
AO14416,Gamma,2023,12,4,4,0,16.0,4.0,8.0,4.0,0.81,3.1,30.9,Windy,
AO14416,Gamma,2024,1,4,4,0,12.75,10.86,1.89,0.0,6.03,1.5,26.5,Cloudy,
AO14416,Gamma,2024,2,4,4,0,12.1,0.0,8.1,4.0,5.21,1.9,30.7,Clear,
AO14416,Gamma,2024,3,2,2,0,8.0,8.0,0.0,0.0,3.62,13.7,16.0,Cloudy,
AO14416,Gamma,2024,4,7,7,0,26.28,10.28,12.0,4.0,6.36,14.4,40.2,Clear,
AO14416,Gamma,2024,5,9,9,0,31.63,14.95,8.0,8.68,5.9,17.0,41.3,Clear,
AO14416,Gamma,2024,6,5,5,0,16.31,12.309999999999999,0.0,4.0,3.34,31.2,21.7,Clear,
AO14416,Gamma,2024,7,5,5,0,19.48,7.48,8.0,4.0,3.63,29.5,20.9,Clear,
AO14416,Gamma,2024,8,3,3,0,12.0,4.0,8.0,0.0,4.11,30.1,18.0,Clear,
AO14416,Gamma,2024,9,4,4,0,14.0,4.0,6.0,4.0,4.09,14.5,33.7,Cloudy,
AO14416,Gamma,2024,10,3,3,0,12.0,4.0,8.0,0.0,3.65,13.6,40.9,Rainy,
AO14416,Gamma,2024,11,1,1,0,4.0,4.0,0.0,0.0,2.58,14.5,40.9,Cloudy,
AO14416,Gamma,2024,12,2,2,0,8.0,4.0,4.0,0.0,2.53,3.2,41.7,Cloudy,
AO14416,Gamma,2025,1,8,8,0,30.97,16.0,6.970000000000001,8.0,3.98,3.0,33.2,Rainy,
AO14416,Gamma,2025,2,1,1,0,4.0,4.0,0.0,0.0,6.32,2.3,17.5,Clear,
AO14416,Gamma,2025,3,3,3,0,12.0,0.0,4.0,8.0,4.12,17.2,37.9,Rainy,
AO14416,Gamma,2025,4,2,2,0,7.79,3.79,4.0,0.0,5.42,15.2,38.4,Clear,
AO14416,Gamma,2025,5,9,9,0,28.5,24.5,4.0,0.0,2.58,16.4,33.7,Clear,
AO14416,Gamma,2025,6,5,5,0,17.71,8.0,0.0,9.71,3.18,31.1,15.8,Clear,
AO14416,Gamma,2025,7,4,4,0,13.71,4.0,4.0,5.71,2.44,29.2,7.0,Clear,
AO14416,Gamma,2025,8,5,5,0,20.0,8.0,8.0,4.0,0.0,29.8,31.1,Clear,
AO14416,Gamma,2025,9,6,6,0,21.75,5.75,8.0,8.0,6.05,13.7,44.8,Rainy,
AO14416,Gamma,2025,10,7,7,0,28.0,16.0,4.0,8.0,4.32,15.7,28.7,Cloudy,
AO14416,Gamma,2025,11,2,2,0,5.9,4.0,1.9,0.0,0.14,14.3,23.1,Clear,
AO14416,Gamma,2025,12,2,2,0,8.0,4.0,0.0,4.0,6.63,2.7,32.7,Cloudy,
AO14416,Gamma,2026,2,1,1,0,4.0,0.0,4.0,0.0,7.24,3.5,42.0,Windy,
AO14416,Gamma,2026,3,2,2,0,8.0,4.0,4.0,0.0,2.44,15.4,33.7,Cloudy,
AO14416,Gamma,2026,4,5,5,0,16.63,4.63,0.0,12.0,4.59,15.5,25.1,Clear,
AO14416,Gamma,2026,5,4,4,0,15.19,7.1899999999999995,8.0,0.0,5.26,14.6,38.2,Clear,
AO14416,Gamma,2026,6,6,6,0,24.0,12.0,12.0,0.0,5.88,29.9,39.6,Clear,
AO14671,Sigma,2022,6,9,9,0,31.62,16.95,8.0,6.67,6.72,29.2,22.7,Clear,
AO14671,Sigma,2022,7,10,10,0,39.36,20.0,15.36,4.0,2.08,30.6,20.8,Clear,
AO14671,Sigma,2022,8,9,9,0,35.44,16.0,7.4399999999999995,12.0,3.33,31.1,37.5,Clear,
AO14671,Sigma,2022,9,5,5,0,16.84,8.84,4.0,4.0,4.24,13.0,14.4,Rainy,
AO14671,Sigma,2022,10,6,6,0,24.0,8.0,8.0,8.0,3.21,15.3,36.9,Cloudy,
AO14671,Sigma,2022,11,2,2,0,8.0,0.0,0.0,8.0,5.46,14.0,21.2,Cloudy,
AO14671,Sigma,2022,12,7,7,0,28.0,16.0,0.0,12.0,5.94,3.9,24.1,Cloudy,
AO14671,Sigma,2023,1,6,6,0,17.48,5.48,12.0,0.0,4.08,4.7,34.4,Cloudy,
AO14671,Sigma,2023,2,7,7,0,26.68,18.68,8.0,0.0,8.51,2.6,33.9,Clear,
AO14671,Sigma,2023,3,4,4,0,16.0,16.0,0.0,0.0,4.42,16.6,17.7,Cloudy,
AO14671,Sigma,2023,4,3,3,0,12.0,8.0,4.0,0.0,3.98,14.6,14.4,Clear,
AO14671,Sigma,2023,5,7,7,0,24.37,20.37,4.0,0.0,3.77,15.4,6.1,Clear,
AO14671,Sigma,2023,6,11,11,0,44.0,4.0,28.0,12.0,4.96,29.5,28.8,Clear,
AO14671,Sigma,2023,7,13,13,0,50.86,12.0,22.86,16.0,2.21,29.9,16.2,Clear,
AO14671,Sigma,2023,8,11,11,0,42.269999999999996,16.0,4.0,22.27,3.73,30.6,21.2,Clear,
AO14671,Sigma,2023,9,9,9,0,33.93,12.0,13.93,8.0,3.72,14.1,31.7,Cloudy,
AO14671,Sigma,2023,10,7,7,0,27.17,19.17,8.0,0.0,2.17,14.3,26.5,Cloudy,
AO14671,Sigma,2023,11,7,7,0,24.990000000000002,16.0,8.99,0.0,2.79,12.8,5.1,Clear,
AO14671,Sigma,2023,12,3,3,0,12.0,8.0,0.0,4.0,2.15,4.0,6.2,Clear,
AO14671,Sigma,2024,1,5,5,0,20.0,12.0,8.0,0.0,4.66,3.6,34.8,Cloudy,
AO14671,Sigma,2024,2,3,3,0,6.54,2.54,4.0,0.0,5.28,3.5,21.1,Cloudy,
AO14671,Sigma,2024,3,2,2,0,8.0,0.0,4.0,4.0,3.51,16.3,18.8,Clear,
AO14671,Sigma,2024,4,9,9,0,34.88,8.0,16.0,10.879999999999999,0.0,16.0,33.8,Clear,
AO14671,Sigma,2024,5,7,7,0,17.82,9.59,0.23,8.0,1.19,16.0,41.5,Clear,
AO14671,Sigma,2024,6,7,7,0,24.43,18.65,0.0,5.78,1.92,30.4,8.0,Clear,
AO14671,Sigma,2024,7,12,12,0,43.32,12.0,12.76,18.56,3.32,29.4,27.3,Clear,
AO14671,Sigma,2024,8,5,5,0,16.1,8.0,4.1,4.0,1.6,30.9,28.8,Clear,
AO14671,Sigma,2024,9,4,4,0,16.0,0.0,12.0,4.0,0.77,13.7,6.1,Clear,
AO14671,Sigma,2024,10,4,4,0,11.48,9.33,0.0,2.15,4.03,13.5,16.7,Clear,
AO14671,Sigma,2024,11,7,7,0,28.0,8.0,12.0,8.0,5.57,13.4,6.9,Clear,
AO14671,Sigma,2024,12,4,4,0,16.0,8.0,4.0,4.0,5.44,4.0,19.2,Rainy,
AO14671,Sigma,2025,1,5,5,0,20.0,0.0,16.0,4.0,5.22,3.1,7.0,Windy,
AO14671,Sigma,2025,2,4,4,0,12.36,4.0,8.36,0.0,4.68,4.7,39.1,Clear,
AO14671,Sigma,2025,3,4,4,0,16.0,8.0,4.0,4.0,6.95,16.4,44.1,Clear,
AO14671,Sigma,2025,4,7,7,0,26.85,12.0,14.85,0.0,3.07,16.3,30.3,Clear,
AO14671,Sigma,2025,5,12,12,0,44.29,18.89,13.4,12.0,0.14,14.9,7.0,Clear,
AO14671,Sigma,2025,6,11,11,0,42.980000000000004,12.0,19.9,11.08,4.14,29.6,32.7,Clear,
AO14671,Sigma,2025,7,6,6,0,24.0,12.0,8.0,4.0,5.39,30.3,34.3,Clear,
AO14671,Sigma,2025,8,7,7,0,22.73,10.73,8.0,4.0,5.38,29.6,34.5,Clear,
AO14671,Sigma,2025,9,4,4,0,11.24,4.2,4.0,3.04,3.08,14.1,31.4,Cloudy,
AO14671,Sigma,2025,10,6,6,0,22.009999999999998,4.0,12.0,6.01,4.58,14.5,7.2,Clear,
AO14671,Sigma,2025,11,7,7,0,19.98,19.98,0.0,0.0,0.24,13.9,17.5,Clear,
AO14671,Sigma,2025,12,4,4,0,13.24,9.24,0.0,4.0,5.82,2.4,37.2,Cloudy,
AO14671,Sigma,2026,1,2,2,0,8.0,8.0,0.0,0.0,2.73,3.4,13.8,Cloudy,
AO14671,Sigma,2026,2,3,3,0,12.0,4.0,4.0,4.0,4.96,2.6,9.5,Rainy,
AO14671,Sigma,2026,3,7,7,0,23.990000000000002,11.99,8.0,4.0,6.41,15.9,26.8,Clear,
AO14671,Sigma,2026,4,5,5,0,19.5,12.0,7.5,0.0,7.85,14.9,9.3,Clear,
AO14671,Sigma,2026,5,3,3,0,6.91,2.91,0.0,4.0,3.7,16.0,39.9,Clear,
AO14671,Sigma,2026,6,2,2,0,5.98,1.98,4.0,0.0,5.38,29.2,30.1,Clear,
AO15343,Gamma,2021,6,23,23,0,180.03,72.05,58.26,49.72,3.39,29.1,13.5,Clear,
AO15343,Gamma,2021,7,19,19,0,134.71,57.71,43.39,33.61,7.08,30.2,9.5,Clear,
AO15343,Gamma,2021,8,16,16,0,110.26,38.54,49.32,22.4,4.49,29.7,23.2,Clear,
AO15343,Gamma,2021,9,20,20,0,151.02,84.46,34.42,32.14,1.66,15.2,6.0,Cloudy,
AO15343,Gamma,2021,10,8,8,0,50.62,16.93,0.0,33.69,0.86,16.4,17.8,Cloudy,
AO15343,Gamma,2021,11,9,9,0,60.0,8.0,20.0,32.0,1.86,13.9,34.0,Clear,
AO15343,Gamma,2021,12,4,4,0,13.64,9.64,0.0,4.0,7.23,2.5,12.1,Clear,
AO15343,Gamma,2022,1,10,10,0,61.53,17.53,20.0,24.0,3.36,3.4,45.0,Cloudy,
AO15343,Gamma,2022,2,10,10,0,67.16,33.78,18.59,14.79,3.86,2.8,35.4,Cloudy,
AO15343,Gamma,2022,3,5,5,0,15.530000000000001,4.0,4.0,7.53,4.72,17.1,6.3,Clear,
AO15343,Gamma,2022,4,12,12,0,58.6,23.29,31.31,4.0,3.25,16.4,24.3,Cloudy,
AO15343,Gamma,2022,5,16,16,0,59.0,21.66,15.75,21.59,6.51,15.9,17.6,Clear,
AO15343,Gamma,2022,6,15,15,0,52.6,30.4,18.64,3.56,8.95,30.8,9.4,Clear,
AO15343,Gamma,2022,7,22,22,0,77.02,45.86,12.7,18.46,6.53,29.9,16.2,Clear,
AO15343,Gamma,2022,8,22,22,0,72.87,22.12,29.12,21.63,6.31,29.7,19.8,Clear,
AO15343,Gamma,2022,9,12,12,0,39.4,12.0,9.99,17.41,4.95,13.5,36.6,Cloudy,
AO15343,Gamma,2022,10,10,10,0,30.78,13.02,6.21,11.55,4.45,15.1,40.8,Clear,
AO15343,Gamma,2022,11,7,7,0,28.0,20.0,0.0,8.0,3.53,14.1,24.6,Rainy,
AO15343,Gamma,2022,12,6,6,0,23.740000000000002,4.0,12.0,7.74,5.27,2.8,12.9,Windy,
AO15343,Gamma,2023,1,4,4,0,12.12,4.0,8.12,0.0,6.7,3.7,7.4,Clear,
AO15343,Gamma,2023,2,7,7,0,24.4,12.399999999999999,12.0,0.0,5.67,1.2,17.1,Clear,
AO15343,Gamma,2023,3,9,9,0,31.39,12.0,10.36,9.030000000000001,4.09,16.8,9.2,Clear,
AO15343,Gamma,2023,4,13,13,0,42.84,18.15,12.0,12.69,6.46,16.0,12.8,Clear,
AO15343,Gamma,2023,5,17,17,0,60.86,23.66,2.27,34.93,2.28,14.7,9.8,Clear,
AO15343,Gamma,2023,6,13,13,0,44.32,27.759999999999998,5.4399999999999995,11.120000000000001,3.11,30.7,26.2,Clear,
AO15343,Gamma,2023,7,20,20,0,74.18,24.0,29.82,20.36,1.62,29.6,12.3,Clear,
AO15343,Gamma,2023,8,12,12,0,45.53,9.530000000000001,20.0,16.0,7.01,29.7,11.5,Clear,
AO15343,Gamma,2023,9,7,7,0,26.66,12.0,10.66,4.0,3.86,14.3,29.3,Cloudy,
AO15343,Gamma,2023,10,6,6,0,20.91,8.0,12.91,0.0,4.54,15.1,13.1,Clear,
AO15343,Gamma,2023,11,7,7,0,24.45,12.0,0.45,12.0,5.91,15.7,7.5,Clear,
AO15343,Gamma,2023,12,5,5,0,15.129999999999999,9.94,1.19,4.0,4.44,3.1,39.9,Windy,
AO15343,Gamma,2024,1,4,4,0,16.0,8.0,4.0,4.0,3.68,1.5,5.7,Cloudy,
AO15343,Gamma,2024,2,2,2,0,4.1,0.0,0.39,3.71,4.75,1.9,42.9,Clear,
AO15343,Gamma,2024,3,4,4,0,16.0,8.0,8.0,0.0,4.11,13.7,40.1,Cloudy,
AO15343,Gamma,2024,4,6,6,0,22.6,12.0,4.0,6.6,4.3,14.4,25.0,Clear,
AO15343,Gamma,2024,5,3,3,0,8.01,4.0,4.0,0.01,3.65,17.0,37.5,Clear,
AO15343,Gamma,2024,6,4,4,0,10.48,4.59,3.65,2.24,4.71,31.2,29.2,Clear,
AO15343,Gamma,2024,7,2,2,0,6.23,4.0,2.23,0.0,5.49,29.5,11.7,Clear,
AO15343,Gamma,2024,8,4,4,0,13.68,0.0,8.0,5.68,1.79,30.1,27.9,Clear,
AO15343,Gamma,2024,9,3,3,0,10.7,8.0,2.7,0.0,1.08,14.5,29.3,Cloudy,
AO15343,Gamma,2024,10,2,2,0,8.0,4.0,4.0,0.0,7.31,13.6,43.4,Rainy,
AO15343,Gamma,2024,12,1,1,0,4.0,0.0,0.0,4.0,2.93,3.2,11.5,Cloudy,
AO15343,Gamma,2025,1,2,2,0,4.97,2.34,0.0,2.63,0.26,3.0,12.3,Rainy,
AO15343,Gamma,2025,2,4,4,0,16.0,8.0,4.0,4.0,6.54,2.3,15.1,Clear,
AO15343,Gamma,2025,3,5,5,0,13.98,4.0,9.98,0.0,3.49,17.2,43.1,Rainy,
AO15343,Gamma,2025,4,4,4,0,11.8,7.73,0.07,4.0,0.0,15.2,28.0,Clear,
AO15343,Gamma,2025,5,5,5,0,13.01,8.7,4.0,0.31,3.02,16.4,28.1,Clear,
AO15343,Gamma,2025,6,2,2,0,8.0,0.0,8.0,0.0,4.12,31.1,14.5,Clear,
AO15343,Gamma,2025,7,4,4,0,13.41,0.0,9.41,4.0,2.04,29.2,17.4,Clear,
AO15343,Gamma,2025,8,3,3,0,12.0,0.0,12.0,0.0,8.51,29.8,31.8,Clear,
AO15343,Gamma,2025,9,4,4,0,13.21,8.0,5.21,0.0,3.17,13.7,40.7,Rainy,
AO15343,Gamma,2025,10,2,2,0,7.3,7.3,0.0,0.0,2.84,15.7,11.9,Cloudy,
AO15343,Gamma,2025,11,4,4,0,16.0,4.0,4.0,8.0,2.36,14.3,44.7,Clear,
AO15343,Gamma,2025,12,1,1,0,4.0,0.0,0.0,4.0,4.95,2.7,34.5,Cloudy,
AO15343,Gamma,2026,1,1,1,0,4.0,0.0,4.0,0.0,8.57,3.3,26.5,Cloudy,
AO15343,Gamma,2026,3,3,3,0,11.16,4.0,7.16,0.0,0.0,15.4,10.4,Cloudy,
AO15343,Gamma,2026,4,3,3,0,12.0,4.0,4.0,4.0,1.99,15.5,29.6,Clear,
AO15343,Gamma,2026,5,2,2,0,8.0,8.0,0.0,0.0,6.47,14.6,39.6,Clear,
AO15343,Gamma,2026,6,4,4,0,13.46,7.68,4.0,1.78,4.5,29.9,34.9,Clear,
AO15583,Delta,2024,8,1,1,0,17.56,17.56,0.0,0.0,7.24,29.2,8.7,Clear,
AO15583,Delta,2024,11,3,3,0,50.06,17.63,0.0,32.43,3.13,14.5,38.4,Cloudy,
AO15583,Delta,2025,3,2,2,0,36.21,19.87,0.0,16.34,7.09,14.4,23.8,Clear,
AO15583,Delta,2025,6,2,2,0,33.03,0.0,0.0,33.03,2.76,30.8,19.2,Clear,
AO15583,Delta,2025,9,1,1,0,15.51,0.0,15.51,0.0,4.84,14.0,9.8,Cloudy,
AO15583,Delta,2025,10,1,1,0,18.54,0.0,18.54,0.0,3.14,15.0,13.3,Windy,
AO15583,Delta,2026,1,2,2,0,39.21,0.0,20.0,19.21,4.7,2.4,10.9,Cloudy,
AO15583,Delta,2026,3,2,2,0,33.79,17.97,15.82,0.0,2.99,15.9,24.8,Clear,
AO15583,Delta,2026,5,1,1,0,17.68,0.0,0.0,17.68,2.01,16.5,35.7,Clear,
AO15583,Delta,2026,6,3,3,0,45.57,31.599999999999998,13.97,0.0,7.58,30.9,31.7,Clear,
AO15626,Gamma,2022,11,1,1,0,17.42,0.0,0.0,17.42,5.25,14.1,5.6,Rainy,
AO15626,Gamma,2023,1,1,1,0,16.33,0.0,16.33,0.0,3.92,3.7,27.3,Clear,
AO15626,Gamma,2023,3,1,1,0,16.66,16.66,0.0,0.0,0.84,16.8,13.6,Clear,
AO15626,Gamma,2023,4,2,2,0,33.67,15.42,0.0,18.25,4.85,16.0,25.6,Clear,
AO15626,Gamma,2023,5,4,4,0,64.0,34.62,14.27,15.11,2.86,14.7,22.8,Clear,
AO15626,Gamma,2023,6,3,3,0,50.75,15.71,19.81,15.23,2.47,30.7,41.1,Clear,
AO15626,Gamma,2023,7,3,3,0,54.79,37.739999999999995,17.05,0.0,2.28,29.6,22.9,Clear,
AO15626,Gamma,2023,8,2,2,0,38.43,18.43,20.0,0.0,2.44,29.7,40.3,Clear,
AO15626,Gamma,2023,12,1,1,0,18.76,0.0,18.76,0.0,4.28,3.1,30.1,Windy,
AO15626,Gamma,2024,1,1,1,0,17.89,0.0,17.89,0.0,3.92,1.5,7.9,Cloudy,
AO15626,Gamma,2024,3,2,2,0,36.46,36.46,0.0,0.0,6.38,13.7,20.1,Cloudy,
AO15626,Gamma,2024,4,1,1,0,17.17,0.0,17.17,0.0,7.4,14.4,23.6,Clear,
AO15626,Gamma,2024,5,1,1,0,17.48,0.0,17.48,0.0,3.53,17.0,19.1,Clear,
AO15626,Gamma,2024,9,2,2,0,38.510000000000005,0.0,19.35,19.16,3.61,14.5,8.1,Cloudy,
AO15626,Gamma,2025,2,1,1,0,15.49,0.0,0.0,15.49,4.51,2.3,27.8,Clear,
AO15626,Gamma,2025,5,2,2,0,37.57,0.0,18.64,18.93,6.26,16.4,27.0,Clear,
AO15626,Gamma,2025,6,3,3,0,54.06,0.0,17.27,36.790000000000006,4.87,31.1,27.5,Clear,
AO15626,Gamma,2025,7,4,4,0,64.68,31.75,0.0,32.93000000000001,4.89,29.2,39.7,Clear,
AO15626,Gamma,2025,8,1,1,0,12.44,0.0,12.44,0.0,3.37,29.8,24.9,Clear,
AO15626,Gamma,2025,9,3,3,0,55.480000000000004,35.99,19.49,0.0,3.99,13.7,39.7,Rainy,
AO15626,Gamma,2025,10,1,1,0,14.83,0.0,14.83,0.0,5.5,15.7,22.5,Cloudy,
AO15626,Gamma,2025,12,1,1,0,17.56,0.0,0.0,17.56,2.54,2.7,35.8,Cloudy,
AO15626,Gamma,2026,1,1,1,0,17.78,0.0,0.0,17.78,5.21,3.3,13.5,Cloudy,
AO15626,Gamma,2026,3,1,1,0,19.38,0.0,19.38,0.0,2.93,15.4,30.3,Cloudy,
AO15635,Alpha,2021,4,4,4,0,68.93,36.35,0.0,32.58,2.24,16.4,41.3,Clear,
AO15635,Alpha,2021,5,3,3,0,46.66,15.2,16.07,15.39,3.62,16.9,14.5,Clear,
AO15635,Alpha,2021,6,5,5,0,93.41,53.42,19.99,20.0,4.25,30.4,41.2,Clear,
AO15635,Alpha,2021,7,2,2,0,29.310000000000002,15.73,13.58,0.0,1.67,28.0,40.2,Clear,
AO15635,Alpha,2021,8,5,5,0,88.49000000000001,51.72,36.769999999999996,0.0,1.4,29.2,7.4,Clear,
AO15635,Alpha,2021,9,2,2,0,36.07,17.18,18.89,0.0,7.02,14.0,27.6,Cloudy,
AO15635,Alpha,2021,10,2,2,0,31.479999999999997,16.33,0.0,15.15,6.94,12.5,11.6,Rainy,
AO15635,Alpha,2021,11,1,1,0,15.91,0.0,15.91,0.0,5.2,14.3,44.3,Clear,
AO15635,Alpha,2021,12,4,4,0,65.86,17.96,47.9,0.0,6.84,3.6,28.4,Clear,
AO15635,Alpha,2022,1,5,5,0,84.04,33.800000000000004,16.58,33.66,1.49,2.2,21.9,Clear,
AO15635,Alpha,2022,3,2,2,0,32.02,0.0,32.02,0.0,4.88,17.6,29.6,Cloudy,
AO15635,Alpha,2022,4,2,2,0,32.760000000000005,0.0,32.760000000000005,0.0,5.57,15.4,13.2,Clear,
AO15635,Alpha,2022,5,1,1,0,16.77,0.0,0.0,16.77,5.53,16.4,16.5,Clear,
AO15635,Alpha,2022,6,1,1,0,16.74,0.0,16.74,0.0,7.07,28.9,5.2,Clear,
AO15635,Alpha,2022,7,1,1,0,18.22,0.0,0.0,18.22,8.04,30.7,22.8,Clear,
AO15635,Alpha,2022,9,1,1,0,18.47,0.0,18.47,0.0,3.47,13.0,9.8,Cloudy,
AO15635,Alpha,2022,10,1,1,0,16.29,16.29,0.0,0.0,7.16,13.2,15.7,Clear,
AO15635,Alpha,2022,11,1,1,0,19.12,0.0,19.12,0.0,4.39,14.5,16.9,Cloudy,
AO15635,Alpha,2022,12,1,1,0,18.62,0.0,18.62,0.0,5.0,3.3,10.1,Clear,
AO15635,Alpha,2023,3,1,1,0,18.74,0.0,0.0,18.74,4.07,15.4,44.2,Clear,
AO15635,Alpha,2023,4,2,2,0,30.65,14.25,16.4,0.0,4.01,16.2,13.2,Clear,
AO15635,Alpha,2023,5,1,1,0,11.9,11.9,0.0,0.0,3.48,16.3,18.3,Clear,
AO15635,Alpha,2023,8,1,1,0,18.26,0.0,18.26,0.0,3.17,28.2,20.9,Clear,
AO15635,Alpha,2023,9,1,1,0,16.82,16.82,0.0,0.0,5.29,13.9,21.8,Cloudy,
AO15635,Alpha,2023,11,1,1,0,16.61,0.0,0.0,16.61,5.23,13.3,21.5,Cloudy,
AO15635,Alpha,2024,4,1,1,0,16.09,16.09,0.0,0.0,5.66,16.7,25.2,Clear,
AO15635,Alpha,2024,5,2,2,0,31.63,16.43,15.2,0.0,2.69,15.8,23.8,Clear,
AO15635,Alpha,2024,6,1,1,0,18.38,0.0,18.38,0.0,4.05,30.3,35.0,Clear,
AO15635,Alpha,2024,7,2,2,0,35.17,0.0,19.72,15.45,8.09,29.5,14.7,Clear,
AO15635,Alpha,2024,9,1,1,0,14.03,14.03,0.0,0.0,4.04,13.1,12.0,Cloudy,
AO15635,Alpha,2024,12,1,1,0,19.78,0.0,0.0,19.78,6.35,4.3,33.3,Clear,
AO15635,Alpha,2025,3,1,1,0,17.66,0.0,17.66,0.0,4.41,16.6,10.9,Clear,
AO15635,Alpha,2025,5,1,1,0,13.99,0.0,13.99,0.0,10.37,16.4,5.8,Clear,
AO15635,Alpha,2025,8,1,1,0,18.88,18.88,0.0,0.0,7.35,31.3,41.9,Clear,
AO15635,Alpha,2025,9,1,1,0,16.48,0.0,16.48,0.0,4.03,13.9,32.3,Clear,
AO15635,Alpha,2025,10,1,1,0,14.78,14.78,0.0,0.0,1.85,14.8,44.9,Clear,
AO15635,Alpha,2026,2,1,1,0,16.36,16.36,0.0,0.0,4.07,3.4,36.4,Rainy,
AO15635,Alpha,2026,3,1,1,0,19.08,19.08,0.0,0.0,6.27,15.0,33.1,Clear,
AO15635,Alpha,2026,4,2,2,0,32.05,32.05,0.0,0.0,2.25,14.4,30.7,Cloudy,
AO15635,Alpha,2026,5,2,2,0,36.099999999999994,36.099999999999994,0.0,0.0,2.95,16.5,14.1,Clear,
AO15635,Alpha,2026,6,3,3,0,50.42,32.21,18.21,0.0,5.41,28.3,30.7,Clear,
AO15781,Delta,2022,10,3,3,0,50.88,50.88,0.0,0.0,4.0,15.5,6.1,Cloudy,
AO15781,Delta,2022,11,2,2,0,37.519999999999996,37.519999999999996,0.0,0.0,8.9,13.8,32.5,Clear,
AO15781,Delta,2022,12,2,2,0,32.22,17.82,0.0,14.4,5.24,2.9,35.4,Cloudy,
AO15781,Delta,2023,1,2,2,0,33.010000000000005,0.0,33.010000000000005,0.0,6.91,1.9,29.4,Rainy,
AO15781,Delta,2023,2,1,1,0,15.04,15.04,0.0,0.0,3.5,4.7,16.4,Cloudy,
AO15781,Delta,2023,6,5,5,0,80.3,33.72,46.58,0.0,6.76,29.3,30.3,Clear,
AO15781,Delta,2023,7,2,2,0,36.07,18.15,17.92,0.0,6.3,28.8,45.0,Clear,
AO15781,Delta,2023,9,1,1,0,17.39,17.39,0.0,0.0,3.65,14.3,32.7,Cloudy,
AO15781,Delta,2023,10,1,1,0,17.48,0.0,0.0,17.48,4.04,13.4,23.6,Clear,
AO15781,Delta,2023,12,1,1,0,20.0,0.0,0.0,20.0,3.65,3.9,6.9,Clear,
AO15781,Delta,2024,1,1,1,0,13.57,13.57,0.0,0.0,4.51,4.6,11.7,Windy,
AO15781,Delta,2024,2,1,1,0,16.28,0.0,16.28,0.0,2.09,1.6,6.0,Cloudy,
AO15781,Delta,2024,3,1,1,0,16.99,16.99,0.0,0.0,4.47,14.7,22.8,Clear,
AO15781,Delta,2024,4,1,1,0,16.28,16.28,0.0,0.0,7.51,16.0,18.2,Clear,
AO15781,Delta,2024,6,1,1,0,17.92,17.92,0.0,0.0,2.43,31.1,41.3,Clear,
AO15781,Delta,2024,7,1,1,0,16.61,16.61,0.0,0.0,7.04,30.4,19.8,Clear,
AO15781,Delta,2024,8,2,2,0,32.900000000000006,32.900000000000006,0.0,0.0,7.05,29.2,9.9,Clear,
AO15781,Delta,2024,10,2,2,0,34.269999999999996,0.0,19.9,14.37,1.66,13.7,32.9,Cloudy,
AO15781,Delta,2024,11,1,1,0,20.0,0.0,0.0,20.0,7.3,14.5,43.1,Cloudy,
AO15781,Delta,2025,1,1,1,0,12.25,0.0,0.0,12.25,5.33,2.8,15.4,Windy,
AO15781,Delta,2025,2,2,2,0,34.31,0.0,17.31,17.0,4.41,2.2,8.3,Rainy,
AO15781,Delta,2025,3,1,1,0,17.05,17.05,0.0,0.0,3.64,14.4,16.6,Clear,
AO15781,Delta,2025,4,1,1,0,18.68,0.0,18.68,0.0,7.61,16.7,33.9,Clear,
AO15781,Delta,2025,6,1,1,0,18.53,0.0,18.53,0.0,2.18,30.8,14.9,Clear,
AO15781,Delta,2025,7,1,1,0,19.22,19.22,0.0,0.0,5.7,30.1,26.1,Clear,
AO15781,Delta,2025,10,1,1,0,19.46,19.46,0.0,0.0,4.79,15.0,25.7,Windy,
AO15781,Delta,2026,1,1,1,0,16.56,0.0,0.0,16.56,4.74,2.4,22.4,Cloudy,
AO15781,Delta,2026,2,1,1,0,18.05,0.0,0.0,18.05,4.98,4.3,40.8,Windy,
AO15781,Delta,2026,3,1,1,0,17.03,17.03,0.0,0.0,7.63,15.9,31.9,Clear,
AO15781,Delta,2026,4,1,1,0,14.77,14.77,0.0,0.0,7.07,16.2,39.0,Cloudy,
AO15781,Delta,2026,5,2,2,0,34.650000000000006,0.0,34.650000000000006,0.0,3.92,16.5,21.2,Clear,
AO15781,Delta,2026,6,2,2,0,32.6,32.6,0.0,0.0,3.57,30.9,14.0,Clear,
AO15870,Beta,2022,9,18,18,0,57.5,24.37,9.31,23.82,5.29,14.8,36.8,Clear,
AO15870,Beta,2022,10,8,8,0,24.84,12.0,9.77,3.07,3.51,14.9,31.9,Clear,
AO15870,Beta,2022,11,3,3,0,10.82,4.0,2.82,4.0,6.18,12.8,36.3,Cloudy,
AO15870,Beta,2022,12,6,6,0,23.07,12.0,11.07,0.0,0.84,3.1,43.2,Cloudy,
AO15870,Beta,2023,1,9,9,0,32.89,17.23,7.66,8.0,4.22,3.7,11.2,Cloudy,
AO15870,Beta,2023,2,8,8,0,32.0,4.0,28.0,0.0,5.26,2.5,8.5,Rainy,
AO15870,Beta,2023,3,6,6,0,23.32,4.0,19.32,0.0,7.03,15.6,37.7,Cloudy,
AO15870,Beta,2023,4,9,9,0,29.89,17.89,4.0,8.0,4.16,17.0,44.8,Clear,
AO15870,Beta,2023,5,16,16,0,56.32,23.4,23.79,9.129999999999999,3.0,16.9,36.4,Clear,
AO15870,Beta,2023,6,18,18,0,66.77,15.82,30.37,20.58,6.15,30.5,27.4,Clear,
AO15870,Beta,2023,7,13,13,0,51.59,20.0,16.0,15.59,3.74,30.2,5.4,Clear,
AO15870,Beta,2023,8,8,8,0,27.04,14.379999999999999,8.66,4.0,6.15,29.9,28.1,Clear,
AO15870,Beta,2023,9,7,7,0,25.12,12.0,9.120000000000001,4.0,6.83,14.6,14.4,Cloudy,
AO15870,Beta,2023,10,13,13,0,42.67,21.58,0.0,21.09,4.37,12.7,22.7,Clear,
AO15870,Beta,2023,11,7,7,0,24.45,10.0,4.0,10.45,9.82,15.6,28.9,Clear,
AO15870,Beta,2023,12,5,5,0,20.0,8.0,4.0,8.0,4.5,1.6,32.4,Clear,
AO15870,Beta,2024,1,2,2,0,6.04,0.0,4.0,2.04,5.8,3.1,38.4,Windy,
AO15870,Beta,2024,2,2,2,0,8.0,0.0,4.0,4.0,4.11,2.3,43.7,Cloudy,
AO15870,Beta,2024,3,5,5,0,20.0,12.0,4.0,4.0,5.37,16.7,33.2,Clear,
AO15870,Beta,2024,4,7,7,0,16.55,12.030000000000001,0.98,3.54,1.46,17.3,43.9,Clear,
AO15870,Beta,2024,5,10,10,0,37.13,7.54,25.59,4.0,5.02,15.8,27.8,Clear,
AO15870,Beta,2024,6,7,7,0,22.11,17.36,0.75,4.0,5.31,30.9,43.0,Clear,
AO15870,Beta,2024,7,9,9,0,31.79,20.5,0.0,11.29,3.83,31.1,6.9,Clear,
AO15870,Beta,2024,8,9,9,0,30.31,9.19,13.68,7.4399999999999995,7.02,30.1,12.2,Clear,
AO15870,Beta,2024,9,7,7,0,23.41,11.15,8.26,4.0,7.69,13.9,10.4,Clear,
AO15870,Beta,2024,10,4,4,0,16.0,0.0,8.0,8.0,4.42,13.1,6.3,Clear,
AO15870,Beta,2024,11,2,2,0,8.0,0.0,4.0,4.0,7.5,12.6,33.0,Clear,
AO15870,Beta,2025,1,2,2,0,8.0,8.0,0.0,0.0,5.83,3.7,8.7,Cloudy,
AO15870,Beta,2025,2,3,3,0,12.0,12.0,0.0,0.0,3.83,4.0,10.2,Cloudy,
AO15870,Beta,2025,3,1,1,0,4.0,4.0,0.0,0.0,2.19,15.5,24.8,Cloudy,
AO15870,Beta,2025,4,4,4,0,15.49,11.49,0.0,4.0,5.62,16.6,17.5,Clear,
AO15870,Beta,2025,5,4,4,0,10.76,6.76,4.0,0.0,4.1,16.6,41.1,Clear,
AO15870,Beta,2025,6,6,6,0,19.54,6.33,9.21,4.0,3.61,31.6,18.7,Clear,
AO15870,Beta,2025,7,6,6,0,16.33,12.21,4.12,0.0,3.95,29.2,34.3,Clear,
AO15870,Beta,2025,8,4,4,0,15.68,4.0,7.68,4.0,4.18,30.2,7.7,Clear,
AO15870,Beta,2025,9,4,4,0,13.45,3.94,9.51,0.0,4.54,15.1,33.0,Clear,
AO15870,Beta,2025,10,2,2,0,5.01,5.01,0.0,0.0,6.95,14.2,43.8,Clear,
AO15870,Beta,2025,11,2,2,0,8.0,8.0,0.0,0.0,4.48,14.2,27.2,Clear,
AO15870,Beta,2025,12,4,4,0,11.74,9.469999999999999,2.27,0.0,5.41,1.6,37.1,Cloudy,
AO15870,Beta,2026,1,1,1,0,4.0,0.0,4.0,0.0,5.33,2.1,11.9,Cloudy,
AO15870,Beta,2026,2,2,2,0,8.0,8.0,0.0,0.0,6.57,2.4,30.0,Rainy,
AO15870,Beta,2026,3,4,4,0,14.3,2.3,12.0,0.0,0.92,16.3,27.2,Clear,
AO15870,Beta,2026,4,2,2,0,8.0,4.0,4.0,0.0,5.35,16.3,10.2,Clear,
AO15870,Beta,2026,5,5,5,0,19.939999999999998,4.0,4.0,11.94,5.54,16.0,9.3,Clear,
AO15870,Beta,2026,6,8,8,0,30.04,18.04,12.0,0.0,4.29,30.0,39.3,Clear,
AO16212,Sigma,2021,12,4,4,0,69.28,20.0,34.68,14.6,3.35,3.0,16.9,Clear,
AO16212,Sigma,2022,1,1,1,0,14.76,14.76,0.0,0.0,2.53,4.3,29.0,Rainy,
AO16212,Sigma,2022,2,1,1,0,16.63,16.63,0.0,0.0,7.65,3.0,26.5,Cloudy,
AO16212,Sigma,2022,3,2,2,0,33.980000000000004,18.34,15.64,0.0,5.75,15.3,22.8,Clear,
AO16212,Sigma,2022,4,2,2,0,34.36,0.0,16.95,17.41,1.35,16.6,38.4,Clear,
AO16212,Sigma,2022,5,7,7,0,118.23,17.11,84.02,17.1,6.3,17.1,11.2,Cloudy,
AO16212,Sigma,2022,6,1,1,0,18.0,18.0,0.0,0.0,2.8,29.2,41.1,Clear,
AO16212,Sigma,2022,7,5,5,0,87.38,39.65,32.370000000000005,15.36,7.44,30.6,36.6,Clear,
AO16212,Sigma,2022,8,5,5,0,87.65,33.540000000000006,20.0,34.11,4.93,31.1,26.4,Clear,
AO16212,Sigma,2022,9,1,1,0,18.42,0.0,18.42,0.0,7.99,13.0,23.0,Rainy,
AO16212,Sigma,2022,10,1,1,0,17.91,0.0,17.91,0.0,6.93,15.3,26.2,Cloudy,
AO16212,Sigma,2022,11,1,1,0,17.7,0.0,0.0,17.7,6.46,14.0,44.6,Cloudy,
AO16212,Sigma,2022,12,1,1,0,17.46,17.46,0.0,0.0,6.75,3.9,37.8,Cloudy,
AO16212,Sigma,2023,1,3,3,0,50.129999999999995,36.019999999999996,0.0,14.11,5.77,4.7,31.7,Cloudy,
AO16212,Sigma,2023,2,2,2,0,36.66,36.66,0.0,0.0,0.33,2.6,22.8,Clear,
AO16212,Sigma,2023,4,1,1,0,13.15,13.15,0.0,0.0,8.25,14.6,38.1,Clear,
AO16212,Sigma,2023,5,2,2,0,28.97,15.49,13.48,0.0,4.64,15.4,8.3,Clear,
AO16212,Sigma,2023,6,2,2,0,35.05,0.0,0.0,35.05,4.53,29.5,17.5,Clear,
AO16212,Sigma,2023,7,1,1,0,16.43,0.0,16.43,0.0,2.64,29.9,27.8,Clear,
AO16212,Sigma,2023,8,2,2,0,33.65,0.0,0.0,33.65,6.68,30.6,38.1,Clear,
AO16212,Sigma,2023,9,2,2,0,33.44,19.21,14.23,0.0,4.44,14.1,31.2,Cloudy,
AO16212,Sigma,2023,10,2,2,0,34.599999999999994,0.0,16.54,18.06,3.11,14.3,31.0,Cloudy,
AO16212,Sigma,2023,11,1,1,0,14.76,0.0,14.76,0.0,6.78,12.8,26.6,Clear,
AO16212,Sigma,2023,12,1,1,0,16.57,0.0,0.0,16.57,2.32,4.0,13.0,Clear,
AO16212,Sigma,2024,1,1,1,0,18.48,0.0,18.48,0.0,5.36,3.6,32.8,Cloudy,
AO16212,Sigma,2024,2,2,2,0,30.700000000000003,0.0,17.37,13.33,6.82,3.5,34.1,Cloudy,
AO16212,Sigma,2024,3,1,1,0,18.9,18.9,0.0,0.0,5.99,16.3,7.3,Clear,
AO16212,Sigma,2024,5,2,2,0,28.130000000000003,28.130000000000003,0.0,0.0,6.66,16.0,35.3,Clear,
AO16212,Sigma,2024,8,1,1,0,19.04,0.0,0.0,19.04,5.25,30.9,24.0,Clear,
AO16212,Sigma,2024,12,1,1,0,17.95,0.0,17.95,0.0,7.6,4.0,33.9,Rainy,
AO16212,Sigma,2025,3,1,1,0,17.7,17.7,0.0,0.0,6.73,16.4,40.8,Clear,
AO16212,Sigma,2025,6,1,1,0,15.9,0.0,15.9,0.0,2.98,29.6,18.6,Clear,
AO16212,Sigma,2025,9,1,1,0,18.8,0.0,18.8,0.0,5.88,14.1,35.5,Cloudy,
AO16212,Sigma,2025,10,2,2,0,35.55,19.77,15.78,0.0,7.33,14.5,29.5,Clear,
AO16212,Sigma,2026,1,1,1,0,15.52,0.0,15.52,0.0,6.79,3.4,38.6,Cloudy,
AO16212,Sigma,2026,2,1,1,0,15.35,0.0,15.35,0.0,4.91,2.6,15.4,Rainy,
AO16212,Sigma,2026,5,3,3,0,50.4,33.13,0.0,17.27,4.99,16.0,17.5,Clear,
AO16242,Delta,2021,5,13,13,0,211.54,115.06,96.48,0.0,0.0,16.6,9.9,Clear,
AO16242,Delta,2021,6,10,10,0,165.11,62.07,68.34,34.7,4.14,30.8,44.9,Clear,
AO16242,Delta,2021,7,13,13,0,221.07999999999998,92.03,76.14,52.91,5.75,30.2,44.9,Clear,
AO16242,Delta,2021,8,13,13,0,210.29999999999998,96.8,81.53,31.97,6.97,29.5,22.8,Clear,
AO16242,Delta,2021,9,9,9,0,151.34,96.73,36.07,18.54,5.1,13.0,36.7,Clear,
AO16242,Delta,2021,10,7,7,0,121.84,88.65,0.0,33.19,4.68,14.7,14.3,Clear,
AO16242,Delta,2021,11,2,2,0,33.480000000000004,16.31,17.17,0.0,3.61,13.5,27.5,Clear,
AO16242,Delta,2021,12,4,4,0,64.0,16.59,29.9,17.51,1.39,3.2,11.0,Cloudy,
AO16242,Delta,2022,1,1,1,0,14.61,14.61,0.0,0.0,4.8,4.8,29.3,Cloudy,
AO16242,Delta,2022,2,4,4,0,59.09,28.36,30.73,0.0,8.24,2.1,26.3,Rainy,
AO16242,Delta,2022,3,2,2,0,30.08,15.78,14.3,0.0,5.74,15.2,36.0,Clear,
AO16242,Delta,2022,4,6,6,0,105.32000000000001,54.730000000000004,0.0,50.59,11.07,15.8,27.7,Clear,
AO16242,Delta,2022,5,4,4,0,64.89,48.92,15.97,0.0,6.21,16.5,15.0,Clear,
AO16242,Delta,2022,6,5,5,0,88.67,35.88,16.08,36.71,1.88,29.7,20.8,Clear,
AO16242,Delta,2022,7,3,3,0,53.42,17.55,0.0,35.87,7.31,29.6,13.8,Clear,
AO16242,Delta,2022,8,9,9,0,157.95,38.71,71.96,47.28,2.46,30.3,34.7,Clear,
AO16242,Delta,2022,9,4,4,0,67.48,20.0,34.23,13.25,5.03,15.1,42.6,Rainy,
AO16242,Delta,2022,10,2,2,0,32.19,15.31,16.88,0.0,3.51,15.5,42.6,Cloudy,
AO16242,Delta,2022,11,2,2,0,37.68,19.69,17.99,0.0,2.87,13.8,40.5,Clear,
AO16242,Delta,2022,12,2,2,0,30.5,15.26,15.24,0.0,6.29,2.9,20.0,Cloudy,
AO16242,Delta,2023,2,1,1,0,15.59,0.0,15.59,0.0,3.96,4.7,35.8,Cloudy,
AO16242,Delta,2023,3,1,1,0,17.58,0.0,0.0,17.58,2.97,17.2,38.1,Clear,
AO16242,Delta,2023,4,1,1,0,20.0,20.0,0.0,0.0,5.89,14.2,38.0,Clear,
AO16242,Delta,2023,5,5,5,0,87.57,35.260000000000005,36.04,16.27,4.78,15.4,29.4,Clear,
AO16242,Delta,2023,6,4,4,0,72.31,54.97,17.34,0.0,7.49,29.3,28.2,Clear,
AO16242,Delta,2023,7,3,3,0,51.230000000000004,18.01,15.42,17.8,3.81,28.8,21.5,Clear,
AO16242,Delta,2023,8,1,1,0,18.57,0.0,18.57,0.0,2.71,29.4,23.3,Clear,
AO16242,Delta,2023,9,3,3,0,52.96,16.51,36.45,0.0,2.97,14.3,30.5,Cloudy,
AO16242,Delta,2023,10,2,2,0,35.29,18.82,16.47,0.0,3.93,13.4,28.8,Clear,
AO16242,Delta,2024,2,1,1,0,17.61,0.0,17.61,0.0,6.27,1.6,13.8,Cloudy,
AO16242,Delta,2024,4,2,2,0,34.36,18.17,0.0,16.19,3.81,16.0,19.4,Clear,
AO16242,Delta,2024,5,1,1,0,20.0,0.0,0.0,20.0,5.61,14.5,6.6,Clear,
AO16242,Delta,2024,6,1,1,0,16.36,0.0,0.0,16.36,3.48,31.1,14.0,Clear,
AO16242,Delta,2024,8,1,1,0,11.99,11.99,0.0,0.0,4.46,29.2,39.2,Clear,
AO16242,Delta,2024,10,2,2,0,33.5,17.03,0.0,16.47,5.02,13.7,23.1,Cloudy,
AO16242,Delta,2024,12,1,1,0,18.7,0.0,18.7,0.0,5.49,4.4,7.6,Clear,
AO16242,Delta,2025,1,1,1,0,15.31,0.0,0.0,15.31,5.08,2.8,22.5,Windy,
AO16242,Delta,2025,2,1,1,0,20.0,20.0,0.0,0.0,6.42,2.2,22.4,Rainy,
AO16242,Delta,2025,5,2,2,0,35.66,0.0,35.66,0.0,5.12,15.5,41.2,Clear,
AO16242,Delta,2026,1,1,1,0,17.31,17.31,0.0,0.0,5.62,2.4,44.2,Cloudy,
AO16242,Delta,2026,4,1,1,0,15.79,0.0,0.0,15.79,4.59,16.2,21.8,Cloudy,
AO16360,Delta,2021,3,2,2,0,31.92,0.0,31.92,0.0,6.59,14.6,23.0,Clear,
AO16360,Delta,2021,4,6,6,0,99.12,45.0,37.41,16.71,12.24,15.4,29.3,Clear,
AO16360,Delta,2021,5,11,11,0,193.81,50.21,73.36,70.24,4.04,16.6,33.0,Clear,
AO16360,Delta,2021,6,5,5,0,89.36,17.75,54.47,17.14,3.51,30.8,8.1,Clear,
AO16360,Delta,2021,7,7,7,0,120.05000000000001,106.09,13.96,0.0,5.66,30.2,12.5,Clear,
AO16360,Delta,2021,8,5,5,0,89.35,18.5,32.25,38.6,4.37,29.5,38.3,Clear,
AO16360,Delta,2021,9,6,6,0,98.07,49.78,48.29,0.0,6.57,13.0,33.7,Clear,
AO16360,Delta,2021,10,2,2,0,35.22,18.71,0.0,16.51,5.85,14.7,23.9,Clear,
AO16360,Delta,2021,11,1,1,0,20.0,0.0,20.0,0.0,2.06,13.5,25.2,Clear,
AO16360,Delta,2022,1,2,2,0,35.11,35.11,0.0,0.0,6.23,4.8,41.9,Cloudy,
AO16360,Delta,2022,3,2,2,0,34.0,0.0,15.57,18.43,3.95,15.2,32.4,Clear,
AO16360,Delta,2022,4,1,1,0,15.64,15.64,0.0,0.0,2.18,15.8,34.1,Clear,
AO16360,Delta,2022,5,4,4,0,65.77,0.0,53.45,12.32,5.54,16.5,23.5,Clear,
AO16360,Delta,2022,6,1,1,0,19.55,0.0,19.55,0.0,2.68,29.7,39.1,Clear,
AO16360,Delta,2022,7,1,1,0,17.2,0.0,0.0,17.2,5.57,29.6,19.3,Clear,
AO16360,Delta,2022,8,2,2,0,31.06,31.06,0.0,0.0,4.73,30.3,30.2,Clear,
AO16360,Delta,2022,9,2,2,0,33.45,0.0,17.55,15.9,3.25,15.1,22.2,Rainy,
AO16360,Delta,2022,10,2,2,0,32.17,32.17,0.0,0.0,2.36,15.5,17.1,Cloudy,
AO16360,Delta,2023,2,2,2,0,31.630000000000003,15.44,16.19,0.0,3.77,4.7,29.3,Cloudy,
AO16360,Delta,2023,6,2,2,0,35.26,0.0,35.26,0.0,6.03,29.3,28.2,Clear,
AO16360,Delta,2023,7,1,1,0,18.35,18.35,0.0,0.0,7.21,28.8,10.6,Clear,
AO16360,Delta,2023,8,7,7,0,120.33,44.47,75.86,0.0,5.24,29.4,40.0,Clear,
AO16360,Delta,2023,10,1,1,0,15.5,0.0,15.5,0.0,8.08,13.4,16.8,Clear,
AO16360,Delta,2024,6,1,1,0,13.97,0.0,13.97,0.0,0.38,31.1,6.6,Clear,
AO16360,Delta,2024,7,1,1,0,15.92,0.0,15.92,0.0,8.4,30.4,8.6,Clear,
AO16360,Delta,2024,11,1,1,0,15.65,15.65,0.0,0.0,5.28,14.5,10.4,Cloudy,
AO16360,Delta,2025,3,1,1,0,17.78,17.78,0.0,0.0,8.17,14.4,31.2,Clear,
AO16360,Delta,2025,5,2,2,0,35.7,0.0,17.53,18.17,9.45,15.5,16.9,Clear,
AO16360,Delta,2025,6,1,1,0,16.88,0.0,0.0,16.88,5.64,30.8,41.7,Clear,
AO16360,Delta,2025,7,1,1,0,18.28,18.28,0.0,0.0,5.1,30.1,30.0,Clear,
AO16360,Delta,2025,8,1,1,0,16.07,0.0,16.07,0.0,5.68,30.5,9.6,Clear,
AO16360,Delta,2026,3,1,1,0,16.1,16.1,0.0,0.0,3.2,15.9,23.1,Clear,
AO16430,Beta,2021,9,3,3,0,46.53,0.0,12.79,33.74,2.71,15.0,14.0,Clear,
AO16430,Beta,2021,10,5,5,0,92.77,35.7,37.129999999999995,19.94,4.37,13.8,38.3,Cloudy,
AO16430,Beta,2021,11,2,2,0,33.27,17.85,15.42,0.0,4.83,13.3,34.5,Clear,
AO16430,Beta,2022,1,1,1,0,17.62,0.0,0.0,17.62,5.46,2.7,17.8,Clear,
AO16430,Beta,2022,2,1,1,0,15.91,15.91,0.0,0.0,0.45,3.5,16.4,Rainy,
AO16430,Beta,2022,3,1,1,0,13.07,0.0,13.07,0.0,4.36,17.3,7.8,Clear,
AO16430,Beta,2022,4,2,2,0,35.88,19.62,0.0,16.26,6.32,14.5,8.6,Clear,
AO16430,Beta,2022,5,7,7,0,121.1,33.45,0.0,87.65,4.49,16.3,34.4,Cloudy,
AO16430,Beta,2022,6,4,4,0,63.95,30.89,33.06,0.0,6.4,28.5,20.2,Clear,
AO16430,Beta,2022,7,8,8,0,131.61,70.02000000000001,47.06,14.53,6.42,29.6,7.2,Clear,
AO16430,Beta,2022,8,4,4,0,68.88,35.12,16.01,17.75,9.97,29.6,19.5,Clear,
AO16430,Beta,2022,9,2,2,0,38.04,38.04,0.0,0.0,2.12,14.8,43.4,Clear,
AO16430,Beta,2022,10,3,3,0,44.31,0.0,27.33,16.98,3.8,14.9,16.7,Clear,
AO16430,Beta,2022,11,1,1,0,19.28,0.0,0.0,19.28,4.57,12.8,8.4,Cloudy,
AO16430,Beta,2022,12,2,2,0,29.92,0.0,29.92,0.0,3.52,3.1,37.7,Cloudy,
AO16430,Beta,2023,1,4,4,0,68.99000000000001,34.26,0.0,34.730000000000004,1.33,3.7,13.8,Cloudy,
AO16430,Beta,2023,2,1,1,0,18.58,0.0,18.58,0.0,2.54,2.5,43.7,Rainy,
AO16430,Beta,2023,4,2,2,0,34.78,34.78,0.0,0.0,1.97,17.0,41.3,Clear,
AO16430,Beta,2023,5,2,2,0,39.46,19.46,20.0,0.0,4.28,16.9,12.8,Clear,
AO16430,Beta,2023,6,5,5,0,81.24000000000001,14.27,47.22,19.75,2.74,30.5,33.3,Clear,
AO16430,Beta,2023,7,6,6,0,109.58,17.5,37.42,54.66,4.22,30.2,37.4,Clear,
AO16430,Beta,2023,9,1,1,0,17.7,0.0,17.7,0.0,6.38,14.6,37.9,Cloudy,
AO16430,Beta,2023,10,1,1,0,15.18,15.18,0.0,0.0,6.25,12.7,26.3,Clear,
AO16430,Beta,2023,11,1,1,0,14.0,14.0,0.0,0.0,5.48,15.6,24.6,Clear,
AO16430,Beta,2024,1,2,2,0,32.15,17.47,14.68,0.0,6.79,3.1,32.0,Windy,
AO16430,Beta,2024,4,1,1,0,15.71,15.71,0.0,0.0,4.31,17.3,12.9,Clear,
AO16430,Beta,2024,5,1,1,0,15.84,0.0,15.84,0.0,5.47,15.8,30.6,Clear,
AO16430,Beta,2024,8,1,1,0,15.6,15.6,0.0,0.0,2.36,30.1,16.1,Clear,
AO16430,Beta,2024,10,1,1,0,20.0,20.0,0.0,0.0,9.26,13.1,39.3,Clear,
AO16430,Beta,2024,11,2,2,0,33.7,33.7,0.0,0.0,1.64,12.6,6.7,Clear,
AO16430,Beta,2025,2,1,1,0,17.0,17.0,0.0,0.0,3.48,4.0,11.1,Cloudy,
AO16430,Beta,2025,5,1,1,0,17.3,0.0,0.0,17.3,5.58,16.6,22.2,Clear,
AO16430,Beta,2025,6,2,2,0,37.17,0.0,20.0,17.17,7.8,31.6,37.7,Clear,
AO16430,Beta,2025,8,1,1,0,16.71,0.0,0.0,16.71,4.41,30.2,31.0,Clear,
AO16430,Beta,2025,11,1,1,0,19.8,19.8,0.0,0.0,4.38,14.2,13.4,Clear,
AO16430,Beta,2026,4,1,1,0,15.28,15.28,0.0,0.0,5.74,16.3,38.3,Clear,
AO16430,Beta,2026,5,3,3,0,45.94,19.67,12.7,13.57,2.97,16.0,18.0,Clear,
AO16430,Beta,2026,6,1,1,0,18.83,0.0,18.83,0.0,2.42,30.0,36.0,Clear,
AO16486,Beta,2022,11,5,5,0,20.0,12.0,4.0,4.0,2.1,12.8,9.5,Cloudy,
AO16486,Beta,2022,12,4,4,0,15.46,8.0,7.46,0.0,3.98,3.1,15.0,Cloudy,
AO16486,Beta,2023,1,7,7,0,23.98,11.03,4.0,8.95,7.74,3.7,22.2,Cloudy,
AO16486,Beta,2023,2,10,10,0,40.0,8.0,32.0,0.0,6.14,2.5,23.3,Rainy,
AO16486,Beta,2023,3,4,4,0,16.0,4.0,12.0,0.0,7.18,15.6,9.6,Cloudy,
AO16486,Beta,2023,4,10,10,0,36.730000000000004,24.0,8.73,4.0,4.02,17.0,13.4,Clear,
AO16486,Beta,2023,5,13,13,0,48.45,20.0,16.45,12.0,7.01,16.9,23.5,Clear,
AO16486,Beta,2023,6,14,14,0,48.5,12.81,20.13,15.56,4.59,30.5,16.5,Clear,
AO16486,Beta,2023,7,16,16,0,60.09,20.09,24.0,16.0,7.47,30.2,14.7,Clear,
AO16486,Beta,2023,8,7,7,0,20.1,12.0,4.1,4.0,3.98,29.9,21.6,Clear,
AO16486,Beta,2023,9,13,13,0,45.76,21.76,20.0,4.0,1.88,14.6,15.3,Cloudy,
AO16486,Beta,2023,10,6,6,0,24.0,4.0,8.0,12.0,6.81,12.7,38.5,Clear,
AO16486,Beta,2023,11,4,4,0,11.09,7.09,0.0,4.0,2.34,15.6,26.6,Clear,
AO16486,Beta,2023,12,6,6,0,24.0,8.0,4.0,12.0,4.39,1.6,31.0,Clear,
AO16486,Beta,2024,1,5,5,0,17.47,9.469999999999999,8.0,0.0,3.02,3.1,29.7,Windy,
AO16486,Beta,2024,2,1,1,0,4.0,0.0,4.0,0.0,2.87,2.3,29.3,Cloudy,
AO16486,Beta,2024,3,5,5,0,19.33,8.0,4.0,7.33,5.33,16.7,15.9,Clear,
AO16486,Beta,2024,4,9,9,0,32.79,20.0,8.0,4.79,6.2,17.3,33.8,Clear,
AO16486,Beta,2024,5,13,13,0,48.8,22.3,18.5,8.0,4.09,15.8,43.8,Clear,
AO16486,Beta,2024,6,11,11,0,39.79,32.0,3.79,4.0,2.12,30.9,28.6,Clear,
AO16486,Beta,2024,7,7,7,0,22.98,13.83,8.0,1.15,3.05,31.1,36.2,Clear,
AO16486,Beta,2024,8,15,15,0,58.01,22.009999999999998,20.0,16.0,2.0,30.1,32.9,Clear,
AO16486,Beta,2024,9,8,8,0,23.95,11.94,8.0,4.01,5.61,13.9,40.4,Clear,
AO16486,Beta,2024,10,5,5,0,20.0,12.0,4.0,4.0,6.42,13.1,23.3,Clear,
AO16486,Beta,2024,11,2,2,0,8.0,4.0,0.0,4.0,1.79,12.6,44.0,Clear,
AO16486,Beta,2024,12,2,2,0,8.0,4.0,0.0,4.0,6.05,2.2,35.5,Rainy,
AO16486,Beta,2025,1,1,1,0,4.0,0.0,0.0,4.0,3.89,3.7,22.5,Cloudy,
AO16486,Beta,2025,2,3,3,0,10.93,8.0,2.93,0.0,3.64,4.0,9.2,Cloudy,
AO16486,Beta,2025,3,3,3,0,12.0,12.0,0.0,0.0,7.77,15.5,34.7,Cloudy,
AO16486,Beta,2025,4,6,6,0,22.68,8.0,8.0,6.68,5.58,16.6,18.0,Clear,
AO16486,Beta,2025,5,6,6,0,20.39,8.0,12.39,0.0,8.54,16.6,34.8,Clear,
AO16486,Beta,2025,6,7,7,0,25.63,16.0,9.629999999999999,0.0,2.1,31.6,31.7,Clear,
AO16486,Beta,2025,7,6,6,0,24.0,16.0,8.0,0.0,8.29,29.2,33.8,Clear,
AO16486,Beta,2025,8,9,9,0,35.99,16.0,16.0,3.99,3.2,30.2,42.8,Clear,
AO16486,Beta,2025,9,5,5,0,20.0,12.0,8.0,0.0,3.18,15.1,19.7,Clear,
AO16486,Beta,2025,10,2,2,0,8.0,4.0,0.0,4.0,5.68,14.2,29.6,Clear,
AO16486,Beta,2025,11,4,4,0,13.48,8.0,1.48,4.0,1.49,14.2,44.0,Clear,
AO16486,Beta,2025,12,3,3,0,8.74,4.0,4.0,0.74,9.23,1.6,13.3,Cloudy,
AO16486,Beta,2026,1,2,2,0,8.0,8.0,0.0,0.0,2.27,2.1,11.4,Cloudy,
AO16486,Beta,2026,2,4,4,0,10.55,2.0,4.0,4.55,9.4,2.4,35.2,Rainy,
AO16486,Beta,2026,3,8,8,0,23.93,13.73,6.2,4.0,9.14,16.3,42.8,Clear,
AO16486,Beta,2026,4,7,7,0,28.0,20.0,0.0,8.0,8.62,16.3,28.1,Clear,
AO16486,Beta,2026,5,7,7,0,23.86,10.93,8.0,4.93,3.51,16.0,39.6,Clear,
AO16486,Beta,2026,6,6,6,0,18.45,11.59,6.859999999999999,0.0,2.19,30.0,22.8,Clear,
AO16547,Alpha,2024,7,8,8,0,28.73,16.73,8.0,4.0,7.29,29.5,38.5,Clear,
AO16547,Alpha,2024,8,8,8,0,31.1,19.32,7.779999999999999,4.0,7.65,28.6,41.4,Clear,
AO16547,Alpha,2024,9,5,5,0,17.85,5.85,12.0,0.0,2.77,13.1,26.8,Cloudy,
AO16547,Alpha,2024,10,3,3,0,9.77,5.77,0.0,4.0,0.0,13.6,16.9,Clear,
AO16547,Alpha,2024,11,3,3,0,10.06,4.0,6.0600000000000005,0.0,3.16,14.1,18.1,Rainy,
AO16547,Alpha,2024,12,2,2,0,6.57,4.0,2.57,0.0,10.02,4.3,12.9,Clear,
AO16547,Alpha,2025,1,2,2,0,8.0,4.0,4.0,0.0,6.44,1.8,31.4,Clear,
AO16547,Alpha,2025,2,1,1,0,4.0,4.0,0.0,0.0,5.2,3.1,34.4,Cloudy,
AO16547,Alpha,2025,3,5,5,0,20.0,8.0,4.0,8.0,6.15,16.6,41.9,Clear,
AO16547,Alpha,2025,4,3,3,0,12.0,12.0,0.0,0.0,6.38,17.4,9.3,Clear,
AO16547,Alpha,2025,5,9,9,0,25.75,16.15,4.4,5.2,4.6,16.4,44.8,Clear,
AO16547,Alpha,2025,6,7,7,0,25.72,9.72,8.0,8.0,7.2,31.3,27.8,Clear,
AO16547,Alpha,2025,7,9,9,0,32.59,16.0,7.49,9.1,1.37,30.5,5.8,Clear,
AO16547,Alpha,2025,8,4,4,0,16.0,16.0,0.0,0.0,3.98,31.3,32.6,Clear,
AO16547,Alpha,2025,9,4,4,0,16.0,4.0,8.0,4.0,4.42,13.9,9.6,Clear,
AO16547,Alpha,2025,10,4,4,0,16.0,4.0,4.0,8.0,1.79,14.8,36.6,Clear,
AO16547,Alpha,2025,11,6,6,0,20.009999999999998,12.0,0.0,8.01,4.7,14.7,28.4,Cloudy,
AO16547,Alpha,2025,12,5,5,0,20.0,8.0,4.0,8.0,5.14,3.9,38.0,Rainy,
AO16547,Alpha,2026,1,4,4,0,16.0,4.0,4.0,8.0,5.0,3.1,34.1,Cloudy,
AO16547,Alpha,2026,2,2,2,0,8.0,4.0,4.0,0.0,3.41,3.4,17.0,Rainy,
AO16547,Alpha,2026,3,3,3,0,7.880000000000001,4.0,3.7,0.18,5.77,15.0,25.8,Clear,
AO16547,Alpha,2026,4,1,1,0,3.53,3.53,0.0,0.0,2.96,14.4,14.2,Cloudy,
AO16547,Alpha,2026,5,9,9,0,36.0,16.0,4.0,16.0,5.65,16.5,41.0,Clear,
AO16547,Alpha,2026,6,7,7,0,23.9,9.57,4.0,10.33,5.61,28.3,10.4,Clear,
AO16557,Beta,2022,5,15,15,0,63.8,13.120000000000001,12.25,38.43,7.12,16.3,17.5,Cloudy,
AO16557,Beta,2022,6,15,15,0,77.05,25.96,20.0,31.09,4.34,28.5,21.6,Clear,
AO16557,Beta,2022,7,27,27,0,119.19,56.44,22.8,39.95,7.74,29.6,33.5,Clear,
AO16557,Beta,2022,8,19,19,0,91.28999999999999,45.22,32.0,14.07,1.98,29.6,30.4,Clear,
AO16557,Beta,2022,9,20,20,0,77.67,38.9,14.77,24.0,1.21,14.8,37.8,Clear,
AO16557,Beta,2022,10,9,9,0,29.41,9.39,8.0,12.02,6.55,14.9,17.6,Clear,
AO16557,Beta,2022,11,4,4,0,13.89,9.89,0.0,4.0,5.73,12.8,35.7,Cloudy,
AO16557,Beta,2022,12,3,3,0,10.82,8.0,0.0,2.82,3.84,3.1,29.6,Cloudy,
AO16557,Beta,2023,1,5,5,0,20.0,8.0,8.0,4.0,2.42,3.7,41.5,Cloudy,
AO16557,Beta,2023,2,7,7,0,24.97,0.97,20.0,4.0,4.22,2.5,20.0,Rainy,
AO16557,Beta,2023,3,3,3,0,11.27,0.0,11.27,0.0,6.45,15.6,35.6,Cloudy,
AO16557,Beta,2023,4,6,6,0,24.0,16.0,8.0,0.0,2.0,17.0,11.5,Clear,
AO16557,Beta,2023,5,8,8,0,27.54,12.149999999999999,12.0,3.39,3.02,16.9,34.8,Clear,
AO16557,Beta,2023,6,10,10,0,36.39,12.0,16.39,8.0,4.2,30.5,39.3,Clear,
AO16557,Beta,2023,7,12,12,0,43.93,20.0,14.06,9.870000000000001,5.61,30.2,30.6,Clear,
AO16557,Beta,2023,8,6,6,0,19.61,11.61,0.0,8.0,8.12,29.9,22.4,Clear,
AO16557,Beta,2023,9,7,7,0,28.0,12.0,16.0,0.0,2.69,14.6,42.2,Cloudy,
AO16557,Beta,2023,10,9,9,0,31.51,18.21,8.0,5.3,6.53,12.7,9.0,Clear,
AO16557,Beta,2023,11,7,7,0,26.72,16.0,4.0,6.720000000000001,7.71,15.6,36.5,Clear,
AO16557,Beta,2023,12,2,2,0,8.0,0.0,0.0,8.0,8.71,1.6,24.1,Clear,
AO16557,Beta,2024,1,2,2,0,8.0,8.0,0.0,0.0,8.88,3.1,12.5,Windy,
AO16557,Beta,2024,2,4,4,0,11.83,0.0,11.28,0.55,5.39,2.3,29.7,Cloudy,
AO16557,Beta,2024,3,8,8,0,29.09,13.09,8.0,8.0,6.05,16.7,20.0,Clear,
AO16557,Beta,2024,4,8,8,0,29.28,17.28,8.0,4.0,4.24,17.3,18.1,Clear,
AO16557,Beta,2024,5,9,9,0,33.35,18.7,10.65,4.0,2.87,15.8,42.5,Clear,
AO16557,Beta,2024,6,5,5,0,16.509999999999998,8.51,8.0,0.0,4.19,30.9,35.1,Clear,
AO16557,Beta,2024,7,5,5,0,16.43,4.0,4.0,8.43,4.18,31.1,24.2,Clear,
AO16557,Beta,2024,8,10,10,0,40.0,20.0,8.0,12.0,6.25,30.1,38.6,Clear,
AO16557,Beta,2024,9,4,4,0,13.11,4.0,1.11,8.0,4.39,13.9,37.9,Clear,
AO16557,Beta,2024,10,3,3,0,12.0,4.0,4.0,4.0,9.1,13.1,21.7,Clear,
AO16557,Beta,2024,11,5,5,0,19.939999999999998,15.94,4.0,0.0,4.72,12.6,42.2,Clear,
AO16557,Beta,2024,12,2,2,0,8.0,4.0,0.0,4.0,6.71,2.2,15.5,Rainy,
AO16557,Beta,2025,1,2,2,0,4.5600000000000005,0.0,0.0,4.5600000000000005,4.04,3.7,26.4,Cloudy,
AO16557,Beta,2025,2,3,3,0,10.76,8.0,2.76,0.0,4.79,4.0,5.7,Cloudy,
AO16557,Beta,2025,3,4,4,0,13.05,13.05,0.0,0.0,8.33,15.5,43.8,Cloudy,
AO16557,Beta,2025,4,2,2,0,8.0,4.0,4.0,0.0,5.63,16.6,17.1,Clear,
AO16557,Beta,2025,5,7,7,0,28.0,16.0,8.0,4.0,5.27,16.6,27.6,Clear,
AO16557,Beta,2025,6,3,3,0,9.43,5.43,4.0,0.0,4.63,31.6,7.1,Clear,
AO16557,Beta,2025,7,3,3,0,4.21,3.52,0.0,0.69,5.74,29.2,30.8,Clear,
AO16557,Beta,2025,8,4,4,0,16.0,8.0,4.0,4.0,5.08,30.2,29.5,Clear,
AO16557,Beta,2025,9,1,1,0,4.0,4.0,0.0,0.0,10.31,15.1,40.2,Clear,
AO16557,Beta,2025,10,2,2,0,4.37,0.0,4.0,0.37,5.17,14.2,33.6,Clear,
AO16557,Beta,2025,11,3,3,0,9.780000000000001,1.78,4.0,4.0,2.33,14.2,20.1,Clear,
AO16557,Beta,2025,12,1,1,0,3.67,0.0,3.67,0.0,3.81,1.6,22.1,Cloudy,
AO16557,Beta,2026,1,4,4,0,15.870000000000001,7.87,8.0,0.0,3.18,2.1,7.6,Cloudy,
AO16557,Beta,2026,2,2,2,0,8.0,4.0,4.0,0.0,4.85,2.4,5.5,Rainy,
AO16557,Beta,2026,3,1,1,0,4.0,4.0,0.0,0.0,2.94,16.3,26.4,Clear,
AO16557,Beta,2026,4,2,2,0,8.0,4.0,4.0,0.0,8.48,16.3,43.5,Clear,
AO16557,Beta,2026,5,6,6,0,18.64,9.07,4.0,5.57,5.65,16.0,13.2,Clear,
AO16557,Beta,2026,6,7,7,0,28.0,16.0,4.0,8.0,2.92,30.0,27.3,Clear,
AO16652,Gamma,2021,6,3,3,0,49.93,16.32,33.61,0.0,7.41,29.1,19.9,Clear,
AO16652,Gamma,2021,7,8,8,0,129.64000000000001,28.07,33.58,67.99000000000001,5.08,30.2,11.9,Clear,
AO16652,Gamma,2021,8,6,6,0,102.38000000000001,36.38,47.6,18.4,2.7,29.7,22.9,Clear,
AO16652,Gamma,2021,9,4,4,0,71.03999999999999,36.11,17.46,17.47,6.06,15.2,30.5,Cloudy,
AO16652,Gamma,2021,10,2,2,0,39.32,19.4,0.0,19.92,6.12,16.4,21.6,Cloudy,
AO16652,Gamma,2021,12,1,1,0,20.0,0.0,0.0,20.0,3.97,2.5,13.8,Clear,
AO16652,Gamma,2022,1,2,2,0,30.939999999999998,14.44,16.5,0.0,5.97,3.4,44.8,Cloudy,
AO16652,Gamma,2022,2,3,3,0,47.230000000000004,13.96,33.27,0.0,3.85,2.8,24.5,Cloudy,
AO16652,Gamma,2022,3,1,1,0,19.13,19.13,0.0,0.0,1.44,17.1,38.0,Clear,
AO16652,Gamma,2022,5,1,1,0,15.94,15.94,0.0,0.0,6.98,15.9,14.6,Clear,
AO16652,Gamma,2022,6,2,2,0,31.990000000000002,17.48,14.51,0.0,4.92,30.8,9.8,Clear,
AO16652,Gamma,2022,7,2,2,0,35.69,0.0,0.0,35.69,4.27,29.9,44.0,Clear,
AO16652,Gamma,2022,8,2,2,0,31.35,0.0,0.0,31.35,6.44,29.7,39.4,Clear,
AO16652,Gamma,2022,9,5,5,0,90.19,39.510000000000005,35.61,15.07,4.76,13.5,18.3,Cloudy,
AO16652,Gamma,2022,10,4,4,0,61.74,31.02,14.21,16.51,5.3,15.1,6.8,Clear,
AO16652,Gamma,2022,11,1,1,0,16.02,0.0,0.0,16.02,6.29,14.1,7.7,Rainy,
AO16652,Gamma,2022,12,1,1,0,17.41,0.0,0.0,17.41,4.56,2.8,26.6,Windy,
AO16652,Gamma,2023,2,1,1,0,19.3,19.3,0.0,0.0,6.25,1.2,7.7,Clear,
AO16652,Gamma,2023,3,2,2,0,34.43,34.43,0.0,0.0,6.47,16.8,17.2,Clear,
AO16652,Gamma,2023,4,2,2,0,31.28,13.68,17.6,0.0,8.28,16.0,17.3,Clear,
AO16652,Gamma,2023,5,2,2,0,35.68,17.94,0.0,17.74,5.4,14.7,41.0,Clear,
AO16652,Gamma,2023,6,6,6,0,101.21,69.44,15.7,16.07,5.42,30.7,38.8,Clear,
AO16652,Gamma,2023,7,2,2,0,30.86,15.28,15.58,0.0,3.42,29.6,21.9,Clear,
AO16652,Gamma,2023,8,1,1,0,19.63,19.63,0.0,0.0,6.24,29.7,21.2,Clear,
AO16652,Gamma,2023,9,1,1,0,18.68,0.0,18.68,0.0,5.31,14.3,7.8,Cloudy,
AO16652,Gamma,2023,10,1,1,0,16.91,0.0,16.91,0.0,7.54,15.1,17.6,Clear,
AO16652,Gamma,2023,12,1,1,0,12.76,12.76,0.0,0.0,6.47,3.1,28.9,Windy,
AO16652,Gamma,2024,1,2,2,0,32.11,17.48,14.63,0.0,6.46,1.5,7.6,Cloudy,
AO16652,Gamma,2024,3,3,3,0,49.7,15.79,33.91,0.0,3.43,13.7,13.7,Cloudy,
AO16652,Gamma,2024,4,4,4,0,67.42,67.42,0.0,0.0,8.88,14.4,37.2,Clear,
AO16652,Gamma,2024,6,1,1,0,20.0,20.0,0.0,0.0,3.26,31.2,31.2,Clear,
AO16652,Gamma,2024,7,2,2,0,32.629999999999995,32.629999999999995,0.0,0.0,4.28,29.5,14.9,Clear,
AO16652,Gamma,2024,8,4,4,0,61.4,29.12,14.03,18.25,5.87,30.1,43.0,Clear,
AO16652,Gamma,2024,9,1,1,0,18.36,0.0,18.36,0.0,3.82,14.5,23.0,Cloudy,
AO16652,Gamma,2024,10,1,1,0,15.61,0.0,15.61,0.0,5.33,13.6,29.4,Rainy,
AO16652,Gamma,2025,2,2,2,0,37.41,37.41,0.0,0.0,6.84,2.3,10.7,Clear,
AO16652,Gamma,2025,5,5,5,0,87.39,51.86,35.53,0.0,4.38,16.4,32.5,Clear,
AO16652,Gamma,2025,6,1,1,0,19.22,0.0,0.0,19.22,5.18,31.1,15.4,Clear,
AO16652,Gamma,2025,8,1,1,0,13.93,0.0,13.93,0.0,5.21,29.8,34.0,Clear,
AO16652,Gamma,2025,9,2,2,0,31.939999999999998,13.74,18.2,0.0,2.74,13.7,6.5,Rainy,
AO16652,Gamma,2025,10,1,1,0,16.63,0.0,16.63,0.0,5.08,15.7,20.5,Cloudy,
AO16652,Gamma,2025,11,2,2,0,30.43,16.52,13.91,0.0,5.85,14.3,42.2,Clear,
AO16652,Gamma,2026,5,1,1,0,19.21,19.21,0.0,0.0,8.24,14.6,18.5,Clear,
AO16652,Gamma,2026,6,1,1,0,18.36,0.0,18.36,0.0,6.23,29.9,19.1,Clear,
AO16664,Beta,2024,8,7,7,0,25.29,12.0,13.29,0.0,3.22,30.1,5.0,Clear,
AO16664,Beta,2024,9,7,7,0,24.62,12.0,12.0,0.62,6.11,13.9,22.9,Clear,
AO16664,Beta,2024,10,3,3,0,11.98,3.98,0.0,8.0,6.2,13.1,25.7,Clear,
AO16664,Beta,2025,1,2,2,0,8.0,4.0,4.0,0.0,6.96,3.7,30.9,Cloudy,
AO16664,Beta,2025,2,2,2,0,8.0,8.0,0.0,0.0,4.1,4.0,20.3,Cloudy,
AO16664,Beta,2025,3,2,2,0,8.0,4.0,0.0,4.0,3.54,15.5,26.4,Cloudy,
AO16664,Beta,2025,4,2,2,0,6.37,0.0,0.0,6.37,2.98,16.6,35.1,Clear,
AO16664,Beta,2025,6,1,1,0,1.17,0.0,0.0,1.17,3.19,31.6,31.2,Clear,
AO16664,Beta,2025,7,5,5,0,20.0,16.0,4.0,0.0,5.81,29.2,32.5,Clear,
AO16664,Beta,2025,8,2,2,0,4.07,0.07,4.0,0.0,8.03,30.2,43.0,Clear,
AO16664,Beta,2025,10,4,4,0,14.59,6.970000000000001,3.62,4.0,5.36,14.2,37.4,Clear,
AO16664,Beta,2025,11,3,3,0,10.870000000000001,2.87,4.0,4.0,5.31,14.2,7.7,Clear,
AO16664,Beta,2025,12,1,1,0,4.0,0.0,4.0,0.0,3.5,1.6,10.9,Cloudy,
AO16664,Beta,2026,1,4,4,0,12.43,4.43,8.0,0.0,4.43,2.1,25.3,Cloudy,
AO16664,Beta,2026,2,2,2,0,6.37,2.37,0.0,4.0,0.45,2.4,26.3,Rainy,
AO16664,Beta,2026,3,1,1,0,4.0,4.0,0.0,0.0,4.52,16.3,30.4,Clear,
AO16664,Beta,2026,4,3,3,0,9.66,9.66,0.0,0.0,3.94,16.3,29.8,Clear,
AO16664,Beta,2026,5,6,6,0,19.990000000000002,4.0,0.0,15.99,3.44,16.0,20.8,Clear,
AO16664,Beta,2026,6,6,6,0,21.95,14.24,7.71,0.0,4.52,30.0,43.7,Clear,
AO16860,Gamma,2023,11,9,9,0,31.04,13.89,4.0,13.15,2.63,15.7,35.7,Clear,
AO16860,Gamma,2023,12,5,5,0,15.52,4.76,6.76,4.0,3.95,3.1,19.3,Windy,
AO16860,Gamma,2024,1,6,6,0,20.63,4.0,12.629999999999999,4.0,8.09,1.5,19.0,Cloudy,
AO16860,Gamma,2024,2,5,5,0,20.0,0.0,20.0,0.0,4.75,1.9,35.1,Clear,
AO16860,Gamma,2024,3,5,5,0,17.14,12.0,1.14,4.0,6.51,13.7,9.9,Cloudy,
AO16860,Gamma,2024,4,10,10,0,37.01,29.009999999999998,4.0,4.0,6.3,14.4,13.8,Clear,
AO16860,Gamma,2024,5,10,10,0,35.68,16.0,12.06,7.62,7.86,17.0,20.7,Clear,
AO16860,Gamma,2024,6,6,6,0,22.5,6.5,4.0,12.0,5.81,31.2,13.4,Clear,
AO16860,Gamma,2024,7,6,6,0,21.75,4.0,8.0,9.75,4.29,29.5,25.0,Clear,
AO16860,Gamma,2024,8,9,9,0,26.52,15.45,7.07,4.0,5.86,30.1,23.6,Clear,
AO16860,Gamma,2024,9,7,7,0,26.8,6.8,8.0,12.0,3.38,14.5,16.7,Cloudy,
AO16860,Gamma,2024,10,4,4,0,14.08,7.57,6.51,0.0,2.76,13.6,28.7,Rainy,
AO16860,Gamma,2024,11,3,3,0,12.0,8.0,4.0,0.0,6.48,14.5,39.0,Cloudy,
AO16860,Gamma,2024,12,1,1,0,4.0,0.0,4.0,0.0,5.87,3.2,31.4,Cloudy,
AO16860,Gamma,2025,1,5,5,0,20.0,12.0,4.0,4.0,6.47,3.0,20.2,Rainy,
AO16860,Gamma,2025,3,3,3,0,12.0,0.0,12.0,0.0,7.93,17.2,36.0,Rainy,
AO16860,Gamma,2025,4,4,4,0,12.76,8.0,4.76,0.0,6.69,15.2,31.3,Clear,
AO16860,Gamma,2025,5,11,11,0,41.58,21.58,12.0,8.0,4.68,16.4,39.0,Clear,
AO16860,Gamma,2025,6,10,10,0,37.42,12.0,12.0,13.42,7.22,31.1,40.5,Clear,
AO16860,Gamma,2025,7,7,7,0,26.41,10.41,12.0,4.0,2.3,29.2,11.9,Clear,
AO16860,Gamma,2025,8,5,5,0,17.939999999999998,4.0,4.0,9.94,7.39,29.8,17.7,Clear,
AO16860,Gamma,2025,9,9,9,0,32.5,9.33,19.17,4.0,6.54,13.7,29.6,Rainy,
AO16860,Gamma,2025,10,7,7,0,22.08,10.08,8.0,4.0,4.46,15.7,15.5,Cloudy,
AO16860,Gamma,2025,11,4,4,0,12.69,8.0,0.0,4.6899999999999995,2.49,14.3,40.5,Clear,
AO16860,Gamma,2025,12,3,3,0,12.0,4.0,4.0,4.0,3.3,2.7,11.9,Cloudy,
AO16860,Gamma,2026,1,2,2,0,5.78,4.0,0.0,1.78,3.29,3.3,40.2,Cloudy,
AO16860,Gamma,2026,2,5,5,0,15.56,4.0,6.54,5.02,4.15,3.5,11.2,Windy,
AO16860,Gamma,2026,3,4,4,0,15.58,7.58,4.0,4.0,7.02,15.4,23.4,Cloudy,
AO16860,Gamma,2026,4,4,4,0,9.79,0.0,4.0,5.79,4.02,15.5,6.0,Clear,
AO16860,Gamma,2026,5,5,5,0,20.0,20.0,0.0,0.0,1.99,14.6,32.4,Clear,
AO16860,Gamma,2026,6,10,10,0,34.41,4.9399999999999995,21.47,8.0,6.76,29.9,38.4,Clear,
AO16958,Gamma,2021,6,2,2,0,34.69,16.46,0.0,18.23,6.61,29.1,33.4,Clear,
AO16958,Gamma,2021,7,3,3,0,55.24,55.24,0.0,0.0,6.1,30.2,14.1,Clear,
AO16958,Gamma,2021,8,6,6,0,98.2,26.78,17.87,53.55,4.28,29.7,33.4,Clear,
AO16958,Gamma,2021,9,5,5,0,87.37,50.94,0.0,36.43,1.69,15.2,12.2,Cloudy,
AO16958,Gamma,2021,11,1,1,0,17.36,0.0,0.0,17.36,9.24,13.9,34.0,Clear,
AO16958,Gamma,2022,1,1,1,0,17.52,0.0,17.52,0.0,3.41,3.4,35.5,Cloudy,
AO16958,Gamma,2022,4,1,1,0,15.47,0.0,15.47,0.0,6.52,16.4,17.9,Cloudy,
AO16958,Gamma,2022,5,4,4,0,63.05,34.89,14.57,13.59,6.13,15.9,6.6,Clear,
AO16958,Gamma,2022,6,3,3,0,51.41,18.65,32.76,0.0,4.66,30.8,43.0,Clear,
AO16958,Gamma,2022,7,2,2,0,33.71,18.46,15.25,0.0,3.9,29.9,11.7,Clear,
AO16958,Gamma,2022,8,2,2,0,29.68,13.6,0.0,16.08,7.46,29.7,17.6,Clear,
AO16958,Gamma,2022,9,1,1,0,17.46,0.0,0.0,17.46,1.06,13.5,26.0,Cloudy,
AO16958,Gamma,2022,10,1,1,0,19.04,0.0,0.0,19.04,8.93,15.1,16.3,Clear,
AO16958,Gamma,2023,1,1,1,0,16.12,0.0,16.12,0.0,2.72,3.7,27.6,Clear,
AO16958,Gamma,2023,3,1,1,0,19.25,0.0,19.25,0.0,5.56,16.8,9.9,Clear,
AO16958,Gamma,2023,4,2,2,0,31.380000000000003,14.53,0.0,16.85,3.33,16.0,12.7,Clear,
AO16958,Gamma,2023,5,4,4,0,70.22,19.45,0.0,50.769999999999996,3.34,14.7,27.6,Clear,
AO16958,Gamma,2023,6,1,1,0,12.48,0.0,0.0,12.48,6.37,30.7,38.7,Clear,
AO16958,Gamma,2023,7,6,6,0,105.6,34.21,53.25,18.14,3.83,29.6,34.3,Clear,
AO16958,Gamma,2023,8,2,2,0,35.01,0.0,17.7,17.31,6.02,29.7,37.8,Clear,
AO16958,Gamma,2023,9,1,1,0,15.26,15.26,0.0,0.0,3.84,14.3,35.0,Cloudy,
AO16958,Gamma,2023,10,2,2,0,35.74,0.0,35.74,0.0,4.65,15.1,9.1,Clear,
AO16958,Gamma,2024,2,1,1,0,16.39,0.0,16.39,0.0,5.5,1.9,28.0,Clear,
AO16958,Gamma,2024,7,2,2,0,32.76,0.0,15.85,16.91,4.32,29.5,12.5,Clear,
AO16958,Gamma,2024,8,2,2,0,36.72,36.72,0.0,0.0,5.93,30.1,35.0,Clear,
AO16958,Gamma,2024,10,1,1,0,13.02,13.02,0.0,0.0,8.37,13.6,36.6,Rainy,
AO16958,Gamma,2024,12,1,1,0,18.78,0.0,18.78,0.0,3.28,3.2,28.9,Cloudy,
AO16958,Gamma,2025,1,1,1,0,18.53,18.53,0.0,0.0,3.99,3.0,29.2,Rainy,
AO16958,Gamma,2025,7,1,1,0,18.86,0.0,18.86,0.0,3.76,29.2,12.7,Clear,
AO16958,Gamma,2025,9,2,2,0,28.549999999999997,0.0,13.62,14.93,2.89,13.7,35.2,Rainy,
AO16958,Gamma,2025,10,1,1,0,19.02,0.0,19.02,0.0,5.98,15.7,33.3,Cloudy,
AO16958,Gamma,2026,2,2,2,0,39.239999999999995,19.24,0.0,20.0,4.15,3.5,22.2,Windy,
AO16958,Gamma,2026,3,2,2,0,36.35,36.35,0.0,0.0,6.21,15.4,20.2,Cloudy,
AO16958,Gamma,2026,4,1,1,0,16.42,0.0,0.0,16.42,5.83,15.5,44.5,Clear,
AO16958,Gamma,2026,5,1,1,0,18.22,18.22,0.0,0.0,4.16,14.6,5.5,Clear,
AO16958,Gamma,2026,6,2,2,0,34.66,15.2,19.46,0.0,3.59,29.9,23.5,Clear,
AO17015,Delta,2023,3,1,1,0,17.51,0.0,17.51,0.0,1.43,17.2,15.8,Clear,
AO17015,Delta,2023,4,2,2,0,38.3,19.32,0.0,18.98,5.52,14.2,28.4,Clear,
AO17015,Delta,2023,5,4,4,0,67.4,14.1,53.3,0.0,4.7,15.4,35.6,Clear,
AO17015,Delta,2023,6,5,5,0,89.72,73.35,0.0,16.37,7.83,29.3,39.3,Clear,
AO17015,Delta,2023,7,4,4,0,66.61,0.0,66.61,0.0,2.77,28.8,8.8,Clear,
AO17015,Delta,2023,8,1,1,0,14.99,14.99,0.0,0.0,6.67,29.4,41.0,Clear,
AO17015,Delta,2023,9,1,1,0,20.0,0.0,20.0,0.0,4.3,14.3,43.8,Cloudy,
AO17015,Delta,2023,10,3,3,0,49.28,20.0,15.25,14.03,1.76,13.4,5.8,Clear,
AO17015,Delta,2023,11,3,3,0,46.6,16.68,29.92,0.0,6.01,16.2,9.6,Clear,
AO17015,Delta,2023,12,1,1,0,16.47,0.0,16.47,0.0,4.36,3.9,31.1,Clear,
AO17015,Delta,2024,1,2,2,0,34.66,17.66,17.0,0.0,5.75,4.6,6.0,Windy,
AO17015,Delta,2024,2,1,1,0,18.61,0.0,18.61,0.0,5.51,1.6,8.2,Cloudy,
AO17015,Delta,2024,3,1,1,0,17.2,0.0,17.2,0.0,6.22,14.7,37.6,Clear,
AO17015,Delta,2024,4,3,3,0,54.71,17.61,37.1,0.0,2.72,16.0,22.5,Clear,
AO17015,Delta,2024,5,1,1,0,16.39,16.39,0.0,0.0,2.46,14.5,36.1,Clear,
AO17015,Delta,2024,6,2,2,0,36.45,18.8,17.65,0.0,2.02,31.1,15.8,Clear,
AO17015,Delta,2024,7,1,1,0,17.82,0.0,17.82,0.0,5.55,30.4,44.4,Clear,
AO17015,Delta,2024,9,3,3,0,53.98,17.2,36.78,0.0,6.6,14.1,13.4,Cloudy,
AO17015,Delta,2024,10,1,1,0,19.04,19.04,0.0,0.0,4.06,13.7,37.1,Cloudy,
AO17015,Delta,2024,11,2,2,0,34.98,0.0,16.4,18.58,1.39,14.5,10.1,Cloudy,
AO17015,Delta,2025,1,1,1,0,18.04,0.0,18.04,0.0,7.63,2.8,16.7,Windy,
AO17015,Delta,2025,2,2,2,0,34.17,0.0,34.17,0.0,2.96,2.2,12.6,Rainy,
AO17015,Delta,2025,3,1,1,0,20.0,20.0,0.0,0.0,3.83,14.4,24.5,Clear,
AO17015,Delta,2025,4,1,1,0,18.93,18.93,0.0,0.0,3.87,16.7,17.7,Clear,
AO17015,Delta,2025,5,2,2,0,34.54,15.96,0.0,18.58,4.58,15.5,21.8,Clear,
AO17015,Delta,2025,8,1,1,0,14.85,14.85,0.0,0.0,4.65,30.5,20.4,Clear,
AO17015,Delta,2025,9,1,1,0,16.6,0.0,16.6,0.0,4.91,14.0,22.7,Cloudy,
AO17015,Delta,2025,12,1,1,0,17.4,17.4,0.0,0.0,7.22,2.5,44.3,Windy,
AO17015,Delta,2026,1,2,2,0,31.58,15.95,15.63,0.0,4.99,2.4,15.2,Cloudy,
AO17015,Delta,2026,5,2,2,0,35.22,17.68,0.0,17.54,8.77,16.5,37.3,Clear,
AO17015,Delta,2026,6,1,1,0,17.0,0.0,17.0,0.0,1.86,30.9,36.8,Clear,
AO17018,Alpha,2021,1,1,1,0,17.1,0.0,17.1,0.0,2.87,4.0,31.9,Clear,
AO17018,Alpha,2021,3,2,2,0,35.510000000000005,0.0,35.510000000000005,0.0,5.8,17.1,27.2,Clear,
AO17018,Alpha,2021,4,6,6,0,90.55000000000001,44.410000000000004,0.0,46.14,4.33,16.4,10.0,Clear,
AO17018,Alpha,2021,5,3,3,0,47.55,0.0,47.55,0.0,6.44,16.9,13.7,Clear,
AO17018,Alpha,2021,6,2,2,0,34.870000000000005,16.39,18.48,0.0,6.62,30.4,34.5,Clear,
AO17018,Alpha,2021,7,2,2,0,36.57,19.98,16.59,0.0,1.61,28.0,23.6,Clear,
AO17018,Alpha,2021,8,6,6,0,106.59,70.37,16.22,20.0,5.15,29.2,37.5,Clear,
AO17018,Alpha,2021,9,3,3,0,55.75,18.04,18.51,19.2,5.55,14.0,12.3,Cloudy,
AO17018,Alpha,2021,10,3,3,0,48.53,17.43,16.85,14.25,4.31,12.5,44.6,Rainy,
AO17018,Alpha,2021,11,2,2,0,33.82,33.82,0.0,0.0,5.3,14.3,5.8,Clear,
AO17018,Alpha,2021,12,1,1,0,20.0,0.0,20.0,0.0,6.08,3.6,37.3,Clear,
AO17018,Alpha,2022,2,2,2,0,38.59,18.68,19.91,0.0,1.0,4.4,23.9,Clear,
AO17018,Alpha,2022,3,1,1,0,19.89,0.0,19.89,0.0,7.01,17.6,17.8,Cloudy,
AO17018,Alpha,2022,4,1,1,0,16.82,0.0,16.82,0.0,9.67,15.4,27.5,Clear,
AO17018,Alpha,2022,5,3,3,0,53.09,18.2,34.89,0.0,2.54,16.4,34.7,Clear,
AO17018,Alpha,2022,6,2,2,0,33.35,0.0,16.66,16.69,6.65,28.9,6.0,Clear,
AO17018,Alpha,2022,8,1,1,0,17.82,17.82,0.0,0.0,7.94,31.5,18.7,Clear,
AO17018,Alpha,2022,9,4,4,0,64.78999999999999,31.13,0.0,33.66,3.97,13.0,28.6,Cloudy,
AO17018,Alpha,2022,10,4,4,0,71.86,38.04,13.82,20.0,5.59,13.2,5.7,Clear,
AO17018,Alpha,2022,11,1,1,0,15.1,0.0,15.1,0.0,3.78,14.5,30.0,Cloudy,
AO17018,Alpha,2022,12,1,1,0,15.53,15.53,0.0,0.0,0.0,3.3,6.0,Clear,
AO17018,Alpha,2023,2,1,1,0,16.97,0.0,16.97,0.0,7.28,2.1,25.8,Cloudy,
AO17018,Alpha,2023,4,1,1,0,18.0,18.0,0.0,0.0,4.58,16.2,25.4,Clear,
AO17018,Alpha,2023,5,1,1,0,18.05,0.0,0.0,18.05,0.79,16.3,25.1,Clear,
AO17018,Alpha,2023,6,3,3,0,48.760000000000005,33.39,0.0,15.37,4.32,30.7,37.2,Clear,
AO17018,Alpha,2023,8,1,1,0,19.5,0.0,19.5,0.0,3.61,28.2,21.2,Clear,
AO17018,Alpha,2023,11,1,1,0,17.2,0.0,0.0,17.2,1.67,13.3,20.9,Cloudy,
AO17018,Alpha,2023,12,1,1,0,17.42,0.0,17.42,0.0,6.04,3.0,41.4,Rainy,
AO17018,Alpha,2024,2,1,1,0,17.07,17.07,0.0,0.0,4.84,2.0,10.3,Clear,
AO17018,Alpha,2024,3,1,1,0,17.31,17.31,0.0,0.0,6.77,16.4,16.6,Cloudy,
AO17018,Alpha,2024,4,1,1,0,18.18,18.18,0.0,0.0,2.51,16.7,29.4,Clear,
AO17018,Alpha,2024,6,1,1,0,15.14,0.0,15.14,0.0,5.75,30.3,15.1,Clear,
AO17018,Alpha,2024,7,3,3,0,52.6,15.88,17.55,19.17,4.05,29.5,27.3,Clear,
AO17018,Alpha,2025,5,1,1,0,19.35,0.0,0.0,19.35,0.81,16.4,5.9,Clear,
AO17018,Alpha,2025,8,1,1,0,20.0,0.0,20.0,0.0,3.03,31.3,38.3,Clear,
AO17018,Alpha,2025,12,2,2,0,30.02,0.0,15.53,14.49,3.32,3.9,40.6,Rainy,
AO17018,Alpha,2026,6,1,1,0,12.93,0.0,0.0,12.93,7.05,28.3,40.0,Clear,
AO17072,Gamma,2022,3,10,10,0,62.51,37.86,7.37,17.28,5.38,17.1,30.3,Clear,
AO17072,Gamma,2022,4,12,12,0,70.09,30.259999999999998,27.83,12.0,8.41,16.4,8.3,Cloudy,
AO17072,Gamma,2022,5,26,26,0,176.91,80.91,36.0,60.0,6.32,15.9,10.0,Clear,
AO17072,Gamma,2022,6,20,20,0,77.5,40.0,29.5,8.0,1.42,30.8,15.8,Clear,
AO17072,Gamma,2022,7,22,22,0,82.77,40.2,18.57,24.0,3.06,29.9,17.5,Clear,
AO17072,Gamma,2022,8,20,20,0,75.75,19.75,32.0,24.0,8.6,29.7,5.5,Clear,
AO17072,Gamma,2022,9,16,16,0,59.15,17.22,17.93,24.0,7.86,13.5,43.1,Cloudy,
AO17072,Gamma,2022,10,12,12,0,44.6,16.6,8.0,20.0,5.73,15.1,5.9,Clear,
AO17072,Gamma,2022,11,9,9,0,35.85,24.0,3.85,8.0,3.63,14.1,28.6,Rainy,
AO17072,Gamma,2022,12,7,7,0,23.65,2.24,12.0,9.41,3.13,2.8,33.1,Windy,
AO17072,Gamma,2023,1,3,3,0,12.0,4.0,8.0,0.0,5.09,3.7,19.3,Clear,
AO17072,Gamma,2023,2,7,7,0,26.48,16.0,10.48,0.0,4.61,1.2,40.9,Clear,
AO17072,Gamma,2023,3,11,11,0,43.87,16.0,16.0,11.870000000000001,4.25,16.8,11.9,Clear,
AO17072,Gamma,2023,4,17,17,0,65.77,24.0,16.0,25.77,3.58,16.0,39.5,Clear,
AO17072,Gamma,2023,5,22,22,0,84.81,39.24,19.75,25.82,0.37,14.7,38.2,Clear,
AO17072,Gamma,2023,6,19,19,0,62.21,33.66,15.7,12.850000000000001,3.39,30.7,29.7,Clear,
AO17072,Gamma,2023,7,25,25,0,94.74,22.59,46.01,26.14,5.28,29.6,33.3,Clear,
AO17072,Gamma,2023,8,15,15,0,53.730000000000004,16.0,23.990000000000002,13.74,5.94,29.7,25.5,Clear,
AO17072,Gamma,2023,9,14,14,0,50.44,31.17,15.27,4.0,2.9,14.3,27.3,Cloudy,
AO17072,Gamma,2023,10,10,10,0,38.9,16.0,16.0,6.9,0.9,15.1,25.1,Clear,
AO17072,Gamma,2023,11,5,5,0,20.0,8.0,4.0,8.0,2.98,15.7,27.1,Clear,
AO17072,Gamma,2023,12,7,7,0,25.58,9.58,12.0,4.0,4.19,3.1,43.3,Windy,
AO17072,Gamma,2024,1,8,8,0,29.48,17.48,12.0,0.0,5.99,1.5,22.1,Cloudy,
AO17072,Gamma,2024,2,4,4,0,13.780000000000001,0.0,9.780000000000001,4.0,6.15,1.9,10.6,Clear,
AO17072,Gamma,2024,3,2,2,0,8.0,4.0,0.0,4.0,2.21,13.7,13.7,Cloudy,
AO17072,Gamma,2024,4,5,5,0,19.94,15.94,0.0,4.0,7.16,14.4,23.3,Clear,
AO17072,Gamma,2024,5,6,6,0,23.86,11.86,4.0,8.0,2.82,17.0,44.0,Clear,
AO17072,Gamma,2024,6,5,5,0,17.52,13.52,0.0,4.0,1.54,31.2,12.5,Clear,
AO17072,Gamma,2024,7,5,5,0,20.0,12.0,0.0,8.0,9.69,29.5,6.7,Clear,
AO17072,Gamma,2024,8,7,7,0,25.1,13.1,12.0,0.0,0.0,30.1,24.3,Clear,
AO17072,Gamma,2024,9,6,6,0,20.85,8.0,12.85,0.0,8.31,14.5,22.2,Cloudy,
AO17072,Gamma,2024,10,2,2,0,8.0,4.0,4.0,0.0,5.4,13.6,9.3,Rainy,
AO17072,Gamma,2024,11,2,2,0,3.91,0.0,3.31,0.6,1.48,14.5,43.9,Cloudy,
AO17072,Gamma,2024,12,3,3,0,9.4,3.19,6.21,0.0,8.99,3.2,27.4,Cloudy,
AO17072,Gamma,2025,1,1,1,0,4.0,0.0,0.0,4.0,4.16,3.0,21.1,Rainy,
AO17072,Gamma,2025,2,2,2,0,8.0,8.0,0.0,0.0,5.12,2.3,40.2,Clear,
AO17072,Gamma,2025,3,2,2,0,8.0,0.0,8.0,0.0,7.26,17.2,24.0,Rainy,
AO17072,Gamma,2025,4,8,8,0,32.0,12.0,16.0,4.0,4.42,15.2,25.6,Clear,
AO17072,Gamma,2025,5,12,12,0,46.05,31.310000000000002,8.0,6.74,8.36,16.4,26.6,Clear,
AO17072,Gamma,2025,6,7,7,0,25.45,9.45,0.0,16.0,2.27,31.1,16.3,Clear,
AO17072,Gamma,2025,7,4,4,0,7.02,4.38,1.97,0.67,4.1,29.2,31.6,Clear,
AO17072,Gamma,2025,8,6,6,0,22.79,7.640000000000001,3.15,12.0,3.92,29.8,6.6,Clear,
AO17072,Gamma,2025,9,9,9,0,29.73,10.53,15.2,4.0,8.37,13.7,29.0,Rainy,
AO17072,Gamma,2025,10,9,9,0,31.72,12.0,8.629999999999999,11.09,4.34,15.7,33.3,Cloudy,
AO17072,Gamma,2025,11,5,5,0,14.879999999999999,0.52,4.0,10.36,5.83,14.3,8.1,Clear,
AO17072,Gamma,2025,12,1,1,0,4.0,0.0,0.0,4.0,7.24,2.7,37.3,Cloudy,
AO17072,Gamma,2026,1,2,2,0,8.0,4.0,4.0,0.0,0.63,3.3,28.4,Cloudy,
AO17072,Gamma,2026,2,2,2,0,8.0,0.0,4.0,4.0,4.37,3.5,11.7,Windy,
AO17072,Gamma,2026,3,3,3,0,12.0,4.0,8.0,0.0,1.79,15.4,38.3,Cloudy,
AO17072,Gamma,2026,4,4,4,0,13.77,0.0,4.0,9.77,4.28,15.5,11.3,Clear,
AO17072,Gamma,2026,5,1,1,0,2.71,2.71,0.0,0.0,5.53,14.6,8.7,Clear,
AO17072,Gamma,2026,6,6,6,0,20.73,4.0,15.2,1.53,4.49,29.9,20.1,Clear,
AO17098,Sigma,2024,10,1,1,0,17.65,17.65,0.0,0.0,5.5,13.5,9.8,Clear,
AO17098,Sigma,2024,12,1,1,0,18.01,0.0,0.0,18.01,3.25,4.0,22.5,Rainy,
AO17098,Sigma,2025,2,1,1,0,18.69,0.0,18.69,0.0,6.62,4.7,6.2,Clear,
AO17098,Sigma,2025,4,1,1,0,20.0,20.0,0.0,0.0,5.39,16.3,27.1,Clear,
AO17098,Sigma,2025,5,1,1,0,13.66,0.0,0.0,13.66,1.62,14.9,35.5,Clear,
AO17098,Sigma,2025,6,1,1,0,19.68,0.0,0.0,19.68,5.22,29.6,31.5,Clear,
AO17098,Sigma,2025,10,1,1,0,19.23,0.0,19.23,0.0,3.75,14.5,28.8,Clear,
AO17098,Sigma,2025,11,1,1,0,19.69,19.69,0.0,0.0,4.95,13.9,22.7,Clear,
AO17098,Sigma,2025,12,2,2,0,36.7,36.7,0.0,0.0,2.53,2.4,25.3,Cloudy,
AO17098,Sigma,2026,1,1,1,0,16.21,0.0,0.0,16.21,2.09,3.4,43.9,Cloudy,
AO17098,Sigma,2026,3,1,1,0,16.92,0.0,16.92,0.0,5.54,15.9,19.1,Clear,
AO17162,Beta,2021,11,9,9,0,97.99,37.85,60.14,0.0,4.01,13.3,34.5,Clear,
AO17162,Beta,2021,12,6,6,0,68.36,21.74,46.62,0.0,4.63,3.0,41.2,Clear,
AO17162,Beta,2022,1,7,7,0,41.06,33.06,4.0,4.0,5.63,2.7,5.5,Clear,
AO17162,Beta,2022,2,10,10,0,76.13,20.0,48.13,8.0,2.27,3.5,37.7,Rainy,
AO17162,Beta,2022,3,10,10,0,74.5,13.03,54.21,7.26,2.94,17.3,39.4,Clear,
AO17162,Beta,2022,4,8,8,0,59.65,12.15,23.5,24.0,7.54,14.5,20.8,Clear,
AO17162,Beta,2022,5,20,20,0,111.5,40.0,27.59,43.91,4.54,16.3,14.7,Cloudy,
AO17162,Beta,2022,6,17,17,0,81.06,20.0,45.06,16.0,6.03,28.5,16.4,Clear,
AO17162,Beta,2022,7,26,26,0,116.45,63.45,21.0,32.0,4.74,29.6,25.7,Clear,
AO17162,Beta,2022,8,15,15,0,84.38,24.6,55.53,4.25,4.62,29.6,37.8,Clear,
AO17162,Beta,2022,9,19,19,0,74.15,43.11,12.0,19.04,3.88,14.8,6.8,Clear,
AO17162,Beta,2022,10,5,5,0,20.0,4.0,4.0,12.0,5.5,14.9,37.1,Clear,
AO17162,Beta,2022,11,2,2,0,8.0,0.0,4.0,4.0,9.93,12.8,32.3,Cloudy,
AO17162,Beta,2022,12,5,5,0,18.85,8.0,6.85,4.0,7.32,3.1,41.3,Cloudy,
AO17162,Beta,2023,1,8,8,0,32.0,16.0,8.0,8.0,5.14,3.7,40.2,Cloudy,
AO17162,Beta,2023,2,7,7,0,25.32,4.0,17.32,4.0,3.23,2.5,37.9,Rainy,
AO17162,Beta,2023,3,4,4,0,8.53,0.0,8.53,0.0,5.54,15.6,18.6,Cloudy,
AO17162,Beta,2023,4,12,12,0,46.42,24.0,14.42,8.0,4.92,17.0,44.3,Clear,
AO17162,Beta,2023,5,10,10,0,40.0,16.0,16.0,8.0,8.37,16.9,9.0,Clear,
AO17162,Beta,2023,6,13,13,0,50.27,20.0,11.81,18.46,4.54,30.5,10.6,Clear,
AO17162,Beta,2023,7,10,10,0,35.48,12.120000000000001,11.36,12.0,6.93,30.2,26.0,Clear,
AO17162,Beta,2023,8,10,10,0,36.3,16.3,20.0,0.0,9.02,29.9,29.7,Clear,
AO17162,Beta,2023,9,9,9,0,32.43,19.29,10.07,3.07,5.41,14.6,38.0,Cloudy,
AO17162,Beta,2023,10,11,11,0,43.18,23.18,4.0,16.0,1.66,12.7,41.4,Clear,
AO17162,Beta,2023,11,6,6,0,24.0,12.0,4.0,8.0,4.96,15.6,15.4,Clear,
AO17162,Beta,2023,12,9,9,0,27.49,16.0,4.34,7.15,6.4,1.6,26.2,Clear,
AO17162,Beta,2024,1,3,3,0,10.82,0.0,2.82,8.0,5.75,3.1,41.0,Windy,
AO17162,Beta,2024,2,3,3,0,12.0,0.0,12.0,0.0,4.13,2.3,15.7,Cloudy,
AO17162,Beta,2024,3,7,7,0,22.65,10.649999999999999,0.0,12.0,6.73,16.7,17.5,Clear,
AO17162,Beta,2024,4,11,11,0,38.76,14.27,8.0,16.490000000000002,5.45,17.3,14.4,Clear,
AO17162,Beta,2024,5,8,8,0,22.9,12.0,2.6100000000000003,8.29,5.01,15.8,8.4,Clear,
AO17162,Beta,2024,6,5,5,0,17.7,13.7,4.0,0.0,4.23,30.9,25.3,Clear,
AO17162,Beta,2024,7,3,3,0,10.08,6.08,0.0,4.0,4.41,31.1,30.8,Clear,
AO17162,Beta,2024,8,9,9,0,30.689999999999998,17.57,4.0,9.120000000000001,3.67,30.1,24.2,Clear,
AO17162,Beta,2024,9,6,6,0,22.259999999999998,8.0,14.26,0.0,7.2,13.9,25.6,Clear,
AO17162,Beta,2024,10,3,3,0,8.96,4.0,0.0,4.96,4.41,13.1,43.8,Clear,
AO17162,Beta,2024,11,3,3,0,10.24,4.0,2.24,4.0,1.53,12.6,28.8,Clear,
AO17162,Beta,2024,12,1,1,0,4.0,4.0,0.0,0.0,5.9,2.2,39.6,Rainy,
AO17162,Beta,2025,1,5,5,0,20.0,12.0,0.0,8.0,6.36,3.7,31.6,Cloudy,
AO17162,Beta,2025,2,3,3,0,9.58,5.58,4.0,0.0,3.81,4.0,11.3,Cloudy,
AO17162,Beta,2025,3,5,5,0,12.6,8.0,0.0,4.6,8.93,15.5,41.5,Cloudy,
AO17162,Beta,2025,4,4,4,0,9.59,1.5899999999999999,4.0,4.0,1.82,16.6,12.9,Clear,
AO17162,Beta,2025,5,8,8,0,27.96,16.0,10.66,1.3,3.59,16.6,11.7,Clear,
AO17162,Beta,2025,6,5,5,0,20.0,12.0,4.0,4.0,1.84,31.6,19.3,Clear,
AO17162,Beta,2025,7,9,9,0,34.54,22.54,8.0,4.0,2.34,29.2,44.2,Clear,
AO17162,Beta,2025,8,7,7,0,24.71,8.0,16.0,0.71,3.35,30.2,7.0,Clear,
AO17162,Beta,2025,9,4,4,0,14.49,4.0,10.49,0.0,3.06,15.1,26.4,Clear,
AO17162,Beta,2025,10,1,1,0,4.0,0.0,0.0,4.0,6.98,14.2,22.1,Clear,
AO17162,Beta,2025,11,1,1,0,4.0,0.0,4.0,0.0,1.92,14.2,22.7,Clear,
AO17162,Beta,2025,12,2,2,0,4.57,0.0,0.0,4.57,5.67,1.6,38.1,Cloudy,
AO17162,Beta,2026,1,2,2,0,8.0,4.0,4.0,0.0,9.27,2.1,42.4,Cloudy,
AO17162,Beta,2026,2,3,3,0,8.8,4.8,4.0,0.0,2.45,2.4,44.8,Rainy,
AO17162,Beta,2026,4,2,2,0,5.3100000000000005,1.31,4.0,0.0,7.15,16.3,36.4,Clear,
AO17162,Beta,2026,5,7,7,0,28.0,12.0,4.0,12.0,3.07,16.0,27.8,Clear,
AO17162,Beta,2026,6,8,8,0,21.59,7.41,14.18,0.0,2.52,30.0,10.4,Clear,
AO17172,Alpha,2024,4,1,1,0,16.69,16.69,0.0,0.0,8.01,16.7,37.6,Clear,
AO17172,Alpha,2024,5,1,1,0,16.48,16.48,0.0,0.0,4.21,15.8,43.0,Clear,
AO17172,Alpha,2024,6,1,1,0,14.72,0.0,14.72,0.0,6.72,30.3,9.1,Clear,
AO17172,Alpha,2024,7,1,1,0,17.15,17.15,0.0,0.0,1.65,29.5,31.5,Clear,
AO17172,Alpha,2024,8,1,1,0,18.27,0.0,18.27,0.0,5.59,28.6,15.5,Clear,
AO17172,Alpha,2024,11,1,1,0,20.0,0.0,0.0,20.0,4.38,14.1,33.1,Rainy,
AO17172,Alpha,2025,1,2,2,0,34.15,18.89,15.26,0.0,4.89,1.8,14.2,Clear,
AO17172,Alpha,2025,4,1,1,0,16.5,16.5,0.0,0.0,6.96,17.4,7.0,Clear,
AO17172,Alpha,2025,6,2,2,0,30.689999999999998,16.82,13.87,0.0,5.53,31.3,31.7,Clear,
AO17172,Alpha,2025,7,2,2,0,38.19,18.19,20.0,0.0,3.83,30.5,27.7,Clear,
AO17172,Alpha,2025,9,1,1,0,20.0,0.0,20.0,0.0,6.73,13.9,33.8,Clear,
AO17172,Alpha,2025,10,1,1,0,20.0,0.0,0.0,20.0,4.78,14.8,20.7,Clear,
AO17172,Alpha,2025,12,2,2,0,34.94,18.75,16.19,0.0,3.73,3.9,41.0,Rainy,
AO17172,Alpha,2026,3,1,1,0,19.7,0.0,19.7,0.0,3.92,15.0,32.3,Clear,
AO17259,Alpha,2022,4,15,15,0,54.08,12.0,27.4,14.68,4.57,15.4,44.4,Clear,
AO17259,Alpha,2022,5,21,21,0,71.88,21.83,41.25,8.8,3.23,16.4,34.4,Clear,
AO17259,Alpha,2022,6,17,17,0,54.14,16.21,21.93,16.0,5.31,28.9,24.9,Clear,
AO17259,Alpha,2022,7,13,13,0,48.13,30.83,4.0,13.3,6.39,30.7,43.9,Clear,
AO17259,Alpha,2022,8,11,11,0,36.07,20.07,4.0,12.0,2.78,31.5,12.6,Clear,
AO17259,Alpha,2022,9,15,15,0,57.35,35.7,17.65,4.0,5.01,13.0,33.9,Cloudy,
AO17259,Alpha,2022,10,5,5,0,20.0,8.0,8.0,4.0,4.58,13.2,17.3,Clear,
AO17259,Alpha,2022,11,7,7,0,24.02,12.91,7.109999999999999,4.0,3.08,14.5,16.5,Cloudy,
AO17259,Alpha,2022,12,10,10,0,30.08,9.77,16.31,4.0,7.01,3.3,19.2,Clear,
AO17259,Alpha,2023,1,4,4,0,16.0,8.0,4.0,4.0,9.25,3.0,9.0,Rainy,
AO17259,Alpha,2023,2,5,5,0,20.0,8.0,8.0,4.0,5.14,2.1,12.5,Cloudy,
AO17259,Alpha,2023,3,8,8,0,26.75,20.0,0.01,6.74,7.38,15.4,41.0,Clear,
AO17259,Alpha,2023,4,16,16,0,49.74,24.26,15.03,10.45,9.34,16.2,18.0,Clear,
AO17259,Alpha,2023,5,13,13,0,46.57,28.52,4.0,14.05,10.08,16.3,22.6,Clear,
AO17259,Alpha,2023,6,16,16,0,59.94,29.47,14.47,16.0,6.0,30.7,35.7,Clear,
AO17259,Alpha,2023,7,13,13,0,47.95,31.95,12.0,4.0,2.0,30.4,37.2,Clear,
AO17259,Alpha,2023,8,13,13,0,45.12,16.33,9.9,18.89,3.67,28.2,25.8,Clear,
AO17259,Alpha,2023,9,8,8,0,31.7,23.7,4.0,4.0,2.99,13.9,29.6,Cloudy,
AO17259,Alpha,2023,10,9,9,0,28.310000000000002,4.06,16.25,8.0,3.41,15.1,13.8,Cloudy,
AO17259,Alpha,2023,11,8,8,0,22.79,0.0,12.72,10.07,6.06,13.3,31.7,Cloudy,
AO17259,Alpha,2023,12,3,3,0,12.0,4.0,8.0,0.0,2.57,3.0,5.2,Rainy,
AO17259,Alpha,2024,1,4,4,0,13.530000000000001,1.53,8.0,4.0,5.65,3.1,15.9,Clear,
AO17259,Alpha,2024,3,6,6,0,23.689999999999998,15.69,4.0,4.0,2.2,16.4,36.1,Cloudy,
AO17259,Alpha,2024,4,11,11,0,37.24,17.37,11.870000000000001,8.0,5.53,16.7,28.1,Clear,
AO17259,Alpha,2024,5,12,12,0,42.43,18.43,8.0,16.0,3.67,15.8,36.3,Clear,
AO17259,Alpha,2024,6,4,4,0,14.27,10.27,4.0,0.0,4.63,30.3,10.5,Clear,
AO17259,Alpha,2024,7,8,8,0,31.72,16.0,3.72,12.0,2.21,29.5,18.2,Clear,
AO17259,Alpha,2024,8,4,4,0,16.0,16.0,0.0,0.0,3.86,28.6,7.4,Clear,
AO17259,Alpha,2024,9,5,5,0,14.07,8.0,6.07,0.0,5.81,13.1,23.5,Cloudy,
AO17259,Alpha,2024,10,3,3,0,12.0,4.0,4.0,4.0,5.02,13.6,5.9,Clear,
AO17259,Alpha,2024,11,5,5,0,20.0,8.0,8.0,4.0,7.77,14.1,9.4,Rainy,
AO17259,Alpha,2024,12,2,2,0,8.0,0.0,4.0,4.0,2.51,4.3,33.4,Clear,
AO17259,Alpha,2025,1,2,2,0,5.82,5.82,0.0,0.0,6.09,1.8,39.5,Clear,
AO17259,Alpha,2025,2,2,2,0,8.0,4.0,4.0,0.0,5.94,3.1,20.6,Cloudy,
AO17259,Alpha,2025,3,5,5,0,20.0,8.0,4.0,8.0,5.02,16.6,19.5,Clear,
AO17259,Alpha,2025,4,3,3,0,11.21,8.0,0.0,3.21,4.02,17.4,43.3,Clear,
AO17259,Alpha,2025,5,8,8,0,32.0,16.0,12.0,4.0,3.28,16.4,11.2,Clear,
AO17259,Alpha,2025,6,6,6,0,19.740000000000002,10.24,8.0,1.5,7.88,31.3,5.3,Clear,
AO17259,Alpha,2025,7,9,9,0,35.61,20.0,7.609999999999999,8.0,2.92,30.5,21.6,Clear,
AO17259,Alpha,2025,8,7,7,0,25.33,15.92,3.98,5.43,5.77,31.3,19.0,Clear,
AO17259,Alpha,2025,9,6,6,0,24.0,12.0,4.0,8.0,3.34,13.9,16.1,Clear,
AO17259,Alpha,2025,10,1,1,0,4.0,0.0,0.0,4.0,6.43,14.8,24.8,Clear,
AO17259,Alpha,2025,11,3,3,0,10.55,0.0,4.0,6.55,3.58,14.7,44.2,Cloudy,
AO17259,Alpha,2025,12,3,3,0,9.46,1.46,0.0,8.0,7.13,3.9,32.7,Rainy,
AO17259,Alpha,2026,1,2,2,0,8.0,4.0,4.0,0.0,4.89,3.1,27.6,Cloudy,
AO17259,Alpha,2026,2,2,2,0,8.0,8.0,0.0,0.0,5.19,3.4,43.1,Rainy,
AO17259,Alpha,2026,3,5,5,0,20.0,4.0,8.0,8.0,10.95,15.0,20.9,Clear,
AO17259,Alpha,2026,4,7,7,0,24.43,12.0,8.43,4.0,4.62,14.4,33.6,Cloudy,
AO17259,Alpha,2026,5,4,4,0,16.0,4.0,8.0,4.0,1.99,16.5,7.6,Clear,
AO17259,Alpha,2026,6,6,6,0,14.63,4.0,8.44,2.19,3.94,28.3,24.0,Clear,
AO17445,Alpha,2024,11,1,1,0,14.9,14.9,0.0,0.0,2.9,14.1,15.1,Rainy,
AO17445,Alpha,2025,2,1,1,0,17.86,0.0,17.86,0.0,6.22,3.1,16.5,Cloudy,
AO17445,Alpha,2025,3,2,2,0,36.45,16.87,19.58,0.0,4.22,16.6,20.2,Clear,
AO17445,Alpha,2025,6,1,1,0,14.79,14.79,0.0,0.0,4.07,31.3,11.2,Clear,
AO17445,Alpha,2025,7,2,2,0,34.08,34.08,0.0,0.0,6.73,30.5,43.5,Clear,
AO17445,Alpha,2025,8,1,1,0,13.81,0.0,0.0,13.81,5.17,31.3,41.3,Clear,
AO17445,Alpha,2025,9,1,1,0,17.63,17.63,0.0,0.0,3.52,13.9,44.4,Clear,
AO17445,Alpha,2025,11,1,1,0,16.68,16.68,0.0,0.0,2.4,14.7,9.2,Cloudy,
AO17445,Alpha,2025,12,1,1,0,17.46,17.46,0.0,0.0,2.39,3.9,7.0,Rainy,
AO17445,Alpha,2026,1,3,3,0,49.58,31.16,18.42,0.0,3.05,3.1,17.8,Cloudy,
AO17445,Alpha,2026,2,1,1,0,18.79,0.0,0.0,18.79,6.91,3.4,20.1,Rainy,
AO17508,Sigma,2021,1,3,3,0,54.769999999999996,19.39,18.74,16.64,1.51,4.9,39.4,Cloudy,
AO17508,Sigma,2021,2,6,6,0,105.62,35.3,54.150000000000006,16.17,6.22,4.0,8.1,Clear,
AO17508,Sigma,2021,3,7,7,0,115.41,83.2,32.21,0.0,5.26,15.3,18.2,Clear,
AO17508,Sigma,2021,4,12,12,0,199.26,62.32,84.05,52.89,4.72,16.2,37.7,Clear,
AO17508,Sigma,2021,5,10,10,0,163.95,78.2,85.75,0.0,4.92,15.3,33.7,Clear,
AO17508,Sigma,2021,6,8,8,0,129.07,0.0,83.65,45.42,6.43,29.1,22.2,Clear,
AO17508,Sigma,2021,7,8,8,0,142.45000000000002,45.9,38.58,57.97,2.91,30.1,24.7,Clear,
AO17508,Sigma,2021,8,8,8,0,132.81,33.900000000000006,63.58,35.33,5.01,31.4,6.3,Clear,
AO17508,Sigma,2021,9,4,4,0,70.6,52.69,0.0,17.91,1.29,13.3,17.7,Rainy,
AO17508,Sigma,2021,10,1,1,0,19.2,0.0,0.0,19.2,2.9,14.0,11.5,Clear,
AO17508,Sigma,2021,11,4,4,0,69.28,32.86,19.91,16.51,6.42,12.6,35.8,Clear,
AO17508,Sigma,2021,12,1,1,0,16.94,0.0,16.94,0.0,4.65,3.0,5.8,Clear,
AO17508,Sigma,2022,1,2,2,0,28.57,14.65,13.92,0.0,8.82,4.3,34.4,Rainy,
AO17508,Sigma,2022,2,1,1,0,19.37,19.37,0.0,0.0,6.46,3.0,40.7,Cloudy,
AO17508,Sigma,2022,3,2,2,0,33.11,0.0,0.0,33.11,9.16,15.3,36.0,Clear,
AO17508,Sigma,2022,4,3,3,0,51.0,14.71,0.0,36.290000000000006,2.86,16.6,17.0,Clear,
AO17508,Sigma,2022,5,8,8,0,136.83,34.650000000000006,51.660000000000004,50.519999999999996,6.18,17.1,11.2,Cloudy,
AO17508,Sigma,2022,6,2,2,0,34.89,18.62,16.27,0.0,5.85,29.2,40.2,Clear,
AO17508,Sigma,2022,7,2,2,0,34.769999999999996,17.07,17.7,0.0,5.15,30.6,33.0,Clear,
AO17508,Sigma,2022,9,4,4,0,68.51,68.51,0.0,0.0,4.51,13.0,38.2,Rainy,
AO17508,Sigma,2022,10,2,2,0,35.61,0.0,0.0,35.61,5.32,15.3,6.8,Cloudy,
AO17508,Sigma,2022,11,1,1,0,16.78,0.0,0.0,16.78,3.47,14.0,31.3,Cloudy,
AO17508,Sigma,2022,12,2,2,0,33.28,0.0,0.0,33.28,8.24,3.9,16.5,Cloudy,
AO17508,Sigma,2023,1,1,1,0,20.0,20.0,0.0,0.0,0.92,4.7,22.2,Cloudy,
AO17508,Sigma,2023,2,2,2,0,32.54,0.0,17.43,15.11,6.24,2.6,17.0,Clear,
AO17508,Sigma,2023,3,1,1,0,14.63,14.63,0.0,0.0,2.95,16.6,20.2,Cloudy,
AO17508,Sigma,2023,4,1,1,0,14.89,0.0,0.0,14.89,7.2,14.6,10.3,Clear,
AO17508,Sigma,2023,5,4,4,0,73.74,36.41,37.33,0.0,2.8,15.4,18.5,Clear,
AO17508,Sigma,2023,6,3,3,0,48.97,0.0,48.97,0.0,4.54,29.5,32.3,Clear,
AO17508,Sigma,2023,7,4,4,0,63.28,28.42,15.18,19.68,3.13,29.9,29.8,Clear,
AO17508,Sigma,2023,8,3,3,0,54.75,16.81,18.48,19.46,2.97,30.6,11.4,Clear,
AO17508,Sigma,2023,9,4,4,0,64.33,0.0,48.52,15.81,5.13,14.1,17.4,Cloudy,
AO17508,Sigma,2023,10,4,4,0,69.69,31.35,38.34,0.0,5.37,14.3,39.7,Cloudy,
AO17508,Sigma,2023,11,4,4,0,65.99000000000001,49.38,16.61,0.0,6.59,12.8,35.5,Clear,
AO17508,Sigma,2024,3,2,2,0,32.68,32.68,0.0,0.0,0.27,16.3,31.4,Clear,
AO17508,Sigma,2024,4,4,4,0,68.97,53.709999999999994,15.26,0.0,4.12,16.0,42.4,Clear,
AO17508,Sigma,2024,8,3,3,0,50.74,32.14,0.0,18.6,3.45,30.9,9.9,Clear,
AO17508,Sigma,2024,9,2,2,0,38.97,0.0,18.97,20.0,5.73,13.7,37.5,Clear,
AO17508,Sigma,2024,10,3,3,0,53.4,17.02,0.0,36.379999999999995,5.88,13.5,23.6,Clear,
AO17508,Sigma,2025,1,1,1,0,12.28,0.0,12.28,0.0,6.3,3.1,24.7,Windy,
AO17508,Sigma,2025,2,1,1,0,20.0,0.0,20.0,0.0,6.6,4.7,44.3,Clear,
AO17508,Sigma,2025,3,1,1,0,20.0,0.0,0.0,20.0,2.91,16.4,11.6,Clear,
AO17508,Sigma,2025,5,1,1,0,14.69,0.0,0.0,14.69,2.98,14.9,18.1,Clear,
AO17508,Sigma,2025,7,1,1,0,18.04,0.0,18.04,0.0,3.06,30.3,28.5,Clear,
AO17508,Sigma,2025,8,3,3,0,53.0,0.0,36.22,16.78,6.5,29.6,42.5,Clear,
AO17508,Sigma,2025,9,2,2,0,39.120000000000005,19.12,20.0,0.0,4.44,14.1,43.5,Cloudy,
AO17508,Sigma,2025,10,1,1,0,18.53,0.0,18.53,0.0,2.76,14.5,8.6,Clear,
AO17508,Sigma,2025,11,1,1,0,19.67,19.67,0.0,0.0,3.84,13.9,35.4,Clear,
AO17508,Sigma,2026,2,1,1,0,20.0,0.0,20.0,0.0,6.8,2.6,37.7,Rainy,
AO17508,Sigma,2026,3,2,2,0,38.15,0.0,38.15,0.0,5.78,15.9,27.4,Clear,
AO17508,Sigma,2026,4,1,1,0,16.8,0.0,16.8,0.0,6.46,14.9,29.0,Clear,
AO17508,Sigma,2026,5,1,1,0,19.77,19.77,0.0,0.0,7.21,16.0,9.6,Clear,
AO17508,Sigma,2026,6,1,1,0,15.95,15.95,0.0,0.0,6.57,29.2,22.5,Clear,
AO17637,Gamma,2023,4,14,14,0,45.93,19.1,5.6,21.23,6.61,16.0,34.6,Clear,
AO17637,Gamma,2023,5,25,25,0,91.54,44.67,16.0,30.87,5.25,14.7,11.7,Clear,
AO17637,Gamma,2023,6,16,16,0,54.63,29.83,8.33,16.47,6.17,30.7,18.3,Clear,
AO17637,Gamma,2023,7,21,21,0,79.64,24.0,39.05,16.59,2.04,29.6,37.3,Clear,
AO17637,Gamma,2023,8,10,10,0,30.84,15.629999999999999,13.7,1.51,3.26,29.7,30.5,Clear,
AO17637,Gamma,2023,9,10,10,0,28.6,12.89,14.67,1.04,2.44,14.3,30.5,Cloudy,
AO17637,Gamma,2023,10,9,9,0,26.01,15.370000000000001,6.64,4.0,3.27,15.1,20.2,Clear,
AO17637,Gamma,2023,11,6,6,0,22.259999999999998,4.0,6.26,12.0,4.91,15.7,40.4,Clear,
AO17637,Gamma,2023,12,6,6,0,24.0,16.0,4.0,4.0,4.53,3.1,29.6,Windy,
AO17637,Gamma,2024,1,4,4,0,16.0,8.0,8.0,0.0,5.78,1.5,26.9,Cloudy,
AO17637,Gamma,2024,2,3,3,0,11.06,0.0,11.06,0.0,5.73,1.9,18.7,Clear,
AO17637,Gamma,2024,3,5,5,0,19.96,15.96,4.0,0.0,9.09,13.7,13.1,Cloudy,
AO17637,Gamma,2024,4,5,5,0,18.42,14.42,4.0,0.0,6.12,14.4,8.0,Clear,
AO17637,Gamma,2024,5,7,7,0,28.0,12.0,12.0,4.0,4.86,17.0,38.5,Clear,
AO17637,Gamma,2024,6,5,5,0,18.03,8.0,0.0,10.03,4.44,31.2,30.4,Clear,
AO17637,Gamma,2024,7,10,10,0,33.14,15.65,9.49,8.0,4.01,29.5,16.6,Clear,
AO17637,Gamma,2024,8,13,13,0,49.52,18.73,18.79,12.0,4.6,30.1,28.5,Clear,
AO17637,Gamma,2024,9,5,5,0,14.350000000000001,10.22,2.95,1.18,3.03,14.5,39.3,Cloudy,
AO17637,Gamma,2024,10,1,1,0,4.0,0.0,0.0,4.0,7.96,13.6,16.1,Rainy,
AO17637,Gamma,2024,11,2,2,0,8.0,4.0,0.0,4.0,6.25,14.5,36.9,Cloudy,
AO17637,Gamma,2024,12,2,2,0,8.0,4.0,4.0,0.0,8.05,3.2,32.3,Cloudy,
AO17637,Gamma,2025,1,1,1,0,4.0,0.0,0.0,4.0,4.61,3.0,7.3,Rainy,
AO17637,Gamma,2025,2,2,2,0,8.0,0.0,0.0,8.0,3.53,2.3,26.0,Clear,
AO17637,Gamma,2025,3,3,3,0,12.0,4.0,4.0,4.0,5.41,17.2,35.3,Rainy,
AO17637,Gamma,2025,5,7,7,0,26.89,18.89,4.0,4.0,6.46,16.4,38.8,Clear,
AO17637,Gamma,2025,6,4,4,0,11.34,1.17,6.17,4.0,5.34,31.1,37.9,Clear,
AO17637,Gamma,2025,7,4,4,0,16.0,8.0,8.0,0.0,2.91,29.2,19.3,Clear,
AO17637,Gamma,2025,8,3,3,0,12.0,4.0,4.0,4.0,3.94,29.8,25.9,Clear,
AO17637,Gamma,2025,9,6,6,0,21.46,5.46,12.0,4.0,5.98,13.7,17.7,Rainy,
AO17637,Gamma,2025,10,5,5,0,18.439999999999998,12.0,4.0,2.44,6.38,15.7,39.4,Cloudy,
AO17637,Gamma,2025,11,1,1,0,4.0,4.0,0.0,0.0,6.16,14.3,41.7,Clear,
AO17637,Gamma,2025,12,1,1,0,4.0,0.0,4.0,0.0,6.92,2.7,24.8,Cloudy,
AO17637,Gamma,2026,2,1,1,0,4.0,0.0,0.0,4.0,2.23,3.5,30.6,Windy,
AO17637,Gamma,2026,3,4,4,0,16.0,4.0,4.0,8.0,4.21,15.4,11.5,Cloudy,
AO17637,Gamma,2026,4,3,3,0,12.0,4.0,0.0,8.0,6.6,15.5,11.9,Clear,
AO17637,Gamma,2026,5,3,3,0,8.7,4.7,4.0,0.0,3.79,14.6,20.5,Clear,
AO17637,Gamma,2026,6,4,4,0,16.0,8.0,8.0,0.0,2.65,29.9,27.3,Clear,
AO17667,Gamma,2021,6,3,3,0,49.96,18.87,15.09,16.0,8.78,29.1,11.2,Clear,
AO17667,Gamma,2021,7,2,2,0,36.2,19.47,16.73,0.0,7.1,30.2,7.0,Clear,
AO17667,Gamma,2021,8,2,2,0,36.39,0.0,36.39,0.0,5.69,29.7,35.4,Clear,
AO17667,Gamma,2021,9,6,6,0,115.0,19.62,75.38,20.0,2.78,15.2,37.1,Cloudy,
AO17667,Gamma,2021,10,2,2,0,30.919999999999998,0.0,0.0,30.919999999999998,5.0,16.4,33.6,Cloudy,
AO17667,Gamma,2021,11,2,2,0,35.92,0.0,0.0,35.92,3.6,13.9,13.9,Clear,
AO17667,Gamma,2021,12,3,3,0,50.76,18.49,32.269999999999996,0.0,4.63,2.5,37.2,Clear,
AO17667,Gamma,2022,1,1,1,0,18.71,18.71,0.0,0.0,3.81,3.4,42.0,Cloudy,
AO17667,Gamma,2022,2,1,1,0,17.78,17.78,0.0,0.0,7.12,2.8,16.3,Cloudy,
AO17667,Gamma,2022,3,1,1,0,13.63,0.0,0.0,13.63,3.79,17.1,16.4,Clear,
AO17667,Gamma,2022,4,1,1,0,14.2,0.0,0.0,14.2,3.72,16.4,15.2,Cloudy,
AO17667,Gamma,2022,5,3,3,0,51.870000000000005,16.99,14.88,20.0,3.39,15.9,12.5,Clear,
AO17667,Gamma,2022,6,2,2,0,33.160000000000004,0.0,14.24,18.92,8.32,30.8,11.7,Clear,
AO17667,Gamma,2022,7,2,2,0,32.03,17.78,0.0,14.25,5.84,29.9,12.7,Clear,
AO17667,Gamma,2022,8,1,1,0,18.97,18.97,0.0,0.0,7.74,29.7,35.2,Clear,
AO17667,Gamma,2022,9,1,1,0,13.73,0.0,0.0,13.73,6.6,13.5,27.0,Cloudy,
AO17667,Gamma,2022,10,2,2,0,33.85,14.18,0.0,19.67,0.11,15.1,15.4,Clear,
AO17667,Gamma,2022,11,1,1,0,15.85,0.0,15.85,0.0,6.74,14.1,34.5,Rainy,
AO17667,Gamma,2023,3,2,2,0,35.75,18.35,17.4,0.0,2.99,16.8,9.5,Clear,
AO17667,Gamma,2023,4,2,2,0,34.910000000000004,19.1,0.0,15.81,4.21,16.0,18.4,Clear,
AO17667,Gamma,2023,5,3,3,0,58.16,38.41,19.75,0.0,5.88,14.7,36.5,Clear,
AO17667,Gamma,2023,6,1,1,0,18.54,18.54,0.0,0.0,7.9,30.7,6.4,Clear,
AO17667,Gamma,2023,7,6,6,0,97.62,18.59,61.67999999999999,17.35,4.46,29.6,34.4,Clear,
AO17667,Gamma,2023,8,1,1,0,18.25,0.0,0.0,18.25,5.64,29.7,43.0,Clear,
AO17667,Gamma,2023,10,1,1,0,16.58,16.58,0.0,0.0,5.17,15.1,27.2,Clear,
AO17667,Gamma,2023,11,1,1,0,16.45,0.0,16.45,0.0,7.06,15.7,25.6,Clear,
AO17667,Gamma,2024,4,2,2,0,32.6,32.6,0.0,0.0,2.41,14.4,37.0,Clear,
AO17667,Gamma,2024,5,3,3,0,53.269999999999996,53.269999999999996,0.0,0.0,6.31,17.0,42.6,Clear,
AO17667,Gamma,2024,9,3,3,0,55.84,0.0,35.84,20.0,5.71,14.5,36.6,Cloudy,
AO17667,Gamma,2024,11,2,2,0,30.630000000000003,15.32,15.31,0.0,6.13,14.5,33.5,Cloudy,
AO17667,Gamma,2025,2,1,1,0,17.19,0.0,17.19,0.0,8.2,2.3,43.1,Clear,
AO17667,Gamma,2025,3,1,1,0,19.19,0.0,19.19,0.0,6.32,17.2,19.7,Rainy,
AO17667,Gamma,2025,4,1,1,0,20.0,0.0,20.0,0.0,5.0,15.2,37.1,Clear,
AO17667,Gamma,2025,5,3,3,0,51.709999999999994,17.58,0.0,34.129999999999995,4.5,16.4,26.1,Clear,
AO17667,Gamma,2025,6,2,2,0,36.18000000000001,17.17,19.01,0.0,3.37,31.1,25.6,Clear,
AO17667,Gamma,2025,8,1,1,0,16.69,16.69,0.0,0.0,4.11,29.8,35.9,Clear,
AO17667,Gamma,2025,9,1,1,0,19.62,0.0,0.0,19.62,6.04,13.7,39.9,Rainy,
AO17667,Gamma,2025,11,1,1,0,14.84,14.84,0.0,0.0,8.44,14.3,7.5,Clear,
AO17667,Gamma,2026,3,1,1,0,15.55,0.0,15.55,0.0,4.87,15.4,13.5,Cloudy,
AO17667,Gamma,2026,4,5,5,0,79.92,16.63,33.09,30.200000000000003,4.37,15.5,12.5,Clear,
AO17667,Gamma,2026,5,1,1,0,19.19,19.19,0.0,0.0,2.01,14.6,41.7,Clear,
AO17682,Delta,2021,12,7,7,0,126.01,33.92,40.0,52.09,3.72,3.2,37.1,Cloudy,
AO17682,Delta,2022,1,5,5,0,85.4,51.0,15.52,18.88,4.98,4.8,23.1,Cloudy,
AO17682,Delta,2022,2,3,3,0,44.95,32.09,12.86,0.0,4.17,2.1,42.8,Rainy,
AO17682,Delta,2022,3,3,3,0,49.47,14.45,17.18,17.84,8.09,15.2,39.1,Clear,
AO17682,Delta,2022,4,6,6,0,105.3,38.260000000000005,16.06,50.980000000000004,5.52,15.8,27.5,Clear,
AO17682,Delta,2022,5,5,5,0,84.02,47.52,18.48,18.02,5.07,16.5,30.7,Clear,
AO17682,Delta,2022,6,7,7,0,112.75,30.310000000000002,82.44,0.0,5.8,29.7,6.0,Clear,
AO17682,Delta,2022,7,4,4,0,70.9,18.84,18.69,33.37,7.21,29.6,37.5,Clear,
AO17682,Delta,2022,8,2,2,0,36.2,18.12,0.0,18.08,6.67,30.3,13.5,Clear,
AO17682,Delta,2022,9,2,2,0,37.96,17.96,20.0,0.0,5.01,15.1,26.9,Rainy,
AO17682,Delta,2022,10,2,2,0,36.92,19.95,16.97,0.0,2.14,15.5,38.2,Cloudy,
AO17682,Delta,2022,11,5,5,0,87.22,53.04,34.18000000000001,0.0,3.76,13.8,11.9,Clear,
AO17682,Delta,2022,12,2,2,0,36.35,18.44,17.91,0.0,5.78,2.9,30.2,Cloudy,
AO17682,Delta,2023,1,2,2,0,32.89,32.89,0.0,0.0,3.26,1.9,8.1,Rainy,
AO17682,Delta,2023,3,1,1,0,14.72,0.0,14.72,0.0,1.4,17.2,10.7,Clear,
AO17682,Delta,2023,4,3,3,0,50.5,0.0,17.37,33.13,7.7,14.2,36.5,Clear,
AO17682,Delta,2023,5,6,6,0,111.1,73.77,37.33,0.0,4.4,15.4,33.6,Clear,
AO17682,Delta,2023,6,1,1,0,15.55,0.0,0.0,15.55,5.25,29.3,39.1,Clear,
AO17682,Delta,2023,8,2,2,0,30.53,16.85,13.68,0.0,3.69,29.4,39.4,Clear,
AO17682,Delta,2023,9,1,1,0,19.3,0.0,19.3,0.0,8.26,14.3,15.4,Cloudy,
AO17682,Delta,2023,10,5,5,0,85.85,14.97,17.78,53.1,1.05,13.4,20.3,Clear,
AO17682,Delta,2023,12,1,1,0,16.05,0.0,0.0,16.05,2.81,3.9,40.6,Clear,
AO17682,Delta,2024,1,1,1,0,16.63,16.63,0.0,0.0,5.79,4.6,27.6,Windy,
AO17682,Delta,2024,3,4,4,0,69.36,18.83,31.17,19.36,4.85,14.7,28.4,Clear,
AO17682,Delta,2024,4,1,1,0,15.84,0.0,15.84,0.0,4.88,16.0,25.1,Clear,
AO17682,Delta,2024,5,2,2,0,33.25,13.65,0.0,19.6,3.72,14.5,39.1,Clear,
AO17682,Delta,2024,6,3,3,0,51.39,0.0,14.95,36.44,4.08,31.1,29.8,Clear,
AO17682,Delta,2024,7,3,3,0,53.36,19.29,16.6,17.47,5.18,30.4,33.3,Clear,
AO17682,Delta,2024,8,2,2,0,34.03,15.76,0.0,18.27,4.17,29.2,34.7,Clear,
AO17682,Delta,2024,10,1,1,0,18.01,0.0,0.0,18.01,2.92,13.7,28.7,Cloudy,
AO17682,Delta,2024,11,1,1,0,15.48,15.48,0.0,0.0,2.88,14.5,27.5,Cloudy,
AO17682,Delta,2025,4,2,2,0,32.05,15.62,0.0,16.43,3.28,16.7,24.4,Clear,
AO17682,Delta,2025,5,3,3,0,50.54,17.64,32.9,0.0,6.25,15.5,18.1,Clear,
AO17682,Delta,2025,9,1,1,0,20.0,0.0,0.0,20.0,4.81,14.0,33.4,Cloudy,
AO17682,Delta,2025,10,2,2,0,33.45,33.45,0.0,0.0,6.49,15.0,20.9,Windy,
AO17682,Delta,2025,12,1,1,0,18.58,18.58,0.0,0.0,4.29,2.5,28.3,Windy,
AO17682,Delta,2026,5,1,1,0,16.32,16.32,0.0,0.0,3.41,16.5,5.4,Clear,
AO17682,Delta,2026,6,1,1,0,14.98,0.0,14.98,0.0,4.95,30.9,21.1,Clear,
AO17887,Gamma,2025,2,3,3,0,12.0,4.0,8.0,0.0,4.58,2.3,37.7,Clear,
AO17887,Gamma,2025,3,3,3,0,10.05,2.05,8.0,0.0,3.21,17.2,12.7,Rainy,
AO17887,Gamma,2025,4,3,3,0,12.0,8.0,4.0,0.0,5.71,15.2,40.2,Clear,
AO17887,Gamma,2025,5,3,3,0,12.0,8.0,0.0,4.0,4.35,16.4,16.3,Clear,
AO17887,Gamma,2025,6,2,2,0,8.0,0.0,4.0,4.0,5.97,31.1,27.8,Clear,
AO17887,Gamma,2025,7,3,3,0,10.71,2.71,8.0,0.0,5.32,29.2,14.1,Clear,
AO17887,Gamma,2025,8,3,3,0,7.370000000000001,4.0,1.31,2.06,6.96,29.8,32.5,Clear,
AO17887,Gamma,2025,9,2,2,0,8.0,0.0,8.0,0.0,1.69,13.7,27.4,Rainy,
AO17887,Gamma,2025,10,7,7,0,24.69,12.0,8.69,4.0,3.27,15.7,43.5,Cloudy,
AO17887,Gamma,2025,11,1,1,0,4.0,4.0,0.0,0.0,6.61,14.3,37.1,Clear,
AO17887,Gamma,2025,12,2,2,0,8.0,4.0,0.0,4.0,8.56,2.7,15.6,Cloudy,
AO17887,Gamma,2026,1,1,1,0,4.0,0.0,4.0,0.0,7.29,3.3,15.5,Cloudy,
AO17887,Gamma,2026,3,4,4,0,12.25,12.0,0.25,0.0,3.67,15.4,15.7,Cloudy,
AO17887,Gamma,2026,4,2,2,0,5.28,0.0,0.0,5.28,5.77,15.5,32.2,Clear,
AO17887,Gamma,2026,5,3,3,0,12.0,8.0,4.0,0.0,3.34,14.6,43.7,Clear,
AO17887,Gamma,2026,6,6,6,0,24.0,12.0,4.0,8.0,5.04,29.9,12.3,Clear,
AO17999,Beta,2025,6,5,5,0,20.0,12.0,4.0,4.0,3.1,31.6,10.5,Clear,
AO17999,Beta,2025,7,3,3,0,11.79,7.79,4.0,0.0,5.05,29.2,38.8,Clear,
AO17999,Beta,2025,8,4,4,0,16.0,8.0,4.0,4.0,5.99,30.2,39.1,Clear,
AO17999,Beta,2025,9,4,4,0,16.0,12.0,4.0,0.0,3.88,15.1,30.5,Clear,
AO17999,Beta,2025,10,1,1,0,4.0,0.0,0.0,4.0,3.27,14.2,40.4,Clear,
AO17999,Beta,2025,11,3,3,0,9.879999999999999,5.88,0.0,4.0,4.06,14.2,34.0,Clear,
AO17999,Beta,2025,12,3,3,0,6.52,2.52,0.0,4.0,5.49,1.6,38.4,Cloudy,
AO17999,Beta,2026,1,3,3,0,8.56,4.5600000000000005,4.0,0.0,7.63,2.1,31.2,Cloudy,
AO17999,Beta,2026,2,1,1,0,4.0,4.0,0.0,0.0,4.9,2.4,37.5,Rainy,
AO17999,Beta,2026,3,5,5,0,18.09,15.69,0.0,2.4,2.92,16.3,41.5,Clear,
AO17999,Beta,2026,4,5,5,0,20.0,12.0,4.0,4.0,4.68,16.3,43.1,Clear,
AO17999,Beta,2026,6,3,3,0,12.0,8.0,4.0,0.0,5.5,30.0,43.6,Clear,
AO18046,Delta,2023,8,2,2,0,30.27,30.27,0.0,0.0,5.91,29.4,9.3,Clear,
AO18046,Delta,2023,9,2,2,0,31.56,0.0,14.82,16.74,4.9,14.3,42.8,Cloudy,
AO18046,Delta,2023,10,1,1,0,20.0,20.0,0.0,0.0,5.44,13.4,24.8,Clear,
AO18046,Delta,2024,3,1,1,0,20.0,0.0,20.0,0.0,5.04,14.7,28.9,Clear,
AO18046,Delta,2024,5,3,3,0,50.72,31.53,19.19,0.0,5.17,14.5,39.2,Clear,
AO18046,Delta,2024,6,2,2,0,34.83,17.25,17.58,0.0,6.43,31.1,17.3,Clear,
AO18046,Delta,2024,7,3,3,0,48.35,29.82,18.53,0.0,6.96,30.4,34.9,Clear,
AO18046,Delta,2024,8,1,1,0,18.44,0.0,18.44,0.0,5.72,29.2,12.6,Clear,
AO18046,Delta,2024,9,2,2,0,35.06,15.88,19.18,0.0,4.18,14.1,6.4,Cloudy,
AO18046,Delta,2024,10,1,1,0,18.62,0.0,18.62,0.0,0.84,13.7,20.1,Cloudy,
AO18046,Delta,2024,12,1,1,0,16.41,0.0,0.0,16.41,2.16,4.4,36.0,Clear,
AO18046,Delta,2025,7,2,2,0,29.21,14.84,0.0,14.37,4.11,30.1,34.6,Clear,
AO18046,Delta,2025,8,2,2,0,33.91,18.25,0.0,15.66,1.68,30.5,29.9,Clear,
AO18046,Delta,2025,9,1,1,0,17.02,0.0,17.02,0.0,5.23,14.0,32.0,Cloudy,
AO18046,Delta,2025,10,2,2,0,36.67,20.0,0.0,16.67,2.25,15.0,9.9,Windy,
AO18046,Delta,2025,12,1,1,0,17.29,0.0,17.29,0.0,4.87,2.5,26.5,Windy,
AO18046,Delta,2026,5,2,2,0,32.59,0.0,0.0,32.59,4.36,16.5,19.1,Clear,
AO18148,Delta,2023,8,2,2,0,39.1,39.1,0.0,0.0,0.78,29.4,17.1,Clear,
AO18148,Delta,2023,9,1,1,0,19.54,0.0,0.0,19.54,1.8,14.3,29.7,Cloudy,
AO18148,Delta,2023,11,1,1,0,17.86,17.86,0.0,0.0,3.03,16.2,28.1,Clear,
AO18148,Delta,2024,3,2,2,0,34.43000000000001,0.0,0.0,34.43000000000001,4.59,14.7,12.3,Clear,
AO18148,Delta,2024,4,1,1,0,15.77,15.77,0.0,0.0,3.64,16.0,7.2,Clear,
AO18148,Delta,2024,5,1,1,0,16.85,16.85,0.0,0.0,3.85,14.5,32.5,Clear,
AO18148,Delta,2024,6,3,3,0,52.86,52.86,0.0,0.0,6.27,31.1,11.6,Clear,
AO18148,Delta,2024,7,3,3,0,46.06999999999999,46.06999999999999,0.0,0.0,7.8,30.4,36.2,Clear,
AO18148,Delta,2024,8,1,1,0,20.0,0.0,20.0,0.0,3.14,29.2,5.9,Clear,
AO18148,Delta,2024,9,2,2,0,31.37,0.0,31.37,0.0,3.26,14.1,13.7,Cloudy,
AO18148,Delta,2025,4,1,1,0,17.87,0.0,17.87,0.0,5.77,16.7,34.2,Clear,
AO18148,Delta,2025,5,1,1,0,17.03,0.0,17.03,0.0,5.49,15.5,21.2,Clear,
AO18148,Delta,2025,6,1,1,0,20.0,0.0,20.0,0.0,4.84,30.8,10.2,Clear,
AO18148,Delta,2025,8,2,2,0,34.61,16.77,0.0,17.84,4.18,30.5,26.9,Clear,
AO18148,Delta,2025,11,1,1,0,15.49,0.0,15.49,0.0,6.44,12.1,29.2,Clear,
AO18148,Delta,2025,12,1,1,0,15.28,0.0,15.28,0.0,0.2,2.5,7.3,Windy,
AO18148,Delta,2026,2,1,1,0,19.97,0.0,19.97,0.0,2.38,4.3,30.7,Windy,
AO18148,Delta,2026,3,1,1,0,15.91,0.0,15.91,0.0,2.59,15.9,26.4,Clear,
AO18148,Delta,2026,6,1,1,0,16.66,16.66,0.0,0.0,3.69,30.9,13.8,Clear,
AO18186,Delta,2021,7,19,19,0,110.39,61.46,28.93,20.0,2.39,30.2,44.1,Clear,
AO18186,Delta,2021,8,20,20,0,116.44,48.83,40.24,27.37,7.8,29.5,16.9,Clear,
AO18186,Delta,2021,9,21,21,0,131.21,74.03,37.18,20.0,4.72,13.0,18.3,Clear,
AO18186,Delta,2021,10,11,11,0,46.45,30.45,4.0,12.0,2.54,14.7,21.6,Clear,
AO18186,Delta,2021,11,5,5,0,21.48,0.31,17.17,4.0,0.97,13.5,34.9,Clear,
AO18186,Delta,2021,12,9,9,0,52.42,16.0,20.21,16.21,7.46,3.2,36.5,Cloudy,
AO18186,Delta,2022,1,7,7,0,39.79,28.91,4.0,6.88,5.93,4.8,31.8,Cloudy,
AO18186,Delta,2022,2,7,7,0,31.6,20.0,11.6,0.0,2.97,2.1,40.4,Rainy,
AO18186,Delta,2022,3,7,7,0,35.35,11.78,11.57,12.0,3.62,15.2,31.7,Clear,
AO18186,Delta,2022,4,14,14,0,53.8,29.8,4.0,20.0,5.29,15.8,18.5,Clear,
AO18186,Delta,2022,5,24,24,0,78.1,30.13,39.019999999999996,8.95,2.95,16.5,9.8,Clear,
AO18186,Delta,2022,6,27,27,0,107.57,47.88,35.91,23.78,6.9,29.7,28.6,Clear,
AO18186,Delta,2022,7,12,12,0,47.87,12.0,8.0,27.87,8.37,29.6,44.8,Clear,
AO18186,Delta,2022,8,13,13,0,51.59,16.0,15.59,20.0,7.45,30.3,26.6,Clear,
AO18186,Delta,2022,9,9,9,0,33.55,12.0,13.55,8.0,4.31,15.1,39.0,Rainy,
AO18186,Delta,2022,10,8,8,0,30.02,26.02,4.0,0.0,3.3,15.5,13.8,Cloudy,
AO18186,Delta,2022,11,7,7,0,26.240000000000002,22.240000000000002,4.0,0.0,4.11,13.8,18.1,Clear,
AO18186,Delta,2022,12,7,7,0,25.62,20.0,1.62,4.0,3.1,2.9,5.0,Cloudy,
AO18186,Delta,2023,1,2,2,0,5.13,1.13,4.0,0.0,3.9,1.9,35.0,Rainy,
AO18186,Delta,2023,2,5,5,0,13.75,6.73,0.19,6.83,3.18,4.7,33.3,Cloudy,
AO18186,Delta,2023,3,5,5,0,16.23,8.0,4.23,4.0,2.54,17.2,22.5,Clear,
AO18186,Delta,2023,4,10,10,0,37.88,17.88,16.0,4.0,3.32,14.2,39.5,Clear,
AO18186,Delta,2023,5,14,14,0,50.74,22.25,20.490000000000002,8.0,5.79,15.4,36.9,Clear,
AO18186,Delta,2023,6,16,16,0,63.56,43.56,8.0,12.0,7.33,29.3,43.4,Clear,
AO18186,Delta,2023,7,12,12,0,47.68,20.0,23.68,4.0,6.41,28.8,43.0,Clear,
AO18186,Delta,2023,8,11,11,0,40.55,22.4,14.15,4.0,2.92,29.4,27.5,Clear,
AO18186,Delta,2023,9,7,7,0,26.7,8.0,0.0,18.7,6.79,14.3,11.6,Cloudy,
AO18186,Delta,2023,10,10,10,0,34.21,12.0,9.78,12.43,5.48,13.4,23.1,Clear,
AO18186,Delta,2023,11,2,2,0,4.51,4.0,0.0,0.51,3.83,16.2,34.9,Clear,
AO18186,Delta,2023,12,5,5,0,15.01,1.31,1.7,12.0,0.12,3.9,22.0,Clear,
AO18186,Delta,2024,1,2,2,0,8.0,4.0,4.0,0.0,7.08,4.6,34.8,Windy,
AO18186,Delta,2024,2,3,3,0,12.0,4.0,8.0,0.0,5.59,1.6,33.9,Cloudy,
AO18186,Delta,2024,3,5,5,0,20.0,4.0,16.0,0.0,1.69,14.7,44.4,Clear,
AO18186,Delta,2024,4,9,9,0,32.3,17.61,6.6899999999999995,8.0,4.25,16.0,15.3,Clear,
AO18186,Delta,2024,5,5,5,0,20.0,8.0,8.0,4.0,5.94,14.5,31.8,Clear,
AO18186,Delta,2024,6,11,11,0,41.65,20.0,13.65,8.0,2.96,31.1,20.9,Clear,
AO18186,Delta,2024,7,10,10,0,34.63,25.6,3.92,5.11,2.56,30.4,26.3,Clear,
AO18186,Delta,2024,8,10,10,0,38.269999999999996,12.0,20.0,6.27,4.3,29.2,35.2,Clear,
AO18186,Delta,2024,9,4,4,0,10.870000000000001,0.0,8.83,2.04,6.06,14.1,25.2,Cloudy,
AO18186,Delta,2024,10,5,5,0,18.33,0.0,4.0,14.33,5.33,13.7,13.3,Cloudy,
AO18186,Delta,2024,11,5,5,0,17.11,5.109999999999999,4.0,8.0,4.48,14.5,11.9,Cloudy,
AO18186,Delta,2024,12,1,1,0,2.7,0.0,2.7,0.0,6.19,4.4,19.4,Clear,
AO18186,Delta,2025,1,4,4,0,16.0,4.0,8.0,4.0,5.58,2.8,21.0,Windy,
AO18186,Delta,2025,2,2,2,0,5.3100000000000005,0.0,5.3100000000000005,0.0,4.45,2.2,7.9,Rainy,
AO18186,Delta,2025,3,4,4,0,13.780000000000001,13.780000000000001,0.0,0.0,2.82,14.4,31.0,Clear,
AO18186,Delta,2025,4,5,5,0,16.81,5.37,7.4399999999999995,4.0,3.7,16.7,24.6,Clear,
AO18186,Delta,2025,5,11,11,0,39.66,12.0,16.0,11.66,6.76,15.5,22.8,Clear,
AO18186,Delta,2025,6,7,7,0,24.509999999999998,8.94,7.57,8.0,4.8,30.8,5.8,Clear,
AO18186,Delta,2025,7,4,4,0,16.0,8.0,8.0,0.0,2.82,30.1,31.6,Clear,
AO18186,Delta,2025,8,5,5,0,16.07,8.0,8.07,0.0,4.01,30.5,5.9,Clear,
AO18186,Delta,2025,9,2,2,0,8.0,4.0,4.0,0.0,6.18,14.0,8.2,Cloudy,
AO18186,Delta,2025,10,4,4,0,15.73,12.0,0.0,3.73,5.25,15.0,7.8,Windy,
AO18186,Delta,2025,11,3,3,0,12.0,12.0,0.0,0.0,2.87,12.1,23.7,Clear,
AO18186,Delta,2025,12,3,3,0,12.0,4.0,4.0,4.0,3.8,2.5,17.9,Windy,
AO18186,Delta,2026,1,2,2,0,7.63,4.0,3.63,0.0,2.63,2.4,37.3,Cloudy,
AO18186,Delta,2026,2,3,3,0,12.0,4.0,0.0,8.0,2.48,4.3,36.2,Windy,
AO18186,Delta,2026,3,4,4,0,16.0,4.0,4.0,8.0,6.71,15.9,33.0,Clear,
AO18186,Delta,2026,4,2,2,0,8.0,0.0,0.0,8.0,7.88,16.2,24.6,Cloudy,
AO18186,Delta,2026,5,11,11,0,38.67,8.0,14.05,16.62,4.06,16.5,11.9,Clear,
AO18186,Delta,2026,6,3,3,0,12.0,8.0,4.0,0.0,3.29,30.9,11.2,Clear,
AO18238,Delta,2021,3,5,5,0,57.95,27.05,26.53,4.37,0.72,14.6,42.9,Clear,
AO18238,Delta,2021,4,15,15,0,149.62,80.05,37.03,32.54,1.41,15.4,44.6,Clear,
AO18238,Delta,2021,5,30,30,0,294.02,103.71,124.76,65.55,2.12,16.6,39.9,Clear,
AO18238,Delta,2021,6,22,22,0,221.36,101.6,81.84,37.92,5.65,30.8,42.9,Clear,
AO18238,Delta,2021,7,20,20,0,107.83,71.71,27.21,8.91,1.8,30.2,15.2,Clear,
AO18238,Delta,2021,8,20,20,0,112.06,37.5,52.0,22.56,5.04,29.5,33.0,Clear,
AO18238,Delta,2021,9,21,21,0,124.88,58.38,41.53,24.97,0.0,13.0,18.1,Clear,
AO18238,Delta,2021,10,11,11,0,71.38,44.74,6.640000000000001,20.0,7.99,14.7,38.0,Clear,
AO18238,Delta,2021,11,5,5,0,36.94,12.0,20.94,4.0,6.92,13.5,43.2,Clear,
AO18238,Delta,2021,12,9,9,0,64.7,12.7,28.0,24.0,4.47,3.2,38.2,Cloudy,
AO18238,Delta,2022,1,6,6,0,29.1,21.1,4.0,4.0,6.05,4.8,8.7,Cloudy,
AO18238,Delta,2022,2,8,8,0,34.04,16.189999999999998,17.85,0.0,3.81,2.1,35.5,Rainy,
AO18238,Delta,2022,3,9,9,0,58.69,22.42,20.0,16.27,9.1,15.2,5.4,Clear,
AO18238,Delta,2022,4,14,14,0,52.28,24.28,4.0,24.0,5.17,15.8,40.6,Clear,
AO18238,Delta,2022,5,22,22,0,82.2,38.2,36.0,8.0,2.42,16.5,6.6,Clear,
AO18238,Delta,2022,6,27,27,0,97.85,43.36,29.14,25.35,3.27,29.7,9.5,Clear,
AO18238,Delta,2022,7,11,11,0,34.5,4.0,12.93,17.57,1.78,29.6,7.3,Clear,
AO18238,Delta,2022,8,18,18,0,55.03,27.77,10.74,16.52,4.24,30.3,23.2,Clear,
AO18238,Delta,2022,9,10,10,0,37.9,8.0,21.9,8.0,1.94,15.1,8.5,Rainy,
AO18238,Delta,2022,10,9,9,0,32.28,23.310000000000002,4.97,4.0,4.78,15.5,9.2,Cloudy,
AO18238,Delta,2022,11,8,8,0,28.67,20.0,8.67,0.0,7.06,13.8,17.7,Clear,
AO18238,Delta,2022,12,7,7,0,25.91,20.0,5.91,0.0,6.82,2.9,44.3,Cloudy,
AO18238,Delta,2023,1,4,4,0,11.43,9.42,2.01,0.0,6.33,1.9,17.3,Rainy,
AO18238,Delta,2023,2,5,5,0,17.189999999999998,0.0,7.59,9.6,6.35,4.7,41.2,Cloudy,
AO18238,Delta,2023,3,8,8,0,31.15,15.629999999999999,8.0,7.52,5.04,17.2,8.4,Clear,
AO18238,Delta,2023,4,10,10,0,37.13,24.0,8.0,5.13,5.97,14.2,12.3,Clear,
AO18238,Delta,2023,5,15,15,0,53.85,21.009999999999998,27.87,4.97,7.4,15.4,7.8,Clear,
AO18238,Delta,2023,6,14,14,0,48.39,27.72,16.67,4.0,6.41,29.3,36.4,Clear,
AO18238,Delta,2023,7,16,16,0,55.15,22.15,23.2,9.8,6.85,28.8,6.2,Clear,
AO18238,Delta,2023,8,15,15,0,51.42,28.85,18.57,4.0,3.74,29.4,44.6,Clear,
AO18238,Delta,2023,9,9,9,0,31.509999999999998,4.0,15.51,12.0,7.88,14.3,41.1,Cloudy,
AO18238,Delta,2023,10,10,10,0,37.66,10.27,19.39,8.0,8.28,13.4,33.9,Clear,
AO18238,Delta,2023,11,3,3,0,8.969999999999999,4.0,4.97,0.0,3.82,16.2,41.2,Clear,
AO18238,Delta,2023,12,5,5,0,20.0,4.0,4.0,12.0,6.72,3.9,34.7,Clear,
AO18238,Delta,2024,1,2,2,0,8.0,4.0,4.0,0.0,0.56,4.6,23.4,Windy,
AO18238,Delta,2024,2,5,5,0,16.99,8.0,4.99,4.0,5.33,1.6,15.6,Cloudy,
AO18238,Delta,2024,3,7,7,0,27.66,12.0,7.66,8.0,4.23,14.7,9.7,Clear,
AO18238,Delta,2024,4,9,9,0,34.62,16.0,16.0,2.62,4.75,16.0,28.8,Clear,
AO18238,Delta,2024,5,9,9,0,28.42,12.28,8.14,8.0,5.44,14.5,41.5,Clear,
AO18238,Delta,2024,6,13,13,0,47.67,24.0,13.97,9.7,3.32,31.1,10.7,Clear,
AO18238,Delta,2024,7,8,8,0,26.64,12.61,6.529999999999999,7.5,2.4,30.4,42.8,Clear,
AO18238,Delta,2024,8,10,10,0,37.46,9.46,20.0,8.0,4.75,29.2,12.4,Clear,
AO18238,Delta,2024,9,6,6,0,23.78,16.0,4.0,3.78,4.75,14.1,30.7,Cloudy,
AO18238,Delta,2024,10,10,10,0,39.9,12.0,3.9,24.0,7.74,13.7,44.0,Cloudy,
AO18238,Delta,2024,11,8,8,0,32.0,12.0,8.0,12.0,6.37,14.5,11.4,Cloudy,
AO18238,Delta,2024,12,2,2,0,6.890000000000001,0.0,0.0,6.890000000000001,3.74,4.4,38.7,Clear,
AO18238,Delta,2025,1,4,4,0,13.98,0.0,5.98,8.0,5.56,2.8,27.8,Windy,
AO18238,Delta,2025,2,6,6,0,21.84,9.84,8.0,4.0,3.87,2.2,30.3,Rainy,
AO18238,Delta,2025,3,5,5,0,17.23,13.23,0.0,4.0,5.16,14.4,31.0,Clear,
AO18238,Delta,2025,4,8,8,0,32.0,8.0,16.0,8.0,3.81,16.7,35.5,Clear,
AO18238,Delta,2025,5,8,8,0,27.830000000000002,12.27,4.0,11.56,6.16,15.5,29.2,Clear,
AO18238,Delta,2025,6,4,4,0,16.0,12.0,0.0,4.0,3.02,30.8,20.9,Clear,
AO18238,Delta,2025,7,5,5,0,16.08,16.0,0.08,0.0,2.75,30.1,30.6,Clear,
AO18238,Delta,2025,8,9,9,0,29.0,17.0,4.0,8.0,4.97,30.5,44.8,Clear,
AO18238,Delta,2025,9,7,7,0,23.73,4.0,19.73,0.0,5.16,14.0,20.3,Cloudy,
AO18238,Delta,2025,10,5,5,0,18.509999999999998,10.51,0.0,8.0,1.94,15.0,31.1,Windy,
AO18238,Delta,2025,11,2,2,0,5.07,1.75,3.32,0.0,4.42,12.1,39.8,Clear,
AO18238,Delta,2025,12,1,1,0,4.0,0.0,4.0,0.0,4.81,2.5,8.2,Windy,
AO18238,Delta,2026,1,6,6,0,24.0,4.0,12.0,8.0,6.68,2.4,44.1,Cloudy,
AO18238,Delta,2026,2,3,3,0,9.29,5.29,4.0,0.0,2.88,4.3,5.1,Windy,
AO18238,Delta,2026,3,6,6,0,22.91,12.0,6.91,4.0,7.64,15.9,34.1,Clear,
AO18238,Delta,2026,4,3,3,0,9.85,5.85,4.0,0.0,5.4,16.2,40.0,Cloudy,
AO18238,Delta,2026,5,12,12,0,39.9,18.79,15.06,6.05,2.9,16.5,29.7,Clear,
AO18238,Delta,2026,6,8,8,0,28.47,20.47,8.0,0.0,8.29,30.9,34.2,Clear,
AO18342,Delta,2022,9,9,9,0,34.06,14.39,11.67,8.0,1.82,15.1,20.6,Rainy,
AO18342,Delta,2022,10,6,6,0,22.009999999999998,18.009999999999998,4.0,0.0,3.91,15.5,24.3,Cloudy,
AO18342,Delta,2022,11,7,7,0,28.0,12.0,16.0,0.0,5.38,13.8,10.7,Clear,
AO18342,Delta,2022,12,6,6,0,14.620000000000001,1.9700000000000002,8.0,4.65,2.99,2.9,40.2,Cloudy,
AO18342,Delta,2023,1,2,2,0,6.76,2.76,4.0,0.0,2.5,1.9,19.5,Rainy,
AO18342,Delta,2023,2,5,5,0,19.04,7.04,4.0,8.0,0.22,4.7,19.5,Cloudy,
AO18342,Delta,2023,3,4,4,0,13.27,9.27,0.0,4.0,4.45,17.2,41.6,Clear,
AO18342,Delta,2023,4,9,9,0,32.63,20.63,4.0,8.0,3.44,14.2,43.9,Clear,
AO18342,Delta,2023,5,12,12,0,44.6,32.6,8.0,4.0,4.57,15.4,44.1,Clear,
AO18342,Delta,2023,6,11,11,0,42.69,19.04,19.65,4.0,3.63,29.3,27.2,Clear,
AO18342,Delta,2023,7,13,13,0,46.45,13.91,24.54,8.0,2.76,28.8,35.1,Clear,
AO18342,Delta,2023,8,15,15,0,51.019999999999996,22.94,21.6,6.48,5.96,29.4,29.9,Clear,
AO18342,Delta,2023,9,8,8,0,29.79,0.0,13.79,16.0,2.04,14.3,23.5,Cloudy,
AO18342,Delta,2023,10,8,8,0,32.0,4.0,8.0,20.0,4.63,13.4,39.7,Clear,
AO18342,Delta,2023,11,3,3,0,12.0,0.0,8.0,4.0,8.56,16.2,13.2,Clear,
AO18342,Delta,2023,12,5,5,0,12.52,4.0,8.0,0.52,7.11,3.9,5.1,Clear,
AO18342,Delta,2024,1,2,2,0,5.0,0.0,5.0,0.0,0.63,4.6,22.6,Windy,
AO18342,Delta,2024,2,3,3,0,11.65,3.65,4.0,4.0,2.64,1.6,8.4,Cloudy,
AO18342,Delta,2024,3,6,6,0,20.35,4.99,4.0,11.36,7.44,14.7,31.3,Clear,
AO18342,Delta,2024,4,10,10,0,38.3,22.3,8.0,8.0,1.87,16.0,26.3,Clear,
AO18342,Delta,2024,5,10,10,0,35.69,22.86,4.83,8.0,5.76,14.5,21.0,Clear,
AO18342,Delta,2024,6,9,9,0,35.14,23.14,4.0,8.0,0.0,31.1,30.6,Clear,
AO18342,Delta,2024,7,9,9,0,29.5,19.68,9.82,0.0,3.69,30.4,32.9,Clear,
AO18342,Delta,2024,8,9,9,0,31.96,20.060000000000002,8.0,3.9,1.93,29.2,12.5,Clear,
AO18342,Delta,2024,9,3,3,0,10.34,3.16,7.18,0.0,2.93,14.1,21.2,Cloudy,
AO18342,Delta,2024,10,10,10,0,30.29,8.9,9.379999999999999,12.01,6.48,13.7,43.7,Cloudy,
AO18342,Delta,2024,11,8,8,0,30.58,16.0,4.0,10.58,4.97,14.5,24.8,Cloudy,
AO18342,Delta,2024,12,1,1,0,4.0,0.0,4.0,0.0,6.38,4.4,44.6,Clear,
AO18342,Delta,2025,1,5,5,0,20.0,4.0,12.0,4.0,3.47,2.8,10.7,Windy,
AO18342,Delta,2025,2,3,3,0,12.0,8.0,4.0,0.0,5.87,2.2,43.6,Rainy,
AO18342,Delta,2025,3,1,1,0,4.0,4.0,0.0,0.0,4.74,14.4,42.5,Clear,
AO18342,Delta,2025,4,6,6,0,16.68,0.25,12.0,4.43,4.61,16.7,35.9,Clear,
AO18342,Delta,2025,5,10,10,0,39.97,16.0,16.0,7.970000000000001,4.37,15.5,17.1,Clear,
AO18342,Delta,2025,6,7,7,0,26.310000000000002,8.0,15.41,2.9,4.83,30.8,32.7,Clear,
AO18342,Delta,2025,7,4,4,0,13.42,4.0,5.42,4.0,6.64,30.1,18.2,Clear,
AO18342,Delta,2025,8,7,7,0,28.0,20.0,8.0,0.0,6.9,30.5,24.5,Clear,
AO18342,Delta,2025,9,2,2,0,8.0,4.0,4.0,0.0,6.15,14.0,23.5,Cloudy,
AO18342,Delta,2025,10,5,5,0,20.0,16.0,4.0,0.0,4.54,15.0,26.2,Windy,
AO18342,Delta,2025,11,1,1,0,4.0,4.0,0.0,0.0,0.61,12.1,14.5,Clear,
AO18342,Delta,2025,12,2,2,0,8.0,4.0,4.0,0.0,3.96,2.5,19.0,Windy,
AO18342,Delta,2026,1,4,4,0,16.0,4.0,8.0,4.0,4.46,2.4,25.3,Cloudy,
AO18342,Delta,2026,2,3,3,0,12.0,4.0,0.0,8.0,7.37,4.3,16.6,Windy,
AO18342,Delta,2026,3,4,4,0,10.469999999999999,9.969999999999999,0.5,0.0,7.05,15.9,35.0,Clear,
AO18342,Delta,2026,4,1,1,0,4.0,0.0,4.0,0.0,3.72,16.2,21.9,Cloudy,
AO18342,Delta,2026,5,5,5,0,20.0,0.0,20.0,0.0,5.91,16.5,39.7,Clear,
AO18342,Delta,2026,6,8,8,0,31.98,19.98,8.0,4.0,7.3,30.9,12.2,Clear,
AO18360,Gamma,2021,6,1,1,0,17.26,0.0,0.0,17.26,1.84,29.1,11.3,Clear,
AO18360,Gamma,2021,7,5,5,0,84.27,34.17,50.1,0.0,6.38,30.2,12.0,Clear,
AO18360,Gamma,2021,8,2,2,0,30.46,16.6,13.86,0.0,4.33,29.7,7.0,Clear,
AO18360,Gamma,2021,9,3,3,0,52.97,35.84,17.13,0.0,6.19,15.2,35.4,Cloudy,
AO18360,Gamma,2021,10,3,3,0,49.93,33.53,16.4,0.0,8.83,16.4,43.3,Cloudy,
AO18360,Gamma,2021,11,3,3,0,49.760000000000005,0.0,0.0,49.760000000000005,5.74,13.9,6.7,Clear,
AO18360,Gamma,2021,12,1,1,0,11.47,0.0,0.0,11.47,3.4,2.5,44.1,Clear,
AO18360,Gamma,2022,1,2,2,0,31.79,31.79,0.0,0.0,6.27,3.4,42.8,Cloudy,
AO18360,Gamma,2022,2,1,1,0,16.39,16.39,0.0,0.0,4.37,2.8,5.8,Cloudy,
AO18360,Gamma,2022,4,4,4,0,73.50999999999999,33.83,39.68,0.0,7.07,16.4,24.9,Cloudy,
AO18360,Gamma,2022,5,3,3,0,44.06,10.4,17.8,15.86,2.05,15.9,25.2,Clear,
AO18360,Gamma,2022,6,5,5,0,89.91,36.760000000000005,36.510000000000005,16.64,6.46,30.8,24.2,Clear,
AO18360,Gamma,2022,7,1,1,0,18.37,0.0,0.0,18.37,6.04,29.9,36.8,Clear,
AO18360,Gamma,2022,8,1,1,0,15.66,0.0,0.0,15.66,4.0,29.7,28.5,Clear,
AO18360,Gamma,2022,9,2,2,0,29.060000000000002,0.0,15.49,13.57,0.02,13.5,20.9,Cloudy,
AO18360,Gamma,2022,11,1,1,0,19.86,19.86,0.0,0.0,3.48,14.1,27.2,Rainy,
AO18360,Gamma,2022,12,1,1,0,19.36,0.0,19.36,0.0,5.98,2.8,27.4,Windy,
AO18360,Gamma,2023,1,1,1,0,14.96,0.0,14.96,0.0,6.04,3.7,24.5,Clear,
AO18360,Gamma,2023,4,2,2,0,33.480000000000004,0.0,16.92,16.56,3.99,16.0,32.1,Clear,
AO18360,Gamma,2023,5,1,1,0,16.67,16.67,0.0,0.0,5.25,14.7,38.0,Clear,
AO18360,Gamma,2023,7,4,4,0,73.64,20.0,35.43,18.21,4.16,29.6,32.9,Clear,
AO18360,Gamma,2023,10,2,2,0,33.63,33.63,0.0,0.0,6.35,15.1,43.3,Clear,
AO18360,Gamma,2023,11,3,3,0,46.45,16.97,14.26,15.22,4.14,15.7,33.0,Clear,
AO18360,Gamma,2023,12,2,2,0,33.370000000000005,0.0,17.19,16.18,4.83,3.1,37.8,Windy,
AO18360,Gamma,2024,4,3,3,0,47.67,16.18,14.27,17.22,5.49,14.4,14.6,Clear,
AO18360,Gamma,2024,5,5,5,0,86.99000000000001,18.55,16.61,51.83,5.05,17.0,32.1,Clear,
AO18360,Gamma,2024,6,1,1,0,17.58,17.58,0.0,0.0,5.49,31.2,26.3,Clear,
AO18360,Gamma,2024,7,1,1,0,13.12,0.0,0.0,13.12,5.97,29.5,16.1,Clear,
AO18360,Gamma,2024,8,2,2,0,35.61,0.0,17.93,17.68,8.31,30.1,43.6,Clear,
AO18360,Gamma,2024,12,2,2,0,33.4,15.19,18.21,0.0,5.93,3.2,7.5,Cloudy,
AO18360,Gamma,2025,4,2,2,0,34.83,15.78,19.05,0.0,5.15,15.2,25.7,Clear,
AO18360,Gamma,2025,5,2,2,0,34.05,34.05,0.0,0.0,4.14,16.4,25.6,Clear,
AO18360,Gamma,2025,7,2,2,0,30.64,0.0,30.64,0.0,4.17,29.2,5.8,Clear,
AO18360,Gamma,2025,9,1,1,0,17.44,0.0,17.44,0.0,7.61,13.7,37.0,Rainy,
AO18360,Gamma,2025,12,2,2,0,36.5,20.0,16.5,0.0,5.78,2.7,22.4,Cloudy,
AO18360,Gamma,2026,3,2,2,0,35.53,16.45,0.0,19.08,2.43,15.4,29.2,Cloudy,
AO18360,Gamma,2026,4,2,2,0,36.01,0.0,0.0,36.01,0.0,15.5,10.0,Clear,
AO18360,Gamma,2026,5,1,1,0,15.46,15.46,0.0,0.0,9.01,14.6,6.4,Clear,
AO18360,Gamma,2026,6,2,2,0,32.89,14.92,17.97,0.0,4.79,29.9,25.2,Clear,
AO18592,Beta,2021,2,7,7,0,121.81,69.09,52.72,0.0,4.32,4.0,21.7,Cloudy,
AO18592,Beta,2021,3,3,3,0,49.5,49.5,0.0,0.0,1.4,15.5,32.9,Clear,
AO18592,Beta,2021,4,11,11,0,184.44,112.08,18.33,54.03,7.88,15.4,37.2,Clear,
AO18592,Beta,2021,5,12,12,0,198.73,79.91,73.52000000000001,45.3,7.63,16.8,20.5,Clear,
AO18592,Beta,2021,6,8,8,0,131.64,79.91,17.75,33.980000000000004,2.99,29.8,12.9,Clear,
AO18592,Beta,2021,7,4,4,0,69.12,16.13,52.989999999999995,0.0,6.34,30.1,21.5,Clear,
AO18592,Beta,2021,8,3,3,0,52.629999999999995,18.4,34.230000000000004,0.0,3.39,29.8,9.3,Clear,
AO18592,Beta,2021,9,5,5,0,84.0,50.78,33.22,0.0,2.15,15.0,40.6,Clear,
AO18592,Beta,2021,10,6,6,0,110.53999999999999,91.61,0.0,18.93,3.51,13.8,35.6,Cloudy,
AO18592,Beta,2021,12,2,2,0,36.8,0.0,36.8,0.0,4.13,3.0,11.9,Clear,
AO18592,Beta,2022,1,1,1,0,17.91,17.91,0.0,0.0,3.58,2.7,43.5,Clear,
AO18592,Beta,2022,2,2,2,0,30.89,0.0,13.05,17.84,2.83,3.5,14.0,Rainy,
AO18592,Beta,2022,3,2,2,0,38.05,0.0,38.05,0.0,6.64,17.3,35.5,Clear,
AO18592,Beta,2022,4,1,1,0,15.65,15.65,0.0,0.0,5.12,14.5,6.7,Clear,
AO18592,Beta,2022,5,5,5,0,81.9,33.910000000000004,14.75,33.24,2.6,16.3,33.3,Cloudy,
AO18592,Beta,2022,6,1,1,0,15.99,15.99,0.0,0.0,8.53,28.5,9.5,Clear,
AO18592,Beta,2022,7,5,5,0,88.7,15.29,17.13,56.28,3.6,29.6,30.3,Clear,
AO18592,Beta,2022,8,3,3,0,54.08,36.010000000000005,0.0,18.07,2.73,29.6,8.0,Clear,
AO18592,Beta,2022,9,3,3,0,53.87,18.7,18.77,16.4,2.43,14.8,33.0,Clear,
AO18592,Beta,2022,10,1,1,0,14.09,0.0,0.0,14.09,4.98,14.9,10.2,Clear,
AO18592,Beta,2023,1,1,1,0,14.12,0.0,14.12,0.0,9.32,3.7,14.0,Cloudy,
AO18592,Beta,2023,2,2,2,0,39.07,0.0,39.07,0.0,2.82,2.5,39.2,Rainy,
AO18592,Beta,2023,3,2,2,0,30.14,14.87,15.27,0.0,2.19,15.6,18.3,Cloudy,
AO18592,Beta,2023,4,1,1,0,18.61,0.0,18.61,0.0,6.05,17.0,42.8,Clear,
AO18592,Beta,2023,5,2,2,0,29.28,29.28,0.0,0.0,4.6,16.9,37.4,Clear,
AO18592,Beta,2023,6,3,3,0,49.64,32.81,0.0,16.83,3.78,30.5,36.5,Clear,
AO18592,Beta,2023,7,1,1,0,14.73,14.73,0.0,0.0,6.08,30.2,13.6,Clear,
AO18592,Beta,2023,8,1,1,0,14.38,14.38,0.0,0.0,7.2,29.9,35.4,Clear,
AO18592,Beta,2023,9,1,1,0,20.0,20.0,0.0,0.0,5.56,14.6,29.8,Cloudy,
AO18592,Beta,2023,10,1,1,0,14.21,14.21,0.0,0.0,7.45,12.7,27.2,Clear,
AO18592,Beta,2024,3,1,1,0,19.74,19.74,0.0,0.0,5.22,16.7,32.9,Clear,
AO18592,Beta,2024,5,1,1,0,19.43,0.0,19.43,0.0,5.79,15.8,22.5,Clear,
AO18592,Beta,2024,8,1,1,0,19.44,0.0,0.0,19.44,4.63,30.1,41.9,Clear,
AO18592,Beta,2025,3,1,1,0,15.43,15.43,0.0,0.0,0.59,15.5,31.2,Cloudy,
AO18592,Beta,2025,4,1,1,0,15.49,15.49,0.0,0.0,4.93,16.6,7.1,Clear,
AO18592,Beta,2025,7,1,1,0,15.5,15.5,0.0,0.0,3.63,29.2,33.2,Clear,
AO18592,Beta,2025,10,1,1,0,15.96,15.96,0.0,0.0,7.78,14.2,38.8,Clear,
AO18592,Beta,2026,2,1,1,0,12.24,12.24,0.0,0.0,7.19,2.4,38.3,Rainy,
AO18592,Beta,2026,5,1,1,0,11.72,0.0,11.72,0.0,2.39,16.0,38.7,Clear,
AO18592,Beta,2026,6,1,1,0,15.02,0.0,15.02,0.0,5.2,30.0,21.7,Clear,
AO18652,Beta,2025,3,2,2,0,30.7,0.0,0.0,30.7,6.32,15.5,6.7,Cloudy,
AO18652,Beta,2025,5,2,2,0,29.810000000000002,13.42,16.39,0.0,3.2,16.6,33.3,Clear,
AO18652,Beta,2025,7,2,2,0,35.879999999999995,35.879999999999995,0.0,0.0,4.87,29.2,15.9,Clear,
AO18652,Beta,2025,8,1,1,0,18.2,0.0,18.2,0.0,7.03,30.2,23.3,Clear,
AO18652,Beta,2025,9,1,1,0,16.26,16.26,0.0,0.0,5.21,15.1,22.1,Clear,
AO18652,Beta,2025,11,2,2,0,35.0,17.14,0.0,17.86,5.36,14.2,40.9,Clear,
AO18652,Beta,2026,3,1,1,0,20.0,0.0,20.0,0.0,1.62,16.3,27.2,Clear,
AO18652,Beta,2026,5,1,1,0,17.02,17.02,0.0,0.0,4.69,16.0,42.9,Clear,
AO18652,Beta,2026,6,3,3,0,44.230000000000004,30.71,13.52,0.0,3.51,30.0,42.3,Clear,
AO18742,Alpha,2023,9,1,1,0,16.21,16.21,0.0,0.0,5.17,13.9,21.5,Cloudy,
AO18742,Alpha,2023,11,1,1,0,15.76,15.76,0.0,0.0,4.43,13.3,29.2,Cloudy,
AO18742,Alpha,2024,3,2,2,0,30.6,30.6,0.0,0.0,7.8,16.4,5.1,Cloudy,
AO18742,Alpha,2024,4,1,1,0,17.47,17.47,0.0,0.0,5.68,16.7,6.8,Clear,
AO18742,Alpha,2024,5,2,2,0,33.28,0.0,13.77,19.51,3.2,15.8,16.4,Clear,
AO18742,Alpha,2024,7,1,1,0,19.04,19.04,0.0,0.0,5.03,29.5,43.2,Clear,
AO18742,Alpha,2024,10,2,2,0,36.26,17.77,18.49,0.0,5.75,13.6,39.7,Clear,
AO18742,Alpha,2024,11,1,1,0,15.69,0.0,15.69,0.0,1.99,14.1,26.9,Rainy,
AO18742,Alpha,2025,4,1,1,0,17.16,0.0,17.16,0.0,7.12,17.4,8.6,Clear,
AO18742,Alpha,2025,6,1,1,0,16.82,16.82,0.0,0.0,10.16,31.3,12.5,Clear,
AO18742,Alpha,2025,7,2,2,0,36.26,0.0,18.97,17.29,5.45,30.5,7.8,Clear,
AO18742,Alpha,2025,8,2,2,0,31.64,13.01,0.0,18.63,3.82,31.3,34.1,Clear,
AO18742,Alpha,2026,3,2,2,0,35.18,0.0,35.18,0.0,5.66,15.0,26.5,Clear,
AO18742,Alpha,2026,4,3,3,0,49.79,0.0,19.19,30.6,2.62,14.4,20.3,Cloudy,
AO18793,Sigma,2023,2,1,1,0,20.0,20.0,0.0,0.0,1.1,2.6,44.9,Clear,
AO18793,Sigma,2023,5,3,3,0,54.81,0.0,18.09,36.72,4.44,15.4,39.1,Clear,
AO18793,Sigma,2023,6,1,1,0,16.89,0.0,0.0,16.89,5.7,29.5,39.3,Clear,
AO18793,Sigma,2023,7,10,10,0,168.96,65.83,86.03,17.1,6.2,29.9,20.2,Clear,
AO18793,Sigma,2023,8,1,1,0,15.27,15.27,0.0,0.0,4.03,30.6,15.3,Clear,
AO18793,Sigma,2023,10,3,3,0,51.32,34.74,16.58,0.0,4.3,14.3,17.5,Cloudy,
AO18793,Sigma,2024,1,1,1,0,18.45,18.45,0.0,0.0,6.31,3.6,22.7,Cloudy,
AO18793,Sigma,2024,3,1,1,0,16.56,0.0,0.0,16.56,4.96,16.3,19.1,Clear,
AO18793,Sigma,2024,4,2,2,0,36.31,17.74,0.0,18.57,2.84,16.0,26.4,Clear,
AO18793,Sigma,2024,5,1,1,0,19.48,19.48,0.0,0.0,13.01,16.0,40.8,Clear,
AO18793,Sigma,2024,6,1,1,0,19.42,0.0,19.42,0.0,3.99,30.4,42.5,Clear,
AO18793,Sigma,2024,8,1,1,0,15.92,0.0,0.0,15.92,4.41,30.9,26.2,Clear,
AO18793,Sigma,2024,9,3,3,0,51.26,17.91,15.24,18.11,0.72,13.7,17.7,Clear,
AO18793,Sigma,2024,12,3,3,0,51.03,0.0,51.03,0.0,4.32,4.0,27.4,Rainy,
AO18793,Sigma,2025,3,1,1,0,14.84,0.0,14.84,0.0,2.49,16.4,36.6,Clear,
AO18793,Sigma,2025,4,1,1,0,15.02,15.02,0.0,0.0,6.85,16.3,35.5,Clear,
AO18793,Sigma,2025,6,1,1,0,16.92,0.0,16.92,0.0,2.49,29.6,31.4,Clear,
AO18793,Sigma,2025,7,2,2,0,33.349999999999994,0.0,33.349999999999994,0.0,7.14,30.3,33.9,Clear,
AO18793,Sigma,2025,8,1,1,0,16.64,16.64,0.0,0.0,5.09,29.6,22.1,Clear,
AO18793,Sigma,2026,4,2,2,0,34.730000000000004,0.0,16.52,18.21,3.61,14.9,33.5,Clear,
AO18793,Sigma,2026,5,1,1,0,19.12,0.0,19.12,0.0,2.77,16.0,10.4,Clear,
AO18793,Sigma,2026,6,2,2,0,36.5,0.0,17.88,18.62,4.51,29.2,12.4,Clear,
AO18804,Beta,2025,1,1,1,0,4.0,0.0,0.0,4.0,6.18,3.7,5.6,Cloudy,
AO18804,Beta,2025,2,1,1,0,1.0,1.0,0.0,0.0,5.04,4.0,10.0,Cloudy,
AO18804,Beta,2025,3,4,4,0,14.36,10.36,0.0,4.0,2.65,15.5,42.5,Cloudy,
AO18804,Beta,2025,4,3,3,0,9.51,4.0,0.0,5.51,3.79,16.6,26.1,Clear,
AO18804,Beta,2025,5,7,7,0,28.0,16.0,8.0,4.0,3.38,16.6,30.9,Clear,
AO18804,Beta,2025,6,7,7,0,25.66,8.0,16.0,1.66,5.26,31.6,29.3,Clear,
AO18804,Beta,2025,7,6,6,0,21.34,17.34,0.0,4.0,3.2,29.2,10.0,Clear,
AO18804,Beta,2025,8,4,4,0,15.01,3.01,8.0,4.0,3.73,30.2,25.9,Clear,
AO18804,Beta,2025,9,3,3,0,12.0,8.0,4.0,0.0,5.49,15.1,19.5,Clear,
AO18804,Beta,2025,10,2,2,0,4.91,4.0,0.91,0.0,2.66,14.2,23.8,Clear,
AO18804,Beta,2025,11,4,4,0,12.4,0.0,7.45,4.95,4.1,14.2,14.5,Clear,
AO18804,Beta,2025,12,3,3,0,12.0,4.0,4.0,4.0,2.56,1.6,35.9,Cloudy,
AO18804,Beta,2026,2,6,6,0,24.0,16.0,4.0,4.0,2.92,2.4,33.7,Rainy,
AO18804,Beta,2026,3,5,5,0,20.0,16.0,4.0,0.0,4.32,16.3,24.7,Clear,
AO18804,Beta,2026,4,3,3,0,9.27,8.0,1.27,0.0,6.69,16.3,42.5,Clear,
AO18804,Beta,2026,5,8,8,0,26.91,8.0,4.2,14.71,3.04,16.0,27.9,Clear,
AO18804,Beta,2026,6,10,10,0,37.36,20.0,13.36,4.0,3.09,30.0,44.6,Clear,
AO18862,Sigma,2021,1,7,7,0,68.4,8.0,42.3,18.1,5.89,4.9,12.4,Cloudy,
AO18862,Sigma,2021,2,6,6,0,28.12,12.0,12.0,4.12,2.69,4.0,30.6,Clear,
AO18862,Sigma,2021,3,10,10,0,65.6,49.6,0.0,16.0,9.31,15.3,43.3,Clear,
AO18862,Sigma,2021,4,19,19,0,73.23,29.88,31.35,12.0,3.06,16.2,25.8,Clear,
AO18862,Sigma,2021,5,26,26,0,83.49,27.23,44.33,11.93,2.72,15.3,5.7,Clear,
AO18862,Sigma,2021,6,15,15,0,60.0,16.0,28.0,16.0,7.97,29.1,16.5,Clear,
AO18862,Sigma,2021,7,15,15,0,54.519999999999996,20.9,21.619999999999997,12.0,3.02,30.1,27.6,Clear,
AO18862,Sigma,2021,8,6,6,0,24.0,8.0,8.0,8.0,0.12,31.4,17.7,Clear,
AO18862,Sigma,2021,9,7,7,0,28.0,4.0,16.0,8.0,5.47,13.3,17.7,Rainy,
AO18862,Sigma,2021,10,3,3,0,11.2,0.0,4.0,7.2,3.3,14.0,17.2,Clear,
AO18862,Sigma,2021,11,9,9,0,31.240000000000002,15.24,12.0,4.0,5.78,12.6,34.1,Clear,
AO18862,Sigma,2021,12,5,5,0,19.78,8.0,7.779999999999999,4.0,4.03,3.0,35.9,Clear,
AO18862,Sigma,2022,1,4,4,0,13.92,4.0,5.92,4.0,4.79,4.3,18.6,Rainy,
AO18862,Sigma,2022,2,1,1,0,4.0,4.0,0.0,0.0,5.39,3.0,7.6,Cloudy,
AO18862,Sigma,2022,3,7,7,0,28.0,12.0,8.0,8.0,4.67,15.3,41.6,Clear,
AO18862,Sigma,2022,4,9,9,0,31.21,13.8,8.0,9.41,1.34,16.6,28.5,Clear,
AO18862,Sigma,2022,5,11,11,0,42.9,14.9,20.0,8.0,6.17,17.1,17.0,Cloudy,
AO18862,Sigma,2022,6,5,5,0,20.0,16.0,0.0,4.0,5.01,29.2,27.1,Clear,
AO18862,Sigma,2022,7,6,6,0,19.45,11.15,4.3,4.0,5.55,30.6,36.2,Clear,
AO18862,Sigma,2022,8,6,6,0,20.58,9.370000000000001,11.21,0.0,4.54,31.1,23.4,Clear,
AO18862,Sigma,2022,9,6,6,0,23.1,7.1,4.0,12.0,5.92,13.0,33.5,Rainy,
AO18862,Sigma,2022,10,7,7,0,28.0,8.0,8.0,12.0,6.62,15.3,16.2,Cloudy,
AO18862,Sigma,2022,11,1,1,0,4.0,4.0,0.0,0.0,4.86,14.0,27.7,Cloudy,
AO18862,Sigma,2022,12,2,2,0,8.0,4.0,4.0,0.0,6.41,3.9,12.9,Cloudy,
AO18862,Sigma,2023,1,7,7,0,24.57,12.0,8.0,4.57,3.24,4.7,21.6,Cloudy,
AO18862,Sigma,2023,2,3,3,0,12.0,4.0,4.0,4.0,6.62,2.6,39.8,Clear,
AO18862,Sigma,2023,3,3,3,0,9.47,5.47,4.0,0.0,5.95,16.6,13.2,Cloudy,
AO18862,Sigma,2023,4,4,4,0,16.0,0.0,12.0,4.0,3.94,14.6,22.4,Clear,
AO18862,Sigma,2023,5,3,3,0,12.0,4.0,8.0,0.0,3.09,15.4,30.9,Clear,
AO18862,Sigma,2023,6,6,6,0,21.53,4.0,13.530000000000001,4.0,1.94,29.5,26.7,Clear,
AO18862,Sigma,2023,7,6,6,0,20.38,8.379999999999999,4.0,8.0,3.9,29.9,30.8,Clear,
AO18862,Sigma,2023,8,10,10,0,34.59,7.6899999999999995,14.48,12.42,6.98,30.6,19.5,Clear,
AO18862,Sigma,2023,9,5,5,0,19.21,7.21,8.0,4.0,5.51,14.1,38.4,Cloudy,
AO18862,Sigma,2023,10,7,7,0,24.82,19.03,5.79,0.0,5.26,14.3,30.3,Cloudy,
AO18862,Sigma,2023,11,7,7,0,23.09,11.46,11.629999999999999,0.0,9.39,12.8,10.7,Clear,
AO18862,Sigma,2023,12,7,7,0,28.0,20.0,4.0,4.0,3.77,4.0,34.1,Clear,
AO18862,Sigma,2024,1,4,4,0,16.0,12.0,4.0,0.0,1.77,3.6,23.1,Cloudy,
AO18862,Sigma,2024,2,2,2,0,8.0,4.0,4.0,0.0,12.02,3.5,36.6,Cloudy,
AO18862,Sigma,2024,3,2,2,0,4.65,4.65,0.0,0.0,3.9,16.3,14.2,Clear,
AO18862,Sigma,2024,4,5,5,0,13.53,5.74,5.22,2.57,6.61,16.0,43.5,Clear,
AO18862,Sigma,2024,5,10,10,0,35.09,27.09,4.0,4.0,6.92,16.0,36.1,Clear,
AO18862,Sigma,2024,6,5,5,0,18.759999999999998,14.76,4.0,0.0,7.66,30.4,25.1,Clear,
AO18862,Sigma,2024,7,2,2,0,4.09,0.0,0.09,4.0,1.81,29.4,31.5,Clear,
AO18862,Sigma,2024,8,4,4,0,13.58,4.0,5.58,4.0,5.99,30.9,42.6,Clear,
AO18862,Sigma,2024,9,4,4,0,16.0,8.0,4.0,4.0,2.39,13.7,43.4,Clear,
AO18862,Sigma,2024,10,3,3,0,9.02,1.02,4.0,4.0,5.94,13.5,18.0,Clear,
AO18862,Sigma,2024,11,2,2,0,8.0,0.0,4.0,4.0,6.35,13.4,26.1,Clear,
AO18862,Sigma,2024,12,2,2,0,5.47,0.0,1.47,4.0,1.01,4.0,7.8,Rainy,
AO18862,Sigma,2025,1,6,6,0,21.509999999999998,0.0,21.509999999999998,0.0,8.76,3.1,40.1,Windy,
AO18862,Sigma,2025,2,5,5,0,18.05,2.05,16.0,0.0,3.78,4.7,37.4,Clear,
AO18862,Sigma,2025,3,5,5,0,19.259999999999998,16.0,3.26,0.0,8.39,16.4,17.2,Clear,
AO18862,Sigma,2025,5,5,5,0,14.0,5.83,8.17,0.0,4.82,14.9,30.0,Clear,
AO18862,Sigma,2025,6,6,6,0,24.0,8.0,8.0,8.0,5.93,29.6,14.4,Clear,
AO18862,Sigma,2025,7,4,4,0,16.0,4.0,4.0,8.0,8.14,30.3,29.8,Clear,
AO18862,Sigma,2025,8,8,8,0,32.0,20.0,8.0,4.0,2.44,29.6,14.1,Clear,
AO18862,Sigma,2025,9,9,9,0,32.41,13.96,12.0,6.45,5.16,14.1,23.7,Cloudy,
AO18862,Sigma,2025,10,4,4,0,16.0,0.0,16.0,0.0,5.99,14.5,36.8,Clear,
AO18862,Sigma,2025,11,3,3,0,12.0,8.0,4.0,0.0,9.32,13.9,9.3,Clear,
AO18862,Sigma,2025,12,4,4,0,16.0,12.0,0.0,4.0,3.76,2.4,38.1,Cloudy,
AO18862,Sigma,2026,1,4,4,0,16.0,8.0,4.0,4.0,8.24,3.4,42.7,Cloudy,
AO18862,Sigma,2026,2,5,5,0,20.0,8.0,4.0,8.0,2.62,2.6,14.7,Rainy,
AO18862,Sigma,2026,3,2,2,0,4.92,0.0,0.92,4.0,6.12,15.9,24.9,Clear,
AO18862,Sigma,2026,4,5,5,0,17.32,9.32,8.0,0.0,3.31,14.9,32.2,Clear,
AO18862,Sigma,2026,5,8,8,0,29.28,21.28,4.0,4.0,4.97,16.0,7.4,Clear,
AO18862,Sigma,2026,6,5,5,0,16.990000000000002,8.99,8.0,0.0,7.47,29.2,5.3,Clear,
AO18976,Alpha,2023,12,3,3,0,9.83,5.890000000000001,0.0,3.94,3.98,3.0,19.7,Rainy,
AO18976,Alpha,2024,1,3,3,0,12.0,4.0,8.0,0.0,6.22,3.1,24.9,Clear,
AO18976,Alpha,2024,2,4,4,0,13.07,9.07,4.0,0.0,4.32,2.0,5.4,Clear,
AO18976,Alpha,2024,3,5,5,0,19.08,11.08,0.0,8.0,5.04,16.4,18.1,Cloudy,
AO18976,Alpha,2024,4,12,12,0,43.09,17.47,17.62,8.0,2.88,16.7,39.1,Clear,
AO18976,Alpha,2024,5,10,10,0,34.62,16.48,8.0,10.14,8.25,15.8,38.7,Clear,
AO18976,Alpha,2024,6,6,6,0,22.38,0.0,2.38,20.0,6.97,30.3,27.7,Clear,
AO18976,Alpha,2024,7,11,11,0,35.63,18.87,2.34,14.42,6.24,29.5,17.3,Clear,
AO18976,Alpha,2024,8,7,7,0,28.0,16.0,8.0,4.0,2.81,28.6,32.4,Clear,
AO18976,Alpha,2024,9,5,5,0,15.95,6.029999999999999,9.92,0.0,1.92,13.1,16.8,Cloudy,
AO18976,Alpha,2024,10,2,2,0,8.0,4.0,4.0,0.0,4.48,13.6,38.4,Clear,
AO18976,Alpha,2024,11,4,4,0,10.52,0.87,9.65,0.0,9.63,14.1,16.8,Rainy,
AO18976,Alpha,2024,12,5,5,0,19.0,11.19,7.8100000000000005,0.0,6.01,4.3,24.5,Clear,
AO18976,Alpha,2025,1,2,2,0,8.0,0.0,8.0,0.0,2.99,1.8,36.9,Clear,
AO18976,Alpha,2025,2,2,2,0,5.86,0.0,1.86,4.0,4.22,3.1,13.2,Cloudy,
AO18976,Alpha,2025,3,3,3,0,11.629999999999999,4.0,7.63,0.0,5.84,16.6,24.3,Clear,
AO18976,Alpha,2025,4,6,6,0,20.259999999999998,6.74,13.52,0.0,7.97,17.4,41.2,Clear,
AO18976,Alpha,2025,5,8,8,0,32.0,8.0,24.0,0.0,7.1,16.4,25.3,Clear,
AO18976,Alpha,2025,6,7,7,0,25.39,9.39,12.0,4.0,5.3,31.3,8.0,Clear,
AO18976,Alpha,2025,7,17,17,0,66.51,36.0,10.870000000000001,19.64,6.88,30.5,41.4,Clear,
AO18976,Alpha,2025,8,2,2,0,8.0,4.0,4.0,0.0,3.62,31.3,9.3,Clear,
AO18976,Alpha,2025,9,6,6,0,14.98,9.52,4.48,0.98,3.46,13.9,13.7,Clear,
AO18976,Alpha,2025,10,6,6,0,20.48,6.779999999999999,4.0,9.7,5.22,14.8,30.1,Clear,
AO18976,Alpha,2025,11,4,4,0,16.0,4.0,4.0,8.0,6.66,14.7,35.8,Cloudy,
AO18976,Alpha,2025,12,9,9,0,36.0,12.0,8.0,16.0,5.07,3.9,10.0,Rainy,
AO18976,Alpha,2026,1,2,2,0,5.4,4.0,0.0,1.4,6.45,3.1,15.2,Cloudy,
AO18976,Alpha,2026,2,3,3,0,11.1,11.1,0.0,0.0,4.9,3.4,36.2,Rainy,
AO18976,Alpha,2026,3,1,1,0,4.0,0.0,4.0,0.0,6.24,15.0,33.0,Clear,
AO18976,Alpha,2026,4,5,5,0,20.0,0.0,16.0,4.0,4.52,14.4,17.8,Cloudy,
AO18976,Alpha,2026,5,9,9,0,36.0,16.0,12.0,8.0,3.46,16.5,39.4,Clear,
AO18976,Alpha,2026,6,3,3,0,11.94,4.0,7.9399999999999995,0.0,4.94,28.3,31.8,Clear,
AO19031,Sigma,2021,4,18,18,0,57.2,26.93,22.96,7.3100000000000005,6.12,16.2,24.2,Clear,
AO19031,Sigma,2021,5,29,29,0,107.17,38.480000000000004,44.69,24.0,6.75,15.3,29.2,Clear,
AO19031,Sigma,2021,6,12,12,0,39.9,5.75,20.68,13.469999999999999,5.71,29.1,28.6,Clear,
AO19031,Sigma,2021,7,14,14,0,52.71,24.71,12.0,16.0,3.99,30.1,5.8,Clear,
AO19031,Sigma,2021,8,7,7,0,27.0,12.0,7.0,8.0,7.96,31.4,44.1,Clear,
AO19031,Sigma,2021,9,12,12,0,41.66,17.09,8.0,16.57,4.31,13.3,27.8,Rainy,
AO19031,Sigma,2021,10,5,5,0,16.84,0.84,8.0,8.0,5.85,14.0,38.0,Clear,
AO19031,Sigma,2021,11,7,7,0,28.0,12.0,12.0,4.0,5.12,12.6,10.2,Clear,
AO19031,Sigma,2021,12,6,6,0,24.0,8.0,16.0,0.0,2.79,3.0,41.9,Clear,
AO19031,Sigma,2022,1,3,3,0,9.129999999999999,4.0,1.13,4.0,5.37,4.3,30.0,Rainy,
AO19031,Sigma,2022,2,4,4,0,16.0,8.0,4.0,4.0,1.7,3.0,12.1,Cloudy,
AO19031,Sigma,2022,3,7,7,0,28.0,8.0,12.0,8.0,4.67,15.3,43.0,Clear,
AO19031,Sigma,2022,4,9,9,0,29.11,12.0,3.9400000000000004,13.17,7.88,16.6,35.1,Clear,
AO19031,Sigma,2022,5,18,18,0,66.23,4.0,31.91,30.32,4.15,17.1,17.0,Cloudy,
AO19031,Sigma,2022,6,5,5,0,14.8,10.620000000000001,4.0,0.18,5.5,29.2,44.4,Clear,
AO19031,Sigma,2022,7,3,3,0,12.0,8.0,4.0,0.0,6.21,30.6,37.4,Clear,
AO19031,Sigma,2022,8,5,5,0,17.37,8.0,3.47,5.9,5.19,31.1,43.4,Clear,
AO19031,Sigma,2022,9,8,8,0,32.0,16.0,4.0,12.0,5.98,13.0,5.2,Rainy,
AO19031,Sigma,2022,10,6,6,0,21.259999999999998,4.0,1.26,16.0,5.21,15.3,41.6,Cloudy,
AO19031,Sigma,2022,11,1,1,0,4.0,4.0,0.0,0.0,3.13,14.0,28.6,Cloudy,
AO19031,Sigma,2022,12,3,3,0,7.79,4.0,0.85,2.94,2.67,3.9,22.0,Cloudy,
AO19031,Sigma,2023,1,4,4,0,16.0,8.0,0.0,8.0,3.66,4.7,23.9,Cloudy,
AO19031,Sigma,2023,2,5,5,0,20.0,12.0,4.0,4.0,4.6,2.6,33.2,Clear,
AO19031,Sigma,2023,3,5,5,0,18.63,14.629999999999999,4.0,0.0,4.18,16.6,5.8,Cloudy,
AO19031,Sigma,2023,4,3,3,0,10.89,4.0,4.0,2.89,3.1,14.6,15.4,Clear,
AO19031,Sigma,2023,5,10,10,0,40.0,24.0,16.0,0.0,6.01,15.4,40.8,Clear,
AO19031,Sigma,2023,6,7,7,0,27.57,7.57,12.0,8.0,7.93,29.5,31.3,Clear,
AO19031,Sigma,2023,7,7,7,0,21.84,6.05,8.43,7.359999999999999,6.27,29.9,19.3,Clear,
AO19031,Sigma,2023,8,6,6,0,23.36,8.0,7.359999999999999,8.0,4.31,30.6,8.5,Clear,
AO19031,Sigma,2023,9,5,5,0,17.46,12.0,1.46,4.0,6.91,14.1,27.0,Cloudy,
AO19031,Sigma,2023,10,9,9,0,26.92,16.28,8.58,2.06,4.19,14.3,16.9,Cloudy,
AO19031,Sigma,2023,11,6,6,0,21.240000000000002,13.24,8.0,0.0,1.7,12.8,36.8,Clear,
AO19031,Sigma,2023,12,6,6,0,22.69,16.0,2.69,4.0,2.67,4.0,32.3,Clear,
AO19031,Sigma,2024,1,4,4,0,14.48,8.0,6.48,0.0,8.55,3.6,26.3,Cloudy,
AO19031,Sigma,2024,2,3,3,0,10.28,0.0,6.279999999999999,4.0,1.19,3.5,45.0,Cloudy,
AO19031,Sigma,2024,3,6,6,0,24.0,12.0,4.0,8.0,2.55,16.3,5.1,Clear,
AO19031,Sigma,2024,4,9,9,0,34.06,8.0,22.06,4.0,6.1,16.0,37.1,Clear,
AO19031,Sigma,2024,5,12,12,0,42.85,29.759999999999998,8.0,5.09,5.54,16.0,24.7,Clear,
AO19031,Sigma,2024,6,2,2,0,7.26,3.26,4.0,0.0,4.99,30.4,11.9,Clear,
AO19031,Sigma,2024,7,8,8,0,28.89,12.89,16.0,0.0,2.45,29.4,15.0,Clear,
AO19031,Sigma,2024,8,6,6,0,24.0,12.0,4.0,8.0,1.2,30.9,10.7,Clear,
AO19031,Sigma,2024,9,7,7,0,22.35,2.35,16.0,4.0,2.8,13.7,17.4,Clear,
AO19031,Sigma,2024,10,11,11,0,34.23,13.85,16.0,4.38,5.52,13.5,11.1,Clear,
AO19031,Sigma,2024,11,3,3,0,6.43,3.45,0.0,2.98,5.53,13.4,43.5,Clear,
AO19031,Sigma,2024,12,10,10,0,36.12,10.1,26.02,0.0,4.85,4.0,23.0,Rainy,
AO19031,Sigma,2025,1,2,2,0,4.97,0.97,4.0,0.0,2.31,3.1,37.0,Windy,
AO19031,Sigma,2025,2,5,5,0,19.42,4.0,12.0,3.42,6.51,4.7,20.8,Clear,
AO19031,Sigma,2025,3,3,3,0,8.06,8.0,0.0,0.06,7.74,16.4,13.8,Clear,
AO19031,Sigma,2025,4,6,6,0,24.0,8.0,8.0,8.0,7.21,16.3,25.5,Clear,
AO19031,Sigma,2025,5,6,6,0,17.61,4.0,6.390000000000001,7.22,4.36,14.9,29.5,Clear,
AO19031,Sigma,2025,6,10,10,0,33.25,8.69,15.0,9.56,4.35,29.6,24.8,Clear,
AO19031,Sigma,2025,7,5,5,0,19.96,4.0,11.96,4.0,8.91,30.3,37.4,Clear,
AO19031,Sigma,2025,8,9,9,0,32.78,12.0,16.0,4.78,6.07,29.6,37.5,Clear,
AO19031,Sigma,2025,9,6,6,0,21.060000000000002,4.0,8.0,9.06,8.43,14.1,9.8,Cloudy,
AO19031,Sigma,2025,10,6,6,0,17.83,5.79,4.04,8.0,5.69,14.5,19.4,Clear,
AO19031,Sigma,2025,11,4,4,0,16.0,12.0,0.0,4.0,2.26,13.9,38.5,Clear,
AO19031,Sigma,2025,12,1,1,0,4.0,0.0,4.0,0.0,7.74,2.4,26.4,Cloudy,
AO19031,Sigma,2026,1,4,4,0,16.0,12.0,4.0,0.0,6.8,3.4,30.4,Cloudy,
AO19031,Sigma,2026,2,1,1,0,4.0,0.0,4.0,0.0,5.26,2.6,6.3,Rainy,
AO19031,Sigma,2026,3,2,2,0,8.0,4.0,4.0,0.0,2.58,15.9,15.3,Clear,
AO19031,Sigma,2026,4,5,5,0,18.21,8.0,8.0,2.21,7.45,14.9,18.2,Clear,
AO19031,Sigma,2026,5,7,7,0,23.23,17.96,5.27,0.0,3.34,16.0,37.9,Clear,
AO19031,Sigma,2026,6,5,5,0,18.740000000000002,6.74,4.0,8.0,5.99,29.2,38.3,Clear,
AO19192,Gamma,2022,1,1,1,0,16.13,0.0,16.13,0.0,5.23,3.4,34.2,Cloudy,
AO19192,Gamma,2022,2,2,2,0,32.14,17.58,0.0,14.56,1.74,2.8,25.0,Cloudy,
AO19192,Gamma,2022,3,1,1,0,19.37,0.0,19.37,0.0,5.56,17.1,32.0,Clear,
AO19192,Gamma,2022,4,1,1,0,17.61,0.0,0.0,17.61,2.71,16.4,12.5,Cloudy,
AO19192,Gamma,2022,5,4,4,0,72.98,35.05,0.0,37.93,6.72,15.9,9.8,Clear,
AO19192,Gamma,2022,7,4,4,0,74.65,38.35,17.67,18.63,5.11,29.9,15.4,Clear,
AO19192,Gamma,2022,8,7,7,0,117.0,48.92,53.12,14.96,3.56,29.7,43.4,Clear,
AO19192,Gamma,2022,10,3,3,0,43.260000000000005,16.6,0.0,26.66,5.69,15.1,44.9,Clear,
AO19192,Gamma,2022,11,1,1,0,16.85,16.85,0.0,0.0,4.02,14.1,37.2,Rainy,
AO19192,Gamma,2022,12,2,2,0,34.34,18.24,16.1,0.0,3.25,2.8,30.2,Windy,
AO19192,Gamma,2023,2,2,2,0,32.32,32.32,0.0,0.0,0.86,1.2,6.4,Clear,
AO19192,Gamma,2023,4,2,2,0,31.45,0.0,0.0,31.45,4.78,16.0,11.6,Clear,
AO19192,Gamma,2023,5,1,1,0,15.51,0.0,0.0,15.51,7.92,14.7,27.7,Clear,
AO19192,Gamma,2023,6,1,1,0,19.44,19.44,0.0,0.0,2.12,30.7,11.3,Clear,
AO19192,Gamma,2023,7,1,1,0,16.41,0.0,16.41,0.0,5.15,29.6,39.1,Clear,
AO19192,Gamma,2023,8,1,1,0,13.51,0.0,13.51,0.0,7.18,29.7,32.8,Clear,
AO19192,Gamma,2023,9,2,2,0,29.97,29.97,0.0,0.0,5.19,14.3,43.6,Cloudy,
AO19192,Gamma,2023,10,2,2,0,34.69,34.69,0.0,0.0,1.27,15.1,25.7,Clear,
AO19192,Gamma,2023,11,1,1,0,16.73,16.73,0.0,0.0,5.56,15.7,5.1,Clear,
AO19192,Gamma,2024,1,1,1,0,20.0,20.0,0.0,0.0,6.14,1.5,20.8,Cloudy,
AO19192,Gamma,2024,4,1,1,0,18.42,18.42,0.0,0.0,3.04,14.4,25.1,Clear,
AO19192,Gamma,2024,7,1,1,0,16.82,0.0,0.0,16.82,2.69,29.5,30.0,Clear,
AO19192,Gamma,2024,8,1,1,0,16.05,16.05,0.0,0.0,2.23,30.1,5.5,Clear,
AO19192,Gamma,2024,9,1,1,0,14.97,0.0,14.97,0.0,8.26,14.5,6.3,Cloudy,
AO19192,Gamma,2024,10,2,2,0,33.06,0.0,18.06,15.0,5.38,13.6,6.8,Rainy,
AO19192,Gamma,2025,1,1,1,0,14.34,14.34,0.0,0.0,6.74,3.0,37.3,Rainy,
AO19192,Gamma,2025,2,1,1,0,14.76,14.76,0.0,0.0,0.08,2.3,7.6,Clear,
AO19192,Gamma,2025,5,1,1,0,20.0,0.0,20.0,0.0,2.92,16.4,10.3,Clear,
AO19192,Gamma,2025,6,2,2,0,33.06,33.06,0.0,0.0,5.14,31.1,29.3,Clear,
AO19192,Gamma,2025,8,2,2,0,29.18,0.0,15.67,13.51,4.22,29.8,40.5,Clear,
AO19192,Gamma,2025,9,5,5,0,85.63,28.380000000000003,57.25,0.0,5.08,13.7,13.5,Rainy,
AO19192,Gamma,2025,10,2,2,0,34.1,34.1,0.0,0.0,3.87,15.7,13.0,Cloudy,
AO19192,Gamma,2025,11,1,1,0,16.28,16.28,0.0,0.0,9.21,14.3,10.9,Clear,
AO19192,Gamma,2026,3,1,1,0,19.16,0.0,19.16,0.0,5.16,15.4,28.1,Cloudy,
AO19192,Gamma,2026,4,1,1,0,16.54,0.0,0.0,16.54,2.44,15.5,15.6,Clear,
AO19316,Beta,2021,11,2,2,0,35.22,20.0,15.22,0.0,6.74,13.3,14.5,Clear,
AO19316,Beta,2021,12,1,1,0,17.82,0.0,17.82,0.0,3.76,3.0,28.0,Clear,
AO19316,Beta,2022,1,6,6,0,98.21000000000001,84.33,13.88,0.0,6.55,2.7,39.4,Clear,
AO19316,Beta,2022,3,2,2,0,32.21,17.03,15.18,0.0,3.88,17.3,5.6,Clear,
AO19316,Beta,2022,4,2,2,0,30.880000000000003,0.0,30.880000000000003,0.0,5.55,14.5,22.9,Clear,
AO19316,Beta,2022,5,2,2,0,32.14,14.93,0.0,17.21,7.07,16.3,34.2,Cloudy,
AO19316,Beta,2022,6,8,8,0,140.66,17.48,52.480000000000004,70.7,6.97,28.5,34.4,Clear,
AO19316,Beta,2022,7,2,2,0,31.85,14.85,17.0,0.0,4.64,29.6,29.9,Clear,
AO19316,Beta,2022,8,6,6,0,108.46,18.32,57.03,33.11,7.69,29.6,42.8,Clear,
AO19316,Beta,2022,9,4,4,0,71.68,53.06,0.0,18.62,3.16,14.8,28.9,Clear,
AO19316,Beta,2022,10,4,4,0,65.97,49.95,0.0,16.02,4.72,14.9,16.9,Clear,
AO19316,Beta,2022,11,2,2,0,29.89,29.89,0.0,0.0,2.31,12.8,34.9,Cloudy,
AO19316,Beta,2022,12,1,1,0,14.82,0.0,0.0,14.82,2.99,3.1,24.9,Cloudy,
AO19316,Beta,2023,1,2,2,0,32.75,19.03,13.72,0.0,4.86,3.7,44.6,Cloudy,
AO19316,Beta,2023,2,2,2,0,29.43,0.0,29.43,0.0,3.81,2.5,35.1,Rainy,
AO19316,Beta,2023,4,4,4,0,72.03,72.03,0.0,0.0,3.63,17.0,16.8,Clear,
AO19316,Beta,2023,5,7,7,0,119.23,50.58,68.65,0.0,5.06,16.9,9.7,Clear,
AO19316,Beta,2023,6,4,4,0,65.53,15.34,0.0,50.19,6.24,30.5,5.7,Clear,
AO19316,Beta,2023,7,3,3,0,54.57,18.98,20.0,15.59,8.34,30.2,15.2,Clear,
AO19316,Beta,2023,8,5,5,0,87.3,16.34,53.86,17.1,1.09,29.9,20.1,Clear,
AO19316,Beta,2023,9,1,1,0,15.29,15.29,0.0,0.0,5.41,14.6,40.3,Cloudy,
AO19316,Beta,2023,10,3,3,0,54.26,35.95,18.31,0.0,0.78,12.7,40.2,Clear,
AO19316,Beta,2023,11,1,1,0,14.45,0.0,0.0,14.45,4.6,15.6,30.5,Clear,
AO19316,Beta,2023,12,1,1,0,16.34,0.0,16.34,0.0,3.12,1.6,15.9,Clear,
AO19316,Beta,2024,2,1,1,0,19.28,0.0,19.28,0.0,2.06,2.3,19.5,Cloudy,
AO19316,Beta,2024,3,2,2,0,36.51,17.18,0.0,19.33,2.27,16.7,7.6,Clear,
AO19316,Beta,2024,4,2,2,0,36.56,18.85,17.71,0.0,2.13,17.3,17.2,Clear,
AO19316,Beta,2024,5,2,2,0,36.67,0.0,18.79,17.88,5.89,15.8,41.9,Clear,
AO19316,Beta,2024,6,2,2,0,34.19,17.44,16.75,0.0,3.41,30.9,12.8,Clear,
AO19316,Beta,2024,8,2,2,0,32.980000000000004,0.0,32.980000000000004,0.0,5.45,30.1,8.5,Clear,
AO19316,Beta,2024,9,2,2,0,35.599999999999994,16.63,18.97,0.0,4.67,13.9,42.3,Clear,
AO19316,Beta,2025,4,2,2,0,33.17,0.0,0.0,33.17,8.29,16.6,8.8,Clear,
AO19316,Beta,2025,8,3,3,0,50.84,0.0,50.84,0.0,5.2,30.2,26.0,Clear,
AO19316,Beta,2025,9,1,1,0,14.7,14.7,0.0,0.0,6.19,15.1,24.9,Clear,
AO19316,Beta,2025,12,1,1,0,13.47,13.47,0.0,0.0,3.8,1.6,41.4,Cloudy,
AO19316,Beta,2026,2,1,1,0,16.8,16.8,0.0,0.0,5.52,2.4,21.8,Rainy,
AO19316,Beta,2026,4,1,1,0,17.57,17.57,0.0,0.0,3.97,16.3,25.6,Clear,
AO19316,Beta,2026,6,3,3,0,48.34,48.34,0.0,0.0,10.3,30.0,33.8,Clear,
AO19336,Alpha,2021,1,2,2,0,33.66,17.06,16.6,0.0,4.41,4.0,40.4,Clear,
AO19336,Alpha,2021,2,3,3,0,47.63,32.36,0.0,15.27,6.58,2.9,15.8,Cloudy,
AO19336,Alpha,2021,3,3,3,0,57.11,38.730000000000004,0.0,18.38,5.53,17.1,13.0,Clear,
AO19336,Alpha,2021,4,5,5,0,94.42,55.599999999999994,20.0,18.82,5.43,16.4,34.6,Clear,
AO19336,Alpha,2021,5,3,3,0,47.19,0.0,30.19,17.0,2.91,16.9,31.9,Clear,
AO19336,Alpha,2021,6,2,2,0,37.629999999999995,0.0,19.04,18.59,0.67,30.4,12.6,Clear,
AO19336,Alpha,2021,7,2,2,0,37.74,19.35,18.39,0.0,2.11,28.0,20.7,Clear,
AO19336,Alpha,2021,8,5,5,0,77.59,15.38,30.1,32.11,4.52,29.2,29.0,Clear,
AO19336,Alpha,2021,9,2,2,0,36.599999999999994,18.06,18.54,0.0,5.08,14.0,31.8,Cloudy,
AO19336,Alpha,2021,10,2,2,0,31.43,0.0,14.88,16.55,5.8,12.5,36.3,Rainy,
AO19336,Alpha,2021,11,3,3,0,47.709999999999994,13.34,34.37,0.0,5.37,14.3,40.7,Clear,
AO19336,Alpha,2021,12,1,1,0,20.0,0.0,0.0,20.0,5.37,3.6,6.8,Clear,
AO19336,Alpha,2022,2,1,1,0,19.62,0.0,0.0,19.62,6.4,4.4,41.2,Clear,
AO19336,Alpha,2022,3,1,1,0,18.78,0.0,18.78,0.0,6.61,17.6,21.3,Cloudy,
AO19336,Alpha,2022,5,3,3,0,49.61,35.56,14.05,0.0,6.09,16.4,9.8,Clear,
AO19336,Alpha,2022,6,2,2,0,33.8,0.0,33.8,0.0,4.51,28.9,41.4,Clear,
AO19336,Alpha,2022,7,1,1,0,17.3,0.0,0.0,17.3,6.62,30.7,7.9,Clear,
AO19336,Alpha,2022,8,2,2,0,35.4,18.75,0.0,16.65,3.62,31.5,30.7,Clear,
AO19336,Alpha,2022,9,2,2,0,34.900000000000006,17.55,17.35,0.0,0.97,13.0,13.2,Cloudy,
AO19336,Alpha,2022,10,1,1,0,15.03,15.03,0.0,0.0,5.78,13.2,40.9,Clear,
AO19336,Alpha,2022,12,1,1,0,16.76,16.76,0.0,0.0,2.18,3.3,34.1,Clear,
AO19336,Alpha,2023,2,2,2,0,36.510000000000005,36.510000000000005,0.0,0.0,5.44,2.1,7.3,Cloudy,
AO19336,Alpha,2023,3,2,2,0,33.3,17.29,16.01,0.0,5.6,15.4,27.3,Clear,
AO19336,Alpha,2023,4,2,2,0,35.4,0.0,0.0,35.4,5.12,16.2,23.5,Clear,
AO19336,Alpha,2023,6,3,3,0,52.599999999999994,16.02,20.0,16.58,2.92,30.7,29.5,Clear,
AO19336,Alpha,2023,7,1,1,0,14.91,14.91,0.0,0.0,2.09,30.4,15.3,Clear,
AO19336,Alpha,2023,8,1,1,0,17.95,0.0,0.0,17.95,6.93,28.2,43.9,Clear,
AO19336,Alpha,2023,10,1,1,0,16.06,16.06,0.0,0.0,4.87,15.1,29.0,Cloudy,
AO19336,Alpha,2024,3,1,1,0,16.99,0.0,0.0,16.99,2.62,16.4,13.8,Cloudy,
AO19336,Alpha,2024,4,1,1,0,16.67,16.67,0.0,0.0,5.53,16.7,8.0,Clear,
AO19336,Alpha,2024,5,1,1,0,16.89,16.89,0.0,0.0,3.36,15.8,9.9,Clear,
AO19336,Alpha,2024,7,1,1,0,15.56,15.56,0.0,0.0,5.25,29.5,15.4,Clear,
AO19336,Alpha,2024,8,1,1,0,16.69,16.69,0.0,0.0,4.57,28.6,40.5,Clear,
AO19336,Alpha,2024,10,1,1,0,15.88,0.0,0.0,15.88,2.7,13.6,16.7,Clear,
AO19336,Alpha,2025,1,1,1,0,14.36,0.0,0.0,14.36,5.52,1.8,21.1,Clear,
AO19336,Alpha,2025,3,2,2,0,38.69,20.0,0.0,18.69,7.34,16.6,44.7,Clear,
AO19336,Alpha,2025,4,1,1,0,15.7,0.0,15.7,0.0,4.99,17.4,22.6,Clear,
AO19336,Alpha,2025,7,1,1,0,16.33,16.33,0.0,0.0,6.56,30.5,31.6,Clear,
AO19336,Alpha,2025,11,1,1,0,16.37,16.37,0.0,0.0,7.26,14.7,37.3,Cloudy,
AO19336,Alpha,2026,5,2,2,0,38.15,20.0,18.15,0.0,6.13,16.5,25.7,Clear,
AO19336,Alpha,2026,6,1,1,0,18.43,0.0,18.43,0.0,0.0,28.3,29.3,Clear,
AO19391,Alpha,2023,11,13,13,0,46.42,13.81,12.0,20.61,7.23,13.3,35.2,Cloudy,
AO19391,Alpha,2023,12,3,3,0,9.42,4.0,1.42,4.0,7.88,3.0,20.2,Rainy,
AO19391,Alpha,2024,1,1,1,0,4.0,0.0,4.0,0.0,5.07,3.1,17.0,Clear,
AO19391,Alpha,2024,2,1,1,0,2.81,0.0,2.81,0.0,5.34,2.0,34.3,Clear,
AO19391,Alpha,2024,3,7,7,0,24.97,12.0,8.0,4.97,6.55,16.4,42.1,Cloudy,
AO19391,Alpha,2024,4,9,9,0,32.19,16.689999999999998,11.5,4.0,4.34,16.7,32.4,Clear,
AO19391,Alpha,2024,5,13,13,0,39.51,23.95,11.71,3.85,5.28,15.8,41.5,Clear,
AO19391,Alpha,2024,6,11,11,0,38.95,20.0,10.72,8.23,5.59,30.3,36.9,Clear,
AO19391,Alpha,2024,7,10,10,0,36.93,24.93,8.0,4.0,3.7,29.5,5.7,Clear,
AO19391,Alpha,2024,8,8,8,0,23.59,16.95,6.640000000000001,0.0,8.23,28.6,6.4,Clear,
AO19391,Alpha,2024,9,5,5,0,17.47,13.469999999999999,4.0,0.0,3.33,13.1,6.0,Cloudy,
AO19391,Alpha,2024,10,5,5,0,20.0,12.0,4.0,4.0,3.25,13.6,11.6,Clear,
AO19391,Alpha,2024,11,5,5,0,20.0,8.0,8.0,4.0,3.88,14.1,19.2,Rainy,
AO19391,Alpha,2024,12,3,3,0,12.0,4.0,8.0,0.0,7.69,4.3,41.6,Clear,
AO19391,Alpha,2025,1,3,3,0,10.36,4.0,4.0,2.36,5.1,1.8,34.7,Clear,
AO19391,Alpha,2025,2,4,4,0,16.0,4.0,4.0,8.0,7.18,3.1,37.4,Cloudy,
AO19391,Alpha,2025,3,3,3,0,11.48,4.0,4.0,3.48,4.85,16.6,7.3,Clear,
AO19391,Alpha,2025,4,5,5,0,20.0,8.0,8.0,4.0,2.63,17.4,42.3,Clear,
AO19391,Alpha,2025,5,7,7,0,28.0,4.0,8.0,16.0,4.7,16.4,43.0,Clear,
AO19391,Alpha,2025,6,9,9,0,33.55,23.68,5.87,4.0,4.44,31.3,5.4,Clear,
AO19391,Alpha,2025,7,10,10,0,39.69,28.0,8.0,3.69,2.31,30.5,44.0,Clear,
AO19391,Alpha,2025,8,5,5,0,18.78,10.78,4.0,4.0,3.1,31.3,9.1,Clear,
AO19391,Alpha,2025,9,6,6,0,24.0,8.0,8.0,8.0,4.26,13.9,43.5,Clear,
AO19391,Alpha,2025,10,7,7,0,23.42,9.0,8.0,6.42,5.16,14.8,38.9,Clear,
AO19391,Alpha,2025,11,3,3,0,12.0,4.0,0.0,8.0,3.11,14.7,40.4,Cloudy,
AO19391,Alpha,2025,12,3,3,0,11.74,4.0,7.74,0.0,2.63,3.9,25.0,Rainy,
AO19391,Alpha,2026,1,6,6,0,19.2,4.93,4.0,10.27,4.99,3.1,34.9,Cloudy,
AO19391,Alpha,2026,2,1,1,0,4.0,4.0,0.0,0.0,3.05,3.4,15.7,Rainy,
AO19391,Alpha,2026,4,5,5,0,18.52,4.0,4.0,10.52,6.35,14.4,6.2,Cloudy,
AO19391,Alpha,2026,5,7,7,0,22.72,8.4,4.0,10.32,4.93,16.5,34.8,Clear,
AO19391,Alpha,2026,6,4,4,0,13.01,2.64,4.0,6.37,3.12,28.3,14.5,Clear,
AO20080,Sigma,2021,1,7,7,0,52.33,21.01,15.32,16.0,4.68,4.9,19.3,Cloudy,
AO20080,Sigma,2021,2,11,11,0,76.69,24.0,36.69,16.0,4.79,4.0,32.0,Clear,
AO20080,Sigma,2021,3,13,13,0,107.66,73.14,19.73,14.79,3.45,15.3,27.6,Clear,
AO20080,Sigma,2021,4,19,19,0,74.56,31.9,30.66,12.0,3.82,16.2,27.2,Clear,
AO20080,Sigma,2021,5,31,31,0,117.11,47.55,49.21,20.35,6.79,15.3,32.9,Clear,
AO20080,Sigma,2021,6,14,14,0,51.19,16.0,25.65,9.54,7.46,29.1,37.6,Clear,
AO20080,Sigma,2021,7,12,12,0,46.12,16.0,12.0,18.12,7.32,30.1,25.1,Clear,
AO20080,Sigma,2021,8,8,8,0,32.0,4.0,16.0,12.0,4.34,31.4,37.5,Clear,
AO20080,Sigma,2021,9,13,13,0,47.8,22.73,9.07,16.0,5.35,13.3,11.7,Rainy,
AO20080,Sigma,2021,10,6,6,0,22.32,4.0,8.0,10.32,1.51,14.0,28.6,Clear,
AO20080,Sigma,2021,11,5,5,0,20.0,8.0,4.0,8.0,8.68,12.6,36.2,Clear,
AO20080,Sigma,2021,12,7,7,0,22.43,12.0,10.43,0.0,5.85,3.0,17.3,Clear,
AO20080,Sigma,2022,1,2,2,0,6.65,2.65,4.0,0.0,3.08,4.3,22.0,Rainy,
AO20080,Sigma,2022,2,5,5,0,20.0,8.0,8.0,4.0,5.84,3.0,42.4,Cloudy,
AO20080,Sigma,2022,3,6,6,0,23.64,16.0,3.64,4.0,3.93,15.3,36.9,Clear,
AO20080,Sigma,2022,4,12,12,0,45.87,13.870000000000001,12.0,20.0,1.69,16.6,12.4,Clear,
AO20080,Sigma,2022,5,15,15,0,53.27,13.61,28.0,11.66,2.28,17.1,11.3,Cloudy,
AO20080,Sigma,2022,6,5,5,0,20.0,12.0,4.0,4.0,6.71,29.2,40.6,Clear,
AO20080,Sigma,2022,7,11,11,0,43.08,23.72,12.0,7.359999999999999,6.65,30.6,26.6,Clear,
AO20080,Sigma,2022,8,4,4,0,15.0,7.0,8.0,0.0,10.06,31.1,33.8,Clear,
AO20080,Sigma,2022,9,6,6,0,22.84,10.84,8.0,4.0,6.4,13.0,29.9,Rainy,
AO20080,Sigma,2022,10,8,8,0,29.83,9.83,20.0,0.0,7.66,15.3,8.0,Cloudy,
AO20080,Sigma,2022,11,1,1,0,4.0,0.0,0.0,4.0,1.22,14.0,42.4,Cloudy,
AO20080,Sigma,2022,12,6,6,0,24.0,12.0,4.0,8.0,6.66,3.9,21.5,Cloudy,
AO20080,Sigma,2023,1,6,6,0,18.67,8.0,4.5600000000000005,6.109999999999999,6.59,4.7,32.1,Cloudy,
AO20080,Sigma,2023,2,5,5,0,19.11,7.109999999999999,4.0,8.0,2.58,2.6,29.9,Clear,
AO20080,Sigma,2023,3,4,4,0,13.33,9.33,4.0,0.0,8.77,16.6,40.6,Cloudy,
AO20080,Sigma,2023,4,5,5,0,16.96,8.0,4.96,4.0,4.79,14.6,44.3,Clear,
AO20080,Sigma,2023,5,13,13,0,51.31,27.84,16.0,7.470000000000001,6.06,15.4,30.7,Clear,
AO20080,Sigma,2023,6,11,11,0,43.44,8.0,23.439999999999998,12.0,6.34,29.5,39.6,Clear,
AO20080,Sigma,2023,7,19,19,0,70.4,18.85,30.46,21.09,1.66,29.9,19.2,Clear,
AO20080,Sigma,2023,8,12,12,0,45.86,8.0,21.86,16.0,3.31,30.6,12.9,Clear,
AO20080,Sigma,2023,9,7,7,0,26.310000000000002,8.0,14.31,4.0,2.47,14.1,16.8,Cloudy,
AO20080,Sigma,2023,10,7,7,0,24.54,16.0,8.54,0.0,5.35,14.3,12.3,Cloudy,
AO20080,Sigma,2023,11,5,5,0,19.240000000000002,11.24,8.0,0.0,6.42,12.8,15.7,Clear,
AO20080,Sigma,2023,12,5,5,0,20.0,16.0,4.0,0.0,4.99,4.0,44.4,Clear,
AO20080,Sigma,2024,1,5,5,0,20.0,8.0,12.0,0.0,5.7,3.6,6.3,Cloudy,
AO20080,Sigma,2024,2,5,5,0,16.35,4.0,10.49,1.86,5.64,3.5,7.1,Cloudy,
AO20080,Sigma,2024,3,3,3,0,12.0,0.0,4.0,8.0,7.34,16.3,24.1,Clear,
AO20080,Sigma,2024,4,9,9,0,28.05,13.75,5.63,8.67,6.3,16.0,16.5,Clear,
AO20080,Sigma,2024,5,6,6,0,24.0,20.0,0.0,4.0,8.03,16.0,23.2,Clear,
AO20080,Sigma,2024,6,1,1,0,4.0,0.0,4.0,0.0,8.74,30.4,26.3,Clear,
AO20080,Sigma,2024,7,12,12,0,46.29,6.29,24.0,16.0,4.34,29.4,10.6,Clear,
AO20080,Sigma,2024,8,8,8,0,29.37,15.45,8.0,5.92,2.95,30.9,33.1,Clear,
AO20080,Sigma,2024,9,8,8,0,30.97,12.0,6.970000000000001,12.0,10.01,13.7,43.3,Clear,
AO20080,Sigma,2024,10,7,7,0,25.62,8.0,9.620000000000001,8.0,5.06,13.5,33.1,Clear,
AO20080,Sigma,2024,11,2,2,0,8.0,8.0,0.0,0.0,6.07,13.4,12.4,Clear,
AO20080,Sigma,2024,12,10,10,0,32.68,8.71,15.97,8.0,4.9,4.0,16.7,Rainy,
AO20080,Sigma,2025,1,3,3,0,12.0,0.0,8.0,4.0,3.44,3.1,28.3,Windy,
AO20080,Sigma,2025,2,6,6,0,22.25,10.879999999999999,7.37,4.0,4.21,4.7,38.0,Clear,
AO20080,Sigma,2025,3,2,2,0,8.0,4.0,0.0,4.0,1.04,16.4,21.3,Clear,
AO20080,Sigma,2025,4,4,4,0,12.52,8.0,4.52,0.0,5.56,16.3,25.3,Clear,
AO20080,Sigma,2025,5,5,5,0,20.0,8.0,4.0,8.0,5.7,14.9,16.0,Clear,
AO20080,Sigma,2025,6,9,9,0,35.8,7.8,16.0,12.0,7.34,29.6,27.4,Clear,
AO20080,Sigma,2025,7,7,7,0,21.74,5.05,15.56,1.13,3.98,30.3,38.4,Clear,
AO20080,Sigma,2025,8,4,4,0,16.0,8.0,4.0,4.0,3.34,29.6,15.5,Clear,
AO20080,Sigma,2025,9,9,9,0,32.22,12.0,8.22,12.0,4.68,14.1,39.3,Cloudy,
AO20080,Sigma,2025,10,8,8,0,31.15,0.0,23.15,8.0,5.1,14.5,33.2,Clear,
AO20080,Sigma,2025,11,5,5,0,18.31,16.0,2.31,0.0,5.11,13.9,29.3,Clear,
AO20080,Sigma,2025,12,2,2,0,8.0,0.0,0.0,8.0,3.79,2.4,38.7,Cloudy,
AO20080,Sigma,2026,1,5,5,0,12.58,4.58,0.0,8.0,2.67,3.4,42.4,Cloudy,
AO20080,Sigma,2026,2,4,4,0,16.0,8.0,8.0,0.0,3.3,2.6,27.9,Rainy,
AO20080,Sigma,2026,3,7,7,0,24.4,8.0,4.0,12.4,5.08,15.9,32.1,Clear,
AO20080,Sigma,2026,4,8,8,0,25.04,17.03,8.01,0.0,6.11,14.9,32.7,Clear,
AO20080,Sigma,2026,5,9,9,0,27.66,12.129999999999999,4.29,11.24,2.77,16.0,42.6,Clear,
AO20080,Sigma,2026,6,9,9,0,35.73,12.0,12.0,11.73,7.33,29.2,5.8,Clear,
AO20164,Alpha,2021,1,1,1,0,16.82,0.0,16.82,0.0,6.6,4.0,6.3,Clear,
AO20164,Alpha,2021,2,4,4,0,74.52,38.480000000000004,36.04,0.0,3.66,2.9,32.9,Cloudy,
AO20164,Alpha,2021,4,4,4,0,68.05,33.58,18.35,16.12,5.61,16.4,42.8,Clear,
AO20164,Alpha,2021,5,13,13,0,224.3,52.620000000000005,86.67,85.01,4.47,16.9,37.5,Clear,
AO20164,Alpha,2021,6,6,6,0,98.62,0.0,98.62,0.0,6.43,30.4,31.5,Clear,
AO20164,Alpha,2021,7,6,6,0,104.32,34.69,52.97,16.66,6.37,28.0,19.7,Clear,
AO20164,Alpha,2021,8,4,4,0,66.08,33.67,18.16,14.25,7.84,29.2,25.1,Clear,
AO20164,Alpha,2021,9,3,3,0,51.480000000000004,51.480000000000004,0.0,0.0,0.26,14.0,26.8,Cloudy,
AO20164,Alpha,2021,10,9,9,0,146.7,67.54,50.5,28.66,5.68,12.5,19.0,Rainy,
AO20164,Alpha,2021,11,7,7,0,114.96000000000001,66.62,0.0,48.34,5.48,14.3,43.0,Clear,
AO20164,Alpha,2021,12,3,3,0,48.59,14.19,17.23,17.17,5.7,3.6,44.4,Clear,
AO20164,Alpha,2022,1,2,2,0,33.480000000000004,16.46,0.0,17.02,5.64,2.2,41.2,Clear,
AO20164,Alpha,2022,3,1,1,0,20.0,20.0,0.0,0.0,3.74,17.6,33.3,Cloudy,
AO20164,Alpha,2022,4,3,3,0,51.4,0.0,16.72,34.68,7.85,15.4,21.7,Clear,
AO20164,Alpha,2022,5,2,2,0,33.69,15.04,18.65,0.0,6.24,16.4,30.2,Clear,
AO20164,Alpha,2022,6,1,1,0,18.47,0.0,0.0,18.47,6.5,28.9,40.5,Clear,
AO20164,Alpha,2022,7,1,1,0,17.28,17.28,0.0,0.0,4.28,30.7,12.1,Clear,
AO20164,Alpha,2022,8,1,1,0,20.0,0.0,0.0,20.0,2.08,31.5,36.7,Clear,
AO20164,Alpha,2022,9,2,2,0,34.67,16.9,17.77,0.0,6.28,13.0,21.6,Cloudy,
AO20164,Alpha,2022,10,2,2,0,36.11,18.97,17.14,0.0,5.45,13.2,28.3,Clear,
AO20164,Alpha,2022,11,1,1,0,12.92,12.92,0.0,0.0,5.25,14.5,15.0,Cloudy,
AO20164,Alpha,2022,12,1,1,0,17.91,0.0,17.91,0.0,5.28,3.3,43.1,Clear,
AO20164,Alpha,2023,1,1,1,0,19.19,0.0,19.19,0.0,6.36,3.0,27.1,Rainy,
AO20164,Alpha,2023,4,1,1,0,14.97,14.97,0.0,0.0,5.66,16.2,30.7,Clear,
AO20164,Alpha,2023,5,1,1,0,13.67,0.0,0.0,13.67,5.22,16.3,44.0,Clear,
AO20164,Alpha,2023,6,3,3,0,55.540000000000006,18.51,18.34,18.69,2.21,30.7,7.5,Clear,
AO20164,Alpha,2023,7,3,3,0,51.06,16.37,34.69,0.0,7.6,30.4,5.6,Clear,
AO20164,Alpha,2023,8,4,4,0,61.91,15.55,46.36,0.0,6.85,28.2,23.0,Clear,
AO20164,Alpha,2023,9,1,1,0,14.94,14.94,0.0,0.0,0.0,13.9,40.5,Cloudy,
AO20164,Alpha,2023,10,1,1,0,15.85,15.85,0.0,0.0,6.43,15.1,9.8,Cloudy,
AO20164,Alpha,2023,11,1,1,0,16.16,16.16,0.0,0.0,6.18,13.3,38.5,Cloudy,
AO20164,Alpha,2023,12,1,1,0,16.85,0.0,16.85,0.0,6.6,3.0,18.5,Rainy,
AO20164,Alpha,2024,3,1,1,0,12.97,0.0,0.0,12.97,5.27,16.4,26.2,Cloudy,
AO20164,Alpha,2024,4,1,1,0,15.87,0.0,15.87,0.0,5.1,16.7,32.8,Clear,
AO20164,Alpha,2024,5,3,3,0,47.06,15.23,0.0,31.830000000000002,4.05,15.8,11.5,Clear,
AO20164,Alpha,2024,6,3,3,0,48.480000000000004,16.42,15.83,16.23,2.16,30.3,39.5,Clear,
AO20164,Alpha,2024,7,1,1,0,15.88,0.0,0.0,15.88,6.18,29.5,20.1,Clear,
AO20164,Alpha,2024,8,1,1,0,16.4,16.4,0.0,0.0,7.63,28.6,8.9,Clear,
AO20164,Alpha,2024,10,1,1,0,17.06,0.0,17.06,0.0,7.15,13.6,25.7,Clear,
AO20164,Alpha,2024,11,1,1,0,15.18,15.18,0.0,0.0,6.5,14.1,13.2,Rainy,
AO20164,Alpha,2025,1,1,1,0,18.93,18.93,0.0,0.0,8.12,1.8,9.4,Clear,
AO20164,Alpha,2025,2,1,1,0,16.08,0.0,0.0,16.08,5.63,3.1,38.4,Cloudy,
AO20164,Alpha,2025,4,4,4,0,65.11,31.369999999999997,16.14,17.6,8.44,17.4,19.4,Clear,
AO20164,Alpha,2025,5,1,1,0,17.91,0.0,17.91,0.0,3.87,16.4,39.5,Clear,
AO20164,Alpha,2025,6,3,3,0,48.99,0.0,31.28,17.71,2.08,31.3,32.0,Clear,
AO20164,Alpha,2025,7,4,4,0,68.47999999999999,17.54,0.0,50.94,4.87,30.5,24.2,Clear,
AO20164,Alpha,2025,9,4,4,0,62.199999999999996,47.199999999999996,0.0,15.0,6.22,13.9,37.4,Clear,
AO20164,Alpha,2026,3,1,1,0,17.56,17.56,0.0,0.0,3.04,15.0,16.5,Clear,
AO20164,Alpha,2026,4,1,1,0,16.52,0.0,16.52,0.0,7.15,14.4,6.0,Cloudy,
AO20164,Alpha,2026,6,1,1,0,15.94,0.0,15.94,0.0,6.3,28.3,20.0,Clear,
AO20211,Beta,2022,12,1,1,0,13.82,13.82,0.0,0.0,6.4,3.1,30.5,Cloudy,
AO20211,Beta,2023,1,2,2,0,29.810000000000002,29.810000000000002,0.0,0.0,6.2,3.7,22.5,Cloudy,
AO20211,Beta,2023,2,4,4,0,64.71000000000001,16.97,47.74,0.0,6.95,2.5,11.4,Rainy,
AO20211,Beta,2023,4,2,2,0,39.620000000000005,20.0,19.62,0.0,7.76,17.0,17.3,Clear,
AO20211,Beta,2023,5,4,4,0,67.13,15.49,34.51,17.13,6.56,16.9,42.0,Clear,
AO20211,Beta,2023,6,5,5,0,87.59,37.14,31.990000000000002,18.46,7.8,30.5,5.3,Clear,
AO20211,Beta,2023,7,3,3,0,51.0,0.0,34.870000000000005,16.13,5.48,30.2,16.6,Clear,
AO20211,Beta,2023,8,1,1,0,14.91,14.91,0.0,0.0,4.62,29.9,15.6,Clear,
AO20211,Beta,2023,9,3,3,0,52.269999999999996,17.02,35.25,0.0,6.59,14.6,36.8,Cloudy,
AO20211,Beta,2023,10,1,1,0,17.3,0.0,0.0,17.3,9.06,12.7,37.5,Clear,
AO20211,Beta,2023,11,3,3,0,50.19,33.56,0.0,16.63,3.7,15.6,44.5,Clear,
AO20211,Beta,2023,12,2,2,0,37.94,17.94,0.0,20.0,4.43,1.6,39.4,Clear,
AO20211,Beta,2024,3,3,3,0,53.260000000000005,53.260000000000005,0.0,0.0,4.72,16.7,28.5,Clear,
AO20211,Beta,2024,4,4,4,0,63.25,32.93,15.37,14.95,8.0,17.3,16.9,Clear,
AO20211,Beta,2024,7,2,2,0,31.46,0.0,15.03,16.43,7.86,31.1,14.4,Clear,
AO20211,Beta,2024,9,1,1,0,17.4,17.4,0.0,0.0,5.65,13.9,14.9,Clear,
AO20211,Beta,2024,10,1,1,0,16.67,0.0,0.0,16.67,8.29,13.1,11.2,Clear,
AO20211,Beta,2025,2,1,1,0,14.93,0.0,14.93,0.0,4.22,4.0,37.0,Cloudy,
AO20211,Beta,2025,4,1,1,0,11.9,0.0,11.9,0.0,3.15,16.6,11.9,Clear,
AO20211,Beta,2025,6,3,3,0,54.629999999999995,0.0,54.629999999999995,0.0,4.63,31.6,21.7,Clear,
AO20211,Beta,2025,7,2,2,0,29.490000000000002,17.37,12.12,0.0,3.93,29.2,8.6,Clear,
AO20211,Beta,2025,9,1,1,0,18.31,0.0,18.31,0.0,6.06,15.1,29.4,Clear,
AO20211,Beta,2026,3,1,1,0,18.4,0.0,0.0,18.4,9.57,16.3,20.2,Clear,
AO20211,Beta,2026,4,1,1,0,15.22,15.22,0.0,0.0,4.27,16.3,27.8,Clear,
AO20211,Beta,2026,5,3,3,0,49.78,49.78,0.0,0.0,2.35,16.0,5.5,Clear,
AO20211,Beta,2026,6,2,2,0,34.78,34.78,0.0,0.0,2.88,30.0,34.8,Clear,
AO20240,Gamma,2022,6,20,20,0,70.07,34.73,27.34,8.0,3.59,30.8,11.5,Clear,
AO20240,Gamma,2022,7,24,24,0,89.38,44.51,20.0,24.87,5.35,29.9,18.4,Clear,
AO20240,Gamma,2022,8,22,22,0,82.33,24.0,31.51,26.82,2.62,29.7,5.2,Clear,
AO20240,Gamma,2022,9,15,15,0,57.47,17.47,20.0,20.0,5.11,13.5,21.0,Cloudy,
AO20240,Gamma,2022,10,12,12,0,44.61,16.61,8.0,20.0,4.44,15.1,38.3,Clear,
AO20240,Gamma,2022,11,9,9,0,33.42,24.0,4.0,5.42,4.48,14.1,22.3,Rainy,
AO20240,Gamma,2022,12,7,7,0,27.36,4.0,11.36,12.0,3.57,2.8,17.5,Windy,
AO20240,Gamma,2023,1,4,4,0,11.17,2.84,8.33,0.0,8.42,3.7,23.1,Clear,
AO20240,Gamma,2023,2,7,7,0,27.939999999999998,15.94,12.0,0.0,4.31,1.2,6.7,Clear,
AO20240,Gamma,2023,3,11,11,0,41.42,14.77,14.65,12.0,5.65,16.8,25.2,Clear,
AO20240,Gamma,2023,4,19,19,0,65.09,25.86,8.98,30.25,4.23,16.0,31.7,Clear,
AO20240,Gamma,2023,5,25,25,0,92.36,44.04,20.0,28.32,3.85,14.7,21.4,Clear,
AO20240,Gamma,2023,6,19,19,0,72.48,36.0,16.0,20.48,5.06,30.7,43.7,Clear,
AO20240,Gamma,2023,7,23,23,0,75.13,24.88,36.63,13.62,1.99,29.6,16.4,Clear,
AO20240,Gamma,2023,8,17,17,0,66.25,20.0,28.0,18.25,5.41,29.7,5.1,Clear,
AO20240,Gamma,2023,9,9,9,0,34.68,24.0,10.68,0.0,7.75,14.3,34.1,Cloudy,
AO20240,Gamma,2023,10,10,10,0,36.58,16.58,16.0,4.0,5.32,15.1,12.9,Clear,
AO20240,Gamma,2023,11,9,9,0,30.67,8.73,12.0,9.94,6.83,15.7,29.7,Clear,
AO20240,Gamma,2023,12,5,5,0,20.0,12.0,4.0,4.0,7.3,3.1,11.4,Windy,
AO20240,Gamma,2024,1,4,4,0,13.91,4.0,5.91,4.0,8.91,1.5,16.5,Cloudy,
AO20240,Gamma,2024,2,2,2,0,8.0,0.0,4.0,4.0,5.37,1.9,38.4,Clear,
AO20240,Gamma,2024,3,3,3,0,12.0,8.0,4.0,0.0,6.75,13.7,26.5,Cloudy,
AO20240,Gamma,2024,4,5,5,0,15.65,7.65,8.0,0.0,7.57,14.4,18.8,Clear,
AO20240,Gamma,2024,5,11,11,0,31.810000000000002,13.25,6.5600000000000005,12.0,7.11,17.0,23.6,Clear,
AO20240,Gamma,2024,6,9,9,0,34.53,30.53,0.0,4.0,8.46,31.2,6.1,Clear,
AO20240,Gamma,2024,7,11,11,0,40.67,24.0,11.85,4.82,2.95,29.5,35.1,Clear,
AO20240,Gamma,2024,8,7,7,0,28.0,12.0,4.0,12.0,5.2,30.1,17.2,Clear,
AO20240,Gamma,2024,9,6,6,0,20.05,7.85,8.2,4.0,6.5,14.5,15.4,Cloudy,
AO20240,Gamma,2024,10,3,3,0,8.02,1.02,4.0,3.0,6.13,13.6,8.6,Rainy,
AO20240,Gamma,2024,11,4,4,0,10.23,5.89,4.34,0.0,4.29,14.5,23.5,Cloudy,
AO20240,Gamma,2024,12,1,1,0,4.0,0.0,4.0,0.0,8.77,3.2,38.6,Cloudy,
AO20240,Gamma,2025,1,1,1,0,4.0,0.0,4.0,0.0,5.98,3.0,32.9,Rainy,
AO20240,Gamma,2025,2,2,2,0,7.970000000000001,0.0,3.97,4.0,5.03,2.3,23.1,Clear,
AO20240,Gamma,2025,3,2,2,0,8.0,4.0,4.0,0.0,5.47,17.2,17.0,Rainy,
AO20240,Gamma,2025,4,8,8,0,30.02,11.59,18.43,0.0,4.4,15.2,18.0,Clear,
AO20240,Gamma,2025,5,7,7,0,21.06,12.0,4.0,5.0600000000000005,1.22,16.4,18.9,Clear,
AO20240,Gamma,2025,6,7,7,0,25.9,4.0,13.9,8.0,1.98,31.1,32.8,Clear,
AO20240,Gamma,2025,7,5,5,0,16.83,7.33,5.5,4.0,8.11,29.2,37.1,Clear,
AO20240,Gamma,2025,8,4,4,0,12.43,0.0,8.43,4.0,2.79,29.8,41.8,Clear,
AO20240,Gamma,2025,9,5,5,0,20.0,4.0,4.0,12.0,7.7,13.7,38.9,Rainy,
AO20240,Gamma,2025,10,5,5,0,13.4,8.0,4.0,1.4,4.33,15.7,27.0,Cloudy,
AO20240,Gamma,2025,11,5,5,0,20.0,4.0,0.0,16.0,5.79,14.3,18.2,Clear,
AO20240,Gamma,2025,12,4,4,0,12.84,8.84,0.0,4.0,3.73,2.7,35.9,Cloudy,
AO20240,Gamma,2026,1,2,2,0,5.75,1.75,0.0,4.0,8.05,3.3,31.9,Cloudy,
AO20240,Gamma,2026,2,1,1,0,4.0,0.0,4.0,0.0,6.8,3.5,14.8,Windy,
AO20240,Gamma,2026,3,3,3,0,11.379999999999999,0.0,7.38,4.0,4.33,15.4,6.6,Cloudy,
AO20240,Gamma,2026,4,8,8,0,29.41,0.0,10.45,18.96,2.58,15.5,31.3,Clear,
AO20240,Gamma,2026,5,8,8,0,27.89,19.21,6.02,2.66,7.73,14.6,18.8,Clear,
AO20240,Gamma,2026,6,6,6,0,20.96,8.0,4.0,8.96,6.2,29.9,19.9,Clear,
AO20306,Delta,2024,9,1,1,0,18.04,0.0,0.0,18.04,4.01,14.1,7.5,Cloudy,
AO20306,Delta,2024,11,1,1,0,15.41,0.0,0.0,15.41,3.97,14.5,16.1,Cloudy,
AO20306,Delta,2025,1,1,1,0,17.74,0.0,0.0,17.74,7.42,2.8,28.7,Windy,
AO20306,Delta,2025,2,1,1,0,17.64,0.0,0.0,17.64,4.43,2.2,17.2,Rainy,
AO20306,Delta,2025,3,2,2,0,34.16,15.14,0.0,19.02,7.21,14.4,28.9,Clear,
AO20306,Delta,2025,4,1,1,0,14.09,14.09,0.0,0.0,4.36,16.7,7.6,Clear,
AO20306,Delta,2025,7,1,1,0,17.12,17.12,0.0,0.0,7.85,30.1,43.3,Clear,
AO20306,Delta,2025,8,1,1,0,19.74,0.0,19.74,0.0,4.45,30.5,25.4,Clear,
AO20306,Delta,2025,9,1,1,0,16.26,0.0,16.26,0.0,7.19,14.0,11.8,Cloudy,
AO20306,Delta,2025,10,1,1,0,16.31,16.31,0.0,0.0,5.91,15.0,24.8,Windy,
AO20306,Delta,2025,12,1,1,0,17.14,0.0,0.0,17.14,4.9,2.5,7.0,Windy,
AO20306,Delta,2026,3,1,1,0,17.31,17.31,0.0,0.0,3.51,15.9,28.2,Clear,
AO20306,Delta,2026,5,2,2,0,38.35,18.35,20.0,0.0,3.39,16.5,44.0,Clear,
AO20306,Delta,2026,6,3,3,0,50.64,30.64,20.0,0.0,4.12,30.9,6.8,Clear,
AO20321,Sigma,2024,4,2,2,0,36.67,0.0,20.0,16.67,7.89,16.0,36.8,Clear,
AO20321,Sigma,2024,5,1,1,0,17.49,17.49,0.0,0.0,5.43,16.0,13.5,Clear,
AO20321,Sigma,2024,7,4,4,0,70.83,18.29,19.22,33.32,6.19,29.4,31.4,Clear,
AO20321,Sigma,2024,8,1,1,0,18.49,18.49,0.0,0.0,7.0,30.9,35.9,Clear,
AO20321,Sigma,2024,9,1,1,0,17.52,17.52,0.0,0.0,3.01,13.7,34.5,Clear,
AO20321,Sigma,2024,10,2,2,0,38.150000000000006,0.0,38.150000000000006,0.0,1.59,13.5,20.9,Clear,
AO20321,Sigma,2024,11,1,1,0,15.48,15.48,0.0,0.0,5.16,13.4,6.8,Clear,
AO20321,Sigma,2024,12,1,1,0,14.99,14.99,0.0,0.0,4.88,4.0,32.2,Rainy,
AO20321,Sigma,2025,2,2,2,0,33.47,18.05,0.0,15.42,5.58,4.7,23.6,Clear,
AO20321,Sigma,2025,3,2,2,0,36.4,20.0,16.4,0.0,5.71,16.4,23.5,Clear,
AO20321,Sigma,2025,4,1,1,0,16.52,0.0,16.52,0.0,2.84,16.3,21.7,Clear,
AO20321,Sigma,2025,7,2,2,0,37.129999999999995,20.0,0.0,17.13,7.58,30.3,20.3,Clear,
AO20321,Sigma,2025,10,1,1,0,18.84,0.0,18.84,0.0,6.54,14.5,31.0,Clear,
AO20321,Sigma,2025,12,1,1,0,19.82,0.0,0.0,19.82,3.75,2.4,44.5,Cloudy,
AO20321,Sigma,2026,2,1,1,0,13.57,0.0,0.0,13.57,5.23,2.6,12.3,Rainy,
AO20321,Sigma,2026,3,3,3,0,48.97,48.97,0.0,0.0,5.03,15.9,42.5,Clear,
AO20321,Sigma,2026,4,1,1,0,15.34,15.34,0.0,0.0,6.26,14.9,7.0,Clear,
AO20321,Sigma,2026,5,1,1,0,15.24,0.0,0.0,15.24,2.46,16.0,13.9,Clear,
AO20423,Beta,2022,10,10,10,0,39.72,12.0,12.0,15.72,5.32,14.9,5.2,Clear,
AO20423,Beta,2022,11,2,2,0,6.88,2.88,4.0,0.0,5.94,12.8,5.2,Cloudy,
AO20423,Beta,2022,12,5,5,0,20.0,8.0,8.0,4.0,6.16,3.1,8.1,Cloudy,
AO20423,Beta,2023,1,6,6,0,22.84,10.84,8.0,4.0,7.12,3.7,10.8,Cloudy,
AO20423,Beta,2023,2,7,7,0,21.27,0.0,17.27,4.0,7.26,2.5,25.0,Rainy,
AO20423,Beta,2023,3,2,2,0,6.87,2.87,4.0,0.0,7.56,15.6,36.0,Cloudy,
AO20423,Beta,2023,4,8,8,0,30.78,16.0,7.96,6.82,6.03,17.0,19.2,Clear,
AO20423,Beta,2023,5,11,11,0,40.4,16.439999999999998,19.96,4.0,5.14,16.9,14.8,Clear,
AO20423,Beta,2023,6,7,7,0,28.0,4.0,20.0,4.0,6.86,30.5,28.4,Clear,
AO20423,Beta,2023,7,12,12,0,44.13,24.0,12.0,8.129999999999999,8.95,30.2,16.8,Clear,
AO20423,Beta,2023,8,9,9,0,32.34,16.34,8.0,8.0,6.29,29.9,6.7,Clear,
AO20423,Beta,2023,9,8,8,0,23.04,9.14,13.9,0.0,0.0,14.6,6.1,Cloudy,
AO20423,Beta,2023,10,8,8,0,26.13,17.25,2.48,6.4,3.7,12.7,13.8,Clear,
AO20423,Beta,2023,11,8,8,0,28.48,16.0,4.48,8.0,2.96,15.6,27.7,Clear,
AO20423,Beta,2023,12,7,7,0,25.33,17.33,0.0,8.0,4.84,1.6,18.3,Clear,
AO20423,Beta,2024,1,5,5,0,17.53,4.0,12.0,1.53,2.65,3.1,8.5,Windy,
AO20423,Beta,2024,2,3,3,0,8.1,0.0,4.1,4.0,9.21,2.3,31.9,Cloudy,
AO20423,Beta,2024,3,1,1,0,4.0,0.0,0.0,4.0,9.42,16.7,7.0,Clear,
AO20423,Beta,2024,4,6,6,0,23.37,4.0,11.370000000000001,8.0,2.23,17.3,34.1,Clear,
AO20423,Beta,2024,5,9,9,0,33.81,4.0,21.81,8.0,7.0,15.8,16.5,Clear,
AO20423,Beta,2024,6,7,7,0,22.66,17.18,5.48,0.0,1.89,30.9,37.9,Clear,
AO20423,Beta,2024,7,3,3,0,12.0,0.0,12.0,0.0,4.28,31.1,44.5,Clear,
AO20423,Beta,2024,8,10,10,0,40.0,24.0,8.0,8.0,8.09,30.1,29.3,Clear,
AO20423,Beta,2024,9,5,5,0,20.0,16.0,4.0,0.0,6.39,13.9,9.1,Clear,
AO20423,Beta,2024,10,3,3,0,12.0,4.0,8.0,0.0,3.83,13.1,34.6,Clear,
AO20423,Beta,2024,11,2,2,0,8.0,4.0,0.0,4.0,8.1,12.6,42.6,Clear,
AO20423,Beta,2024,12,2,2,0,7.71,4.0,0.0,3.71,7.24,2.2,41.3,Rainy,
AO20423,Beta,2025,1,1,1,0,4.0,0.0,0.0,4.0,5.74,3.7,14.5,Cloudy,
AO20423,Beta,2025,2,3,3,0,12.0,12.0,0.0,0.0,3.62,4.0,31.0,Cloudy,
AO20423,Beta,2025,3,6,6,0,23.43,19.43,0.0,4.0,4.38,15.5,38.8,Cloudy,
AO20423,Beta,2025,4,3,3,0,12.0,4.0,4.0,4.0,2.09,16.6,28.1,Clear,
AO20423,Beta,2025,5,5,5,0,16.31,12.31,4.0,0.0,8.11,16.6,40.3,Clear,
AO20423,Beta,2025,6,3,3,0,10.15,10.15,0.0,0.0,4.41,31.6,26.0,Clear,
AO20423,Beta,2025,7,6,6,0,24.0,20.0,0.0,4.0,6.59,29.2,40.4,Clear,
AO20423,Beta,2025,8,8,8,0,32.0,12.0,12.0,8.0,6.66,30.2,16.6,Clear,
AO20423,Beta,2025,9,5,5,0,15.73,7.73,4.0,4.0,2.11,15.1,33.3,Clear,
AO20423,Beta,2025,10,1,1,0,4.0,0.0,4.0,0.0,6.89,14.2,42.2,Clear,
AO20423,Beta,2025,11,3,3,0,9.03,7.8,1.23,0.0,3.65,14.2,30.1,Clear,
AO20423,Beta,2025,12,2,2,0,8.0,4.0,4.0,0.0,3.44,1.6,22.4,Cloudy,
AO20423,Beta,2026,1,2,2,0,8.0,4.0,4.0,0.0,1.83,2.1,43.1,Cloudy,
AO20423,Beta,2026,2,3,3,0,8.15,0.0,4.15,4.0,5.69,2.4,14.9,Rainy,
AO20423,Beta,2026,3,6,6,0,22.15,14.15,8.0,0.0,1.52,16.3,8.8,Clear,
AO20423,Beta,2026,4,4,4,0,10.72,6.720000000000001,0.0,4.0,4.36,16.3,31.4,Clear,
AO20423,Beta,2026,5,8,8,0,29.02,9.02,4.0,16.0,5.14,16.0,40.0,Clear,
AO20423,Beta,2026,6,5,5,0,17.689999999999998,9.69,8.0,0.0,5.46,30.0,27.5,Clear,
AO20436,Delta,2022,7,11,11,0,40.36,12.0,12.0,16.36,5.22,29.6,15.9,Clear,
AO20436,Delta,2022,8,21,21,0,78.75,26.71,28.0,24.04,5.56,30.3,29.3,Clear,
AO20436,Delta,2022,9,10,10,0,40.0,20.0,16.0,4.0,4.58,15.1,34.1,Rainy,
AO20436,Delta,2022,10,7,7,0,26.15,18.15,4.0,4.0,5.79,15.5,44.5,Cloudy,
AO20436,Delta,2022,11,7,7,0,25.52,17.52,8.0,0.0,9.75,13.8,32.3,Clear,
AO20436,Delta,2022,12,9,9,0,36.0,28.0,4.0,4.0,3.12,2.9,40.7,Cloudy,
AO20436,Delta,2023,1,5,5,0,20.0,16.0,4.0,0.0,7.5,1.9,21.0,Rainy,
AO20436,Delta,2023,2,7,7,0,25.22,7.4399999999999995,8.0,9.78,9.09,4.7,11.2,Cloudy,
AO20436,Delta,2023,3,4,4,0,16.0,8.0,8.0,0.0,7.35,17.2,21.1,Clear,
AO20436,Delta,2023,4,9,9,0,33.11,7.890000000000001,9.370000000000001,15.85,7.88,14.2,31.7,Clear,
AO20436,Delta,2023,5,13,13,0,45.0,16.21,20.79,8.0,3.94,15.4,27.6,Clear,
AO20436,Delta,2023,6,11,11,0,33.99,20.67,8.95,4.37,6.06,29.3,10.2,Clear,
AO20436,Delta,2023,7,18,18,0,70.57,34.57,32.0,4.0,6.05,28.8,36.9,Clear,
AO20436,Delta,2023,8,16,16,0,63.9,40.0,19.9,4.0,3.14,29.4,32.2,Clear,
AO20436,Delta,2023,9,7,7,0,24.53,0.0,16.53,8.0,7.73,14.3,30.4,Cloudy,
AO20436,Delta,2023,10,8,8,0,30.82,10.82,4.0,16.0,5.73,13.4,13.8,Clear,
AO20436,Delta,2023,11,3,3,0,8.68,0.68,4.0,4.0,9.61,16.2,40.9,Clear,
AO20436,Delta,2023,12,5,5,0,20.0,8.0,8.0,4.0,6.53,3.9,31.8,Clear,
AO20436,Delta,2024,1,4,4,0,16.0,16.0,0.0,0.0,7.07,4.6,25.4,Windy,
AO20436,Delta,2024,2,3,3,0,12.0,0.0,12.0,0.0,3.89,1.6,26.7,Cloudy,
AO20436,Delta,2024,3,5,5,0,18.83,6.83,4.0,8.0,3.09,14.7,23.8,Clear,
AO20436,Delta,2024,4,7,7,0,26.29,19.39,3.84,3.06,4.26,16.0,38.4,Clear,
AO20436,Delta,2024,5,6,6,0,20.39,8.39,8.0,4.0,5.78,14.5,10.4,Clear,
AO20436,Delta,2024,6,10,10,0,35.12,16.490000000000002,6.63,12.0,5.64,31.1,20.0,Clear,
AO20436,Delta,2024,7,13,13,0,49.83,29.83,12.0,8.0,7.77,30.4,25.2,Clear,
AO20436,Delta,2024,8,8,8,0,24.509999999999998,16.25,4.26,4.0,6.64,29.2,25.1,Clear,
AO20436,Delta,2024,9,4,4,0,16.0,4.0,8.0,4.0,4.58,14.1,17.1,Cloudy,
AO20436,Delta,2024,10,9,9,0,36.0,12.0,16.0,8.0,7.51,13.7,41.5,Cloudy,
AO20436,Delta,2024,11,2,2,0,8.0,4.0,0.0,4.0,7.32,14.5,29.5,Cloudy,
AO20436,Delta,2024,12,3,3,0,12.0,4.0,4.0,4.0,6.24,4.4,45.0,Clear,
AO20436,Delta,2025,1,1,1,0,4.0,0.0,4.0,0.0,8.2,2.8,12.9,Windy,
AO20436,Delta,2025,2,5,5,0,20.0,8.0,4.0,8.0,7.34,2.2,36.7,Rainy,
AO20436,Delta,2025,3,6,6,0,23.14,15.14,0.0,8.0,5.36,14.4,17.5,Clear,
AO20436,Delta,2025,4,5,5,0,20.0,8.0,8.0,4.0,6.08,16.7,32.1,Clear,
AO20436,Delta,2025,5,6,6,0,20.990000000000002,3.96,9.030000000000001,8.0,6.66,15.5,34.3,Clear,
AO20436,Delta,2025,6,10,10,0,38.07,10.07,12.0,16.0,5.4,30.8,34.6,Clear,
AO20436,Delta,2025,7,6,6,0,24.0,12.0,4.0,8.0,4.38,30.1,8.9,Clear,
AO20436,Delta,2025,8,5,5,0,17.84,8.0,8.0,1.84,7.15,30.5,18.9,Clear,
AO20436,Delta,2025,9,5,5,0,19.509999999999998,0.0,11.51,8.0,5.7,14.0,23.5,Cloudy,
AO20436,Delta,2025,10,3,3,0,12.0,8.0,4.0,0.0,5.11,15.0,38.2,Windy,
AO20436,Delta,2025,11,1,1,0,4.0,0.0,0.0,4.0,5.83,12.1,7.1,Clear,
AO20436,Delta,2025,12,6,6,0,24.0,12.0,12.0,0.0,7.09,2.5,29.2,Windy,
AO20436,Delta,2026,1,2,2,0,8.0,0.0,4.0,4.0,3.02,2.4,24.4,Cloudy,
AO20436,Delta,2026,2,4,4,0,15.97,8.0,3.97,4.0,3.61,4.3,24.8,Windy,
AO20436,Delta,2026,3,2,2,0,8.0,0.0,8.0,0.0,7.18,15.9,31.3,Clear,
AO20436,Delta,2026,4,5,5,0,18.87,12.0,2.87,4.0,5.27,16.2,28.4,Cloudy,
AO20436,Delta,2026,5,10,10,0,40.0,12.0,8.0,20.0,8.51,16.5,20.9,Clear,
AO20436,Delta,2026,6,7,7,0,24.9,12.9,8.0,4.0,3.66,30.9,14.9,Clear,
AO20473,Alpha,2022,4,4,4,0,66.78,48.59,18.19,0.0,4.76,15.4,38.9,Clear,
AO20473,Alpha,2022,5,4,4,0,67.57,17.83,0.0,49.74,5.79,16.4,11.5,Clear,
AO20473,Alpha,2022,6,2,2,0,31.78,14.91,0.0,16.87,4.84,28.9,20.9,Clear,
AO20473,Alpha,2022,7,4,4,0,65.72,50.65,15.07,0.0,5.61,30.7,6.8,Clear,
AO20473,Alpha,2022,8,1,1,0,19.01,0.0,0.0,19.01,6.29,31.5,13.0,Clear,
AO20473,Alpha,2022,9,2,2,0,31.56,17.58,13.98,0.0,7.05,13.0,29.1,Cloudy,
AO20473,Alpha,2022,11,1,1,0,11.62,11.62,0.0,0.0,5.9,14.5,23.7,Cloudy,
AO20473,Alpha,2022,12,2,2,0,31.15,0.0,16.31,14.84,5.99,3.3,34.3,Clear,
AO20473,Alpha,2023,1,1,1,0,16.76,16.76,0.0,0.0,5.89,3.0,43.9,Rainy,
AO20473,Alpha,2023,3,2,2,0,33.72,33.72,0.0,0.0,11.19,15.4,11.9,Clear,
AO20473,Alpha,2023,4,3,3,0,53.55,0.0,53.55,0.0,4.38,16.2,41.2,Clear,
AO20473,Alpha,2023,5,2,2,0,33.59,14.61,18.98,0.0,2.23,16.3,5.8,Clear,
AO20473,Alpha,2023,6,2,2,0,36.47,16.47,20.0,0.0,7.11,30.7,35.8,Clear,
AO20473,Alpha,2023,7,3,3,0,54.51,54.51,0.0,0.0,5.67,30.4,29.8,Clear,
AO20473,Alpha,2023,8,1,1,0,20.0,20.0,0.0,0.0,6.05,28.2,17.3,Clear,
AO20473,Alpha,2023,9,1,1,0,18.37,18.37,0.0,0.0,2.26,13.9,35.5,Cloudy,
AO20473,Alpha,2023,11,1,1,0,19.84,0.0,0.0,19.84,2.04,13.3,23.5,Cloudy,
AO20473,Alpha,2024,1,1,1,0,16.53,0.0,16.53,0.0,4.18,3.1,19.9,Clear,
AO20473,Alpha,2024,3,1,1,0,20.0,20.0,0.0,0.0,7.4,16.4,36.3,Cloudy,
AO20473,Alpha,2024,4,1,1,0,16.76,0.0,16.76,0.0,4.93,16.7,17.8,Clear,
AO20473,Alpha,2024,5,3,3,0,47.17,47.17,0.0,0.0,7.68,15.8,30.0,Clear,
AO20473,Alpha,2024,6,3,3,0,50.59,13.13,0.0,37.46,5.04,30.3,15.9,Clear,
AO20473,Alpha,2024,11,2,2,0,37.4,0.0,37.4,0.0,7.73,14.1,5.6,Rainy,
AO20473,Alpha,2025,4,2,2,0,32.9,0.0,32.9,0.0,2.64,17.4,12.9,Clear,
AO20473,Alpha,2025,5,1,1,0,18.52,0.0,18.52,0.0,4.78,16.4,28.9,Clear,
AO20473,Alpha,2025,6,1,1,0,18.9,0.0,18.9,0.0,2.69,31.3,37.6,Clear,
AO20473,Alpha,2025,7,1,1,0,17.58,17.58,0.0,0.0,5.99,30.5,8.2,Clear,
AO20473,Alpha,2025,11,1,1,0,17.61,0.0,0.0,17.61,5.26,14.7,10.1,Cloudy,
AO20473,Alpha,2026,2,1,1,0,14.8,14.8,0.0,0.0,7.09,3.4,8.1,Rainy,
AO20873,Sigma,2022,4,5,5,0,83.96,30.07,34.61,19.28,7.2,16.6,22.9,Clear,
AO20873,Sigma,2022,5,7,7,0,110.19,28.509999999999998,51.88,29.8,3.24,17.1,37.6,Cloudy,
AO20873,Sigma,2022,6,5,5,0,86.58,51.73,0.0,34.85,5.27,29.2,28.1,Clear,
AO20873,Sigma,2022,7,1,1,0,15.93,15.93,0.0,0.0,3.13,30.6,16.9,Clear,
AO20873,Sigma,2022,8,3,3,0,46.15,0.0,30.79,15.36,8.82,31.1,29.9,Clear,
AO20873,Sigma,2022,9,5,5,0,79.72,33.94,16.94,28.84,3.02,13.0,7.2,Rainy,
AO20873,Sigma,2022,10,2,2,0,31.18,31.18,0.0,0.0,6.5,15.3,16.7,Cloudy,
AO20873,Sigma,2022,11,2,2,0,33.96,33.96,0.0,0.0,6.77,14.0,16.3,Cloudy,
AO20873,Sigma,2022,12,3,3,0,52.34,35.489999999999995,16.85,0.0,7.43,3.9,40.6,Cloudy,
AO20873,Sigma,2023,1,1,1,0,18.69,18.69,0.0,0.0,6.32,4.7,42.8,Cloudy,
AO20873,Sigma,2023,2,2,2,0,32.61,32.61,0.0,0.0,6.39,2.6,42.9,Clear,
AO20873,Sigma,2023,3,2,2,0,35.24,17.76,17.48,0.0,6.89,16.6,28.6,Cloudy,
AO20873,Sigma,2023,4,3,3,0,55.01,18.69,36.31999999999999,0.0,3.93,14.6,15.2,Clear,
AO20873,Sigma,2023,5,2,2,0,33.69,33.69,0.0,0.0,3.19,15.4,20.0,Clear,
AO20873,Sigma,2023,6,2,2,0,33.31,0.0,14.87,18.44,4.36,29.5,27.9,Clear,
AO20873,Sigma,2023,7,3,3,0,52.79,17.44,0.0,35.349999999999994,4.3,29.9,37.0,Clear,
AO20873,Sigma,2023,8,5,5,0,88.53999999999999,20.0,20.0,48.54,4.4,30.6,43.6,Clear,
AO20873,Sigma,2023,9,3,3,0,47.08,33.150000000000006,13.93,0.0,4.56,14.1,21.0,Cloudy,
AO20873,Sigma,2023,10,2,2,0,35.790000000000006,19.03,0.0,16.76,9.57,14.3,6.0,Cloudy,
AO20873,Sigma,2023,11,2,2,0,31.61,0.0,31.61,0.0,2.13,12.8,26.4,Clear,
AO20873,Sigma,2023,12,2,2,0,38.69,20.0,18.69,0.0,5.83,4.0,13.5,Clear,
AO20873,Sigma,2024,1,4,4,0,72.24000000000001,36.57,35.67,0.0,6.28,3.6,14.1,Cloudy,
AO20873,Sigma,2024,2,1,1,0,17.24,17.24,0.0,0.0,9.54,3.5,36.0,Cloudy,
AO20873,Sigma,2024,4,2,2,0,33.730000000000004,15.46,0.0,18.27,3.94,16.0,7.1,Clear,
AO20873,Sigma,2024,6,2,2,0,34.84,34.84,0.0,0.0,7.58,30.4,12.8,Clear,
AO20873,Sigma,2024,8,2,2,0,34.96,0.0,17.67,17.29,4.82,30.9,24.4,Clear,
AO20873,Sigma,2024,9,1,1,0,13.13,13.13,0.0,0.0,8.41,13.7,34.1,Clear,
AO20873,Sigma,2024,10,1,1,0,18.9,0.0,18.9,0.0,6.02,13.5,13.8,Clear,
AO20873,Sigma,2024,11,1,1,0,14.98,0.0,0.0,14.98,7.52,13.4,13.3,Clear,
AO20873,Sigma,2025,1,1,1,0,18.58,0.0,18.58,0.0,4.61,3.1,25.1,Windy,
AO20873,Sigma,2025,2,1,1,0,15.37,0.0,15.37,0.0,3.69,4.7,15.3,Clear,
AO20873,Sigma,2025,3,1,1,0,17.65,17.65,0.0,0.0,4.09,16.4,26.0,Clear,
AO20873,Sigma,2025,4,2,2,0,33.39,0.0,14.85,18.54,7.0,16.3,33.8,Clear,
AO20873,Sigma,2025,5,2,2,0,37.489999999999995,37.489999999999995,0.0,0.0,4.48,14.9,12.1,Clear,
AO20873,Sigma,2025,6,2,2,0,30.27,14.95,15.32,0.0,5.67,29.6,34.8,Clear,
AO20873,Sigma,2025,7,1,1,0,15.92,0.0,0.0,15.92,4.75,30.3,13.9,Clear,
AO20873,Sigma,2025,8,1,1,0,17.41,17.41,0.0,0.0,5.42,29.6,15.8,Clear,
AO20873,Sigma,2025,9,1,1,0,16.22,0.0,16.22,0.0,8.02,14.1,30.3,Cloudy,
AO20873,Sigma,2025,11,1,1,0,13.0,13.0,0.0,0.0,3.97,13.9,37.5,Clear,
AO20873,Sigma,2025,12,1,1,0,17.24,17.24,0.0,0.0,4.03,2.4,38.9,Cloudy,
AO20873,Sigma,2026,2,1,1,0,16.8,0.0,16.8,0.0,8.13,2.6,33.3,Rainy,
AO20873,Sigma,2026,3,1,1,0,14.73,0.0,14.73,0.0,6.44,15.9,20.5,Clear,
AO20873,Sigma,2026,5,3,3,0,51.28,32.11,19.17,0.0,4.07,16.0,35.9,Clear,
AO20873,Sigma,2026,6,1,1,0,19.3,19.3,0.0,0.0,3.53,29.2,5.2,Clear,
AO21034,Sigma,2022,12,1,1,0,16.23,16.23,0.0,0.0,0.2,3.9,10.6,Cloudy,
AO21034,Sigma,2023,2,1,1,0,15.45,15.45,0.0,0.0,2.0,2.6,14.2,Clear,
AO21034,Sigma,2023,3,1,1,0,17.86,17.86,0.0,0.0,5.72,16.6,41.0,Cloudy,
AO21034,Sigma,2023,5,1,1,0,15.25,0.0,15.25,0.0,3.48,15.4,31.1,Clear,
AO21034,Sigma,2023,7,3,3,0,50.03,17.1,32.93,0.0,5.62,29.9,13.9,Clear,
AO21034,Sigma,2023,8,3,3,0,55.06,18.92,17.86,18.28,6.64,30.6,44.3,Clear,
AO21034,Sigma,2023,10,1,1,0,14.42,14.42,0.0,0.0,5.61,14.3,20.2,Cloudy,
AO21034,Sigma,2023,11,1,1,0,20.0,0.0,20.0,0.0,2.79,12.8,27.9,Clear,
AO21034,Sigma,2023,12,1,1,0,18.98,18.98,0.0,0.0,6.28,4.0,44.5,Clear,
AO21034,Sigma,2024,1,2,2,0,32.04,32.04,0.0,0.0,7.85,3.6,15.3,Cloudy,
AO21034,Sigma,2024,2,1,1,0,17.86,0.0,0.0,17.86,1.61,3.5,17.3,Cloudy,
AO21034,Sigma,2024,5,2,2,0,36.120000000000005,36.120000000000005,0.0,0.0,6.38,16.0,18.9,Clear,
AO21034,Sigma,2024,7,2,2,0,33.35,0.0,16.09,17.26,6.2,29.4,28.4,Clear,
AO21034,Sigma,2024,8,1,1,0,19.44,0.0,0.0,19.44,6.78,30.9,30.8,Clear,
AO21034,Sigma,2024,9,1,1,0,16.85,16.85,0.0,0.0,4.7,13.7,42.7,Clear,
AO21034,Sigma,2024,11,1,1,0,18.25,18.25,0.0,0.0,3.57,13.4,34.3,Clear,
AO21034,Sigma,2024,12,2,2,0,31.55,31.55,0.0,0.0,5.05,4.0,25.8,Rainy,
AO21034,Sigma,2025,1,1,1,0,18.89,0.0,18.89,0.0,3.08,3.1,28.3,Windy,
AO21034,Sigma,2025,2,1,1,0,14.88,14.88,0.0,0.0,6.17,4.7,20.1,Clear,
AO21034,Sigma,2025,4,2,2,0,33.38,18.48,14.9,0.0,3.29,16.3,19.1,Clear,
AO21034,Sigma,2025,5,2,2,0,28.28,14.87,0.0,13.41,6.45,14.9,15.0,Clear,
AO21034,Sigma,2025,6,2,2,0,34.24,0.0,34.24,0.0,4.77,29.6,16.6,Clear,
AO21034,Sigma,2025,8,2,2,0,33.59,13.59,0.0,20.0,1.73,29.6,29.1,Clear,
AO21034,Sigma,2026,2,1,1,0,14.41,0.0,14.41,0.0,4.27,2.6,34.1,Rainy,
AO21091,Delta,2022,7,3,3,0,54.08,17.71,20.0,16.37,4.81,29.6,37.2,Clear,
AO21091,Delta,2022,8,6,6,0,103.22,53.599999999999994,15.59,34.03,7.46,30.3,15.7,Clear,
AO21091,Delta,2022,9,5,5,0,84.63,48.95,15.68,20.0,6.97,15.1,7.9,Rainy,
AO21091,Delta,2022,10,2,2,0,31.5,31.5,0.0,0.0,5.58,15.5,43.7,Cloudy,
AO21091,Delta,2022,11,3,3,0,51.51,35.94,15.57,0.0,4.96,13.8,20.9,Clear,
AO21091,Delta,2022,12,3,3,0,55.19,37.57,17.62,0.0,4.78,2.9,24.2,Cloudy,
AO21091,Delta,2023,3,1,1,0,19.63,19.63,0.0,0.0,5.3,17.2,17.1,Clear,
AO21091,Delta,2023,4,5,5,0,89.56,52.31999999999999,17.39,19.85,5.69,14.2,17.4,Clear,
AO21091,Delta,2023,5,3,3,0,49.12,32.33,16.79,0.0,6.7,15.4,7.5,Clear,
AO21091,Delta,2023,6,3,3,0,53.26,18.36,0.0,34.9,6.55,29.3,7.1,Clear,
AO21091,Delta,2023,7,3,3,0,49.57,35.66,13.91,0.0,4.75,28.8,21.5,Clear,
AO21091,Delta,2023,8,4,4,0,58.83,18.63,29.72,10.48,4.32,29.4,40.5,Clear,
AO21091,Delta,2023,9,2,2,0,33.67,16.4,17.27,0.0,5.37,14.3,11.9,Cloudy,
AO21091,Delta,2023,10,2,2,0,32.67,15.77,0.0,16.9,4.15,13.4,39.4,Clear,
AO21091,Delta,2024,1,1,1,0,14.8,0.0,14.8,0.0,5.94,4.6,33.2,Windy,
AO21091,Delta,2024,2,2,2,0,31.3,31.3,0.0,0.0,1.87,1.6,25.8,Cloudy,
AO21091,Delta,2024,3,1,1,0,15.52,15.52,0.0,0.0,4.71,14.7,33.7,Clear,
AO21091,Delta,2024,4,2,2,0,33.0,33.0,0.0,0.0,7.41,16.0,30.2,Clear,
AO21091,Delta,2024,5,2,2,0,35.28,19.31,0.0,15.97,2.91,14.5,11.1,Clear,
AO21091,Delta,2024,6,1,1,0,12.49,12.49,0.0,0.0,5.77,31.1,39.6,Clear,
AO21091,Delta,2024,7,1,1,0,15.69,15.69,0.0,0.0,9.3,30.4,44.1,Clear,
AO21091,Delta,2024,8,2,2,0,32.38,15.35,17.03,0.0,4.12,29.2,37.9,Clear,
AO21091,Delta,2024,11,1,1,0,18.52,0.0,18.52,0.0,8.15,14.5,15.4,Cloudy,
AO21091,Delta,2025,1,2,2,0,36.629999999999995,16.63,20.0,0.0,6.06,2.8,16.6,Windy,
AO21091,Delta,2025,4,1,1,0,16.58,0.0,16.58,0.0,6.62,16.7,34.6,Clear,
AO21091,Delta,2025,5,1,1,0,14.77,14.77,0.0,0.0,2.6,15.5,28.5,Clear,
AO21091,Delta,2025,6,1,1,0,14.9,0.0,0.0,14.9,7.97,30.8,6.0,Clear,
AO21091,Delta,2025,7,2,2,0,29.38,0.0,16.08,13.3,7.68,30.1,27.4,Clear,
AO21091,Delta,2025,9,1,1,0,17.73,0.0,17.73,0.0,4.26,14.0,15.3,Cloudy,
AO21091,Delta,2025,10,1,1,0,13.09,13.09,0.0,0.0,4.5,15.0,22.8,Windy,
AO21091,Delta,2026,4,2,2,0,30.380000000000003,16.51,13.87,0.0,4.38,16.2,13.1,Cloudy,
AO21091,Delta,2026,5,1,1,0,16.43,16.43,0.0,0.0,5.91,16.5,22.1,Clear,
AO21206,Gamma,2025,1,2,2,0,31.89,17.26,0.0,14.63,7.95,3.0,18.2,Rainy,
AO21206,Gamma,2025,2,2,2,0,31.380000000000003,0.0,16.3,15.08,5.43,2.3,28.0,Clear,
AO21206,Gamma,2025,7,1,1,0,19.12,19.12,0.0,0.0,7.71,29.2,25.5,Clear,
AO21206,Gamma,2025,11,2,2,0,31.41,0.0,0.0,31.41,6.1,14.3,23.4,Clear,
AO21206,Gamma,2026,5,1,1,0,14.71,14.71,0.0,0.0,4.78,14.6,13.9,Clear,
AO21263,Sigma,2021,9,6,6,0,95.44,14.73,50.55,30.16,8.18,13.3,41.7,Rainy,
AO21263,Sigma,2021,10,3,3,0,51.7,16.84,16.49,18.37,8.71,14.0,8.1,Clear,
AO21263,Sigma,2021,11,4,4,0,69.99000000000001,13.76,37.69,18.54,7.61,12.6,32.6,Clear,
AO21263,Sigma,2021,12,1,1,0,16.05,16.05,0.0,0.0,4.46,3.0,26.2,Clear,
AO21263,Sigma,2022,1,1,1,0,17.13,0.0,17.13,0.0,7.26,4.3,44.9,Rainy,
AO21263,Sigma,2022,2,2,2,0,35.24,0.0,35.24,0.0,4.47,3.0,27.9,Cloudy,
AO21263,Sigma,2022,3,4,4,0,67.6,48.629999999999995,18.97,0.0,2.81,15.3,10.0,Clear,
AO21263,Sigma,2022,4,1,1,0,17.87,17.87,0.0,0.0,1.02,16.6,11.3,Clear,
AO21263,Sigma,2022,5,8,8,0,134.41,35.83,34.4,64.18,1.84,17.1,32.4,Cloudy,
AO21263,Sigma,2022,6,4,4,0,67.74,36.07,31.67,0.0,6.48,29.2,24.8,Clear,
AO21263,Sigma,2022,7,2,2,0,35.040000000000006,16.44,18.6,0.0,4.3,30.6,19.8,Clear,
AO21263,Sigma,2022,8,1,1,0,18.52,18.52,0.0,0.0,5.86,31.1,38.7,Clear,
AO21263,Sigma,2022,9,3,3,0,48.41,0.0,0.0,48.41,4.33,13.0,31.8,Rainy,
AO21263,Sigma,2022,10,3,3,0,47.78,15.56,32.22,0.0,3.58,15.3,38.4,Cloudy,
AO21263,Sigma,2022,12,1,1,0,14.94,0.0,0.0,14.94,4.94,3.9,14.8,Cloudy,
AO21263,Sigma,2023,1,3,3,0,52.28,0.0,15.99,36.29,6.46,4.7,34.2,Cloudy,
AO21263,Sigma,2023,2,1,1,0,16.28,16.28,0.0,0.0,2.06,2.6,43.9,Clear,
AO21263,Sigma,2023,4,1,1,0,13.43,13.43,0.0,0.0,6.4,14.6,30.7,Clear,
AO21263,Sigma,2023,5,1,1,0,16.29,0.0,16.29,0.0,6.17,15.4,40.6,Clear,
AO21263,Sigma,2023,6,3,3,0,49.059999999999995,0.0,18.7,30.36,7.83,29.5,21.7,Clear,
AO21263,Sigma,2023,8,2,2,0,31.11,15.82,15.29,0.0,5.79,30.6,15.1,Clear,
AO21263,Sigma,2023,9,1,1,0,20.0,20.0,0.0,0.0,2.06,14.1,25.6,Cloudy,
AO21263,Sigma,2023,10,1,1,0,15.16,0.0,15.16,0.0,2.38,14.3,35.9,Cloudy,
AO21263,Sigma,2023,11,1,1,0,17.44,0.0,17.44,0.0,5.84,12.8,35.1,Clear,
AO21263,Sigma,2023,12,2,2,0,34.51,16.61,0.0,17.9,6.2,4.0,35.8,Clear,
AO21263,Sigma,2024,1,2,2,0,36.71,36.71,0.0,0.0,3.51,3.6,21.3,Cloudy,
AO21263,Sigma,2024,2,3,3,0,48.53,16.76,31.770000000000003,0.0,3.2,3.5,43.0,Cloudy,
AO21263,Sigma,2024,3,2,2,0,34.4,0.0,0.0,34.4,3.24,16.3,13.7,Clear,
AO21263,Sigma,2024,5,3,3,0,48.18000000000001,16.51,17.37,14.3,6.41,16.0,8.5,Clear,
AO21263,Sigma,2024,6,2,2,0,36.43,18.65,0.0,17.78,5.56,30.4,29.3,Clear,
AO21263,Sigma,2024,7,2,2,0,31.97,0.0,31.97,0.0,4.51,29.4,23.7,Clear,
AO21263,Sigma,2024,8,2,2,0,33.68,0.0,33.68,0.0,7.18,30.9,10.9,Clear,
AO21263,Sigma,2024,11,1,1,0,13.71,13.71,0.0,0.0,6.73,13.4,43.6,Clear,
AO21263,Sigma,2024,12,1,1,0,15.67,0.0,15.67,0.0,8.24,4.0,35.8,Rainy,
AO21263,Sigma,2025,1,1,1,0,16.97,16.97,0.0,0.0,2.84,3.1,33.2,Windy,
AO21263,Sigma,2025,2,1,1,0,12.36,0.0,12.36,0.0,3.39,4.7,16.4,Clear,
AO21263,Sigma,2025,3,1,1,0,19.9,19.9,0.0,0.0,4.66,16.4,17.9,Clear,
AO21263,Sigma,2025,5,1,1,0,18.39,0.0,18.39,0.0,5.96,14.9,28.3,Clear,
AO21263,Sigma,2025,6,1,1,0,13.24,0.0,13.24,0.0,7.86,29.6,12.7,Clear,
AO21263,Sigma,2025,7,1,1,0,15.96,0.0,15.96,0.0,6.43,30.3,43.9,Clear,
AO21263,Sigma,2025,8,3,3,0,45.14,0.0,31.03,14.11,5.86,29.6,15.4,Clear,
AO21263,Sigma,2025,9,3,3,0,53.43,36.2,0.0,17.23,5.68,14.1,27.7,Cloudy,
AO21263,Sigma,2025,10,1,1,0,16.46,0.0,0.0,16.46,8.17,14.5,34.2,Clear,
AO21263,Sigma,2025,11,2,2,0,30.49,30.49,0.0,0.0,3.08,13.9,30.8,Clear,
AO21263,Sigma,2026,1,1,1,0,18.24,0.0,18.24,0.0,5.07,3.4,38.0,Cloudy,
AO21263,Sigma,2026,5,1,1,0,17.21,17.21,0.0,0.0,4.49,16.0,32.1,Clear,
AO21263,Sigma,2026,6,1,1,0,20.0,0.0,20.0,0.0,4.72,29.2,21.5,Clear,
AO21304,Alpha,2021,1,11,11,0,184.07,51.68,97.57,34.82,5.09,4.0,37.2,Clear,
AO21304,Alpha,2021,2,8,8,0,141.56,90.25,36.04,15.27,8.65,2.9,40.9,Cloudy,
AO21304,Alpha,2021,3,9,9,0,97.39,31.45,49.8,16.14,2.83,17.1,27.6,Clear,
AO21304,Alpha,2021,4,20,20,0,220.08,116.54,22.35,81.19,3.55,16.4,31.4,Clear,
AO21304,Alpha,2021,5,26,26,0,248.94,32.01,154.38,62.55,5.0,16.9,24.7,Clear,
AO21304,Alpha,2021,6,20,20,0,233.94,74.7,108.28,50.96,5.84,30.4,9.6,Clear,
AO21304,Alpha,2021,7,19,19,0,181.94,94.81,78.47,8.66,4.47,28.0,33.8,Clear,
AO21304,Alpha,2021,8,25,25,0,276.33,134.34,74.8,67.19,5.77,29.2,32.4,Clear,
AO21304,Alpha,2021,9,12,12,0,112.38,46.43,57.95,8.0,4.26,14.0,6.2,Cloudy,
AO21304,Alpha,2021,10,16,16,0,107.65,36.0,32.85,38.8,8.37,12.5,28.3,Rainy,
AO21304,Alpha,2021,11,14,14,0,106.2,52.84,31.19,22.17,4.46,14.3,42.7,Clear,
AO21304,Alpha,2021,12,10,10,0,45.93,12.0,25.93,8.0,8.17,3.6,38.6,Clear,
AO21304,Alpha,2022,1,7,7,0,21.6,12.0,0.58,9.02,2.62,2.2,7.1,Clear,
AO21304,Alpha,2022,2,4,4,0,16.0,4.0,8.0,4.0,3.57,4.4,14.4,Clear,
AO21304,Alpha,2022,3,8,8,0,29.78,9.78,12.0,8.0,6.33,17.6,24.2,Cloudy,
AO21304,Alpha,2022,4,16,16,0,57.08,10.65,28.36,18.07,3.95,15.4,32.4,Clear,
AO21304,Alpha,2022,5,16,16,0,60.01,12.0,29.22,18.79,6.4,16.4,7.9,Clear,
AO21304,Alpha,2022,6,12,12,0,42.86,12.0,24.0,6.859999999999999,4.07,28.9,17.0,Clear,
AO21304,Alpha,2022,7,12,12,0,44.37,32.37,4.0,8.0,2.13,30.7,37.4,Clear,
AO21304,Alpha,2022,8,15,15,0,57.3,29.3,8.0,20.0,4.64,31.5,39.2,Clear,
AO21304,Alpha,2022,9,16,16,0,58.26,39.43,14.83,4.0,5.19,13.0,9.3,Cloudy,
AO21304,Alpha,2022,10,10,10,0,38.52,18.54,15.98,4.0,6.97,13.2,38.6,Clear,
AO21304,Alpha,2022,11,6,6,0,24.0,8.0,12.0,4.0,7.07,14.5,38.7,Cloudy,
AO21304,Alpha,2022,12,10,10,0,39.93,16.0,15.93,8.0,5.79,3.3,13.7,Clear,
AO21304,Alpha,2023,1,4,4,0,12.76,8.76,0.0,4.0,5.45,3.0,5.2,Rainy,
AO21304,Alpha,2023,2,8,8,0,28.259999999999998,12.26,12.0,4.0,5.64,2.1,22.8,Cloudy,
AO21304,Alpha,2023,3,7,7,0,23.18,7.18,8.0,8.0,5.62,15.4,26.7,Clear,
AO21304,Alpha,2023,4,16,16,0,64.0,36.0,20.0,8.0,5.77,16.2,42.0,Clear,
AO21304,Alpha,2023,5,14,14,0,53.67,40.0,8.0,5.67,5.96,16.3,38.3,Clear,
AO21304,Alpha,2023,6,21,21,0,73.46,37.58,16.0,19.88,4.52,30.7,22.6,Clear,
AO21304,Alpha,2023,7,12,12,0,39.77,23.71,8.06,8.0,5.98,30.4,40.3,Clear,
AO21304,Alpha,2023,8,20,20,0,79.69,39.69,20.0,20.0,7.89,28.2,18.0,Clear,
AO21304,Alpha,2023,9,8,8,0,31.560000000000002,27.560000000000002,4.0,0.0,3.39,13.9,8.5,Cloudy,
AO21304,Alpha,2023,10,5,5,0,20.0,4.0,8.0,8.0,5.4,15.1,44.7,Cloudy,
AO21304,Alpha,2023,11,8,8,0,26.63,8.0,8.35,10.28,8.44,13.3,39.2,Cloudy,
AO21304,Alpha,2023,12,6,6,0,24.0,16.0,8.0,0.0,9.14,3.0,5.0,Rainy,
AO21304,Alpha,2024,1,4,4,0,15.29,8.0,4.0,3.29,8.27,3.1,17.7,Clear,
AO21304,Alpha,2024,2,4,4,0,12.47,4.47,8.0,0.0,3.88,2.0,19.5,Clear,
AO21304,Alpha,2024,3,6,6,0,20.19,12.0,4.19,4.0,3.46,16.4,32.1,Cloudy,
AO21304,Alpha,2024,4,6,6,0,19.1,0.74,4.0,14.36,9.91,16.7,41.4,Clear,
AO21304,Alpha,2024,5,7,7,0,25.78,8.0,13.78,4.0,7.1,15.8,21.0,Clear,
AO21304,Alpha,2024,6,6,6,0,23.83,12.0,7.83,4.0,5.96,30.3,15.1,Clear,
AO21304,Alpha,2024,7,11,11,0,43.78,16.0,8.0,19.78,4.05,29.5,17.8,Clear,
AO21304,Alpha,2024,8,5,5,0,18.23,10.23,8.0,0.0,3.67,28.6,32.6,Clear,
AO21304,Alpha,2024,9,5,5,0,20.0,12.0,8.0,0.0,5.23,13.1,17.3,Cloudy,
AO21304,Alpha,2024,10,6,6,0,24.0,8.0,4.0,12.0,6.9,13.6,43.5,Clear,
AO21304,Alpha,2024,11,2,2,0,4.26,0.0,4.26,0.0,3.94,14.1,12.0,Rainy,
AO21304,Alpha,2024,12,2,2,0,8.0,4.0,0.0,4.0,5.53,4.3,21.8,Clear,
AO21304,Alpha,2025,1,1,1,0,4.0,0.0,4.0,0.0,3.47,1.8,28.7,Clear,
AO21304,Alpha,2025,2,2,2,0,8.0,8.0,0.0,0.0,2.49,3.1,12.8,Cloudy,
AO21304,Alpha,2025,3,4,4,0,16.0,0.0,8.0,8.0,5.19,16.6,34.7,Clear,
AO21304,Alpha,2025,4,6,6,0,18.2,2.14,12.06,4.0,7.39,17.4,36.2,Clear,
AO21304,Alpha,2025,5,6,6,0,21.0,6.98,8.0,6.02,6.18,16.4,16.5,Clear,
AO21304,Alpha,2025,6,3,3,0,8.82,0.82,4.0,4.0,8.58,31.3,44.3,Clear,
AO21304,Alpha,2025,7,6,6,0,23.34,11.34,4.0,8.0,3.05,30.5,11.0,Clear,
AO21304,Alpha,2025,8,5,5,0,17.01,9.01,8.0,0.0,3.45,31.3,9.6,Clear,
AO21304,Alpha,2025,9,3,3,0,12.0,4.0,4.0,4.0,7.93,13.9,36.9,Clear,
AO21304,Alpha,2025,10,3,3,0,12.0,0.0,4.0,8.0,5.65,14.8,40.4,Clear,
AO21304,Alpha,2025,11,5,5,0,20.0,8.0,4.0,8.0,3.51,14.7,27.2,Cloudy,
AO21304,Alpha,2025,12,4,4,0,13.969999999999999,4.0,0.0,9.97,7.21,3.9,33.1,Rainy,
AO21304,Alpha,2026,1,4,4,0,15.31,4.0,4.0,7.3100000000000005,7.26,3.1,43.1,Cloudy,
AO21304,Alpha,2026,3,4,4,0,14.56,6.5600000000000005,8.0,0.0,4.7,15.0,32.5,Clear,
AO21304,Alpha,2026,5,9,9,0,30.72,21.43,4.0,5.29,3.63,16.5,26.1,Clear,
AO21304,Alpha,2026,6,6,6,0,21.78,13.78,8.0,0.0,4.4,28.3,37.9,Clear,
AO21338,Sigma,2024,10,2,2,0,35.58,35.58,0.0,0.0,6.12,13.5,36.9,Clear,
AO21338,Sigma,2024,11,1,1,0,15.49,15.49,0.0,0.0,3.16,13.4,33.4,Clear,
AO21338,Sigma,2024,12,3,3,0,53.25,17.07,17.47,18.71,4.64,4.0,38.8,Rainy,
AO21338,Sigma,2025,2,1,1,0,20.0,20.0,0.0,0.0,5.59,4.7,43.0,Clear,
AO21338,Sigma,2025,4,1,1,0,13.2,0.0,0.0,13.2,4.95,16.3,8.4,Clear,
AO21338,Sigma,2025,6,2,2,0,39.120000000000005,20.0,19.12,0.0,5.43,29.6,44.1,Clear,
AO21338,Sigma,2025,7,2,2,0,32.41,32.41,0.0,0.0,7.0,30.3,23.1,Clear,
AO21338,Sigma,2025,9,1,1,0,17.06,0.0,0.0,17.06,6.01,14.1,15.0,Cloudy,
AO21338,Sigma,2025,10,2,2,0,32.32,17.79,14.53,0.0,2.89,14.5,43.8,Clear,
AO21338,Sigma,2026,1,1,1,0,20.0,20.0,0.0,0.0,4.31,3.4,28.5,Cloudy,
AO21338,Sigma,2026,3,1,1,0,19.13,0.0,0.0,19.13,4.46,15.9,32.4,Clear,
AO21338,Sigma,2026,4,2,2,0,35.120000000000005,0.0,35.120000000000005,0.0,3.14,14.9,42.6,Clear,
AO21338,Sigma,2026,5,1,1,0,16.13,16.13,0.0,0.0,10.24,16.0,34.0,Clear,
AO21355,Gamma,2025,4,1,1,0,15.4,0.0,15.4,0.0,5.31,15.2,27.3,Clear,
AO21355,Gamma,2025,6,4,4,0,69.32000000000001,0.0,33.150000000000006,36.17,3.84,31.1,25.7,Clear,
AO21355,Gamma,2025,8,2,2,0,34.82,0.0,16.76,18.06,5.05,29.8,9.1,Clear,
AO21355,Gamma,2025,9,1,1,0,13.61,13.61,0.0,0.0,7.24,13.7,39.5,Rainy,
AO21355,Gamma,2025,12,1,1,0,16.63,0.0,16.63,0.0,5.97,2.7,13.2,Cloudy,
AO21355,Gamma,2026,3,2,2,0,31.83,15.58,16.25,0.0,6.14,15.4,5.4,Cloudy,
AO21394,Gamma,2022,1,4,4,0,68.95,17.14,0.0,51.81,4.96,3.4,5.8,Cloudy,
AO21394,Gamma,2022,2,3,3,0,53.39,18.6,0.0,34.79,4.23,2.8,18.7,Cloudy,
AO21394,Gamma,2022,3,4,4,0,70.94,52.620000000000005,0.0,18.32,6.53,17.1,11.4,Clear,
AO21394,Gamma,2022,4,4,4,0,67.95,36.49,31.46,0.0,6.29,16.4,38.0,Cloudy,
AO21394,Gamma,2022,5,2,2,0,36.56,0.0,36.56,0.0,4.23,15.9,7.6,Clear,
AO21394,Gamma,2022,6,5,5,0,82.12,82.12,0.0,0.0,5.91,30.8,7.5,Clear,
AO21394,Gamma,2022,7,2,2,0,32.78,32.78,0.0,0.0,6.05,29.9,43.9,Clear,
AO21394,Gamma,2022,8,3,3,0,54.49,39.09,15.4,0.0,3.17,29.7,43.7,Clear,
AO21394,Gamma,2022,9,2,2,0,24.89,13.22,11.67,0.0,4.29,13.5,14.3,Cloudy,
AO21394,Gamma,2022,10,1,1,0,18.61,18.61,0.0,0.0,2.84,15.1,28.5,Clear,
AO21394,Gamma,2022,12,1,1,0,19.74,0.0,0.0,19.74,5.72,2.8,10.7,Windy,
AO21394,Gamma,2023,1,1,1,0,18.84,18.84,0.0,0.0,2.55,3.7,41.7,Clear,
AO21394,Gamma,2023,2,1,1,0,17.5,0.0,17.5,0.0,2.17,1.2,10.6,Clear,
AO21394,Gamma,2023,4,2,2,0,32.29,0.0,32.29,0.0,5.81,16.0,7.5,Clear,
AO21394,Gamma,2023,5,1,1,0,18.2,0.0,0.0,18.2,6.66,14.7,8.8,Clear,
AO21394,Gamma,2023,6,2,2,0,37.44,20.0,17.44,0.0,7.68,30.7,22.2,Clear,
AO21394,Gamma,2023,7,2,2,0,30.660000000000004,16.51,0.0,14.15,3.02,29.6,35.1,Clear,
AO21394,Gamma,2023,8,3,3,0,53.53,20.0,0.0,33.53,6.62,29.7,6.7,Clear,
AO21394,Gamma,2023,9,1,1,0,15.27,0.0,15.27,0.0,2.64,14.3,19.8,Cloudy,
AO21394,Gamma,2023,10,1,1,0,14.93,14.93,0.0,0.0,2.06,15.1,33.5,Clear,
AO21394,Gamma,2023,11,1,1,0,20.0,0.0,20.0,0.0,6.65,15.7,28.9,Clear,
AO21394,Gamma,2024,1,1,1,0,15.41,0.0,15.41,0.0,3.02,1.5,32.3,Cloudy,
AO21394,Gamma,2024,2,1,1,0,17.78,0.0,17.78,0.0,5.7,1.9,37.6,Clear,
AO21394,Gamma,2024,3,2,2,0,35.67,35.67,0.0,0.0,8.11,13.7,36.7,Cloudy,
AO21394,Gamma,2024,4,3,3,0,53.06,17.94,35.12,0.0,7.35,14.4,13.0,Clear,
AO21394,Gamma,2024,5,1,1,0,15.75,0.0,15.75,0.0,3.58,17.0,37.1,Clear,
AO21394,Gamma,2024,6,4,4,0,58.72,42.33,0.0,16.39,6.38,31.2,31.4,Clear,
AO21394,Gamma,2024,7,3,3,0,52.85,17.51,17.59,17.75,4.64,29.5,6.7,Clear,
AO21394,Gamma,2024,8,1,1,0,20.0,20.0,0.0,0.0,6.14,30.1,27.5,Clear,
AO21394,Gamma,2024,11,1,1,0,17.89,17.89,0.0,0.0,4.6,14.5,5.6,Cloudy,
AO21394,Gamma,2024,12,1,1,0,13.71,0.0,13.71,0.0,2.06,3.2,27.3,Cloudy,
AO21394,Gamma,2025,3,1,1,0,18.34,0.0,18.34,0.0,3.71,17.2,26.3,Rainy,
AO21394,Gamma,2025,4,1,1,0,14.11,14.11,0.0,0.0,0.46,15.2,8.7,Clear,
AO21394,Gamma,2025,5,2,2,0,36.89,18.73,18.16,0.0,2.19,16.4,25.0,Clear,
AO21394,Gamma,2025,7,1,1,0,18.58,0.0,18.58,0.0,5.19,29.2,15.3,Clear,
AO21394,Gamma,2025,8,3,3,0,49.32,17.16,32.16,0.0,6.94,29.8,37.5,Clear,
AO21394,Gamma,2025,9,2,2,0,35.07,20.0,15.07,0.0,3.36,13.7,22.9,Rainy,
AO21394,Gamma,2025,10,1,1,0,19.3,19.3,0.0,0.0,7.65,15.7,44.6,Cloudy,
AO21394,Gamma,2025,12,2,2,0,31.75,31.75,0.0,0.0,2.22,2.7,27.3,Cloudy,
AO21394,Gamma,2026,1,2,2,0,29.310000000000002,13.75,15.56,0.0,5.28,3.3,38.5,Cloudy,
AO21394,Gamma,2026,2,1,1,0,19.08,0.0,0.0,19.08,3.88,3.5,30.7,Windy,
AO21394,Gamma,2026,3,1,1,0,14.83,0.0,14.83,0.0,7.49,15.4,26.4,Cloudy,
AO21394,Gamma,2026,4,1,1,0,17.28,0.0,0.0,17.28,5.84,15.5,42.3,Clear,
AO21394,Gamma,2026,6,3,3,0,51.96,32.34,19.62,0.0,8.96,29.9,30.2,Clear,
AO21429,Gamma,2021,6,22,22,0,210.27,87.13,60.730000000000004,62.41,3.94,29.1,30.6,Clear,
AO21429,Gamma,2021,7,24,24,0,269.1,113.57,103.54,51.99,2.73,30.2,11.4,Clear,
AO21429,Gamma,2021,8,21,21,0,247.14000000000001,60.269999999999996,119.3,67.57,5.71,29.7,44.2,Clear,
AO21429,Gamma,2021,9,22,22,0,281.49,149.53,75.55,56.41,1.57,15.2,34.0,Cloudy,
AO21429,Gamma,2021,10,10,10,0,118.69,67.37,16.4,34.92,3.68,16.4,31.8,Cloudy,
AO21429,Gamma,2021,11,11,11,0,135.32,12.0,37.47,85.85,6.0,13.9,32.5,Clear,
AO21429,Gamma,2021,12,8,8,0,79.6,35.33,24.27,20.0,5.77,2.5,14.2,Clear,
AO21429,Gamma,2022,1,11,11,0,106.54,52.55,12.0,41.99,5.41,3.4,31.7,Cloudy,
AO21429,Gamma,2022,2,12,12,0,99.0,47.17,25.27,26.560000000000002,3.93,2.8,40.1,Cloudy,
AO21429,Gamma,2022,3,10,10,0,66.62,21.51,16.0,29.11,4.64,17.1,38.3,Clear,
AO21429,Gamma,2022,4,14,14,0,90.2,49.12,27.47,13.61,7.28,16.4,23.2,Cloudy,
AO21429,Gamma,2022,5,22,22,0,128.39,57.46,48.54,22.39,3.06,15.9,21.1,Clear,
AO21429,Gamma,2022,6,20,20,0,74.7,38.29,28.41,8.0,6.18,30.8,16.7,Clear,
AO21429,Gamma,2022,7,24,24,0,92.35,45.72,20.0,26.63,7.44,29.9,10.9,Clear,
AO21429,Gamma,2022,8,20,20,0,78.65,26.990000000000002,28.0,23.66,6.5,29.7,44.1,Clear,
AO21429,Gamma,2022,9,15,15,0,55.78,20.0,16.0,19.78,3.13,13.5,35.7,Cloudy,
AO21429,Gamma,2022,10,12,12,0,42.66,20.0,8.0,14.66,5.22,15.1,8.9,Clear,
AO21429,Gamma,2022,11,9,9,0,28.55,16.55,4.0,8.0,2.82,14.1,23.7,Rainy,
AO21429,Gamma,2022,12,7,7,0,21.25,4.0,7.95,9.3,5.32,2.8,16.0,Windy,
AO21429,Gamma,2023,1,4,4,0,16.0,4.0,12.0,0.0,5.61,3.7,13.3,Clear,
AO21429,Gamma,2023,2,7,7,0,23.86,12.379999999999999,11.48,0.0,5.93,1.2,41.6,Clear,
AO21429,Gamma,2023,3,11,11,0,40.44,14.35,16.0,10.09,4.82,16.8,12.1,Clear,
AO21429,Gamma,2023,4,16,16,0,59.91,24.78,16.0,19.13,5.36,16.0,16.3,Clear,
AO21429,Gamma,2023,5,26,26,0,95.46,37.07,15.28,43.11,8.46,14.7,36.8,Clear,
AO21429,Gamma,2023,6,17,17,0,64.63,36.63,12.0,16.0,4.3,30.7,6.2,Clear,
AO21429,Gamma,2023,7,26,26,0,86.43,23.58,34.85,28.0,3.75,29.6,28.3,Clear,
AO21429,Gamma,2023,8,14,14,0,55.38,19.85,19.53,16.0,5.94,29.7,13.3,Clear,
AO21429,Gamma,2023,9,7,7,0,28.0,20.0,4.0,4.0,4.06,14.3,44.8,Cloudy,
AO21429,Gamma,2023,10,10,10,0,35.01,18.93,16.0,0.08,4.98,15.1,39.5,Clear,
AO21429,Gamma,2023,11,5,5,0,16.79,8.79,4.0,4.0,7.24,15.7,21.4,Clear,
AO21429,Gamma,2023,12,5,5,0,20.0,8.0,8.0,4.0,5.65,3.1,32.7,Windy,
AO21429,Gamma,2024,1,7,7,0,26.41,10.41,16.0,0.0,3.55,1.5,19.9,Cloudy,
AO21429,Gamma,2024,2,5,5,0,20.0,0.0,20.0,0.0,2.29,1.9,18.9,Clear,
AO21429,Gamma,2024,3,4,4,0,12.77,8.0,4.77,0.0,4.59,13.7,32.9,Cloudy,
AO21429,Gamma,2024,4,8,8,0,26.310000000000002,17.490000000000002,8.82,0.0,7.07,14.4,23.5,Clear,
AO21429,Gamma,2024,5,5,5,0,20.0,12.0,8.0,0.0,7.24,17.0,33.6,Clear,
AO21429,Gamma,2024,6,6,6,0,23.9,19.9,0.0,4.0,6.23,31.2,20.0,Clear,
AO21429,Gamma,2024,7,7,7,0,24.91,8.0,12.0,4.91,5.55,29.5,25.8,Clear,
AO21429,Gamma,2024,8,8,8,0,27.92,11.92,8.0,8.0,5.4,30.1,17.4,Clear,
AO21429,Gamma,2024,9,8,8,0,31.35,4.0,19.35,8.0,5.74,14.5,41.8,Cloudy,
AO21429,Gamma,2024,10,2,2,0,8.0,8.0,0.0,0.0,4.09,13.6,8.3,Rainy,
AO21429,Gamma,2024,11,2,2,0,8.0,4.0,4.0,0.0,6.69,14.5,41.8,Cloudy,
AO21429,Gamma,2024,12,2,2,0,8.0,0.0,4.0,4.0,7.14,3.2,43.0,Cloudy,
AO21429,Gamma,2025,1,2,2,0,7.609999999999999,0.0,7.609999999999999,0.0,4.27,3.0,12.9,Rainy,
AO21429,Gamma,2025,2,6,6,0,23.08,8.0,12.0,3.08,1.05,2.3,34.2,Clear,
AO21429,Gamma,2025,3,6,6,0,23.84,11.84,12.0,0.0,6.7,17.2,19.4,Rainy,
AO21429,Gamma,2025,4,7,7,0,27.78,19.78,8.0,0.0,4.08,15.2,32.2,Clear,
AO21429,Gamma,2025,5,9,9,0,31.17,20.21,0.0,10.96,9.01,16.4,35.9,Clear,
AO21429,Gamma,2025,6,8,8,0,25.1,4.0,16.0,5.1000000000000005,5.71,31.1,17.2,Clear,
AO21429,Gamma,2025,7,6,6,0,24.0,12.0,8.0,4.0,3.41,29.2,19.2,Clear,
AO21429,Gamma,2025,8,3,3,0,8.120000000000001,8.120000000000001,0.0,0.0,5.1,29.8,31.6,Clear,
AO21429,Gamma,2025,9,12,12,0,46.22,8.0,30.42,7.8,7.56,13.7,11.4,Rainy,
AO21429,Gamma,2025,10,4,4,0,13.71,1.71,8.0,4.0,3.15,15.7,5.3,Cloudy,
AO21429,Gamma,2025,11,3,3,0,12.0,12.0,0.0,0.0,5.51,14.3,5.6,Clear,
AO21429,Gamma,2025,12,3,3,0,5.609999999999999,0.98,4.63,0.0,4.9,2.7,16.9,Cloudy,
AO21429,Gamma,2026,1,1,1,0,4.0,0.0,0.0,4.0,8.91,3.3,18.6,Cloudy,
AO21429,Gamma,2026,2,2,2,0,8.0,0.0,0.0,8.0,7.34,3.5,44.1,Windy,
AO21429,Gamma,2026,3,7,7,0,28.0,8.0,16.0,4.0,5.22,15.4,33.0,Cloudy,
AO21429,Gamma,2026,4,4,4,0,16.0,0.0,4.0,12.0,7.12,15.5,15.5,Clear,
AO21429,Gamma,2026,5,4,4,0,16.0,12.0,4.0,0.0,6.34,14.6,18.5,Clear,
AO21429,Gamma,2026,6,9,9,0,33.89,4.0,17.89,12.0,9.5,29.9,44.3,Clear,
AO21436,Sigma,2021,4,15,15,0,50.53,20.09,20.86,9.58,7.96,16.2,32.9,Clear,
AO21436,Sigma,2021,5,29,29,0,115.45,48.0,51.45,16.0,6.87,15.3,31.1,Clear,
AO21436,Sigma,2021,6,14,14,0,49.33,12.36,20.97,16.0,8.29,29.1,8.8,Clear,
AO21436,Sigma,2021,7,14,14,0,51.84,21.0,16.0,14.84,5.6,30.1,16.5,Clear,
AO21436,Sigma,2021,8,12,12,0,45.08,18.42,20.0,6.66,8.89,31.4,39.1,Clear,
AO21436,Sigma,2021,9,11,11,0,44.0,16.0,12.0,16.0,9.41,13.3,36.4,Rainy,
AO21436,Sigma,2021,10,5,5,0,16.23,4.0,4.23,8.0,7.45,14.0,7.8,Clear,
AO21436,Sigma,2021,11,10,10,0,37.43,17.43,12.0,8.0,5.82,12.6,40.2,Clear,
AO21436,Sigma,2021,12,3,3,0,8.99,0.99,8.0,0.0,3.04,3.0,20.0,Clear,
AO21436,Sigma,2022,1,4,4,0,16.0,4.0,8.0,4.0,3.88,4.3,6.0,Rainy,
AO21436,Sigma,2022,2,4,4,0,16.0,8.0,4.0,4.0,8.16,3.0,41.8,Cloudy,
AO21436,Sigma,2022,3,8,8,0,23.5,4.68,12.0,6.82,8.28,15.3,28.4,Clear,
AO21436,Sigma,2022,4,11,11,0,39.1,16.7,8.0,14.399999999999999,3.58,16.6,8.4,Clear,
AO21436,Sigma,2022,5,19,19,0,69.88,15.45,35.71,18.72,6.03,17.1,29.5,Cloudy,
AO21436,Sigma,2022,6,10,10,0,36.66,24.0,8.66,4.0,3.87,29.2,9.7,Clear,
AO21436,Sigma,2022,7,8,8,0,25.509999999999998,17.509999999999998,4.0,4.0,3.56,30.6,7.1,Clear,
AO21436,Sigma,2022,8,6,6,0,24.0,12.0,12.0,0.0,6.87,31.1,31.8,Clear,
AO21436,Sigma,2022,9,6,6,0,17.0,8.0,0.94,8.059999999999999,8.71,13.0,25.8,Rainy,
AO21436,Sigma,2022,10,9,9,0,33.51,12.0,12.0,9.51,7.28,15.3,10.9,Cloudy,
AO21436,Sigma,2022,11,3,3,0,9.96,5.96,0.0,4.0,5.83,14.0,33.4,Cloudy,
AO21436,Sigma,2022,12,6,6,0,23.05,8.0,4.0,11.05,6.8,3.9,14.2,Cloudy,
AO21436,Sigma,2023,1,7,7,0,26.69,14.69,4.0,8.0,7.27,4.7,45.0,Cloudy,
AO21436,Sigma,2023,2,6,6,0,18.16,12.73,5.43,0.0,6.3,2.6,15.4,Clear,
AO21436,Sigma,2023,3,6,6,0,21.65,17.65,4.0,0.0,4.06,16.6,13.2,Cloudy,
AO21436,Sigma,2023,4,6,6,0,24.0,16.0,8.0,0.0,2.85,14.6,19.3,Clear,
AO21436,Sigma,2023,5,11,11,0,38.38,21.34,9.04,8.0,8.33,15.4,20.6,Clear,
AO21436,Sigma,2023,6,8,8,0,28.4,5.07,15.33,8.0,4.79,29.5,26.8,Clear,
AO21436,Sigma,2023,7,12,12,0,42.58,13.44,13.14,16.0,6.47,29.9,5.1,Clear,
AO21436,Sigma,2023,8,11,11,0,44.0,12.0,16.0,16.0,5.23,30.6,31.0,Clear,
AO21436,Sigma,2023,9,4,4,0,16.0,8.0,4.0,4.0,9.85,14.1,18.1,Cloudy,
AO21436,Sigma,2023,10,7,7,0,25.91,11.57,10.34,4.0,7.47,14.3,15.6,Cloudy,
AO21436,Sigma,2023,11,9,9,0,34.41,10.41,24.0,0.0,7.16,12.8,22.4,Clear,
AO21436,Sigma,2023,12,2,2,0,8.0,4.0,0.0,4.0,5.04,4.0,40.8,Clear,
AO21436,Sigma,2024,1,4,4,0,12.620000000000001,8.620000000000001,4.0,0.0,7.75,3.6,22.4,Cloudy,
AO21436,Sigma,2024,2,4,4,0,15.35,11.35,0.0,4.0,5.93,3.5,40.8,Cloudy,
AO21436,Sigma,2024,3,4,4,0,11.21,0.03,3.18,8.0,3.76,16.3,16.2,Clear,
AO21436,Sigma,2024,4,8,8,0,28.92,4.0,4.92,20.0,9.22,16.0,11.3,Clear,
AO21436,Sigma,2024,5,9,9,0,32.66,28.0,0.0,4.66,4.59,16.0,39.5,Clear,
AO21436,Sigma,2024,6,9,9,0,30.54,17.13,5.41,8.0,5.37,30.4,24.5,Clear,
AO21436,Sigma,2024,7,7,7,0,24.46,12.46,4.0,8.0,7.81,29.4,44.9,Clear,
AO21436,Sigma,2024,8,7,7,0,26.23,6.23,8.0,12.0,6.89,30.9,29.8,Clear,
AO21436,Sigma,2024,9,8,8,0,28.55,12.0,12.55,4.0,7.4,13.7,40.8,Clear,
AO21436,Sigma,2024,10,8,8,0,30.9,16.0,10.9,4.0,5.22,13.5,28.5,Clear,
AO21436,Sigma,2024,11,3,3,0,12.0,4.0,4.0,4.0,3.6,13.4,14.3,Clear,
AO21436,Sigma,2024,12,6,6,0,21.87,13.870000000000001,4.0,4.0,3.91,4.0,17.9,Rainy,
AO21436,Sigma,2025,1,4,4,0,15.32,8.0,3.32,4.0,2.64,3.1,44.2,Windy,
AO21436,Sigma,2025,2,4,4,0,13.75,4.0,6.6899999999999995,3.06,4.64,4.7,28.3,Clear,
AO21436,Sigma,2025,3,6,6,0,24.0,12.0,8.0,4.0,3.21,16.4,6.6,Clear,
AO21436,Sigma,2025,4,3,3,0,11.02,3.02,0.0,8.0,9.65,16.3,23.3,Clear,
AO21436,Sigma,2025,5,7,7,0,24.44,8.440000000000001,8.0,8.0,7.48,14.9,43.8,Clear,
AO21436,Sigma,2025,6,8,8,0,32.0,4.0,28.0,0.0,5.76,29.6,30.8,Clear,
AO21436,Sigma,2025,7,6,6,0,16.48,8.0,4.15,4.33,4.27,30.3,33.1,Clear,
AO21436,Sigma,2025,8,7,7,0,27.69,19.689999999999998,4.0,4.0,3.87,29.6,32.4,Clear,
AO21436,Sigma,2025,9,9,9,0,30.89,4.0,18.89,8.0,6.79,14.1,8.6,Cloudy,
AO21436,Sigma,2025,10,6,6,0,18.39,4.0,10.03,4.36,5.58,14.5,15.4,Clear,
AO21436,Sigma,2025,11,6,6,0,24.0,24.0,0.0,0.0,5.44,13.9,28.9,Clear,
AO21436,Sigma,2025,12,2,2,0,8.0,4.0,4.0,0.0,3.38,2.4,33.7,Cloudy,
AO21436,Sigma,2026,1,4,4,0,12.21,8.0,4.0,0.21,3.61,3.4,17.3,Cloudy,
AO21436,Sigma,2026,2,1,1,0,1.57,0.0,0.0,1.57,5.2,2.6,12.9,Rainy,
AO21436,Sigma,2026,3,3,3,0,12.0,4.0,8.0,0.0,9.26,15.9,24.2,Clear,
AO21436,Sigma,2026,4,3,3,0,11.370000000000001,11.370000000000001,0.0,0.0,4.86,14.9,17.9,Clear,
AO21436,Sigma,2026,5,10,10,0,35.0,16.0,12.0,7.0,4.08,16.0,9.0,Clear,
AO21436,Sigma,2026,6,4,4,0,15.95,3.95,4.0,8.0,3.49,29.2,41.7,Clear,
AO21458,Alpha,2024,1,4,4,0,12.129999999999999,0.13,8.0,4.0,4.46,3.1,40.4,Clear,
AO21458,Alpha,2024,2,2,2,0,8.0,4.0,4.0,0.0,5.54,2.0,14.6,Clear,
AO21458,Alpha,2024,3,5,5,0,13.11,9.11,4.0,0.0,7.19,16.4,32.7,Cloudy,
AO21458,Alpha,2024,4,10,10,0,36.76,8.0,16.759999999999998,12.0,4.58,16.7,18.2,Clear,
AO21458,Alpha,2024,5,13,13,0,52.0,20.0,20.0,12.0,7.23,15.8,11.7,Clear,
AO21458,Alpha,2024,6,10,10,0,33.89,15.84,9.2,8.85,4.99,30.3,10.1,Clear,
AO21458,Alpha,2024,7,10,10,0,39.17,24.0,8.0,7.17,4.01,29.5,22.1,Clear,
AO21458,Alpha,2024,8,7,7,0,20.68,8.0,4.68,8.0,3.95,28.6,29.4,Clear,
AO21458,Alpha,2024,9,5,5,0,18.06,10.06,8.0,0.0,8.47,13.1,39.3,Cloudy,
AO21458,Alpha,2024,10,6,6,0,14.76,5.7,1.06,8.0,3.53,13.6,34.4,Clear,
AO21458,Alpha,2024,11,3,3,0,11.27,8.0,0.0,3.27,7.4,14.1,15.2,Rainy,
AO21458,Alpha,2024,12,4,4,0,16.0,4.0,12.0,0.0,5.24,4.3,31.4,Clear,
AO21458,Alpha,2025,1,3,3,0,12.0,8.0,4.0,0.0,5.68,1.8,36.5,Clear,
AO21458,Alpha,2025,2,2,2,0,4.08,4.0,0.0,0.08,4.11,3.1,5.3,Cloudy,
AO21458,Alpha,2025,3,5,5,0,15.969999999999999,8.0,3.58,4.39,3.47,16.6,11.7,Clear,
AO21458,Alpha,2025,4,6,6,0,24.0,8.0,16.0,0.0,5.11,17.4,30.5,Clear,
AO21458,Alpha,2025,5,8,8,0,30.04,8.0,14.89,7.15,3.56,16.4,7.6,Clear,
AO21458,Alpha,2025,6,8,8,0,30.46,19.11,4.0,7.35,8.35,31.3,35.2,Clear,
AO21458,Alpha,2025,7,15,15,0,58.86,35.63,7.23,16.0,5.53,30.5,37.6,Clear,
AO21458,Alpha,2025,8,5,5,0,18.63,4.0,8.0,6.63,2.81,31.3,21.4,Clear,
AO21458,Alpha,2025,9,10,10,0,37.63,17.63,16.0,4.0,7.37,13.9,5.1,Clear,
AO21458,Alpha,2025,10,5,5,0,15.71,8.0,2.64,5.07,2.88,14.8,21.5,Clear,
AO21458,Alpha,2025,11,4,4,0,16.0,12.0,0.0,4.0,3.1,14.7,17.1,Cloudy,
AO21458,Alpha,2025,12,2,2,0,8.0,4.0,0.0,4.0,3.42,3.9,28.4,Rainy,
AO21458,Alpha,2026,1,4,4,0,13.42,5.42,4.0,4.0,4.66,3.1,14.5,Cloudy,
AO21458,Alpha,2026,2,1,1,0,2.8,2.8,0.0,0.0,5.74,3.4,27.6,Rainy,
AO21458,Alpha,2026,3,2,2,0,7.08,3.08,0.0,4.0,0.93,15.0,10.6,Clear,
AO21458,Alpha,2026,4,4,4,0,12.48,8.0,4.48,0.0,7.09,14.4,18.7,Cloudy,
AO21458,Alpha,2026,5,11,11,0,39.39,14.09,17.3,8.0,8.6,16.5,37.4,Clear,
AO21458,Alpha,2026,6,6,6,0,21.37,4.0,6.0,11.370000000000001,4.86,28.3,28.2,Clear,
AO21460,Beta,2023,2,9,9,0,33.86,2.92,28.0,2.94,6.57,2.5,31.2,Rainy,
AO21460,Beta,2023,3,2,2,0,8.0,4.0,4.0,0.0,3.07,15.6,40.5,Cloudy,
AO21460,Beta,2023,4,9,9,0,30.78,14.78,12.0,4.0,2.61,17.0,43.1,Clear,
AO21460,Beta,2023,5,13,13,0,47.44,17.09,22.35,8.0,10.57,16.9,41.6,Clear,
AO21460,Beta,2023,6,12,12,0,42.93,14.93,20.0,8.0,5.27,30.5,44.9,Clear,
AO21460,Beta,2023,7,17,17,0,58.69,24.35,22.34,12.0,7.17,30.2,15.1,Clear,
AO21460,Beta,2023,8,8,8,0,26.490000000000002,8.0,13.84,4.65,5.0,29.9,40.3,Clear,
AO21460,Beta,2023,9,7,7,0,27.34,8.0,19.34,0.0,5.74,14.6,43.9,Cloudy,
AO21460,Beta,2023,10,10,10,0,31.98,14.11,4.0,13.870000000000001,4.56,12.7,23.9,Clear,
AO21460,Beta,2023,11,7,7,0,26.939999999999998,15.33,4.0,7.609999999999999,3.75,15.6,14.9,Clear,
AO21460,Beta,2023,12,8,8,0,28.98,8.98,8.0,12.0,5.81,1.6,32.5,Clear,
AO21460,Beta,2024,1,4,4,0,14.68,8.0,2.68,4.0,3.54,3.1,19.2,Windy,
AO21460,Beta,2024,2,4,4,0,15.31,0.0,15.31,0.0,3.48,2.3,30.9,Cloudy,
AO21460,Beta,2024,3,2,2,0,8.0,8.0,0.0,0.0,8.12,16.7,31.7,Clear,
AO21460,Beta,2024,4,9,9,0,34.95,12.0,8.0,14.95,4.56,17.3,12.4,Clear,
AO21460,Beta,2024,5,11,11,0,41.82,17.98,11.84,12.0,3.49,15.8,24.6,Clear,
AO21460,Beta,2024,6,3,3,0,12.0,4.0,8.0,0.0,3.06,30.9,20.3,Clear,
AO21460,Beta,2024,7,13,13,0,49.83,31.8,10.03,8.0,3.03,31.1,19.3,Clear,
AO21460,Beta,2024,8,15,15,0,51.15,25.52,11.56,14.07,7.46,30.1,18.7,Clear,
AO21460,Beta,2024,9,9,9,0,33.85,20.0,9.85,4.0,7.5,13.9,18.2,Clear,
AO21460,Beta,2024,10,6,6,0,22.13,6.13,0.0,16.0,5.41,13.1,35.0,Clear,
AO21460,Beta,2024,11,5,5,0,11.92,7.25,4.0,0.67,2.63,12.6,40.3,Clear,
AO21460,Beta,2025,1,3,3,0,11.39,7.390000000000001,0.0,4.0,5.81,3.7,9.7,Cloudy,
AO21460,Beta,2025,2,2,2,0,7.0600000000000005,3.06,4.0,0.0,7.3,4.0,38.2,Cloudy,
AO21460,Beta,2025,3,3,3,0,10.18,4.0,4.0,2.18,4.32,15.5,43.3,Cloudy,
AO21460,Beta,2025,4,3,3,0,11.9,0.0,7.9,4.0,6.31,16.6,8.2,Clear,
AO21460,Beta,2025,5,5,5,0,19.62,19.62,0.0,0.0,3.78,16.6,21.5,Clear,
AO21460,Beta,2025,6,1,1,0,4.0,4.0,0.0,0.0,6.96,31.6,31.6,Clear,
AO21460,Beta,2025,7,6,6,0,24.0,20.0,4.0,0.0,4.62,29.2,16.9,Clear,
AO21460,Beta,2025,8,6,6,0,18.13,0.37,10.15,7.609999999999999,2.3,30.2,32.2,Clear,
AO21460,Beta,2025,9,3,3,0,12.0,8.0,4.0,0.0,7.48,15.1,39.6,Clear,
AO21460,Beta,2025,10,6,6,0,22.35,12.0,8.0,2.35,7.84,14.2,25.5,Clear,
AO21460,Beta,2025,11,7,7,0,24.02,5.14,8.0,10.879999999999999,3.75,14.2,42.9,Clear,
AO21460,Beta,2025,12,3,3,0,12.0,4.0,8.0,0.0,6.4,1.6,24.3,Cloudy,
AO21460,Beta,2026,1,3,3,0,12.0,8.0,0.0,4.0,5.04,2.1,18.7,Cloudy,
AO21460,Beta,2026,2,4,4,0,16.0,16.0,0.0,0.0,3.73,2.4,10.1,Rainy,
AO21460,Beta,2026,3,4,4,0,14.97,8.0,2.97,4.0,2.64,16.3,31.9,Clear,
AO21460,Beta,2026,4,2,2,0,5.88,5.88,0.0,0.0,7.37,16.3,21.8,Clear,
AO21460,Beta,2026,5,7,7,0,26.28,12.0,4.0,10.28,7.61,16.0,29.0,Clear,
AO21460,Beta,2026,6,7,7,0,28.0,16.0,12.0,0.0,4.59,30.0,22.9,Clear,
AO21586,Alpha,2021,10,17,17,0,105.83,33.76,34.5,37.57,4.76,12.5,36.3,Rainy,
AO21586,Alpha,2021,11,11,11,0,86.36,44.94,12.0,29.42,4.87,14.3,38.2,Clear,
AO21586,Alpha,2021,12,10,10,0,58.51,11.66,20.0,26.85,6.72,3.6,30.2,Clear,
AO21586,Alpha,2022,1,7,7,0,28.0,12.0,4.0,12.0,7.06,2.2,43.7,Clear,
AO21586,Alpha,2022,2,4,4,0,16.0,4.0,8.0,4.0,4.49,4.4,34.3,Clear,
AO21586,Alpha,2022,3,8,8,0,30.67,12.0,14.67,4.0,6.84,17.6,22.2,Cloudy,
AO21586,Alpha,2022,4,16,16,0,62.31,16.0,38.31,8.0,1.99,15.4,29.8,Clear,
AO21586,Alpha,2022,5,19,19,0,58.77,16.0,25.06,17.71,2.14,16.4,25.0,Clear,
AO21586,Alpha,2022,6,15,15,0,57.02,17.02,20.0,20.0,3.63,28.9,18.4,Clear,
AO21586,Alpha,2022,7,11,11,0,38.39,25.1,7.07,6.220000000000001,4.56,30.7,12.3,Clear,
AO21586,Alpha,2022,8,14,14,0,50.0,29.82,4.0,16.18,2.39,31.5,14.2,Clear,
AO21586,Alpha,2022,9,16,16,0,55.65,26.46,24.0,5.1899999999999995,4.25,13.0,12.4,Cloudy,
AO21586,Alpha,2022,10,11,11,0,44.0,24.0,16.0,4.0,8.93,13.2,40.2,Clear,
AO21586,Alpha,2022,11,8,8,0,27.14,15.14,12.0,0.0,7.54,14.5,25.5,Cloudy,
AO21586,Alpha,2022,12,10,10,0,38.62,16.0,18.62,4.0,5.03,3.3,10.8,Clear,
AO21586,Alpha,2023,1,5,5,0,16.17,12.0,4.0,0.17,3.74,3.0,44.4,Rainy,
AO21586,Alpha,2023,2,8,8,0,29.38,10.370000000000001,15.01,4.0,1.74,2.1,36.2,Cloudy,
AO21586,Alpha,2023,3,4,4,0,15.16,4.0,7.16,4.0,6.07,15.4,7.1,Clear,
AO21586,Alpha,2023,4,14,14,0,48.519999999999996,27.57,16.0,4.95,5.42,16.2,14.3,Clear,
AO21586,Alpha,2023,5,14,14,0,51.09,28.009999999999998,8.0,15.08,7.04,16.3,26.7,Clear,
AO21586,Alpha,2023,6,19,19,0,65.07,33.07,8.0,24.0,8.08,30.7,34.4,Clear,
AO21586,Alpha,2023,7,18,18,0,68.59,44.0,13.73,10.86,5.3,30.4,10.3,Clear,
AO21586,Alpha,2023,8,14,14,0,55.16,35.16,8.0,12.0,7.06,28.2,36.2,Clear,
AO21586,Alpha,2023,9,12,12,0,48.0,36.0,8.0,4.0,6.83,13.9,43.4,Cloudy,
AO21586,Alpha,2023,10,9,9,0,34.43,15.85,10.58,8.0,6.61,15.1,33.7,Cloudy,
AO21586,Alpha,2023,11,7,7,0,27.52,8.0,7.52,12.0,6.78,13.3,27.6,Cloudy,
AO21586,Alpha,2023,12,4,4,0,12.85,8.0,0.85,4.0,2.78,3.0,16.0,Rainy,
AO21586,Alpha,2024,1,4,4,0,16.0,4.0,8.0,4.0,5.49,3.1,19.1,Clear,
AO21586,Alpha,2024,2,1,1,0,4.0,0.0,4.0,0.0,6.67,2.0,34.1,Clear,
AO21586,Alpha,2024,3,7,7,0,26.16,18.16,8.0,0.0,1.75,16.4,26.5,Cloudy,
AO21586,Alpha,2024,4,12,12,0,38.64,21.2,9.44,8.0,5.93,16.7,43.2,Clear,
AO21586,Alpha,2024,5,15,15,0,57.77,32.0,13.77,12.0,1.45,15.8,9.8,Clear,
AO21586,Alpha,2024,6,11,11,0,38.980000000000004,12.42,14.56,12.0,6.85,30.3,36.4,Clear,
AO21586,Alpha,2024,7,5,5,0,20.0,4.0,12.0,4.0,7.54,29.5,25.8,Clear,
AO21586,Alpha,2024,8,8,8,0,32.0,16.0,12.0,4.0,8.18,28.6,42.4,Clear,
AO21586,Alpha,2024,9,4,4,0,15.2,11.2,4.0,0.0,4.13,13.1,6.3,Cloudy,
AO21586,Alpha,2024,10,5,5,0,18.5,16.0,0.0,2.5,6.5,13.6,35.8,Clear,
AO21586,Alpha,2024,11,5,5,0,17.72,0.0,13.719999999999999,4.0,5.74,14.1,23.5,Rainy,
AO21586,Alpha,2024,12,6,6,0,15.43,2.9699999999999998,8.46,4.0,6.2,4.3,37.2,Clear,
AO21586,Alpha,2025,1,1,1,0,3.26,0.0,3.26,0.0,3.4,1.8,38.4,Clear,
AO21586,Alpha,2025,2,4,4,0,16.0,12.0,0.0,4.0,4.57,3.1,12.3,Cloudy,
AO21586,Alpha,2025,3,5,5,0,20.0,8.0,8.0,4.0,5.49,16.6,37.5,Clear,
AO21586,Alpha,2025,4,4,4,0,10.64,0.0,9.04,1.6,7.38,17.4,41.1,Clear,
AO21586,Alpha,2025,5,6,6,0,22.84,4.0,12.0,6.84,2.46,16.4,41.0,Clear,
AO21586,Alpha,2025,6,9,9,0,33.96,28.0,4.0,1.96,6.76,31.3,7.7,Clear,
AO21586,Alpha,2025,7,14,14,0,47.25,31.25,4.0,12.0,5.88,30.5,43.8,Clear,
AO21586,Alpha,2025,8,5,5,0,20.0,20.0,0.0,0.0,3.14,31.3,35.5,Clear,
AO21586,Alpha,2025,9,8,8,0,24.5,11.06,5.64,7.8,11.72,13.9,13.5,Clear,
AO21586,Alpha,2025,10,7,7,0,28.0,12.0,8.0,8.0,1.55,14.8,42.7,Clear,
AO21586,Alpha,2025,11,5,5,0,15.82,7.82,4.0,4.0,5.07,14.7,40.8,Cloudy,
AO21586,Alpha,2025,12,1,1,0,4.0,0.0,4.0,0.0,2.55,3.9,12.5,Rainy,
AO21586,Alpha,2026,1,3,3,0,10.42,4.0,2.42,4.0,4.7,3.1,38.9,Cloudy,
AO21586,Alpha,2026,2,4,4,0,14.78,10.78,4.0,0.0,5.9,3.4,20.5,Rainy,
AO21586,Alpha,2026,3,3,3,0,12.0,0.0,8.0,4.0,6.81,15.0,31.3,Clear,
AO21586,Alpha,2026,4,3,3,0,11.49,4.0,0.0,7.49,4.04,14.4,34.8,Cloudy,
AO21586,Alpha,2026,5,7,7,0,28.0,12.0,12.0,4.0,3.63,16.5,21.2,Clear,
AO21586,Alpha,2026,6,3,3,0,12.0,0.0,4.0,8.0,5.56,28.3,38.6,Clear,
AO21607,Alpha,2022,4,1,1,0,20.0,20.0,0.0,0.0,8.88,15.4,30.8,Clear,
AO21607,Alpha,2022,5,1,1,0,16.74,0.0,16.74,0.0,8.64,16.4,26.1,Clear,
AO21607,Alpha,2022,6,1,1,0,15.0,0.0,0.0,15.0,6.74,28.9,27.3,Clear,
AO21607,Alpha,2022,7,1,1,0,17.1,17.1,0.0,0.0,4.36,30.7,14.8,Clear,
AO21607,Alpha,2022,8,3,3,0,50.26,18.29,0.0,31.97,5.82,31.5,40.0,Clear,
AO21607,Alpha,2022,10,2,2,0,33.010000000000005,33.010000000000005,0.0,0.0,5.14,13.2,9.1,Clear,
AO21607,Alpha,2022,11,2,2,0,35.39,35.39,0.0,0.0,4.87,14.5,40.7,Cloudy,
AO21607,Alpha,2022,12,1,1,0,16.96,0.0,0.0,16.96,5.54,3.3,30.8,Clear,
AO21607,Alpha,2023,1,2,2,0,36.17,20.0,0.0,16.17,10.32,3.0,12.3,Rainy,
AO21607,Alpha,2023,4,3,3,0,47.56,31.32,16.24,0.0,5.36,16.2,21.1,Clear,
AO21607,Alpha,2023,5,2,2,0,32.150000000000006,32.150000000000006,0.0,0.0,7.17,16.3,32.5,Clear,
AO21607,Alpha,2023,6,2,2,0,34.36,17.85,0.0,16.51,6.45,30.7,7.2,Clear,
AO21607,Alpha,2023,11,2,2,0,36.6,16.6,0.0,20.0,8.06,13.3,17.6,Cloudy,
AO21607,Alpha,2024,2,1,1,0,16.47,16.47,0.0,0.0,2.17,2.0,9.5,Clear,
AO21607,Alpha,2024,3,1,1,0,16.19,0.0,16.19,0.0,3.66,16.4,25.5,Cloudy,
AO21607,Alpha,2024,4,1,1,0,15.27,15.27,0.0,0.0,7.09,16.7,39.5,Clear,
AO21607,Alpha,2024,5,1,1,0,17.06,17.06,0.0,0.0,1.85,15.8,35.0,Clear,
AO21607,Alpha,2024,6,2,2,0,31.47,14.27,17.2,0.0,6.48,30.3,42.2,Clear,
AO21607,Alpha,2024,7,1,1,0,10.87,10.87,0.0,0.0,6.35,29.5,5.1,Clear,
AO21607,Alpha,2024,8,1,1,0,18.78,0.0,18.78,0.0,4.1,28.6,38.6,Clear,
AO21607,Alpha,2024,9,3,3,0,46.92,14.06,32.86,0.0,4.54,13.1,19.8,Cloudy,
AO21607,Alpha,2024,12,2,2,0,34.870000000000005,18.55,16.32,0.0,6.34,4.3,6.3,Clear,
AO21607,Alpha,2025,5,1,1,0,17.4,17.4,0.0,0.0,10.06,16.4,24.4,Clear,
AO21607,Alpha,2025,6,1,1,0,17.5,0.0,0.0,17.5,3.76,31.3,16.7,Clear,
AO21607,Alpha,2025,10,1,1,0,17.7,0.0,0.0,17.7,7.68,14.8,32.3,Clear,
AO21607,Alpha,2025,12,4,4,0,74.57,18.35,20.0,36.22,3.25,3.9,29.6,Rainy,
AO21607,Alpha,2026,4,1,1,0,16.48,0.0,16.48,0.0,5.31,14.4,26.9,Cloudy,
AO21607,Alpha,2026,5,2,2,0,32.23,14.24,0.0,17.99,6.22,16.5,41.5,Clear,
AO21607,Alpha,2026,6,2,2,0,34.55,17.78,0.0,16.77,1.84,28.3,21.9,Clear,
AO21707,Sigma,2025,4,1,1,0,18.03,0.0,0.0,18.03,6.47,16.3,31.3,Clear,
AO21707,Sigma,2025,5,2,2,0,34.82,17.42,17.4,0.0,2.94,14.9,12.3,Clear,
AO21707,Sigma,2025,8,1,1,0,19.54,0.0,0.0,19.54,5.62,29.6,7.4,Clear,
AO21707,Sigma,2025,11,1,1,0,15.48,15.48,0.0,0.0,4.35,13.9,18.3,Clear,
AO21707,Sigma,2026,2,1,1,0,14.28,14.28,0.0,0.0,6.83,2.6,9.1,Rainy,
AO21707,Sigma,2026,5,1,1,0,18.23,0.0,18.23,0.0,4.79,16.0,8.6,Clear,
AO21707,Sigma,2026,6,1,1,0,15.73,0.0,0.0,15.73,7.44,29.2,38.3,Clear,
AO21878,Sigma,2022,10,2,2,0,34.47,0.0,34.47,0.0,5.83,15.3,20.2,Cloudy,
AO21878,Sigma,2022,12,1,1,0,18.76,18.76,0.0,0.0,4.88,3.9,44.8,Cloudy,
AO21878,Sigma,2023,1,1,1,0,16.57,0.0,16.57,0.0,2.95,4.7,15.6,Cloudy,
AO21878,Sigma,2023,2,2,2,0,32.29,14.68,17.61,0.0,3.81,2.6,8.5,Clear,
AO21878,Sigma,2023,3,4,4,0,68.72,51.41,17.31,0.0,7.39,16.6,44.1,Cloudy,
AO21878,Sigma,2023,4,2,2,0,38.129999999999995,38.129999999999995,0.0,0.0,6.41,14.6,41.4,Clear,
AO21878,Sigma,2023,5,3,3,0,49.510000000000005,49.510000000000005,0.0,0.0,7.16,15.4,6.4,Clear,
AO21878,Sigma,2023,6,2,2,0,33.56,33.56,0.0,0.0,2.82,29.5,11.5,Clear,
AO21878,Sigma,2023,7,3,3,0,53.2,34.25,18.95,0.0,8.36,29.9,29.1,Clear,
AO21878,Sigma,2023,8,5,5,0,82.03,13.82,53.45,14.76,5.2,30.6,22.5,Clear,
AO21878,Sigma,2023,9,3,3,0,50.25,17.13,13.46,19.66,7.22,14.1,15.8,Cloudy,
AO21878,Sigma,2023,10,2,2,0,33.21,18.28,14.93,0.0,6.7,14.3,15.2,Cloudy,
AO21878,Sigma,2023,11,1,1,0,20.0,20.0,0.0,0.0,5.33,12.8,26.7,Clear,
AO21878,Sigma,2024,1,1,1,0,17.27,17.27,0.0,0.0,4.59,3.6,32.9,Cloudy,
AO21878,Sigma,2024,4,1,1,0,18.88,0.0,0.0,18.88,5.61,16.0,44.6,Clear,
AO21878,Sigma,2024,5,2,2,0,30.6,13.94,0.0,16.66,2.35,16.0,44.7,Clear,
AO21878,Sigma,2024,6,2,2,0,33.59,19.92,13.67,0.0,4.66,30.4,12.5,Clear,
AO21878,Sigma,2024,7,2,2,0,34.15,0.0,18.9,15.25,2.92,29.4,41.4,Clear,
AO21878,Sigma,2024,8,2,2,0,35.870000000000005,35.870000000000005,0.0,0.0,4.64,30.9,30.6,Clear,
AO21878,Sigma,2024,9,2,2,0,33.03,0.0,17.31,15.72,6.78,13.7,22.4,Clear,
AO21878,Sigma,2024,10,2,2,0,34.349999999999994,16.2,0.0,18.15,4.9,13.5,34.7,Clear,
AO21878,Sigma,2024,11,1,1,0,19.58,0.0,19.58,0.0,5.7,13.4,37.6,Clear,
AO21878,Sigma,2024,12,3,3,0,54.14,34.14,20.0,0.0,10.55,4.0,13.9,Rainy,
AO21878,Sigma,2025,1,1,1,0,15.32,0.0,15.32,0.0,6.68,3.1,5.8,Windy,
AO21878,Sigma,2025,3,1,1,0,18.27,0.0,18.27,0.0,6.41,16.4,20.1,Clear,
AO21878,Sigma,2025,4,1,1,0,18.51,0.0,18.51,0.0,6.62,16.3,23.8,Clear,
AO21878,Sigma,2025,6,2,2,0,35.92,0.0,15.92,20.0,3.72,29.6,15.5,Clear,
AO21878,Sigma,2025,8,1,1,0,20.0,0.0,20.0,0.0,5.22,29.6,6.3,Clear,
AO21878,Sigma,2025,9,1,1,0,14.45,0.0,0.0,14.45,5.48,14.1,24.7,Cloudy,
AO21878,Sigma,2025,11,1,1,0,15.68,0.0,0.0,15.68,5.53,13.9,32.8,Clear,
AO21878,Sigma,2026,3,1,1,0,16.4,0.0,0.0,16.4,3.27,15.9,28.8,Clear,
AO21878,Sigma,2026,5,2,2,0,27.71,27.71,0.0,0.0,5.82,16.0,6.9,Clear,
AO21878,Sigma,2026,6,1,1,0,18.09,0.0,18.09,0.0,1.29,29.2,19.5,Clear,
AO21911,Gamma,2021,6,5,5,0,86.88,36.72,35.31,14.85,3.09,29.1,35.3,Clear,
AO21911,Gamma,2021,7,5,5,0,82.13,34.33,30.189999999999998,17.61,8.04,30.2,11.8,Clear,
AO21911,Gamma,2021,8,4,4,0,70.92,0.0,52.9,18.02,6.71,29.7,38.9,Clear,
AO21911,Gamma,2021,9,3,3,0,52.36,37.71,0.0,14.65,4.24,15.2,15.6,Cloudy,
AO21911,Gamma,2021,10,3,3,0,49.14,31.37,0.0,17.77,4.66,16.4,15.7,Cloudy,
AO21911,Gamma,2021,11,1,1,0,14.81,0.0,0.0,14.81,5.37,13.9,41.1,Clear,
AO21911,Gamma,2021,12,2,2,0,34.48,34.48,0.0,0.0,5.17,2.5,32.2,Clear,
AO21911,Gamma,2022,2,1,1,0,16.82,16.82,0.0,0.0,7.8,2.8,43.0,Cloudy,
AO21911,Gamma,2022,3,3,3,0,43.61,14.75,0.0,28.86,4.83,17.1,44.0,Clear,
AO21911,Gamma,2022,4,3,3,0,54.56,54.56,0.0,0.0,4.49,16.4,13.8,Cloudy,
AO21911,Gamma,2022,5,5,5,0,90.91,55.95,16.9,18.06,4.47,15.9,29.2,Clear,
AO21911,Gamma,2022,6,1,1,0,19.09,19.09,0.0,0.0,5.03,30.8,21.6,Clear,
AO21911,Gamma,2022,7,2,2,0,29.089999999999996,29.089999999999996,0.0,0.0,8.27,29.9,30.2,Clear,
AO21911,Gamma,2022,8,2,2,0,30.41,0.0,30.41,0.0,7.25,29.7,20.5,Clear,
AO21911,Gamma,2022,9,2,2,0,30.82,0.0,0.0,30.82,3.64,13.5,20.0,Cloudy,
AO21911,Gamma,2022,10,1,1,0,17.23,0.0,17.23,0.0,6.58,15.1,28.0,Clear,
AO21911,Gamma,2022,11,1,1,0,14.1,14.1,0.0,0.0,7.71,14.1,10.5,Rainy,
AO21911,Gamma,2022,12,2,2,0,29.15,0.0,15.85,13.3,6.34,2.8,14.9,Windy,
AO21911,Gamma,2023,3,1,1,0,18.09,0.0,0.0,18.09,6.55,16.8,15.7,Clear,
AO21911,Gamma,2023,4,2,2,0,34.67,34.67,0.0,0.0,1.77,16.0,30.8,Clear,
AO21911,Gamma,2023,5,5,5,0,91.56,18.81,55.22,17.53,4.51,14.7,42.7,Clear,
AO21911,Gamma,2023,6,2,2,0,34.83,34.83,0.0,0.0,6.22,30.7,39.2,Clear,
AO21911,Gamma,2023,7,1,1,0,16.59,0.0,0.0,16.59,5.62,29.6,9.6,Clear,
AO21911,Gamma,2023,8,4,4,0,74.3,17.53,56.769999999999996,0.0,5.91,29.7,29.4,Clear,
AO21911,Gamma,2023,9,3,3,0,45.55,45.55,0.0,0.0,5.07,14.3,23.4,Cloudy,
AO21911,Gamma,2023,12,1,1,0,20.0,0.0,20.0,0.0,6.31,3.1,37.2,Windy,
AO21911,Gamma,2024,1,1,1,0,16.63,0.0,16.63,0.0,6.45,1.5,38.4,Cloudy,
AO21911,Gamma,2024,2,3,3,0,48.48,0.0,48.48,0.0,5.06,1.9,6.4,Clear,
AO21911,Gamma,2024,3,1,1,0,15.02,0.0,0.0,15.02,5.8,13.7,14.4,Cloudy,
AO21911,Gamma,2024,6,2,2,0,35.53,17.5,0.0,18.03,4.56,31.2,42.3,Clear,
AO21911,Gamma,2024,7,1,1,0,12.11,12.11,0.0,0.0,5.8,29.5,18.5,Clear,
AO21911,Gamma,2024,8,3,3,0,46.24,33.28,12.96,0.0,3.83,30.1,28.1,Clear,
AO21911,Gamma,2024,10,1,1,0,19.62,0.0,19.62,0.0,4.56,13.6,29.3,Rainy,
AO21911,Gamma,2024,11,1,1,0,16.98,16.98,0.0,0.0,5.36,14.5,30.9,Cloudy,
AO21911,Gamma,2025,1,3,3,0,50.22,14.35,0.0,35.87,4.8,3.0,26.1,Rainy,
AO21911,Gamma,2025,7,1,1,0,19.33,19.33,0.0,0.0,7.56,29.2,38.3,Clear,
AO21911,Gamma,2025,9,2,2,0,34.96,17.75,17.21,0.0,8.42,13.7,40.3,Rainy,
AO21911,Gamma,2025,10,1,1,0,19.09,0.0,0.0,19.09,5.63,15.7,28.1,Cloudy,
AO21911,Gamma,2026,4,1,1,0,13.32,13.32,0.0,0.0,4.2,15.5,10.9,Clear,
AO21945,Beta,2023,8,6,6,0,23.32,15.32,8.0,0.0,3.88,29.9,43.0,Clear,
AO21945,Beta,2023,9,7,7,0,27.05,12.0,15.05,0.0,7.19,14.6,28.0,Cloudy,
AO21945,Beta,2023,10,9,9,0,36.0,8.0,8.0,20.0,4.9,12.7,14.0,Clear,
AO21945,Beta,2023,11,4,4,0,16.0,12.0,0.0,4.0,6.3,15.6,22.7,Clear,
AO21945,Beta,2023,12,6,6,0,24.0,12.0,8.0,4.0,4.63,1.6,11.1,Clear,
AO21945,Beta,2024,1,4,4,0,10.42,5.29,5.13,0.0,9.34,3.1,25.1,Windy,
AO21945,Beta,2024,2,2,2,0,8.0,0.0,4.0,4.0,5.56,2.3,39.5,Cloudy,
AO21945,Beta,2024,3,5,5,0,20.0,12.0,4.0,4.0,7.17,16.7,23.7,Clear,
AO21945,Beta,2024,4,8,8,0,29.92,14.83,4.0,11.09,6.03,17.3,28.3,Clear,
AO21945,Beta,2024,5,9,9,0,35.58,12.0,23.58,0.0,4.83,15.8,17.0,Clear,
AO21945,Beta,2024,6,6,6,0,19.29,9.66,8.0,1.63,7.38,30.9,7.9,Clear,
AO21945,Beta,2024,7,5,5,0,14.04,8.57,1.47,4.0,11.07,31.1,30.3,Clear,
AO21945,Beta,2024,8,10,10,0,38.65,23.4,11.25,4.0,7.05,30.1,18.9,Clear,
AO21945,Beta,2024,9,4,4,0,16.0,4.0,8.0,4.0,4.64,13.9,7.9,Clear,
AO21945,Beta,2024,10,2,2,0,8.0,4.0,0.0,4.0,6.1,13.1,9.0,Clear,
AO21945,Beta,2024,11,2,2,0,8.0,4.0,0.0,4.0,7.88,12.6,28.9,Clear,
AO21945,Beta,2024,12,2,2,0,8.0,4.0,0.0,4.0,5.58,2.2,37.4,Rainy,
AO21945,Beta,2025,1,5,5,0,18.27,6.27,4.0,8.0,4.57,3.7,34.8,Cloudy,
AO21945,Beta,2025,3,5,5,0,17.54,9.54,4.0,4.0,3.47,15.5,29.1,Cloudy,
AO21945,Beta,2025,4,1,1,0,4.0,4.0,0.0,0.0,7.69,16.6,6.6,Clear,
AO21945,Beta,2025,5,7,7,0,25.21,10.9,14.31,0.0,5.51,16.6,13.8,Clear,
AO21945,Beta,2025,6,8,8,0,30.88,12.0,18.88,0.0,2.79,31.6,18.8,Clear,
AO21945,Beta,2025,7,9,9,0,29.009999999999998,24.89,0.12,4.0,7.7,29.2,21.8,Clear,
AO21945,Beta,2025,8,7,7,0,27.62,12.0,4.0,11.620000000000001,5.19,30.2,28.9,Clear,
AO21945,Beta,2025,9,7,7,0,25.58,17.58,8.0,0.0,4.44,15.1,40.7,Clear,
AO21945,Beta,2025,10,5,5,0,20.0,4.0,8.0,8.0,4.75,14.2,41.1,Clear,
AO21945,Beta,2025,11,5,5,0,20.0,8.0,8.0,4.0,8.08,14.2,23.4,Clear,
AO21945,Beta,2025,12,1,1,0,4.0,0.0,4.0,0.0,4.46,1.6,19.0,Cloudy,
AO21945,Beta,2026,1,4,4,0,13.969999999999999,13.969999999999999,0.0,0.0,6.35,2.1,12.0,Cloudy,
AO21945,Beta,2026,2,1,1,0,4.0,4.0,0.0,0.0,5.0,2.4,28.7,Rainy,
AO21945,Beta,2026,3,3,3,0,10.02,4.0,4.0,2.02,4.46,16.3,39.1,Clear,
AO21945,Beta,2026,4,2,2,0,7.279999999999999,3.28,4.0,0.0,3.06,16.3,33.6,Clear,
AO21945,Beta,2026,5,5,5,0,15.61,10.1,5.51,0.0,7.27,16.0,32.2,Clear,
AO21945,Beta,2026,6,10,10,0,35.21,15.209999999999999,16.0,4.0,9.85,30.0,34.1,Clear,
AO21963,Delta,2024,7,4,4,0,16.0,16.0,0.0,0.0,3.83,30.4,13.5,Clear,
AO21963,Delta,2024,8,7,7,0,24.27,12.0,12.27,0.0,4.6,29.2,16.3,Clear,
AO21963,Delta,2024,9,7,7,0,28.0,12.0,8.0,8.0,2.8,14.1,34.6,Cloudy,
AO21963,Delta,2024,10,4,4,0,12.780000000000001,0.0,4.0,8.78,4.94,13.7,14.7,Cloudy,
AO21963,Delta,2024,11,2,2,0,8.0,0.0,4.0,4.0,5.1,14.5,10.9,Cloudy,
AO21963,Delta,2024,12,1,1,0,4.0,0.0,4.0,0.0,7.07,4.4,35.5,Clear,
AO21963,Delta,2025,1,1,1,0,4.0,4.0,0.0,0.0,7.18,2.8,37.6,Windy,
AO21963,Delta,2025,2,3,3,0,12.0,4.0,4.0,4.0,3.06,2.2,29.8,Rainy,
AO21963,Delta,2025,3,1,1,0,4.0,0.0,0.0,4.0,8.15,14.4,39.3,Clear,
AO21963,Delta,2025,4,5,5,0,20.0,4.0,12.0,4.0,3.91,16.7,44.8,Clear,
AO21963,Delta,2025,5,7,7,0,22.69,9.64,8.0,5.05,6.0,15.5,35.9,Clear,
AO21963,Delta,2025,6,4,4,0,12.879999999999999,4.0,4.0,4.88,5.99,30.8,6.1,Clear,
AO21963,Delta,2025,7,5,5,0,17.85,7.220000000000001,10.629999999999999,0.0,3.37,30.1,41.1,Clear,
AO21963,Delta,2025,8,7,7,0,24.2,16.2,4.0,4.0,8.62,30.5,32.0,Clear,
AO21963,Delta,2025,9,4,4,0,16.0,8.0,8.0,0.0,6.0,14.0,28.5,Cloudy,
AO21963,Delta,2025,10,3,3,0,8.67,8.0,0.0,0.67,6.84,15.0,41.8,Windy,
AO21963,Delta,2025,11,3,3,0,12.0,8.0,0.0,4.0,7.08,12.1,25.6,Clear,
AO21963,Delta,2025,12,3,3,0,12.0,8.0,4.0,0.0,6.8,2.5,15.1,Windy,
AO21963,Delta,2026,1,4,4,0,12.2,0.2,8.0,4.0,6.21,2.4,6.9,Cloudy,
AO21963,Delta,2026,2,3,3,0,10.59,4.0,0.0,6.59,0.07,4.3,28.2,Windy,
AO21963,Delta,2026,3,3,3,0,9.030000000000001,5.03,4.0,0.0,6.05,15.9,39.1,Clear,
AO21963,Delta,2026,4,3,3,0,11.61,0.0,8.0,3.61,3.13,16.2,33.8,Cloudy,
AO21963,Delta,2026,5,5,5,0,13.42,0.43,10.51,2.48,9.69,16.5,14.4,Clear,
AO21963,Delta,2026,6,4,4,0,16.0,12.0,0.0,4.0,5.38,30.9,7.9,Clear,
AO22093,Sigma,2022,5,22,22,0,82.06,12.940000000000001,41.12,28.0,6.1,17.1,31.9,Cloudy,
AO22093,Sigma,2022,6,10,10,0,39.16,23.16,8.0,8.0,7.06,29.2,37.3,Clear,
AO22093,Sigma,2022,7,6,6,0,24.0,16.0,4.0,4.0,6.21,30.6,28.6,Clear,
AO22093,Sigma,2022,8,12,12,0,42.69,26.69,12.0,4.0,7.16,31.1,14.8,Clear,
AO22093,Sigma,2022,9,9,9,0,24.03,13.379999999999999,6.42,4.23,0.53,13.0,9.4,Rainy,
AO22093,Sigma,2022,10,9,9,0,30.44,11.56,13.17,5.71,3.75,15.3,24.3,Cloudy,
AO22093,Sigma,2022,11,4,4,0,13.7,8.0,0.0,5.7,6.12,14.0,33.8,Cloudy,
AO22093,Sigma,2022,12,7,7,0,28.0,20.0,0.0,8.0,6.61,3.9,14.4,Cloudy,
AO22093,Sigma,2023,1,3,3,0,12.0,8.0,0.0,4.0,3.95,4.7,11.3,Cloudy,
AO22093,Sigma,2023,2,5,5,0,20.0,8.0,8.0,4.0,5.81,2.6,12.3,Clear,
AO22093,Sigma,2023,3,9,9,0,30.29,22.29,8.0,0.0,4.78,16.6,32.5,Cloudy,
AO22093,Sigma,2023,4,3,3,0,12.0,12.0,0.0,0.0,5.18,14.6,30.2,Clear,
AO22093,Sigma,2023,5,13,13,0,50.11,23.73,22.38,4.0,3.26,15.4,23.5,Clear,
AO22093,Sigma,2023,6,11,11,0,38.04,4.0,21.15,12.89,3.49,29.5,7.0,Clear,
AO22093,Sigma,2023,7,14,14,0,54.03,28.0,18.03,8.0,6.43,29.9,40.7,Clear,
AO22093,Sigma,2023,8,11,11,0,40.76,19.82,16.939999999999998,4.0,2.36,30.6,25.3,Clear,
AO22093,Sigma,2023,9,10,10,0,38.97,8.0,16.0,14.97,8.41,14.1,16.3,Cloudy,
AO22093,Sigma,2023,10,9,9,0,34.19,18.189999999999998,12.0,4.0,0.71,14.3,36.2,Cloudy,
AO22093,Sigma,2023,11,11,11,0,35.65,20.0,15.65,0.0,3.77,12.8,38.2,Clear,
AO22093,Sigma,2023,12,5,5,0,14.32,10.32,0.0,4.0,3.59,4.0,39.0,Clear,
AO22093,Sigma,2024,1,4,4,0,12.71,12.71,0.0,0.0,2.2,3.6,7.8,Cloudy,
AO22093,Sigma,2024,2,6,6,0,21.240000000000002,5.24,8.0,8.0,7.06,3.5,33.3,Cloudy,
AO22093,Sigma,2024,3,4,4,0,11.629999999999999,2.9,4.0,4.73,10.36,16.3,21.7,Clear,
AO22093,Sigma,2024,4,11,11,0,44.0,12.0,16.0,16.0,3.97,16.0,10.3,Clear,
AO22093,Sigma,2024,5,9,9,0,32.56,21.64,6.92,4.0,5.9,16.0,42.1,Clear,
AO22093,Sigma,2024,6,5,5,0,17.23,13.23,0.0,4.0,7.78,30.4,17.4,Clear,
AO22093,Sigma,2024,7,6,6,0,22.43,8.0,6.43,8.0,5.06,29.4,6.1,Clear,
AO22093,Sigma,2024,8,6,6,0,18.33,10.33,4.0,4.0,1.27,30.9,8.8,Clear,
AO22093,Sigma,2024,9,8,8,0,27.22,5.91,13.31,8.0,3.34,13.7,25.3,Clear,
AO22093,Sigma,2024,10,9,9,0,36.0,20.0,8.0,8.0,8.35,13.5,22.8,Clear,
AO22093,Sigma,2024,11,2,2,0,6.25,6.25,0.0,0.0,5.9,13.4,42.6,Clear,
AO22093,Sigma,2024,12,9,9,0,34.71,16.0,12.0,6.71,0.68,4.0,20.6,Rainy,
AO22093,Sigma,2025,1,6,6,0,18.86,0.0,14.86,4.0,9.6,3.1,39.0,Windy,
AO22093,Sigma,2025,2,5,5,0,19.990000000000002,8.0,11.99,0.0,8.82,4.7,43.2,Clear,
AO22093,Sigma,2025,3,5,5,0,17.98,5.98,8.0,4.0,5.1,16.4,30.9,Clear,
AO22093,Sigma,2025,4,10,10,0,33.72,14.11,13.58,6.029999999999999,1.48,16.3,9.9,Clear,
AO22093,Sigma,2025,5,10,10,0,38.87,22.87,12.0,4.0,2.71,14.9,16.8,Clear,
AO22093,Sigma,2025,6,9,9,0,34.89,7.65,19.240000000000002,8.0,1.89,29.6,40.2,Clear,
AO22093,Sigma,2025,7,6,6,0,19.65,9.61,10.04,0.0,9.92,30.3,42.4,Clear,
AO22093,Sigma,2025,8,3,3,0,12.0,4.0,8.0,0.0,5.26,29.6,16.7,Clear,
AO22093,Sigma,2025,9,6,6,0,18.55,4.0,9.32,5.23,5.53,14.1,27.3,Cloudy,
AO22093,Sigma,2025,10,6,6,0,24.0,8.0,16.0,0.0,5.54,14.5,43.3,Clear,
AO22093,Sigma,2025,11,4,4,0,14.49,14.49,0.0,0.0,7.42,13.9,7.2,Clear,
AO22093,Sigma,2025,12,6,6,0,18.45,12.27,4.0,2.18,4.71,2.4,7.0,Cloudy,
AO22093,Sigma,2026,1,4,4,0,15.09,4.0,3.52,7.57,4.14,3.4,10.7,Cloudy,
AO22093,Sigma,2026,2,5,5,0,13.57,1.0,4.0,8.57,5.87,2.6,6.9,Rainy,
AO22093,Sigma,2026,3,3,3,0,9.719999999999999,4.0,2.15,3.57,6.38,15.9,5.9,Clear,
AO22093,Sigma,2026,4,6,6,0,20.41,12.0,8.41,0.0,3.57,14.9,11.9,Clear,
AO22093,Sigma,2026,5,7,7,0,28.0,16.0,4.0,8.0,3.78,16.0,20.9,Clear,
AO22093,Sigma,2026,6,7,7,0,28.0,12.0,12.0,4.0,3.88,29.2,13.8,Clear,
AO22118,Gamma,2024,10,1,1,0,14.51,0.0,14.51,0.0,3.26,13.6,26.7,Rainy,
AO22118,Gamma,2025,1,1,1,0,15.28,15.28,0.0,0.0,5.38,3.0,42.9,Rainy,
AO22118,Gamma,2025,3,2,2,0,30.740000000000002,15.84,14.9,0.0,3.18,17.2,30.7,Rainy,
AO22118,Gamma,2025,4,1,1,0,15.59,15.59,0.0,0.0,7.05,15.2,31.5,Clear,
AO22118,Gamma,2025,6,1,1,0,15.9,15.9,0.0,0.0,3.56,31.1,18.1,Clear,
AO22118,Gamma,2025,8,1,1,0,19.34,19.34,0.0,0.0,5.17,29.8,17.9,Clear,
AO22118,Gamma,2025,9,1,1,0,14.42,0.0,14.42,0.0,3.15,13.7,38.6,Rainy,
AO22118,Gamma,2025,10,1,1,0,15.35,15.35,0.0,0.0,5.17,15.7,20.0,Cloudy,
AO22118,Gamma,2026,3,1,1,0,18.56,0.0,18.56,0.0,7.68,15.4,24.2,Cloudy,
AO22118,Gamma,2026,4,1,1,0,18.05,0.0,18.05,0.0,6.02,15.5,30.1,Clear,
AO22118,Gamma,2026,6,1,1,0,15.2,0.0,15.2,0.0,5.65,29.9,22.8,Clear,
AO22207,Delta,2023,12,1,1,0,16.47,0.0,0.0,16.47,2.12,3.9,16.6,Clear,
AO22207,Delta,2024,2,2,2,0,34.15,15.65,18.5,0.0,8.26,1.6,24.7,Cloudy,
AO22207,Delta,2024,3,1,1,0,15.18,0.0,15.18,0.0,5.15,14.7,42.5,Clear,
AO22207,Delta,2024,4,2,2,0,31.47,0.0,31.47,0.0,3.48,16.0,29.1,Clear,
AO22207,Delta,2024,5,1,1,0,19.61,19.61,0.0,0.0,7.95,14.5,42.0,Clear,
AO22207,Delta,2024,7,1,1,0,19.5,0.0,0.0,19.5,6.46,30.4,29.8,Clear,
AO22207,Delta,2025,5,2,2,0,34.17,0.0,0.0,34.17,8.24,15.5,31.0,Clear,
AO22207,Delta,2025,8,1,1,0,18.55,0.0,0.0,18.55,6.6,30.5,41.7,Clear,
AO22207,Delta,2026,3,2,2,0,36.86,17.95,18.91,0.0,5.51,15.9,38.9,Clear,
AO22207,Delta,2026,5,2,2,0,35.989999999999995,16.93,19.06,0.0,8.92,16.5,21.5,Clear,
AO22316,Delta,2022,4,15,15,0,60.0,32.0,4.0,24.0,9.04,15.8,39.1,Clear,
AO22316,Delta,2022,5,24,24,0,92.07,36.07,40.0,16.0,7.4,16.5,7.9,Clear,
AO22316,Delta,2022,6,23,23,0,85.01,32.0,28.08,24.93,3.89,29.7,17.9,Clear,
AO22316,Delta,2022,7,11,11,0,38.92,9.55,12.0,17.37,2.11,29.6,14.3,Clear,
AO22316,Delta,2022,8,19,19,0,72.29,27.95,21.58,22.759999999999998,6.19,30.3,42.6,Clear,
AO22316,Delta,2022,9,5,5,0,15.21,9.96,0.0,5.25,3.44,15.1,41.1,Rainy,
AO22316,Delta,2022,10,10,10,0,36.88,28.0,4.88,4.0,4.44,15.5,17.5,Cloudy,
AO22316,Delta,2022,11,11,11,0,40.32,26.86,13.46,0.0,7.62,13.8,30.5,Clear,
AO22316,Delta,2022,12,11,11,0,43.24,28.0,11.24,4.0,8.81,2.9,25.8,Cloudy,
AO22316,Delta,2023,1,6,6,0,24.0,20.0,4.0,0.0,2.28,1.9,7.8,Rainy,
AO22316,Delta,2023,2,7,7,0,27.61,8.0,11.61,8.0,5.99,4.7,40.4,Cloudy,
AO22316,Delta,2023,3,5,5,0,20.0,8.0,4.0,8.0,6.53,17.2,11.7,Clear,
AO22316,Delta,2023,4,12,12,0,42.58,21.189999999999998,9.39,12.0,2.4,14.2,22.7,Clear,
AO22316,Delta,2023,5,15,15,0,49.7,24.1,17.33,8.27,4.77,15.4,38.8,Clear,
AO22316,Delta,2023,6,12,12,0,43.25,19.25,16.0,8.0,4.98,29.3,10.6,Clear,
AO22316,Delta,2023,7,15,15,0,51.25,29.12,21.67,0.46,6.33,28.8,22.2,Clear,
AO22316,Delta,2023,8,20,20,0,73.39,37.39,28.0,8.0,4.07,29.4,9.6,Clear,
AO22316,Delta,2023,9,8,8,0,32.0,4.0,20.0,8.0,5.37,14.3,6.8,Cloudy,
AO22316,Delta,2023,10,20,20,0,76.44,26.97,24.0,25.47,4.26,13.4,14.0,Clear,
AO22316,Delta,2023,11,2,2,0,8.0,4.0,0.0,4.0,6.79,16.2,13.6,Clear,
AO22316,Delta,2023,12,4,4,0,12.35,0.35,8.0,4.0,7.83,3.9,37.9,Clear,
AO22316,Delta,2024,1,4,4,0,16.0,12.0,4.0,0.0,7.59,4.6,13.4,Windy,
AO22316,Delta,2024,2,5,5,0,20.0,8.0,12.0,0.0,7.47,1.6,33.6,Cloudy,
AO22316,Delta,2024,3,7,7,0,25.009999999999998,4.0,16.0,5.01,6.22,14.7,36.8,Clear,
AO22316,Delta,2024,4,10,10,0,37.33,21.330000000000002,12.0,4.0,4.4,16.0,7.4,Clear,
AO22316,Delta,2024,5,7,7,0,28.0,16.0,4.0,8.0,5.15,14.5,25.9,Clear,
AO22316,Delta,2024,6,12,12,0,45.28,37.28,8.0,0.0,5.5,31.1,25.4,Clear,
AO22316,Delta,2024,7,16,16,0,51.68,34.03,13.6,4.05,5.89,30.4,32.2,Clear,
AO22316,Delta,2024,8,10,10,0,30.71,21.58,9.129999999999999,0.0,2.79,29.2,7.3,Clear,
AO22316,Delta,2024,9,9,9,0,34.69,10.69,16.0,8.0,6.35,14.1,32.0,Cloudy,
AO22316,Delta,2024,10,7,7,0,26.37,4.0,8.0,14.370000000000001,3.05,13.7,41.7,Cloudy,
AO22316,Delta,2024,11,2,2,0,6.52,0.0,2.52,4.0,3.46,14.5,25.0,Cloudy,
AO22316,Delta,2024,12,2,2,0,8.0,4.0,0.0,4.0,7.09,4.4,18.6,Clear,
AO22316,Delta,2025,1,3,3,0,9.02,5.02,4.0,0.0,7.9,2.8,12.0,Windy,
AO22316,Delta,2025,2,3,3,0,9.0,0.0,8.0,1.0,4.24,2.2,6.3,Rainy,
AO22316,Delta,2025,3,5,5,0,14.09,12.0,0.0,2.09,7.01,14.4,31.8,Clear,
AO22316,Delta,2025,4,11,11,0,43.62,11.620000000000001,20.0,12.0,4.67,16.7,23.1,Clear,
AO22316,Delta,2025,5,12,12,0,44.52,12.86,19.66,12.0,2.06,15.5,41.3,Clear,
AO22316,Delta,2025,6,9,9,0,33.55,12.0,21.55,0.0,1.67,30.8,33.1,Clear,
AO22316,Delta,2025,7,7,7,0,27.18,12.0,11.18,4.0,4.56,30.1,38.9,Clear,
AO22316,Delta,2025,8,7,7,0,27.66,12.0,8.0,7.66,7.02,30.5,11.2,Clear,
AO22316,Delta,2025,9,6,6,0,24.0,0.0,20.0,4.0,7.91,14.0,26.2,Cloudy,
AO22316,Delta,2025,10,9,9,0,28.5,20.31,8.0,0.19,4.19,15.0,35.3,Windy,
AO22316,Delta,2025,11,4,4,0,16.0,8.0,8.0,0.0,6.21,12.1,9.8,Clear,
AO22316,Delta,2025,12,6,6,0,19.28,10.86,7.279999999999999,1.14,8.2,2.5,36.6,Windy,
AO22316,Delta,2026,1,3,3,0,12.0,8.0,0.0,4.0,4.74,2.4,43.1,Cloudy,
AO22316,Delta,2026,2,2,2,0,8.0,4.0,0.0,4.0,1.89,4.3,5.9,Windy,
AO22316,Delta,2026,3,6,6,0,21.69,13.78,7.91,0.0,2.03,15.9,33.9,Clear,
AO22316,Delta,2026,4,6,6,0,21.54,5.75,12.0,3.79,4.89,16.2,37.2,Cloudy,
AO22316,Delta,2026,5,14,14,0,40.87,14.35,14.97,11.55,4.33,16.5,21.6,Clear,
AO22316,Delta,2026,6,14,14,0,55.76,35.76,12.0,8.0,6.14,30.9,14.6,Clear,
AO22585,Alpha,2022,5,4,4,0,76.32,20.0,36.32,20.0,5.79,16.4,35.1,Clear,
AO22585,Alpha,2022,6,3,3,0,46.36,32.769999999999996,13.59,0.0,6.12,28.9,9.5,Clear,
AO22585,Alpha,2022,7,5,5,0,82.31,47.93000000000001,18.66,15.72,5.64,30.7,7.9,Clear,
AO22585,Alpha,2022,9,2,2,0,31.6,15.96,15.64,0.0,5.07,13.0,34.7,Cloudy,
AO22585,Alpha,2022,10,3,3,0,53.92,0.0,53.92,0.0,4.99,13.2,38.9,Clear,
AO22585,Alpha,2022,11,1,1,0,19.56,19.56,0.0,0.0,6.32,14.5,32.1,Cloudy,
AO22585,Alpha,2022,12,1,1,0,16.46,16.46,0.0,0.0,8.89,3.3,22.3,Clear,
AO22585,Alpha,2023,1,1,1,0,14.89,14.89,0.0,0.0,5.55,3.0,34.6,Rainy,
AO22585,Alpha,2023,2,2,2,0,36.06,0.0,36.06,0.0,7.51,2.1,13.0,Cloudy,
AO22585,Alpha,2023,3,3,3,0,49.68,18.5,15.16,16.02,6.72,15.4,37.5,Clear,
AO22585,Alpha,2023,4,4,4,0,70.93,50.93,0.0,20.0,3.37,16.2,19.0,Clear,
AO22585,Alpha,2023,6,1,1,0,19.49,0.0,19.49,0.0,2.16,30.7,19.8,Clear,
AO22585,Alpha,2023,7,4,4,0,68.38,50.849999999999994,17.53,0.0,2.74,30.4,34.5,Clear,
AO22585,Alpha,2023,8,2,2,0,29.6,14.71,0.0,14.89,4.82,28.2,6.4,Clear,
AO22585,Alpha,2023,10,2,2,0,32.07,15.7,0.0,16.37,3.24,15.1,21.3,Cloudy,
AO22585,Alpha,2023,11,2,2,0,35.489999999999995,0.0,35.489999999999995,0.0,5.1,13.3,33.0,Cloudy,
AO22585,Alpha,2023,12,1,1,0,19.35,19.35,0.0,0.0,5.54,3.0,21.9,Rainy,
AO22585,Alpha,2024,1,3,3,0,48.97,17.53,16.15,15.29,7.01,3.1,18.8,Clear,
AO22585,Alpha,2024,2,2,2,0,33.739999999999995,16.18,17.56,0.0,7.21,2.0,35.6,Clear,
AO22585,Alpha,2024,4,1,1,0,17.62,0.0,17.62,0.0,4.09,16.7,12.3,Clear,
AO22585,Alpha,2024,8,1,1,0,17.48,17.48,0.0,0.0,5.74,28.6,24.9,Clear,
AO22585,Alpha,2024,9,1,1,0,16.88,0.0,16.88,0.0,3.36,13.1,11.5,Cloudy,
AO22585,Alpha,2024,11,1,1,0,16.71,0.0,16.71,0.0,4.63,14.1,39.3,Rainy,
AO22585,Alpha,2025,2,1,1,0,20.0,20.0,0.0,0.0,5.48,3.1,23.5,Cloudy,
AO22585,Alpha,2025,4,1,1,0,16.06,0.0,16.06,0.0,8.66,17.4,37.2,Clear,
AO22585,Alpha,2025,5,1,1,0,17.2,0.0,0.0,17.2,0.94,16.4,21.8,Clear,
AO22585,Alpha,2025,6,2,2,0,32.7,16.45,0.0,16.25,7.27,31.3,8.3,Clear,
AO22585,Alpha,2025,7,4,4,0,61.39,30.380000000000003,15.49,15.52,7.14,30.5,19.8,Clear,
AO22585,Alpha,2025,8,3,3,0,54.269999999999996,38.29,15.98,0.0,4.56,31.3,7.9,Clear,
AO22585,Alpha,2025,9,1,1,0,18.9,0.0,18.9,0.0,8.19,13.9,12.6,Clear,
AO22585,Alpha,2025,10,2,2,0,34.06,0.0,15.64,18.42,5.37,14.8,6.7,Clear,
AO22585,Alpha,2025,11,2,2,0,36.44,0.0,36.44,0.0,8.32,14.7,29.7,Cloudy,
AO22585,Alpha,2025,12,1,1,0,15.74,0.0,15.74,0.0,6.34,3.9,15.3,Rainy,
AO22585,Alpha,2026,2,1,1,0,18.78,18.78,0.0,0.0,1.97,3.4,8.2,Rainy,
AO22585,Alpha,2026,3,1,1,0,16.18,0.0,0.0,16.18,4.98,15.0,15.2,Clear,
AO22585,Alpha,2026,4,2,2,0,32.63,15.53,0.0,17.1,5.57,14.4,31.8,Cloudy,
AO22585,Alpha,2026,5,2,2,0,38.43,0.0,20.0,18.43,5.3,16.5,7.3,Clear,
AO22617,Sigma,2022,6,10,10,0,31.46,8.57,10.89,12.0,2.71,29.2,24.2,Clear,
AO22617,Sigma,2022,7,9,9,0,29.91,24.9,5.01,0.0,6.69,30.6,41.7,Clear,
AO22617,Sigma,2022,8,9,9,0,36.0,16.0,20.0,0.0,9.71,31.1,14.6,Clear,
AO22617,Sigma,2022,9,9,9,0,34.21,20.0,4.0,10.21,2.03,13.0,36.1,Rainy,
AO22617,Sigma,2022,10,13,13,0,44.39,19.18,13.21,12.0,9.01,15.3,38.1,Cloudy,
AO22617,Sigma,2022,11,1,1,0,4.0,4.0,0.0,0.0,3.98,14.0,5.0,Cloudy,
AO22617,Sigma,2022,12,5,5,0,16.23,4.23,4.0,8.0,6.31,3.9,12.6,Cloudy,
AO22617,Sigma,2023,1,7,7,0,26.95,8.0,10.95,8.0,5.53,4.7,30.4,Cloudy,
AO22617,Sigma,2023,2,6,6,0,24.0,20.0,0.0,4.0,5.7,2.6,28.7,Clear,
AO22617,Sigma,2023,3,5,5,0,17.37,13.370000000000001,4.0,0.0,2.69,16.6,31.8,Cloudy,
AO22617,Sigma,2023,4,5,5,0,14.83,7.84,2.99,4.0,5.75,14.6,5.1,Clear,
AO22617,Sigma,2023,5,9,9,0,32.65,12.65,16.0,4.0,4.45,15.4,14.7,Clear,
AO22617,Sigma,2023,6,10,10,0,28.69,4.49,16.13,8.07,7.81,29.5,9.9,Clear,
AO22617,Sigma,2023,7,13,13,0,50.36,28.0,18.36,4.0,4.96,29.9,10.8,Clear,
AO22617,Sigma,2023,8,11,11,0,40.54,11.27,19.29,9.98,4.23,30.6,28.6,Clear,
AO22617,Sigma,2023,9,10,10,0,31.72,12.33,17.14,2.25,7.05,14.1,27.5,Cloudy,
AO22617,Sigma,2023,10,7,7,0,28.0,20.0,4.0,4.0,4.9,14.3,24.2,Cloudy,
AO22617,Sigma,2023,11,8,8,0,31.509999999999998,19.509999999999998,12.0,0.0,9.29,12.8,36.0,Clear,
AO22617,Sigma,2023,12,3,3,0,12.0,8.0,0.0,4.0,5.92,4.0,34.1,Clear,
AO22617,Sigma,2024,1,5,5,0,19.42,15.42,4.0,0.0,4.33,3.6,27.9,Cloudy,
AO22617,Sigma,2024,2,3,3,0,12.0,8.0,0.0,4.0,4.58,3.5,44.5,Cloudy,
AO22617,Sigma,2024,3,5,5,0,16.56,8.0,0.0,8.56,8.91,16.3,27.5,Clear,
AO22617,Sigma,2024,4,13,13,0,47.85,18.85,10.73,18.27,5.93,16.0,43.2,Clear,
AO22617,Sigma,2024,5,13,13,0,42.74,35.07,1.37,6.3,4.85,16.0,15.2,Clear,
AO22617,Sigma,2024,6,4,4,0,16.0,8.0,4.0,4.0,2.35,30.4,32.6,Clear,
AO22617,Sigma,2024,7,7,7,0,26.58,12.0,4.0,10.58,3.07,29.4,39.5,Clear,
AO22617,Sigma,2024,8,8,8,0,28.189999999999998,4.0,9.67,14.52,2.86,30.9,10.3,Clear,
AO22617,Sigma,2024,9,4,4,0,10.57,2.65,4.0,3.92,7.65,13.7,15.0,Clear,
AO22617,Sigma,2024,10,10,10,0,35.23,21.0,6.23,8.0,5.8,13.5,12.1,Clear,
AO22617,Sigma,2024,11,3,3,0,12.0,4.0,8.0,0.0,6.17,13.4,20.9,Clear,
AO22617,Sigma,2024,12,8,8,0,27.759999999999998,14.54,13.219999999999999,0.0,5.01,4.0,14.7,Rainy,
AO22617,Sigma,2025,1,3,3,0,10.89,0.0,2.89,8.0,3.23,3.1,12.2,Windy,
AO22617,Sigma,2025,2,4,4,0,13.56,0.0,9.56,4.0,5.81,4.7,30.2,Clear,
AO22617,Sigma,2025,3,7,7,0,25.8,13.8,8.0,4.0,5.64,16.4,29.4,Clear,
AO22617,Sigma,2025,4,5,5,0,20.0,16.0,4.0,0.0,3.98,16.3,37.0,Clear,
AO22617,Sigma,2025,5,2,2,0,8.0,4.0,0.0,4.0,7.59,14.9,24.4,Clear,
AO22617,Sigma,2025,6,12,12,0,37.84,16.64,17.2,4.0,5.76,29.6,42.9,Clear,
AO22617,Sigma,2025,7,3,3,0,6.5600000000000005,0.0,2.25,4.31,0.51,30.3,34.9,Clear,
AO22617,Sigma,2025,8,10,10,0,38.2,22.2,8.0,8.0,6.71,29.6,33.0,Clear,
AO22617,Sigma,2025,9,8,8,0,32.0,20.0,8.0,4.0,4.97,14.1,14.8,Cloudy,
AO22617,Sigma,2025,10,9,9,0,35.78,4.0,19.78,12.0,10.16,14.5,29.8,Clear,
AO22617,Sigma,2025,11,3,3,0,11.69,7.6899999999999995,0.0,4.0,7.5,13.9,44.6,Clear,
AO22617,Sigma,2025,12,4,4,0,15.55,8.0,0.0,7.55,5.48,2.4,18.0,Cloudy,
AO22617,Sigma,2026,1,4,4,0,16.0,4.0,4.0,8.0,5.65,3.4,29.9,Cloudy,
AO22617,Sigma,2026,2,7,7,0,25.63,6.279999999999999,15.35,4.0,4.17,2.6,5.8,Rainy,
AO22617,Sigma,2026,3,7,7,0,27.13,12.0,8.0,7.13,6.79,15.9,41.3,Clear,
AO22617,Sigma,2026,4,10,10,0,35.33,20.0,15.33,0.0,7.55,14.9,19.1,Clear,
AO22617,Sigma,2026,5,9,9,0,32.92,9.3,16.0,7.62,5.43,16.0,30.2,Clear,
AO22617,Sigma,2026,6,6,6,0,22.990000000000002,6.99,8.0,8.0,4.45,29.2,37.7,Clear,
AO22645,Sigma,2022,6,3,3,0,51.56,16.95,15.61,19.0,3.52,29.2,22.7,Clear,
AO22645,Sigma,2022,7,3,3,0,51.010000000000005,34.32,0.0,16.69,6.21,30.6,33.0,Clear,
AO22645,Sigma,2022,8,3,3,0,48.65,29.21,19.44,0.0,8.95,31.1,20.3,Clear,
AO22645,Sigma,2022,9,1,1,0,16.32,16.32,0.0,0.0,4.43,13.0,41.4,Rainy,
AO22645,Sigma,2022,10,3,3,0,51.31,17.83,15.97,17.51,5.94,15.3,38.8,Cloudy,
AO22645,Sigma,2022,12,1,1,0,13.93,13.93,0.0,0.0,4.18,3.9,27.2,Cloudy,
AO22645,Sigma,2023,1,2,2,0,32.41,17.46,14.95,0.0,6.31,4.7,34.6,Cloudy,
AO22645,Sigma,2023,3,2,2,0,34.84,34.84,0.0,0.0,3.67,16.6,27.6,Cloudy,
AO22645,Sigma,2023,5,2,2,0,34.1,15.74,18.36,0.0,6.13,15.4,39.8,Clear,
AO22645,Sigma,2023,6,4,4,0,65.74,0.0,65.74,0.0,7.85,29.5,18.6,Clear,
AO22645,Sigma,2023,7,1,1,0,18.71,0.0,0.0,18.71,3.85,29.9,40.2,Clear,
AO22645,Sigma,2023,8,1,1,0,16.94,0.0,16.94,0.0,3.55,30.6,7.5,Clear,
AO22645,Sigma,2023,9,5,5,0,81.47,32.31,18.31,30.85,7.42,14.1,9.8,Cloudy,
AO22645,Sigma,2023,10,1,1,0,16.88,16.88,0.0,0.0,7.55,14.3,5.0,Cloudy,
AO22645,Sigma,2023,11,4,4,0,69.76,53.480000000000004,16.28,0.0,3.23,12.8,14.8,Clear,
AO22645,Sigma,2023,12,2,2,0,36.64,36.64,0.0,0.0,7.46,4.0,36.6,Clear,
AO22645,Sigma,2024,4,4,4,0,73.79,0.0,18.8,54.99,4.59,16.0,14.0,Clear,
AO22645,Sigma,2024,5,3,3,0,45.769999999999996,13.76,14.92,17.09,5.5,16.0,28.5,Clear,
AO22645,Sigma,2024,6,1,1,0,20.0,0.0,0.0,20.0,5.36,30.4,42.0,Clear,
AO22645,Sigma,2024,7,6,6,0,102.52,50.11,36.18,16.23,5.75,29.4,20.5,Clear,
AO22645,Sigma,2024,11,1,1,0,16.56,0.0,16.56,0.0,4.85,13.4,30.0,Clear,
AO22645,Sigma,2025,1,1,1,0,15.3,15.3,0.0,0.0,5.28,3.1,6.6,Windy,
AO22645,Sigma,2025,2,1,1,0,18.28,0.0,18.28,0.0,7.15,4.7,33.6,Clear,
AO22645,Sigma,2025,4,1,1,0,14.09,14.09,0.0,0.0,1.81,16.3,18.5,Clear,
AO22645,Sigma,2025,5,2,2,0,34.9,0.0,34.9,0.0,6.94,14.9,33.3,Clear,
AO22645,Sigma,2025,6,1,1,0,19.65,19.65,0.0,0.0,4.26,29.6,18.2,Clear,
AO22645,Sigma,2025,7,1,1,0,12.31,0.0,0.0,12.31,5.58,30.3,39.7,Clear,
AO22645,Sigma,2025,8,1,1,0,18.71,18.71,0.0,0.0,6.78,29.6,43.3,Clear,
AO22645,Sigma,2025,11,2,2,0,34.85,34.85,0.0,0.0,6.41,13.9,6.2,Clear,
AO22645,Sigma,2026,1,1,1,0,12.22,12.22,0.0,0.0,4.39,3.4,30.4,Cloudy,
AO22645,Sigma,2026,4,1,1,0,14.81,0.0,14.81,0.0,4.09,14.9,39.8,Clear,
AO22645,Sigma,2026,6,2,2,0,36.55,36.55,0.0,0.0,7.0,29.2,10.3,Clear,
AO22646,Alpha,2022,3,2,2,0,37.05,17.78,0.0,19.27,6.55,17.6,26.8,Cloudy,
AO22646,Alpha,2022,4,4,4,0,66.83,19.22,29.54,18.07,6.38,15.4,29.4,Clear,
AO22646,Alpha,2022,5,1,1,0,18.6,18.6,0.0,0.0,3.98,16.4,6.4,Clear,
AO22646,Alpha,2022,6,1,1,0,19.75,0.0,0.0,19.75,2.05,28.9,8.7,Clear,
AO22646,Alpha,2022,8,1,1,0,14.41,14.41,0.0,0.0,4.55,31.5,33.9,Clear,
AO22646,Alpha,2022,9,2,2,0,36.03,16.5,0.0,19.53,4.38,13.0,39.0,Cloudy,
AO22646,Alpha,2022,11,2,2,0,32.89,0.0,32.89,0.0,4.15,14.5,39.2,Cloudy,
AO22646,Alpha,2022,12,2,2,0,33.239999999999995,17.31,15.93,0.0,0.77,3.3,16.8,Clear,
AO22646,Alpha,2023,2,3,3,0,51.91,17.97,19.01,14.93,5.58,2.1,26.0,Cloudy,
AO22646,Alpha,2023,5,4,4,0,60.940000000000005,31.51,14.35,15.08,4.67,16.3,28.6,Clear,
AO22646,Alpha,2023,6,4,4,0,69.41,17.02,34.56,17.83,5.04,30.7,34.0,Clear,
AO22646,Alpha,2023,7,4,4,0,77.41,18.66,19.89,38.86,3.76,30.4,44.3,Clear,
AO22646,Alpha,2023,8,4,4,0,67.6,67.6,0.0,0.0,4.95,28.2,16.6,Clear,
AO22646,Alpha,2023,10,2,2,0,38.7,0.0,38.7,0.0,7.06,15.1,45.0,Cloudy,
AO22646,Alpha,2023,12,2,2,0,32.68,32.68,0.0,0.0,5.99,3.0,37.3,Rainy,
AO22646,Alpha,2024,1,1,1,0,12.13,12.13,0.0,0.0,2.89,3.1,40.4,Clear,
AO22646,Alpha,2024,3,2,2,0,33.019999999999996,13.02,20.0,0.0,6.93,16.4,24.8,Cloudy,
AO22646,Alpha,2024,4,2,2,0,34.96,0.0,34.96,0.0,4.68,16.7,5.9,Clear,
AO22646,Alpha,2024,5,3,3,0,53.5,18.0,35.5,0.0,4.08,15.8,6.3,Clear,
AO22646,Alpha,2024,6,1,1,0,16.85,0.0,0.0,16.85,3.07,30.3,43.1,Clear,
AO22646,Alpha,2024,7,2,2,0,34.36,17.57,16.79,0.0,3.29,29.5,23.9,Clear,
AO22646,Alpha,2024,9,1,1,0,19.37,0.0,19.37,0.0,2.49,13.1,44.4,Cloudy,
AO22646,Alpha,2024,11,2,2,0,32.14,16.87,0.0,15.27,8.38,14.1,13.0,Rainy,
AO22646,Alpha,2025,5,2,2,0,37.230000000000004,20.0,17.23,0.0,5.1,16.4,38.8,Clear,
AO22646,Alpha,2025,6,1,1,0,13.62,13.62,0.0,0.0,3.0,31.3,31.9,Clear,
AO22646,Alpha,2025,9,1,1,0,15.62,0.0,0.0,15.62,5.67,13.9,30.8,Clear,
AO22646,Alpha,2026,1,1,1,0,17.37,17.37,0.0,0.0,4.93,3.1,27.0,Cloudy,
AO22646,Alpha,2026,4,1,1,0,13.63,13.63,0.0,0.0,5.24,14.4,22.6,Cloudy,
AO22646,Alpha,2026,5,1,1,0,15.92,0.0,15.92,0.0,4.07,16.5,15.4,Clear,
AO22646,Alpha,2026,6,2,2,0,32.03,0.0,17.7,14.33,4.38,28.3,15.6,Clear,
AO22701,Alpha,2024,2,1,1,0,18.81,0.0,18.81,0.0,2.95,2.0,20.8,Clear,
AO22701,Alpha,2024,3,1,1,0,17.64,17.64,0.0,0.0,2.58,16.4,20.1,Cloudy,
AO22701,Alpha,2024,5,1,1,0,17.05,17.05,0.0,0.0,1.31,15.8,19.3,Clear,
AO22701,Alpha,2024,6,1,1,0,16.95,16.95,0.0,0.0,7.79,30.3,17.7,Clear,
AO22701,Alpha,2024,7,2,2,0,33.34,0.0,0.0,33.34,5.93,29.5,34.2,Clear,
AO22701,Alpha,2024,8,1,1,0,18.55,0.0,0.0,18.55,2.92,28.6,28.4,Clear,
AO22701,Alpha,2024,10,1,1,0,18.23,18.23,0.0,0.0,6.7,13.6,42.1,Clear,
AO22701,Alpha,2024,11,1,1,0,14.85,14.85,0.0,0.0,6.06,14.1,11.3,Rainy,
AO22701,Alpha,2025,2,1,1,0,13.12,13.12,0.0,0.0,5.93,3.1,6.6,Cloudy,
AO22701,Alpha,2025,3,1,1,0,18.58,18.58,0.0,0.0,6.26,16.6,24.5,Clear,
AO22701,Alpha,2025,5,2,2,0,33.78,33.78,0.0,0.0,4.28,16.4,7.8,Clear,
AO22701,Alpha,2025,6,1,1,0,17.96,0.0,0.0,17.96,3.19,31.3,27.4,Clear,
AO22701,Alpha,2025,7,2,2,0,32.980000000000004,32.980000000000004,0.0,0.0,4.54,30.5,39.7,Clear,
AO22701,Alpha,2025,8,1,1,0,17.39,0.0,0.0,17.39,5.4,31.3,25.1,Clear,
AO22701,Alpha,2025,9,1,1,0,18.63,18.63,0.0,0.0,3.86,13.9,31.8,Clear,
AO22701,Alpha,2026,3,1,1,0,14.56,14.56,0.0,0.0,2.68,15.0,8.5,Clear,
AO22701,Alpha,2026,5,2,2,0,34.72,34.72,0.0,0.0,3.8,16.5,33.0,Clear,
AO22701,Alpha,2026,6,1,1,0,18.37,0.0,0.0,18.37,6.8,28.3,11.3,Clear,
AO22709,Beta,2024,7,1,1,0,19.29,0.0,0.0,19.29,3.87,31.1,43.2,Clear,
AO22709,Beta,2024,9,1,1,0,14.75,14.75,0.0,0.0,4.73,13.9,17.2,Clear,
AO22709,Beta,2025,1,1,1,0,20.0,0.0,20.0,0.0,4.99,3.7,8.5,Cloudy,
AO22709,Beta,2025,9,2,2,0,34.65,18.13,16.52,0.0,6.47,15.1,22.4,Clear,
AO22709,Beta,2025,12,1,1,0,16.38,16.38,0.0,0.0,4.05,1.6,5.8,Cloudy,
AO22709,Beta,2026,1,1,1,0,12.56,12.56,0.0,0.0,6.41,2.1,35.2,Cloudy,
AO22709,Beta,2026,3,1,1,0,13.82,0.0,13.82,0.0,0.13,16.3,16.3,Clear,
AO22709,Beta,2026,5,1,1,0,17.51,0.0,17.51,0.0,3.81,16.0,12.1,Clear,
AO22715,Beta,2022,1,8,8,0,90.36,66.86,9.879999999999999,13.620000000000001,3.6,2.7,13.2,Clear,
AO22715,Beta,2022,2,10,10,0,70.41,23.53,25.85,21.03,3.34,3.5,39.4,Rainy,
AO22715,Beta,2022,3,11,11,0,89.45,20.0,46.37,23.08,5.53,17.3,33.8,Clear,
AO22715,Beta,2022,4,11,11,0,88.59,44.0,25.509999999999998,19.08,6.09,14.5,35.1,Clear,
AO22715,Beta,2022,5,19,19,0,128.48,26.29,28.0,74.19,8.45,16.3,18.2,Cloudy,
AO22715,Beta,2022,6,20,20,0,132.2,36.370000000000005,64.48,31.35,4.16,28.5,38.5,Clear,
AO22715,Beta,2022,7,30,30,0,152.65,74.42,46.23,32.0,7.09,29.6,14.6,Clear,
AO22715,Beta,2022,8,20,20,0,148.47,61.46,60.4,26.61,4.34,29.6,10.6,Clear,
AO22715,Beta,2022,9,21,21,0,75.99,42.7,16.0,17.29,6.44,14.8,16.2,Clear,
AO22715,Beta,2022,10,6,6,0,20.560000000000002,0.56,8.0,12.0,5.42,14.9,36.7,Clear,
AO22715,Beta,2022,11,5,5,0,19.28,12.0,4.0,3.28,4.38,12.8,36.4,Cloudy,
AO22715,Beta,2022,12,5,5,0,13.93,5.93,8.0,0.0,4.97,3.1,22.7,Cloudy,
AO22715,Beta,2023,1,9,9,0,34.12,20.0,6.12,8.0,4.39,3.7,5.8,Cloudy,
AO22715,Beta,2023,2,8,8,0,28.98,8.0,20.98,0.0,7.53,2.5,28.1,Rainy,
AO22715,Beta,2023,3,3,3,0,12.0,0.0,12.0,0.0,6.33,15.6,5.3,Cloudy,
AO22715,Beta,2023,4,10,10,0,36.41,12.41,20.0,4.0,6.54,17.0,7.2,Clear,
AO22715,Beta,2023,5,16,16,0,61.89,36.0,17.89,8.0,6.93,16.9,20.0,Clear,
AO22715,Beta,2023,6,14,14,0,50.43,12.0,22.43,16.0,2.21,30.5,13.8,Clear,
AO22715,Beta,2023,7,17,17,0,55.75,11.36,22.35,22.04,4.42,30.2,32.6,Clear,
AO22715,Beta,2023,8,7,7,0,28.0,16.0,8.0,4.0,5.9,29.9,17.1,Clear,
AO22715,Beta,2023,9,7,7,0,28.0,8.0,16.0,4.0,4.39,14.6,15.2,Cloudy,
AO22715,Beta,2023,10,13,13,0,43.56,14.75,2.31,26.5,6.78,12.7,11.5,Clear,
AO22715,Beta,2023,11,8,8,0,31.86,19.86,8.0,4.0,5.92,15.6,8.9,Clear,
AO22715,Beta,2023,12,7,7,0,25.939999999999998,13.94,4.0,8.0,3.53,1.6,43.9,Clear,
AO22715,Beta,2024,1,7,7,0,27.55,11.55,12.0,4.0,2.78,3.1,16.6,Windy,
AO22715,Beta,2024,2,2,2,0,8.0,0.0,8.0,0.0,6.17,2.3,19.4,Cloudy,
AO22715,Beta,2024,3,10,10,0,38.57,19.17,8.0,11.4,2.49,16.7,35.7,Clear,
AO22715,Beta,2024,4,10,10,0,32.23,14.52,9.71,8.0,4.99,17.3,15.0,Clear,
AO22715,Beta,2024,5,11,11,0,39.32,4.0,24.0,11.32,0.58,15.8,14.3,Clear,
AO22715,Beta,2024,6,9,9,0,36.0,24.0,12.0,0.0,6.16,30.9,18.9,Clear,
AO22715,Beta,2024,7,10,10,0,38.44,26.439999999999998,8.0,4.0,4.66,31.1,17.0,Clear,
AO22715,Beta,2024,8,14,14,0,48.04,20.64,18.72,8.68,2.5,30.1,25.9,Clear,
AO22715,Beta,2024,9,10,10,0,25.93,9.81,4.12,12.0,4.94,13.9,35.0,Clear,
AO22715,Beta,2024,10,5,5,0,16.58,4.0,4.58,8.0,7.46,13.1,43.5,Clear,
AO22715,Beta,2024,11,3,3,0,8.08,6.5,1.58,0.0,4.8,12.6,19.0,Clear,
AO22715,Beta,2024,12,1,1,0,4.0,0.0,0.0,4.0,5.22,2.2,20.9,Rainy,
AO22715,Beta,2025,1,4,4,0,13.36,8.0,0.0,5.36,4.87,3.7,34.7,Cloudy,
AO22715,Beta,2025,2,2,2,0,8.0,4.0,4.0,0.0,5.56,4.0,26.3,Cloudy,
AO22715,Beta,2025,3,6,6,0,23.75,11.75,4.0,8.0,5.88,15.5,24.8,Cloudy,
AO22715,Beta,2025,4,4,4,0,16.0,4.0,8.0,4.0,5.55,16.6,8.5,Clear,
AO22715,Beta,2025,5,6,6,0,19.89,15.89,4.0,0.0,5.83,16.6,22.9,Clear,
AO22715,Beta,2025,6,3,3,0,12.0,8.0,4.0,0.0,7.34,31.6,40.4,Clear,
AO22715,Beta,2025,7,3,3,0,12.0,0.0,8.0,4.0,1.72,29.2,28.8,Clear,
AO22715,Beta,2025,8,9,9,0,31.0,19.0,4.0,8.0,5.12,30.2,14.3,Clear,
AO22715,Beta,2025,9,4,4,0,9.98,5.46,4.52,0.0,9.7,15.1,28.6,Clear,
AO22715,Beta,2025,10,5,5,0,19.96,7.96,8.0,4.0,7.3,14.2,22.3,Clear,
AO22715,Beta,2025,11,5,5,0,20.0,8.0,0.0,12.0,3.24,14.2,24.6,Clear,
AO22715,Beta,2025,12,5,5,0,19.259999999999998,4.0,11.26,4.0,5.05,1.6,8.5,Cloudy,
AO22715,Beta,2026,1,4,4,0,13.18,8.0,2.32,2.86,4.27,2.1,36.8,Cloudy,
AO22715,Beta,2026,2,4,4,0,12.24,4.24,8.0,0.0,4.5,2.4,5.7,Rainy,
AO22715,Beta,2026,3,4,4,0,16.0,8.0,8.0,0.0,5.46,16.3,24.9,Clear,
AO22715,Beta,2026,4,10,10,0,38.42,35.22,3.2,0.0,5.61,16.3,33.0,Clear,
AO22715,Beta,2026,5,9,9,0,33.36,12.0,8.0,13.36,4.81,16.0,29.2,Clear,
AO22715,Beta,2026,6,15,15,0,56.65,33.82,22.83,0.0,3.59,30.0,26.1,Clear,
AO22788,Sigma,2023,11,1,1,0,17.24,17.24,0.0,0.0,5.28,12.8,5.5,Clear,
AO22788,Sigma,2023,12,1,1,0,19.61,19.61,0.0,0.0,4.76,4.0,31.6,Clear,
AO22788,Sigma,2024,2,2,2,0,37.13,37.13,0.0,0.0,6.6,3.5,39.7,Cloudy,
AO22788,Sigma,2024,3,1,1,0,19.18,0.0,19.18,0.0,5.75,16.3,40.4,Clear,
AO22788,Sigma,2024,4,1,1,0,15.39,15.39,0.0,0.0,4.23,16.0,44.7,Clear,
AO22788,Sigma,2024,5,4,4,0,68.55,52.629999999999995,0.0,15.92,5.35,16.0,19.1,Clear,
AO22788,Sigma,2024,6,1,1,0,15.26,15.26,0.0,0.0,5.46,30.4,37.3,Clear,
AO22788,Sigma,2024,7,1,1,0,18.37,18.37,0.0,0.0,3.79,29.4,16.5,Clear,
AO22788,Sigma,2024,8,2,2,0,32.17,16.07,16.1,0.0,1.83,30.9,18.2,Clear,
AO22788,Sigma,2024,9,1,1,0,15.92,0.0,0.0,15.92,5.17,13.7,24.8,Clear,
AO22788,Sigma,2024,11,1,1,0,19.48,0.0,19.48,0.0,6.09,13.4,33.8,Clear,
AO22788,Sigma,2024,12,2,2,0,34.89,18.54,0.0,16.35,6.03,4.0,39.8,Rainy,
AO22788,Sigma,2025,1,3,3,0,55.56,0.0,35.56,20.0,7.87,3.1,35.6,Windy,
AO22788,Sigma,2025,2,1,1,0,19.99,0.0,19.99,0.0,6.78,4.7,12.4,Clear,
AO22788,Sigma,2025,3,1,1,0,15.88,0.0,0.0,15.88,8.46,16.4,23.3,Clear,
AO22788,Sigma,2025,4,3,3,0,49.06,14.11,34.95,0.0,10.28,16.3,15.5,Clear,
AO22788,Sigma,2025,5,3,3,0,50.37,0.0,17.4,32.97,8.68,14.9,34.3,Clear,
AO22788,Sigma,2025,6,2,2,0,37.18,0.0,37.18,0.0,8.97,29.6,9.2,Clear,
AO22788,Sigma,2025,7,3,3,0,53.11,0.0,36.730000000000004,16.38,5.67,30.3,13.0,Clear,
AO22788,Sigma,2025,8,1,1,0,15.69,15.69,0.0,0.0,5.71,29.6,27.0,Clear,
AO22788,Sigma,2025,10,1,1,0,14.03,0.0,14.03,0.0,5.1,14.5,14.0,Clear,
AO22788,Sigma,2025,12,1,1,0,15.55,0.0,0.0,15.55,7.47,2.4,37.4,Cloudy,
AO22788,Sigma,2026,1,1,1,0,18.83,18.83,0.0,0.0,6.93,3.4,28.3,Cloudy,
AO22788,Sigma,2026,3,2,2,0,32.379999999999995,0.0,0.0,32.379999999999995,7.3,15.9,40.1,Clear,
AO22788,Sigma,2026,4,1,1,0,14.33,14.33,0.0,0.0,6.57,14.9,36.3,Clear,
AO22788,Sigma,2026,5,1,1,0,18.32,0.0,18.32,0.0,5.11,16.0,40.8,Clear,
AO22788,Sigma,2026,6,1,1,0,20.0,0.0,0.0,20.0,9.59,29.2,21.7,Clear,
AO22921,Alpha,2022,4,2,2,0,31.259999999999998,0.0,17.13,14.13,5.37,15.4,12.6,Clear,
AO22921,Alpha,2022,5,5,5,0,79.27,0.0,64.47999999999999,14.79,7.17,16.4,43.5,Clear,
AO22921,Alpha,2022,6,1,1,0,14.17,0.0,0.0,14.17,4.55,28.9,5.9,Clear,
AO22921,Alpha,2022,7,2,2,0,28.3,28.3,0.0,0.0,4.42,30.7,18.8,Clear,
AO22921,Alpha,2022,8,4,4,0,65.57000000000001,65.57000000000001,0.0,0.0,6.31,31.5,20.5,Clear,
AO22921,Alpha,2022,9,3,3,0,43.769999999999996,43.769999999999996,0.0,0.0,4.34,13.0,17.9,Cloudy,
AO22921,Alpha,2022,10,1,1,0,19.98,0.0,19.98,0.0,2.63,13.2,23.8,Clear,
AO22921,Alpha,2022,11,2,2,0,34.81,16.91,0.0,17.9,7.54,14.5,31.8,Cloudy,
AO22921,Alpha,2022,12,1,1,0,15.16,0.0,15.16,0.0,4.78,3.3,18.8,Clear,
AO22921,Alpha,2023,1,1,1,0,14.05,14.05,0.0,0.0,5.08,3.0,34.4,Rainy,
AO22921,Alpha,2023,2,2,2,0,30.37,30.37,0.0,0.0,5.65,2.1,43.5,Cloudy,
AO22921,Alpha,2023,3,1,1,0,13.8,13.8,0.0,0.0,2.27,15.4,13.2,Clear,
AO22921,Alpha,2023,4,2,2,0,34.13,14.49,19.64,0.0,5.58,16.2,29.9,Clear,
AO22921,Alpha,2023,5,2,2,0,37.83,37.83,0.0,0.0,7.04,16.3,24.1,Clear,
AO22921,Alpha,2023,6,4,4,0,65.52,65.52,0.0,0.0,6.81,30.7,22.9,Clear,
AO22921,Alpha,2023,7,4,4,0,66.67999999999999,49.69,0.0,16.99,4.08,30.4,38.9,Clear,
AO22921,Alpha,2023,8,1,1,0,16.22,16.22,0.0,0.0,3.48,28.2,28.0,Clear,
AO22921,Alpha,2023,9,1,1,0,17.17,0.0,0.0,17.17,5.61,13.9,29.1,Cloudy,
AO22921,Alpha,2023,10,3,3,0,48.76,15.85,32.91,0.0,2.94,15.1,7.7,Cloudy,
AO22921,Alpha,2023,11,4,4,0,60.760000000000005,13.81,46.95,0.0,5.87,13.3,34.7,Cloudy,
AO22921,Alpha,2024,1,1,1,0,16.39,0.0,16.39,0.0,4.9,3.1,10.0,Clear,
AO22921,Alpha,2024,3,1,1,0,17.97,17.97,0.0,0.0,5.35,16.4,5.8,Cloudy,
AO22921,Alpha,2024,4,1,1,0,20.0,0.0,0.0,20.0,6.23,16.7,30.2,Clear,
AO22921,Alpha,2024,5,2,2,0,37.79,37.79,0.0,0.0,4.2,15.8,27.2,Clear,
AO22921,Alpha,2024,6,2,2,0,32.68,32.68,0.0,0.0,4.64,30.3,22.9,Clear,
AO22921,Alpha,2024,8,1,1,0,18.31,18.31,0.0,0.0,1.91,28.6,7.3,Clear,
AO22921,Alpha,2024,9,1,1,0,15.2,15.2,0.0,0.0,1.57,13.1,16.3,Cloudy,
AO22921,Alpha,2024,10,2,2,0,30.96,16.46,0.0,14.5,4.89,13.6,11.7,Clear,
AO22921,Alpha,2024,11,1,1,0,18.06,0.0,18.06,0.0,2.33,14.1,43.7,Rainy,
AO22921,Alpha,2025,2,1,1,0,15.89,0.0,0.0,15.89,8.6,3.1,13.1,Cloudy,
AO22921,Alpha,2025,4,2,2,0,32.730000000000004,0.0,17.52,15.21,2.56,17.4,28.0,Clear,
AO22921,Alpha,2025,5,2,2,0,38.379999999999995,0.0,18.89,19.49,6.57,16.4,12.3,Clear,
AO22921,Alpha,2025,6,1,1,0,16.71,0.0,16.71,0.0,4.35,31.3,41.5,Clear,
AO22921,Alpha,2025,7,3,3,0,51.38,36.510000000000005,14.87,0.0,4.96,30.5,33.0,Clear,
AO22921,Alpha,2025,9,2,2,0,37.64,20.0,17.64,0.0,6.13,13.9,28.3,Clear,
AO22921,Alpha,2025,10,3,3,0,51.04,32.36,18.68,0.0,7.1,14.8,25.4,Clear,
AO22921,Alpha,2025,12,3,3,0,53.83,17.3,0.0,36.53,4.78,3.9,36.5,Rainy,
AO22921,Alpha,2026,3,1,1,0,13.37,0.0,13.37,0.0,3.79,15.0,38.9,Clear,
AO22921,Alpha,2026,4,1,1,0,16.22,16.22,0.0,0.0,2.75,14.4,32.1,Cloudy,
AO22921,Alpha,2026,6,2,2,0,32.17,16.8,0.0,15.37,8.01,28.3,40.3,Clear,
AO22937,Alpha,2025,5,3,3,0,55.379999999999995,38.980000000000004,16.4,0.0,4.74,16.4,18.0,Clear,
AO22937,Alpha,2025,7,3,3,0,49.02,17.57,0.0,31.450000000000003,2.71,30.5,28.1,Clear,
AO22937,Alpha,2026,5,3,3,0,51.09,16.56,14.64,19.89,4.38,16.5,39.0,Clear,
AO22963,Alpha,2022,1,7,7,0,27.38,11.379999999999999,4.0,12.0,3.98,2.2,27.0,Clear,
AO22963,Alpha,2022,2,4,4,0,14.59,2.68,7.91,4.0,2.13,4.4,27.3,Clear,
AO22963,Alpha,2022,3,9,9,0,36.0,12.0,16.0,8.0,7.46,17.6,17.8,Cloudy,
AO22963,Alpha,2022,4,17,17,0,60.83,19.22,28.72,12.89,5.32,15.4,34.8,Clear,
AO22963,Alpha,2022,5,22,22,0,86.6,22.6,48.0,16.0,4.92,16.4,17.2,Clear,
AO22963,Alpha,2022,6,17,17,0,64.3,12.55,28.0,23.75,6.13,28.9,13.5,Clear,
AO22963,Alpha,2022,7,13,13,0,51.57,31.57,8.0,12.0,2.9,30.7,5.7,Clear,
AO22963,Alpha,2022,8,16,16,0,57.74,28.42,5.529999999999999,23.79,3.81,31.5,8.3,Clear,
AO22963,Alpha,2022,9,18,18,0,65.04,29.4,23.64,12.0,4.96,13.0,32.3,Cloudy,
AO22963,Alpha,2022,10,13,13,0,49.92,24.0,21.92,4.0,5.27,13.2,27.5,Clear,
AO22963,Alpha,2022,11,10,10,0,34.25,16.35,16.0,1.9,6.97,14.5,31.7,Cloudy,
AO22963,Alpha,2022,12,7,7,0,27.03,19.03,4.0,4.0,2.16,3.3,24.0,Clear,
AO22963,Alpha,2023,1,5,5,0,19.189999999999998,16.0,3.19,0.0,7.23,3.0,14.3,Rainy,
AO22963,Alpha,2023,2,8,8,0,30.11,18.11,12.0,0.0,6.27,2.1,16.4,Cloudy,
AO22963,Alpha,2023,3,7,7,0,24.34,8.34,8.0,8.0,4.77,15.4,36.3,Clear,
AO22963,Alpha,2023,4,18,18,0,72.0,40.0,24.0,8.0,4.69,16.2,18.6,Clear,
AO22963,Alpha,2023,5,11,11,0,44.0,36.0,4.0,4.0,2.03,16.3,10.1,Clear,
AO22963,Alpha,2023,6,19,19,0,71.0,28.31,24.0,18.689999999999998,5.59,30.7,33.9,Clear,
AO22963,Alpha,2023,7,22,22,0,81.43,49.43,20.0,12.0,8.48,30.4,12.9,Clear,
AO22963,Alpha,2023,8,18,18,0,65.36,33.65,13.76,17.95,6.49,28.2,22.1,Clear,
AO22963,Alpha,2023,9,8,8,0,27.61,19.61,8.0,0.0,8.75,13.9,21.9,Cloudy,
AO22963,Alpha,2023,10,8,8,0,32.0,12.0,16.0,4.0,4.72,15.1,14.9,Cloudy,
AO22963,Alpha,2023,11,9,9,0,28.759999999999998,4.76,16.0,8.0,6.2,13.3,30.9,Cloudy,
AO22963,Alpha,2023,12,4,4,0,13.56,9.56,4.0,0.0,5.7,3.0,22.4,Rainy,
AO22963,Alpha,2024,1,1,1,0,0.53,0.0,0.53,0.0,0.92,3.1,42.6,Clear,
AO22963,Alpha,2024,2,3,3,0,8.18,4.18,4.0,0.0,5.86,2.0,23.0,Clear,
AO22963,Alpha,2024,3,10,10,0,40.0,32.0,8.0,0.0,3.9,16.4,37.3,Cloudy,
AO22963,Alpha,2024,4,12,12,0,44.97,28.0,12.0,4.97,9.61,16.7,44.1,Clear,
AO22963,Alpha,2024,5,14,14,0,53.39,28.0,17.39,8.0,2.52,15.8,29.1,Clear,
AO22963,Alpha,2024,6,10,10,0,40.0,24.0,8.0,8.0,4.08,30.3,29.5,Clear,
AO22963,Alpha,2024,7,10,10,0,39.31,23.310000000000002,8.0,8.0,6.39,29.5,30.3,Clear,
AO22963,Alpha,2024,8,9,9,0,30.34,19.79,8.0,2.55,4.23,28.6,10.0,Clear,
AO22963,Alpha,2024,9,7,7,0,24.88,12.879999999999999,12.0,0.0,5.44,13.1,30.4,Cloudy,
AO22963,Alpha,2024,10,6,6,0,24.0,16.0,0.0,8.0,7.48,13.6,33.0,Clear,
AO22963,Alpha,2024,11,7,7,0,27.75,4.0,15.75,8.0,5.01,14.1,9.2,Rainy,
AO22963,Alpha,2024,12,1,1,0,4.0,4.0,0.0,0.0,6.05,4.3,9.8,Clear,
AO22963,Alpha,2025,1,1,1,0,4.0,0.0,0.0,4.0,3.52,1.8,43.2,Clear,
AO22963,Alpha,2025,2,2,2,0,7.890000000000001,0.0,0.0,7.890000000000001,5.82,3.1,37.3,Cloudy,
AO22963,Alpha,2025,3,5,5,0,19.67,4.0,8.0,7.67,4.0,16.6,11.4,Clear,
AO22963,Alpha,2025,4,6,6,0,23.11,8.0,7.109999999999999,8.0,3.73,17.4,29.3,Clear,
AO22963,Alpha,2025,5,7,7,0,20.57,4.93,5.23,10.41,6.49,16.4,32.3,Clear,
AO22963,Alpha,2025,6,10,10,0,32.53,8.84,15.69,8.0,8.14,31.3,22.2,Clear,
AO22963,Alpha,2025,7,17,17,0,61.87,33.87,24.0,4.0,4.76,30.5,35.4,Clear,
AO22963,Alpha,2025,8,4,4,0,16.0,4.0,8.0,4.0,2.96,31.3,8.0,Clear,
AO22963,Alpha,2025,9,7,7,0,27.62,8.0,8.0,11.620000000000001,4.34,13.9,5.3,Clear,
AO22963,Alpha,2025,10,7,7,0,26.119999999999997,11.36,4.0,10.76,2.39,14.8,23.6,Clear,
AO22963,Alpha,2025,11,2,2,0,4.37,0.37,0.0,4.0,4.94,14.7,10.9,Cloudy,
AO22963,Alpha,2025,12,4,4,0,8.719999999999999,0.0,0.19,8.530000000000001,4.08,3.9,21.4,Rainy,
AO22963,Alpha,2026,1,3,3,0,10.46,4.0,2.46,4.0,3.92,3.1,33.7,Cloudy,
AO22963,Alpha,2026,3,4,4,0,16.0,12.0,4.0,0.0,0.0,15.0,43.4,Clear,
AO22963,Alpha,2026,4,3,3,0,9.629999999999999,1.63,8.0,0.0,3.83,14.4,35.2,Cloudy,
AO22963,Alpha,2026,5,12,12,0,41.59,21.59,16.0,4.0,2.9,16.5,30.5,Clear,
AO22963,Alpha,2026,6,9,9,0,34.53,8.0,14.53,12.0,6.8,28.3,38.7,Clear,
AO23001,Beta,2023,8,1,1,0,15.55,0.0,0.0,15.55,5.33,29.9,32.5,Clear,
AO23001,Beta,2023,9,2,2,0,35.54,0.0,35.54,0.0,5.55,14.6,44.0,Cloudy,
AO23001,Beta,2023,10,2,2,0,29.869999999999997,0.0,0.0,29.869999999999997,8.23,12.7,27.8,Clear,
AO23001,Beta,2023,12,1,1,0,17.92,0.0,0.0,17.92,6.69,1.6,39.8,Clear,
AO23001,Beta,2024,4,4,4,0,68.07,51.58,0.0,16.49,6.31,17.3,15.7,Clear,
AO23001,Beta,2024,6,3,3,0,47.68,33.91,13.77,0.0,7.87,30.9,10.1,Clear,
AO23001,Beta,2024,7,2,2,0,36.379999999999995,36.379999999999995,0.0,0.0,6.87,31.1,15.2,Clear,
AO23001,Beta,2024,8,2,2,0,31.799999999999997,16.24,15.56,0.0,5.12,30.1,42.8,Clear,
AO23001,Beta,2024,9,2,2,0,35.519999999999996,0.0,16.12,19.4,5.34,13.9,13.2,Clear,
AO23001,Beta,2024,10,2,2,0,36.67,0.0,16.67,20.0,5.49,13.1,27.2,Clear,
AO23001,Beta,2024,12,1,1,0,15.71,0.0,0.0,15.71,5.95,2.2,5.0,Rainy,
AO23001,Beta,2025,1,1,1,0,18.7,0.0,0.0,18.7,5.46,3.7,18.9,Cloudy,
AO23001,Beta,2025,3,3,3,0,49.8,33.72,0.0,16.08,7.12,15.5,40.5,Cloudy,
AO23001,Beta,2025,5,2,2,0,35.07,15.62,19.45,0.0,8.09,16.6,31.6,Clear,
AO23001,Beta,2025,6,2,2,0,33.099999999999994,33.099999999999994,0.0,0.0,5.86,31.6,35.4,Clear,
AO23001,Beta,2025,7,2,2,0,33.83,17.14,0.0,16.69,5.47,29.2,18.3,Clear,
AO23001,Beta,2025,8,2,2,0,37.01,0.0,37.01,0.0,4.67,30.2,9.5,Clear,
AO23001,Beta,2025,9,1,1,0,14.03,0.0,14.03,0.0,7.35,15.1,42.7,Clear,
AO23001,Beta,2026,2,1,1,0,16.55,0.0,0.0,16.55,6.22,2.4,44.4,Rainy,
AO23001,Beta,2026,4,2,2,0,32.04,15.21,0.0,16.83,6.55,16.3,9.2,Clear,
AO23001,Beta,2026,5,1,1,0,16.93,0.0,0.0,16.93,7.62,16.0,10.3,Clear,
AO23001,Beta,2026,6,2,2,0,34.69,18.03,16.66,0.0,6.49,30.0,30.4,Clear,
AO23051,Beta,2023,7,3,3,0,51.39,15.25,36.14,0.0,9.59,30.2,21.6,Clear,
AO23051,Beta,2023,8,2,2,0,29.74,13.66,16.08,0.0,6.34,29.9,34.7,Clear,
AO23051,Beta,2023,9,3,3,0,42.86,12.74,15.05,15.07,4.47,14.6,22.8,Cloudy,
AO23051,Beta,2023,10,3,3,0,48.85,18.11,0.0,30.740000000000002,4.45,12.7,41.6,Clear,
AO23051,Beta,2023,11,2,2,0,31.200000000000003,0.0,16.48,14.72,8.43,15.6,18.6,Clear,
AO23051,Beta,2023,12,1,1,0,20.0,20.0,0.0,0.0,4.24,1.6,14.0,Clear,
AO23051,Beta,2024,1,3,3,0,51.900000000000006,15.55,18.82,17.53,7.44,3.1,23.7,Windy,
AO23051,Beta,2024,2,2,2,0,35.97,0.0,19.42,16.55,7.36,2.3,5.1,Cloudy,
AO23051,Beta,2024,4,1,1,0,20.0,0.0,20.0,0.0,5.05,17.3,40.5,Clear,
AO23051,Beta,2024,5,1,1,0,20.0,20.0,0.0,0.0,5.1,15.8,40.8,Clear,
AO23051,Beta,2024,6,3,3,0,50.93,32.91,18.02,0.0,3.69,30.9,44.2,Clear,
AO23051,Beta,2024,7,2,2,0,34.519999999999996,34.519999999999996,0.0,0.0,8.82,31.1,34.7,Clear,
AO23051,Beta,2024,8,1,1,0,19.04,19.04,0.0,0.0,8.49,30.1,35.3,Clear,
AO23051,Beta,2024,9,2,2,0,34.79,17.68,17.11,0.0,10.3,13.9,17.6,Clear,
AO23051,Beta,2025,2,1,1,0,13.49,13.49,0.0,0.0,5.56,4.0,29.7,Cloudy,
AO23051,Beta,2025,3,1,1,0,18.4,0.0,18.4,0.0,5.57,15.5,17.2,Cloudy,
AO23051,Beta,2025,5,1,1,0,20.0,20.0,0.0,0.0,7.74,16.6,38.8,Clear,
AO23051,Beta,2025,6,1,1,0,17.02,17.02,0.0,0.0,7.49,31.6,11.4,Clear,
AO23051,Beta,2025,7,1,1,0,18.35,18.35,0.0,0.0,4.93,29.2,25.5,Clear,
AO23051,Beta,2025,8,3,3,0,49.07,16.07,17.39,15.61,8.23,30.2,40.0,Clear,
AO23051,Beta,2025,9,2,2,0,31.21,15.94,0.0,15.27,4.44,15.1,9.1,Clear,
AO23051,Beta,2026,1,1,1,0,16.0,16.0,0.0,0.0,6.94,2.1,27.1,Cloudy,
AO23051,Beta,2026,3,1,1,0,16.38,0.0,16.38,0.0,9.2,16.3,27.7,Clear,
AO23051,Beta,2026,5,1,1,0,17.36,0.0,0.0,17.36,6.6,16.0,7.9,Clear,
AO23051,Beta,2026,6,1,1,0,17.36,0.0,17.36,0.0,8.84,30.0,39.3,Clear,
AO23143,Beta,2024,1,1,1,0,18.04,0.0,0.0,18.04,4.12,3.1,43.2,Windy,
AO23143,Beta,2024,2,2,2,0,35.989999999999995,0.0,35.989999999999995,0.0,5.78,2.3,13.1,Cloudy,
AO23143,Beta,2024,3,1,1,0,16.89,0.0,16.89,0.0,6.19,16.7,26.0,Clear,
AO23143,Beta,2024,5,2,2,0,33.2,17.98,15.22,0.0,3.5,15.8,38.2,Clear,
AO23143,Beta,2024,6,2,2,0,34.57,16.94,0.0,17.63,3.68,30.9,11.8,Clear,
AO23143,Beta,2024,7,3,3,0,52.68,37.69,14.99,0.0,8.18,31.1,15.0,Clear,
AO23143,Beta,2024,8,4,4,0,68.50999999999999,33.37,17.29,17.85,3.48,30.1,19.4,Clear,
AO23143,Beta,2024,9,1,1,0,13.97,13.97,0.0,0.0,1.63,13.9,43.3,Clear,
AO23143,Beta,2024,10,1,1,0,10.0,0.0,0.0,10.0,10.19,13.1,6.2,Clear,
AO23143,Beta,2024,11,2,2,0,37.16,17.16,0.0,20.0,4.44,12.6,9.1,Clear,
AO23143,Beta,2024,12,1,1,0,18.78,0.0,0.0,18.78,6.75,2.2,31.0,Rainy,
AO23143,Beta,2025,3,1,1,0,17.54,17.54,0.0,0.0,6.08,15.5,24.0,Cloudy,
AO23143,Beta,2025,5,1,1,0,17.17,17.17,0.0,0.0,8.04,16.6,28.4,Clear,
AO23143,Beta,2025,6,2,2,0,37.43,17.43,20.0,0.0,5.72,31.6,15.6,Clear,
AO23143,Beta,2025,8,1,1,0,20.0,20.0,0.0,0.0,6.54,30.2,8.2,Clear,
AO23143,Beta,2025,9,1,1,0,16.95,16.95,0.0,0.0,6.85,15.1,18.1,Clear,
AO23143,Beta,2025,10,2,2,0,33.239999999999995,0.0,33.239999999999995,0.0,5.69,14.2,42.4,Clear,
AO23143,Beta,2025,12,3,3,0,51.839999999999996,0.0,51.839999999999996,0.0,7.64,1.6,28.4,Cloudy,
AO23143,Beta,2026,1,2,2,0,32.92,16.39,16.53,0.0,6.7,2.1,16.6,Cloudy,
AO23143,Beta,2026,2,1,1,0,16.99,0.0,16.99,0.0,9.67,2.4,42.2,Rainy,
AO23143,Beta,2026,3,1,1,0,18.3,18.3,0.0,0.0,7.69,16.3,40.0,Clear,
AO23143,Beta,2026,6,1,1,0,18.26,18.26,0.0,0.0,6.12,30.0,28.6,Clear,
AO23290,Alpha,2023,10,9,9,0,34.43,15.55,11.64,7.24,5.53,15.1,27.4,Cloudy,
AO23290,Alpha,2023,11,11,11,0,44.0,12.0,20.0,12.0,4.68,13.3,43.3,Cloudy,
AO23290,Alpha,2023,12,4,4,0,16.0,12.0,4.0,0.0,7.16,3.0,19.4,Rainy,
AO23290,Alpha,2024,1,3,3,0,12.0,4.0,8.0,0.0,2.92,3.1,39.8,Clear,
AO23290,Alpha,2024,2,5,5,0,17.56,12.0,5.5600000000000005,0.0,4.81,2.0,35.5,Clear,
AO23290,Alpha,2024,3,4,4,0,16.0,4.0,8.0,4.0,5.55,16.4,30.3,Cloudy,
AO23290,Alpha,2024,4,13,13,0,48.5,27.27,13.23,8.0,5.73,16.7,25.4,Clear,
AO23290,Alpha,2024,5,13,13,0,41.08,22.35,12.0,6.73,8.91,15.8,5.5,Clear,
AO23290,Alpha,2024,6,11,11,0,38.58,10.58,8.0,20.0,5.74,30.3,6.8,Clear,
AO23290,Alpha,2024,7,7,7,0,25.35,7.5600000000000005,6.34,11.45,8.12,29.5,9.0,Clear,
AO23290,Alpha,2024,8,10,10,0,34.96,16.689999999999998,10.27,8.0,4.9,28.6,25.7,Clear,
AO23290,Alpha,2024,9,6,6,0,23.77,8.0,15.77,0.0,5.76,13.1,39.9,Cloudy,
AO23290,Alpha,2024,10,5,5,0,15.67,2.23,2.49,10.95,6.21,13.6,7.0,Clear,
AO23290,Alpha,2024,11,7,7,0,27.18,7.18,12.0,8.0,7.68,14.1,35.8,Rainy,
AO23290,Alpha,2024,12,3,3,0,11.78,4.0,4.0,3.78,7.21,4.3,32.7,Clear,
AO23290,Alpha,2025,1,1,1,0,4.0,0.0,0.0,4.0,3.62,1.8,35.4,Clear,
AO23290,Alpha,2025,3,7,7,0,24.37,8.37,0.0,16.0,5.23,16.6,40.8,Clear,
AO23290,Alpha,2025,4,7,7,0,27.56,4.0,19.56,4.0,7.22,17.4,18.6,Clear,
AO23290,Alpha,2025,5,6,6,0,22.52,12.0,2.52,8.0,5.83,16.4,18.3,Clear,
AO23290,Alpha,2025,6,7,7,0,28.0,12.0,8.0,8.0,3.49,31.3,36.3,Clear,
AO23290,Alpha,2025,7,9,9,0,33.57,9.57,0.0,24.0,7.07,30.5,30.8,Clear,
AO23290,Alpha,2025,8,5,5,0,16.32,8.32,0.0,8.0,4.72,31.3,36.6,Clear,
AO23290,Alpha,2025,9,8,8,0,28.4,9.5,10.9,8.0,5.58,13.9,28.1,Clear,
AO23290,Alpha,2025,10,3,3,0,12.0,4.0,4.0,4.0,4.96,14.8,13.3,Clear,
AO23290,Alpha,2025,11,4,4,0,14.3,6.3,8.0,0.0,9.66,14.7,14.6,Cloudy,
AO23290,Alpha,2025,12,5,5,0,20.0,4.0,8.0,8.0,5.77,3.9,30.3,Rainy,
AO23290,Alpha,2026,1,3,3,0,12.0,0.0,8.0,4.0,6.08,3.1,23.3,Cloudy,
AO23290,Alpha,2026,2,4,4,0,16.0,12.0,0.0,4.0,7.73,3.4,36.6,Rainy,
AO23290,Alpha,2026,3,4,4,0,16.0,4.0,8.0,4.0,8.28,15.0,27.6,Clear,
AO23290,Alpha,2026,4,5,5,0,12.49,0.22,7.17,5.1,4.63,14.4,28.3,Cloudy,
AO23290,Alpha,2026,5,14,14,0,50.78,32.0,8.79,9.99,5.77,16.5,15.0,Clear,
AO23290,Alpha,2026,6,9,9,0,32.8,8.8,16.0,8.0,7.14,28.3,24.9,Clear,
AO23313,Gamma,2023,12,5,5,0,14.27,7.86,4.0,2.41,6.42,3.1,17.0,Windy,
AO23313,Gamma,2024,1,7,7,0,27.41,12.0,11.41,4.0,3.88,1.5,42.6,Cloudy,
AO23313,Gamma,2024,2,2,2,0,8.0,0.0,8.0,0.0,5.88,1.9,19.0,Clear,
AO23313,Gamma,2024,3,6,6,0,20.75,13.73,4.0,3.02,10.75,13.7,12.5,Cloudy,
AO23313,Gamma,2024,4,11,11,0,44.0,24.0,12.0,8.0,6.65,14.4,9.8,Clear,
AO23313,Gamma,2024,5,8,8,0,31.53,12.0,8.0,11.53,5.66,17.0,24.4,Clear,
AO23313,Gamma,2024,6,3,3,0,11.49,7.49,0.0,4.0,6.16,31.2,28.1,Clear,
AO23313,Gamma,2024,7,6,6,0,24.0,8.0,8.0,8.0,9.78,29.5,12.6,Clear,
AO23313,Gamma,2024,8,13,13,0,49.77,33.769999999999996,16.0,0.0,4.15,30.1,19.5,Clear,
AO23313,Gamma,2024,9,8,8,0,29.52,4.0,14.36,11.16,7.22,14.5,36.8,Cloudy,
AO23313,Gamma,2024,10,2,2,0,7.609999999999999,0.0,7.609999999999999,0.0,2.37,13.6,18.1,Rainy,
AO23313,Gamma,2024,11,4,4,0,16.0,8.0,8.0,0.0,5.48,14.5,33.1,Cloudy,
AO23313,Gamma,2024,12,4,4,0,16.0,8.0,8.0,0.0,7.85,3.2,31.1,Cloudy,
AO23313,Gamma,2025,1,3,3,0,12.0,4.0,0.0,8.0,9.14,3.0,9.0,Rainy,
AO23313,Gamma,2025,2,4,4,0,11.01,2.71,8.3,0.0,6.39,2.3,29.2,Clear,
AO23313,Gamma,2025,3,1,1,0,4.0,4.0,0.0,0.0,8.17,17.2,18.6,Rainy,
AO23313,Gamma,2025,4,8,8,0,26.55,13.59,12.96,0.0,3.34,15.2,43.6,Clear,
AO23313,Gamma,2025,5,12,12,0,44.79,20.79,12.0,12.0,9.42,16.4,32.6,Clear,
AO23313,Gamma,2025,6,6,6,0,24.0,8.0,4.0,12.0,9.01,31.1,24.0,Clear,
AO23313,Gamma,2025,7,7,7,0,25.22,4.0,14.39,6.83,6.47,29.2,36.3,Clear,
AO23313,Gamma,2025,8,6,6,0,21.52,6.16,4.0,11.36,6.67,29.8,9.2,Clear,
AO23313,Gamma,2025,9,9,9,0,32.03,8.0,22.2,1.83,4.64,13.7,17.8,Rainy,
AO23313,Gamma,2025,10,8,8,0,32.0,20.0,8.0,4.0,5.17,15.7,7.2,Cloudy,
AO23313,Gamma,2025,11,2,2,0,8.0,8.0,0.0,0.0,3.81,14.3,15.5,Clear,
AO23313,Gamma,2025,12,3,3,0,10.43,8.0,0.0,2.43,5.23,2.7,42.2,Cloudy,
AO23313,Gamma,2026,1,3,3,0,12.0,4.0,4.0,4.0,6.29,3.3,14.1,Cloudy,
AO23313,Gamma,2026,2,3,3,0,7.380000000000001,3.24,0.14,4.0,5.53,3.5,20.8,Windy,
AO23313,Gamma,2026,3,4,4,0,14.83,4.0,10.83,0.0,4.3,15.4,40.4,Cloudy,
AO23313,Gamma,2026,4,10,10,0,31.83,8.0,4.869999999999999,18.96,5.96,15.5,36.4,Clear,
AO23313,Gamma,2026,5,4,4,0,15.46,11.46,4.0,0.0,10.76,14.6,33.8,Clear,
AO23313,Gamma,2026,6,11,11,0,39.11,12.16,11.77,15.18,5.28,29.9,38.9,Clear,
AO23316,Gamma,2024,2,4,4,0,16.0,0.0,16.0,0.0,6.64,1.9,11.4,Clear,
AO23316,Gamma,2024,3,3,3,0,12.0,8.0,4.0,0.0,3.23,13.7,20.7,Cloudy,
AO23316,Gamma,2024,4,10,10,0,39.59,19.59,16.0,4.0,4.45,14.4,8.7,Clear,
AO23316,Gamma,2024,5,8,8,0,30.12,10.37,15.75,4.0,4.26,17.0,22.1,Clear,
AO23316,Gamma,2024,6,9,9,0,29.89,17.5,4.0,8.39,7.94,31.2,8.4,Clear,
AO23316,Gamma,2024,7,7,7,0,28.0,24.0,4.0,0.0,4.46,29.5,36.9,Clear,
AO23316,Gamma,2024,8,15,15,0,52.05,37.8,12.0,2.25,8.17,30.1,26.5,Clear,
AO23316,Gamma,2024,9,6,6,0,22.97,4.0,14.97,4.0,4.78,14.5,15.7,Cloudy,
AO23316,Gamma,2024,10,2,2,0,8.0,4.0,4.0,0.0,3.7,13.6,16.9,Rainy,
AO23316,Gamma,2024,11,5,5,0,16.98,4.98,8.0,4.0,8.89,14.5,20.1,Cloudy,
AO23316,Gamma,2024,12,1,1,0,4.0,0.0,4.0,0.0,4.15,3.2,17.2,Cloudy,
AO23316,Gamma,2025,1,5,5,0,18.09,4.0,4.0,10.09,7.81,3.0,12.2,Rainy,
AO23316,Gamma,2025,2,6,6,0,15.809999999999999,3.5799999999999996,8.23,4.0,4.74,2.3,42.2,Clear,
AO23316,Gamma,2025,3,10,10,0,32.87,8.0,19.13,5.74,9.13,17.2,29.6,Rainy,
AO23316,Gamma,2025,4,11,11,0,38.21,16.0,20.0,2.21,8.71,15.2,16.5,Clear,
AO23316,Gamma,2025,5,9,9,0,32.52,14.620000000000001,12.0,5.9,7.81,16.4,26.7,Clear,
AO23316,Gamma,2025,6,7,7,0,26.67,6.67,8.0,12.0,8.08,31.1,6.3,Clear,
AO23316,Gamma,2025,7,11,11,0,41.13,13.129999999999999,16.0,12.0,6.36,29.2,28.6,Clear,
AO23316,Gamma,2025,8,5,5,0,15.83,8.0,4.44,3.39,8.45,29.8,12.8,Clear,
AO23316,Gamma,2025,9,10,10,0,37.06,12.0,13.44,11.620000000000001,7.54,13.7,6.7,Rainy,
AO23316,Gamma,2025,10,8,8,0,23.689999999999998,8.39,5.85,9.45,2.97,15.7,39.0,Cloudy,
AO23316,Gamma,2025,11,5,5,0,19.740000000000002,7.74,0.0,12.0,4.82,14.3,37.8,Clear,
AO23316,Gamma,2025,12,6,6,0,18.06,4.0,4.5,9.56,4.07,2.7,7.5,Cloudy,
AO23316,Gamma,2026,1,2,2,0,8.0,8.0,0.0,0.0,3.15,3.3,27.4,Cloudy,
AO23316,Gamma,2026,2,4,4,0,16.0,4.0,4.0,8.0,5.69,3.5,25.1,Windy,
AO23316,Gamma,2026,3,4,4,0,16.0,0.0,12.0,4.0,4.84,15.4,26.9,Cloudy,
AO23316,Gamma,2026,4,5,5,0,18.71,10.71,8.0,0.0,7.57,15.5,33.9,Clear,
AO23316,Gamma,2026,5,4,4,0,12.129999999999999,8.13,0.0,4.0,5.74,14.6,44.6,Clear,
AO23316,Gamma,2026,6,7,7,0,25.61,4.0,21.61,0.0,6.21,29.9,10.8,Clear,
AO23405,Delta,2024,5,2,2,0,35.36,35.36,0.0,0.0,6.0,14.5,5.4,Clear,
AO23405,Delta,2024,6,4,4,0,69.62,19.14,18.63,31.85,9.09,31.1,37.8,Clear,
AO23405,Delta,2024,7,2,2,0,38.72,18.72,20.0,0.0,5.44,30.4,16.5,Clear,
AO23405,Delta,2024,8,1,1,0,14.69,0.0,14.69,0.0,4.89,29.2,25.5,Clear,
AO23405,Delta,2024,10,1,1,0,19.33,0.0,19.33,0.0,6.91,13.7,22.0,Cloudy,
AO23405,Delta,2024,11,1,1,0,15.15,0.0,15.15,0.0,6.63,14.5,16.7,Cloudy,
AO23405,Delta,2024,12,1,1,0,15.26,15.26,0.0,0.0,8.39,4.4,28.4,Clear,
AO23405,Delta,2025,2,1,1,0,17.73,0.0,0.0,17.73,6.87,2.2,37.3,Rainy,
AO23405,Delta,2025,3,1,1,0,19.35,19.35,0.0,0.0,3.18,14.4,44.7,Clear,
AO23405,Delta,2025,4,1,1,0,18.01,0.0,18.01,0.0,4.79,16.7,5.6,Clear,
AO23405,Delta,2025,5,1,1,0,18.37,0.0,18.37,0.0,6.41,15.5,41.3,Clear,
AO23405,Delta,2025,6,3,3,0,46.96,0.0,30.7,16.26,6.18,30.8,39.9,Clear,
AO23405,Delta,2025,8,2,2,0,33.24,17.44,15.8,0.0,7.8,30.5,43.3,Clear,
AO23405,Delta,2025,9,1,1,0,17.79,17.79,0.0,0.0,8.49,14.0,21.9,Cloudy,
AO23405,Delta,2025,12,1,1,0,14.21,14.21,0.0,0.0,4.85,2.5,6.4,Windy,
AO23405,Delta,2026,5,3,3,0,53.64,0.0,33.64,20.0,3.2,16.5,19.7,Clear,
AO23430,Beta,2023,9,2,2,0,36.269999999999996,16.33,19.94,0.0,8.78,14.6,15.1,Cloudy,
AO23430,Beta,2023,10,3,3,0,55.31999999999999,17.58,0.0,37.739999999999995,8.64,12.7,42.3,Clear,
AO23430,Beta,2023,11,1,1,0,15.61,0.0,0.0,15.61,6.29,15.6,44.4,Clear,
AO23430,Beta,2024,3,1,1,0,19.4,0.0,0.0,19.4,5.11,16.7,11.4,Clear,
AO23430,Beta,2024,5,4,4,0,69.9,31.82,38.08,0.0,6.75,15.8,19.0,Clear,
AO23430,Beta,2024,7,1,1,0,14.44,14.44,0.0,0.0,8.71,31.1,9.8,Clear,
AO23430,Beta,2024,8,3,3,0,54.41,0.0,19.66,34.75,3.4,30.1,36.9,Clear,
AO23430,Beta,2024,9,2,2,0,33.86,0.0,17.85,16.01,4.29,13.9,37.2,Clear,
AO23430,Beta,2024,11,1,1,0,13.58,0.0,13.58,0.0,4.56,12.6,26.7,Clear,
AO23430,Beta,2025,2,1,1,0,15.06,15.06,0.0,0.0,3.22,4.0,9.2,Cloudy,
AO23430,Beta,2025,3,2,2,0,36.8,36.8,0.0,0.0,5.57,15.5,25.5,Cloudy,
AO23430,Beta,2025,4,3,3,0,53.7,35.019999999999996,0.0,18.68,8.48,16.6,29.6,Clear,
AO23430,Beta,2025,6,3,3,0,48.99,0.0,35.33,13.66,5.14,31.6,20.2,Clear,
AO23430,Beta,2025,8,1,1,0,17.45,17.45,0.0,0.0,4.56,30.2,15.2,Clear,
AO23430,Beta,2025,9,1,1,0,19.47,19.47,0.0,0.0,3.34,15.1,31.0,Clear,
AO23430,Beta,2025,10,1,1,0,18.2,18.2,0.0,0.0,4.32,14.2,33.0,Clear,
AO23430,Beta,2025,11,2,2,0,32.96,17.88,15.08,0.0,9.78,14.2,35.8,Clear,
AO23430,Beta,2025,12,1,1,0,14.14,14.14,0.0,0.0,8.09,1.6,27.6,Cloudy,
AO23430,Beta,2026,2,1,1,0,18.0,18.0,0.0,0.0,7.53,2.4,11.3,Rainy,
AO23430,Beta,2026,4,1,1,0,13.15,13.15,0.0,0.0,3.77,16.3,19.1,Clear,
AO23430,Beta,2026,5,1,1,0,14.91,0.0,0.0,14.91,4.36,16.0,35.5,Clear,
AO23430,Beta,2026,6,4,4,0,62.84,13.94,34.0,14.9,6.4,30.0,36.0,Clear,
AO23475,Delta,2023,8,3,3,0,53.97,0.0,16.36,37.61,5.56,29.4,14.5,Clear,
AO23475,Delta,2023,9,2,2,0,39.16,0.0,0.0,39.16,5.54,14.3,41.2,Cloudy,
AO23475,Delta,2023,10,3,3,0,56.599999999999994,0.0,19.89,36.709999999999994,5.93,13.4,41.1,Clear,
AO23475,Delta,2023,12,1,1,0,14.96,14.96,0.0,0.0,7.43,3.9,41.6,Clear,
AO23475,Delta,2024,1,1,1,0,15.87,15.87,0.0,0.0,6.29,4.6,34.4,Windy,
AO23475,Delta,2024,2,1,1,0,16.99,0.0,16.99,0.0,5.46,1.6,9.4,Cloudy,
AO23475,Delta,2024,4,2,2,0,36.57,0.0,17.51,19.06,8.29,16.0,40.9,Clear,
AO23475,Delta,2024,5,2,2,0,34.05,0.0,34.05,0.0,6.99,14.5,27.8,Clear,
AO23475,Delta,2024,6,2,2,0,36.49,36.49,0.0,0.0,5.88,31.1,21.7,Clear,
AO23475,Delta,2024,7,3,3,0,52.56,52.56,0.0,0.0,4.45,30.4,35.8,Clear,
AO23475,Delta,2024,8,3,3,0,45.910000000000004,17.46,16.26,12.19,4.47,29.2,43.3,Clear,
AO23475,Delta,2024,10,3,3,0,50.629999999999995,13.86,17.38,19.39,3.06,13.7,17.4,Cloudy,
AO23475,Delta,2025,1,1,1,0,17.98,0.0,17.98,0.0,8.05,2.8,24.0,Windy,
AO23475,Delta,2025,5,2,2,0,30.869999999999997,0.0,30.869999999999997,0.0,9.78,15.5,9.7,Clear,
AO23475,Delta,2025,7,2,2,0,31.81,0.0,15.18,16.63,5.3,30.1,42.3,Clear,
AO23475,Delta,2025,8,1,1,0,12.65,12.65,0.0,0.0,5.01,30.5,43.2,Clear,
AO23475,Delta,2026,2,2,2,0,30.96,18.14,0.0,12.82,4.05,4.3,29.3,Windy,
AO23491,Alpha,2023,8,3,3,0,48.42,35.69,0.0,12.73,0.49,28.2,8.3,Clear,
AO23491,Alpha,2023,9,3,3,0,49.67,49.67,0.0,0.0,7.0,13.9,21.2,Cloudy,
AO23491,Alpha,2023,10,3,3,0,51.49,0.0,16.25,35.24,6.23,15.1,11.8,Cloudy,
AO23491,Alpha,2023,11,1,1,0,14.44,0.0,0.0,14.44,4.66,13.3,32.3,Cloudy,
AO23491,Alpha,2023,12,2,2,0,36.81,36.81,0.0,0.0,7.32,3.0,29.4,Rainy,
AO23491,Alpha,2024,4,3,3,0,48.34,0.0,15.71,32.629999999999995,10.6,16.7,29.0,Clear,
AO23491,Alpha,2024,5,1,1,0,18.63,0.0,0.0,18.63,4.48,15.8,35.3,Clear,
AO23491,Alpha,2024,6,1,1,0,18.62,18.62,0.0,0.0,6.13,30.3,7.5,Clear,
AO23491,Alpha,2024,7,3,3,0,46.11,15.87,14.34,15.9,3.09,29.5,32.1,Clear,
AO23491,Alpha,2024,8,1,1,0,15.75,15.75,0.0,0.0,6.23,28.6,32.0,Clear,
AO23491,Alpha,2024,9,2,2,0,32.629999999999995,18.08,14.55,0.0,8.97,13.1,12.7,Cloudy,
AO23491,Alpha,2024,10,2,2,0,34.31,34.31,0.0,0.0,8.95,13.6,44.1,Clear,
AO23491,Alpha,2024,11,1,1,0,16.87,0.0,0.0,16.87,5.08,14.1,32.6,Rainy,
AO23491,Alpha,2024,12,1,1,0,16.46,0.0,16.46,0.0,5.52,4.3,19.2,Clear,
AO23491,Alpha,2025,1,1,1,0,20.0,0.0,20.0,0.0,8.12,1.8,18.5,Clear,
AO23491,Alpha,2025,3,2,2,0,35.129999999999995,15.5,19.63,0.0,7.03,16.6,35.2,Clear,
AO23491,Alpha,2025,5,1,1,0,20.0,0.0,20.0,0.0,5.45,16.4,40.7,Clear,
AO23491,Alpha,2025,6,3,3,0,52.699999999999996,37.349999999999994,0.0,15.35,5.19,31.3,42.3,Clear,
AO23491,Alpha,2025,7,2,2,0,37.870000000000005,18.18,0.0,19.69,8.23,30.5,44.7,Clear,
AO23491,Alpha,2025,8,1,1,0,19.92,19.92,0.0,0.0,6.91,31.3,7.8,Clear,
AO23491,Alpha,2025,10,2,2,0,36.58,17.69,18.89,0.0,5.83,14.8,20.5,Clear,
AO23491,Alpha,2026,1,1,1,0,17.42,17.42,0.0,0.0,4.31,3.1,17.2,Cloudy,
AO23491,Alpha,2026,4,1,1,0,15.98,0.0,15.98,0.0,4.18,14.4,15.7,Cloudy,
AO23491,Alpha,2026,5,6,6,0,106.72,54.3,32.72,19.7,8.54,16.5,15.2,Clear,
AO23557,Gamma,2023,9,1,1,0,14.67,0.0,14.67,0.0,5.54,14.3,13.7,Cloudy,
AO23557,Gamma,2023,10,2,2,0,26.09,0.0,14.01,12.08,11.13,15.1,22.3,Clear,
AO23557,Gamma,2023,11,2,2,0,34.0,0.0,0.0,34.0,4.93,15.7,41.8,Clear,
AO23557,Gamma,2023,12,3,3,0,49.44,49.44,0.0,0.0,4.69,3.1,38.5,Windy,
AO23557,Gamma,2024,1,1,1,0,18.41,18.41,0.0,0.0,3.44,1.5,31.4,Cloudy,
AO23557,Gamma,2024,2,1,1,0,15.71,0.0,0.0,15.71,6.36,1.9,32.8,Clear,
AO23557,Gamma,2024,3,1,1,0,20.0,20.0,0.0,0.0,4.04,13.7,40.5,Cloudy,
AO23557,Gamma,2024,4,1,1,0,17.7,0.0,17.7,0.0,5.08,14.4,21.5,Clear,
AO23557,Gamma,2024,5,3,3,0,52.95,19.86,17.08,16.01,7.92,17.0,26.8,Clear,
AO23557,Gamma,2024,6,1,1,0,14.5,14.5,0.0,0.0,6.64,31.2,10.9,Clear,
AO23557,Gamma,2024,7,2,2,0,33.57,33.57,0.0,0.0,8.03,29.5,8.7,Clear,
AO23557,Gamma,2024,8,1,1,0,18.79,0.0,18.79,0.0,5.61,30.1,29.5,Clear,
AO23557,Gamma,2024,9,4,4,0,64.42999999999999,0.0,49.15,15.28,6.22,14.5,9.0,Cloudy,
AO23557,Gamma,2024,10,1,1,0,18.16,18.16,0.0,0.0,5.01,13.6,14.6,Rainy,
AO23557,Gamma,2025,3,2,2,0,35.760000000000005,35.760000000000005,0.0,0.0,8.96,17.2,41.1,Rainy,
AO23557,Gamma,2025,4,4,4,0,63.13,45.620000000000005,0.0,17.51,7.63,15.2,30.1,Clear,
AO23557,Gamma,2025,5,1,1,0,14.62,14.62,0.0,0.0,3.94,16.4,23.7,Clear,
AO23557,Gamma,2025,6,2,2,0,30.85,0.0,16.69,14.16,2.5,31.1,25.0,Clear,
AO23557,Gamma,2025,7,3,3,0,52.269999999999996,16.38,35.89,0.0,4.78,29.2,12.4,Clear,
AO23557,Gamma,2025,8,1,1,0,16.12,16.12,0.0,0.0,5.85,29.8,39.7,Clear,
AO23557,Gamma,2025,9,2,2,0,31.11,0.0,15.17,15.94,3.44,13.7,34.0,Rainy,
AO23557,Gamma,2025,10,3,3,0,50.71,16.53,0.0,34.18,5.91,15.7,32.2,Cloudy,
AO23557,Gamma,2025,11,2,2,0,33.97,17.28,0.0,16.69,3.45,14.3,19.1,Clear,
AO23557,Gamma,2025,12,1,1,0,13.75,0.0,0.0,13.75,7.74,2.7,17.2,Cloudy,
AO23557,Gamma,2026,3,2,2,0,30.41,0.0,0.0,30.41,6.5,15.4,13.5,Cloudy,
AO23557,Gamma,2026,6,3,3,0,51.14,0.0,33.61,17.53,6.84,29.9,23.2,Clear,
AO23681,Sigma,2023,7,18,18,0,59.019999999999996,11.49,31.83,15.7,9.14,29.9,5.8,Clear,
AO23681,Sigma,2023,8,9,9,0,36.0,16.0,8.0,12.0,3.85,30.6,8.3,Clear,
AO23681,Sigma,2023,9,11,11,0,39.94,17.13,10.81,12.0,2.83,14.1,44.9,Cloudy,
AO23681,Sigma,2023,10,7,7,0,24.42,5.49,14.93,4.0,4.66,14.3,22.9,Cloudy,
AO23681,Sigma,2023,11,4,4,0,16.0,8.0,8.0,0.0,7.12,12.8,17.7,Clear,
AO23681,Sigma,2023,12,5,5,0,20.0,16.0,4.0,0.0,5.83,4.0,14.9,Clear,
AO23681,Sigma,2024,1,7,7,0,28.0,12.0,16.0,0.0,5.58,3.6,37.6,Cloudy,
AO23681,Sigma,2024,2,9,9,0,33.28,16.0,13.280000000000001,4.0,5.63,3.5,27.0,Cloudy,
AO23681,Sigma,2024,3,4,4,0,16.0,4.0,0.0,12.0,13.33,16.3,10.0,Clear,
AO23681,Sigma,2024,4,10,10,0,39.15,15.15,4.0,20.0,6.33,16.0,13.0,Clear,
AO23681,Sigma,2024,5,8,8,0,31.92,20.0,4.0,7.92,3.54,16.0,17.2,Clear,
AO23681,Sigma,2024,6,5,5,0,20.0,8.0,4.0,8.0,5.56,30.4,44.4,Clear,
AO23681,Sigma,2024,7,12,12,0,33.55,9.18,13.219999999999999,11.15,9.37,29.4,35.6,Clear,
AO23681,Sigma,2024,8,13,13,0,52.0,20.0,12.0,20.0,6.24,30.9,32.0,Clear,
AO23681,Sigma,2024,9,9,9,0,32.06,4.0,21.95,6.109999999999999,3.97,13.7,44.9,Clear,
AO23681,Sigma,2024,10,5,5,0,20.0,8.0,4.0,8.0,5.95,13.5,23.3,Clear,
AO23681,Sigma,2024,11,6,6,0,23.06,11.48,7.58,4.0,7.14,13.4,10.6,Clear,
AO23681,Sigma,2024,12,11,11,0,37.78,17.07,12.71,8.0,5.86,4.0,19.8,Rainy,
AO23681,Sigma,2025,1,6,6,0,21.39,7.3,8.0,6.09,6.71,3.1,8.7,Windy,
AO23681,Sigma,2025,2,6,6,0,24.0,4.0,12.0,8.0,6.06,4.7,18.9,Clear,
AO23681,Sigma,2025,3,8,8,0,29.7,13.7,8.0,8.0,7.06,16.4,37.5,Clear,
AO23681,Sigma,2025,4,7,7,0,20.21,10.09,8.0,2.12,7.67,16.3,43.8,Clear,
AO23681,Sigma,2025,5,9,9,0,29.66,16.259999999999998,9.4,4.0,9.37,14.9,11.8,Clear,
AO23681,Sigma,2025,6,11,11,0,43.24,12.0,23.240000000000002,8.0,8.81,29.6,28.6,Clear,
AO23681,Sigma,2025,7,7,7,0,28.0,8.0,12.0,8.0,9.24,30.3,11.1,Clear,
AO23681,Sigma,2025,8,9,9,0,28.86,12.64,8.219999999999999,8.0,6.58,29.6,33.3,Clear,
AO23681,Sigma,2025,9,9,9,0,33.7,12.0,9.7,12.0,6.5,14.1,27.5,Cloudy,
AO23681,Sigma,2025,10,10,10,0,35.41,8.0,23.23,4.18,6.74,14.5,31.5,Clear,
AO23681,Sigma,2025,11,8,8,0,29.86,21.86,8.0,0.0,8.5,13.9,24.2,Clear,
AO23681,Sigma,2025,12,6,6,0,22.25,15.6,2.65,4.0,1.85,2.4,16.1,Cloudy,
AO23681,Sigma,2026,1,7,7,0,24.87,10.22,4.0,10.65,5.09,3.4,25.7,Cloudy,
AO23681,Sigma,2026,2,6,6,0,17.52,4.0,4.8,8.719999999999999,3.85,2.6,7.5,Rainy,
AO23681,Sigma,2026,3,9,9,0,32.71,12.71,8.0,12.0,8.41,15.9,13.3,Clear,
AO23681,Sigma,2026,4,8,8,0,19.86,8.4,11.46,0.0,3.58,14.9,23.4,Clear,
AO23681,Sigma,2026,5,9,9,0,36.0,16.0,16.0,4.0,4.14,16.0,25.4,Clear,
AO23681,Sigma,2026,6,11,11,0,42.8,12.0,18.8,12.0,6.32,29.2,9.0,Clear,
AO23728,Beta,2023,10,2,2,0,34.53,16.05,18.48,0.0,6.41,12.7,37.8,Clear,
AO23728,Beta,2023,11,1,1,0,17.39,17.39,0.0,0.0,2.3,15.6,40.4,Clear,
AO23728,Beta,2023,12,1,1,0,17.33,17.33,0.0,0.0,6.35,1.6,44.2,Clear,
AO23728,Beta,2024,1,1,1,0,17.13,0.0,17.13,0.0,3.01,3.1,39.6,Windy,
AO23728,Beta,2024,3,1,1,0,16.33,0.0,16.33,0.0,6.26,16.7,34.5,Clear,
AO23728,Beta,2024,4,1,1,0,17.86,17.86,0.0,0.0,3.43,17.3,29.6,Clear,
AO23728,Beta,2024,5,1,1,0,17.59,0.0,17.59,0.0,6.14,15.8,31.2,Clear,
AO23728,Beta,2024,7,1,1,0,13.47,0.0,13.47,0.0,6.12,31.1,6.5,Clear,
AO23728,Beta,2024,8,1,1,0,18.01,18.01,0.0,0.0,5.53,30.1,8.1,Clear,
AO23728,Beta,2024,9,3,3,0,55.36,36.07,19.29,0.0,4.21,13.9,16.2,Clear,
AO23728,Beta,2024,10,1,1,0,18.13,18.13,0.0,0.0,5.97,13.1,41.5,Clear,
AO23728,Beta,2024,11,1,1,0,15.94,15.94,0.0,0.0,2.94,12.6,35.8,Clear,
AO23728,Beta,2024,12,1,1,0,15.0,15.0,0.0,0.0,5.65,2.2,40.1,Rainy,
AO23728,Beta,2025,1,2,2,0,33.66,33.66,0.0,0.0,4.52,3.7,17.1,Cloudy,
AO23728,Beta,2025,4,1,1,0,17.51,0.0,0.0,17.51,2.39,16.6,35.9,Clear,
AO23728,Beta,2025,7,1,1,0,15.79,15.79,0.0,0.0,7.79,29.2,9.9,Clear,
AO23728,Beta,2025,8,3,3,0,55.61,20.0,0.0,35.61,5.89,30.2,27.7,Clear,
AO23728,Beta,2025,9,1,1,0,13.51,0.0,13.51,0.0,8.28,15.1,18.3,Clear,
AO23728,Beta,2025,10,3,3,0,50.33,35.980000000000004,0.0,14.35,7.07,14.2,36.5,Clear,
AO23728,Beta,2025,11,1,1,0,19.45,0.0,19.45,0.0,9.66,14.2,28.5,Clear,
AO23728,Beta,2026,6,3,3,0,52.22,0.0,52.22,0.0,5.57,30.0,37.1,Clear,
AO23780,Sigma,2023,12,2,2,0,6.52,6.52,0.0,0.0,4.04,4.0,5.1,Clear,
AO23780,Sigma,2024,1,6,6,0,21.78,16.0,5.78,0.0,5.92,3.6,26.7,Cloudy,
AO23780,Sigma,2024,2,5,5,0,14.7,4.0,9.370000000000001,1.33,5.93,3.5,26.7,Cloudy,
AO23780,Sigma,2024,3,2,2,0,5.57,4.0,0.0,1.57,7.94,16.3,6.9,Clear,
AO23780,Sigma,2024,4,11,11,0,44.0,16.0,12.0,16.0,6.83,16.0,24.1,Clear,
AO23780,Sigma,2024,5,9,9,0,32.08,16.08,8.0,8.0,8.45,16.0,7.8,Clear,
AO23780,Sigma,2024,6,4,4,0,11.379999999999999,5.71,1.67,4.0,8.72,30.4,33.2,Clear,
AO23780,Sigma,2024,7,11,11,0,41.38,17.38,8.0,16.0,4.42,29.4,11.4,Clear,
AO23780,Sigma,2024,8,11,11,0,31.95,10.56,8.1,13.29,4.41,30.9,31.7,Clear,
AO23780,Sigma,2024,9,4,4,0,16.0,12.0,4.0,0.0,8.33,13.7,22.5,Clear,
AO23780,Sigma,2024,10,5,5,0,20.0,4.0,8.0,8.0,3.56,13.5,12.8,Clear,
AO23780,Sigma,2024,11,4,4,0,15.49,3.49,4.0,8.0,6.61,13.4,19.6,Clear,
AO23780,Sigma,2024,12,6,6,0,24.0,4.0,12.0,8.0,5.63,4.0,5.6,Rainy,
AO23780,Sigma,2025,1,4,4,0,16.0,4.0,8.0,4.0,5.35,3.1,17.1,Windy,
AO23780,Sigma,2025,2,8,8,0,32.0,12.0,16.0,4.0,6.99,4.7,32.4,Clear,
AO23780,Sigma,2025,3,6,6,0,24.0,4.0,8.0,12.0,6.99,16.4,22.6,Clear,
AO23780,Sigma,2025,4,6,6,0,22.509999999999998,4.0,14.51,4.0,5.22,16.3,21.0,Clear,
AO23780,Sigma,2025,5,16,16,0,59.35,13.49,28.0,17.86,2.89,14.9,34.7,Clear,
AO23780,Sigma,2025,6,8,8,0,31.68,12.0,16.0,3.68,4.21,29.6,17.0,Clear,
AO23780,Sigma,2025,7,7,7,0,26.48,4.0,18.48,4.0,8.5,30.3,16.2,Clear,
AO23780,Sigma,2025,8,13,13,0,40.88,16.46,12.88,11.54,5.31,29.6,33.2,Clear,
AO23780,Sigma,2025,9,9,9,0,34.42,16.0,10.42,8.0,10.09,14.1,36.1,Cloudy,
AO23780,Sigma,2025,10,7,7,0,28.0,4.0,24.0,0.0,2.97,14.5,11.1,Clear,
AO23780,Sigma,2025,11,5,5,0,20.0,16.0,4.0,0.0,5.43,13.9,11.7,Clear,
AO23780,Sigma,2025,12,3,3,0,11.719999999999999,7.9,0.0,3.82,6.09,2.4,9.2,Cloudy,
AO23780,Sigma,2026,1,4,4,0,16.0,4.0,4.0,8.0,1.82,3.4,27.8,Cloudy,
AO23780,Sigma,2026,2,3,3,0,12.0,12.0,0.0,0.0,6.99,2.6,43.3,Rainy,
AO23780,Sigma,2026,3,4,4,0,14.73,4.0,6.73,4.0,7.52,15.9,33.6,Clear,
AO23780,Sigma,2026,4,7,7,0,28.0,8.0,20.0,0.0,5.9,14.9,7.2,Clear,
AO23780,Sigma,2026,5,14,14,0,52.86,38.54,10.32,4.0,5.93,16.0,37.6,Clear,
AO23780,Sigma,2026,6,5,5,0,20.0,4.0,16.0,0.0,3.68,29.2,16.4,Clear,
AO23991,Delta,2023,9,9,9,0,29.9,1.9,16.0,12.0,4.2,14.3,30.9,Cloudy,
AO23991,Delta,2023,10,14,14,0,45.36,8.74,11.719999999999999,24.9,4.89,13.4,14.0,Clear,
AO23991,Delta,2023,11,1,1,0,1.86,1.86,0.0,0.0,3.77,16.2,40.9,Clear,
AO23991,Delta,2023,12,7,7,0,24.25,8.0,8.25,8.0,6.69,3.9,42.7,Clear,
AO23991,Delta,2024,1,2,2,0,4.63,0.63,4.0,0.0,3.87,4.6,8.3,Windy,
AO23991,Delta,2024,2,8,8,0,29.61,5.61,20.0,4.0,5.22,1.6,8.1,Cloudy,
AO23991,Delta,2024,3,6,6,0,21.59,4.0,13.59,4.0,3.84,14.7,26.1,Clear,
AO23991,Delta,2024,4,10,10,0,32.29,23.77,4.28,4.24,5.59,16.0,13.9,Clear,
AO23991,Delta,2024,5,9,9,0,35.28,23.310000000000002,8.0,3.97,7.34,14.5,39.6,Clear,
AO23991,Delta,2024,6,10,10,0,38.66,26.66,4.0,8.0,5.79,31.1,8.4,Clear,
AO23991,Delta,2024,7,13,13,0,44.63,32.63,4.0,8.0,10.19,30.4,7.9,Clear,
AO23991,Delta,2024,8,6,6,0,24.0,4.0,8.0,12.0,6.6,29.2,29.4,Clear,
AO23991,Delta,2024,9,4,4,0,14.07,6.07,4.0,4.0,1.74,14.1,25.7,Cloudy,
AO23991,Delta,2024,10,4,4,0,16.0,0.0,8.0,8.0,8.82,13.7,29.2,Cloudy,
AO23991,Delta,2024,11,7,7,0,27.41,8.0,8.0,11.41,4.72,14.5,15.4,Cloudy,
AO23991,Delta,2024,12,3,3,0,12.0,4.0,4.0,4.0,8.63,4.4,19.2,Clear,
AO23991,Delta,2025,1,3,3,0,12.0,4.0,0.0,8.0,4.1,2.8,41.7,Windy,
AO23991,Delta,2025,2,6,6,0,21.64,12.0,4.0,5.64,2.7,2.2,22.3,Rainy,
AO23991,Delta,2025,3,7,7,0,27.7,15.99,3.71,8.0,7.57,14.4,29.2,Clear,
AO23991,Delta,2025,4,4,4,0,13.96,0.0,8.0,5.96,7.2,16.7,15.5,Clear,
AO23991,Delta,2025,5,10,10,0,31.310000000000002,8.0,10.56,12.75,7.66,15.5,41.9,Clear,
AO23991,Delta,2025,6,12,12,0,47.29,12.0,15.29,20.0,6.03,30.8,42.2,Clear,
AO23991,Delta,2025,7,8,8,0,28.63,12.0,8.0,8.63,7.6,30.1,39.5,Clear,
AO23991,Delta,2025,8,6,6,0,21.439999999999998,17.439999999999998,4.0,0.0,5.64,30.5,8.7,Clear,
AO23991,Delta,2025,9,3,3,0,8.26,4.0,4.26,0.0,7.76,14.0,30.8,Cloudy,
AO23991,Delta,2025,10,5,5,0,19.46,11.46,0.0,8.0,3.32,15.0,6.4,Windy,
AO23991,Delta,2025,11,5,5,0,18.060000000000002,10.06,4.0,4.0,5.06,12.1,25.8,Clear,
AO23991,Delta,2025,12,6,6,0,21.29,8.0,9.29,4.0,4.53,2.5,5.8,Windy,
AO23991,Delta,2026,1,5,5,0,19.61,8.0,8.0,3.61,10.13,2.4,44.6,Cloudy,
AO23991,Delta,2026,2,1,1,0,4.0,0.0,4.0,0.0,4.81,4.3,36.4,Windy,
AO23991,Delta,2026,3,5,5,0,20.0,12.0,8.0,0.0,6.75,15.9,12.7,Clear,
AO23991,Delta,2026,4,5,5,0,20.0,8.0,8.0,4.0,3.88,16.2,9.5,Cloudy,
AO23991,Delta,2026,5,12,12,0,45.730000000000004,12.0,21.73,12.0,8.55,16.5,44.2,Clear,
AO23991,Delta,2026,6,9,9,0,25.94,20.66,5.0,0.28,5.71,30.9,40.6,Clear,
AO24023,Alpha,2024,12,2,2,0,8.0,0.0,8.0,0.0,6.83,4.3,10.1,Clear,
AO24023,Alpha,2025,1,1,1,0,4.0,4.0,0.0,0.0,6.83,1.8,19.5,Clear,
AO24023,Alpha,2025,2,3,3,0,9.120000000000001,5.12,0.0,4.0,4.41,3.1,7.6,Cloudy,
AO24023,Alpha,2025,3,2,2,0,6.58,2.58,0.0,4.0,3.39,16.6,6.2,Clear,
AO24023,Alpha,2025,4,3,3,0,8.14,4.0,4.14,0.0,6.08,17.4,32.9,Clear,
AO24023,Alpha,2025,5,12,12,0,34.75,14.25,16.2,4.3,5.74,16.4,25.0,Clear,
AO24023,Alpha,2025,6,9,9,0,32.68,20.68,0.0,12.0,5.72,31.3,9.9,Clear,
AO24023,Alpha,2025,7,7,7,0,28.0,12.0,4.0,12.0,5.69,30.5,25.1,Clear,
AO24023,Alpha,2025,8,5,5,0,14.84,5.45,0.0,9.39,5.7,31.3,41.5,Clear,
AO24023,Alpha,2025,9,2,2,0,8.0,4.0,4.0,0.0,2.82,13.9,30.8,Clear,
AO24023,Alpha,2025,10,5,5,0,17.53,5.53,12.0,0.0,5.62,14.8,39.7,Clear,
AO24023,Alpha,2025,11,5,5,0,15.45,6.46,4.0,4.99,5.01,14.7,40.8,Cloudy,
AO24023,Alpha,2025,12,5,5,0,20.0,12.0,4.0,4.0,4.5,3.9,21.8,Rainy,
AO24023,Alpha,2026,2,4,4,0,14.77,7.98,4.0,2.79,5.69,3.4,32.4,Rainy,
AO24023,Alpha,2026,3,1,1,0,4.0,4.0,0.0,0.0,7.79,15.0,12.6,Clear,
AO24023,Alpha,2026,4,3,3,0,12.0,4.0,4.0,4.0,8.14,14.4,12.6,Cloudy,
AO24023,Alpha,2026,5,8,8,0,31.42,16.0,11.42,4.0,4.96,16.5,8.1,Clear,
AO24023,Alpha,2026,6,6,6,0,22.43,4.0,10.43,8.0,6.68,28.3,6.8,Clear,
AO24033,Alpha,2024,11,8,8,0,27.25,10.85,12.4,4.0,5.65,14.1,32.4,Rainy,
AO24033,Alpha,2024,12,4,4,0,12.32,8.0,0.32,4.0,5.0,4.3,35.5,Clear,
AO24033,Alpha,2025,2,1,1,0,4.0,4.0,0.0,0.0,3.58,3.1,13.9,Cloudy,
AO24033,Alpha,2025,3,3,3,0,12.0,0.0,0.0,12.0,5.63,16.6,28.3,Clear,
AO24033,Alpha,2025,4,7,7,0,28.0,4.0,20.0,4.0,3.58,17.4,36.6,Clear,
AO24033,Alpha,2025,5,9,9,0,36.0,8.0,16.0,12.0,7.23,16.4,30.1,Clear,
AO24033,Alpha,2025,6,8,8,0,28.3,16.0,8.3,4.0,5.21,31.3,8.9,Clear,
AO24033,Alpha,2025,7,5,5,0,15.690000000000001,7.69,8.0,0.0,4.15,30.5,24.5,Clear,
AO24033,Alpha,2025,8,5,5,0,20.0,8.0,4.0,8.0,7.46,31.3,39.7,Clear,
AO24033,Alpha,2025,9,3,3,0,12.0,8.0,4.0,0.0,7.01,13.9,9.5,Clear,
AO24033,Alpha,2025,10,6,6,0,21.15,8.0,13.15,0.0,0.99,14.8,25.1,Clear,
AO24033,Alpha,2025,11,4,4,0,13.61,4.0,8.0,1.61,5.43,14.7,35.3,Cloudy,
AO24033,Alpha,2025,12,7,7,0,25.240000000000002,10.75,4.0,10.49,5.41,3.9,40.2,Rainy,
AO24033,Alpha,2026,1,4,4,0,16.0,12.0,4.0,0.0,7.54,3.1,41.3,Cloudy,
AO24033,Alpha,2026,2,3,3,0,12.0,8.0,0.0,4.0,3.14,3.4,37.9,Rainy,
AO24033,Alpha,2026,3,5,5,0,17.56,1.56,12.0,4.0,7.2,15.0,39.0,Clear,
AO24033,Alpha,2026,4,5,5,0,20.0,16.0,4.0,0.0,5.91,14.4,25.9,Cloudy,
AO24033,Alpha,2026,5,12,12,0,45.94,22.240000000000002,4.0,19.7,7.45,16.5,41.6,Clear,
AO24033,Alpha,2026,6,7,7,0,25.7,8.0,9.7,8.0,6.47,28.3,20.4,Clear,
AO24038,Beta,2024,8,2,2,0,36.17,17.04,19.13,0.0,6.23,30.1,40.9,Clear,
AO24038,Beta,2024,9,1,1,0,16.53,16.53,0.0,0.0,2.0,13.9,9.6,Clear,
AO24038,Beta,2024,10,1,1,0,17.88,0.0,0.0,17.88,4.81,13.1,28.6,Clear,
AO24038,Beta,2024,11,1,1,0,16.05,16.05,0.0,0.0,10.06,12.6,13.7,Clear,
AO24038,Beta,2025,2,1,1,0,14.76,0.0,14.76,0.0,5.72,4.0,10.2,Cloudy,
AO24038,Beta,2025,4,1,1,0,15.66,0.0,15.66,0.0,10.15,16.6,21.4,Clear,
AO24038,Beta,2025,5,2,2,0,38.06,18.9,19.16,0.0,4.5,16.6,39.5,Clear,
AO24038,Beta,2025,6,1,1,0,19.38,19.38,0.0,0.0,6.31,31.6,41.2,Clear,
AO24038,Beta,2025,7,2,2,0,36.120000000000005,20.0,16.12,0.0,3.97,29.2,20.5,Clear,
AO24038,Beta,2025,11,2,2,0,37.75,18.87,0.0,18.88,9.54,14.2,40.3,Clear,
AO24038,Beta,2025,12,1,1,0,15.67,0.0,15.67,0.0,7.36,1.6,44.3,Cloudy,
AO24038,Beta,2026,1,1,1,0,17.97,17.97,0.0,0.0,9.74,2.1,26.6,Cloudy,
AO24038,Beta,2026,3,1,1,0,20.0,20.0,0.0,0.0,5.08,16.3,17.5,Clear,
AO24038,Beta,2026,4,1,1,0,17.31,17.31,0.0,0.0,6.82,16.3,41.6,Clear,
AO24038,Beta,2026,5,1,1,0,18.28,0.0,0.0,18.28,9.01,16.0,30.8,Clear,
AO24080,Gamma,2024,12,2,2,0,4.38,4.0,0.0,0.38,8.51,3.2,6.9,Cloudy,
AO24080,Gamma,2025,1,4,4,0,16.0,12.0,0.0,4.0,4.53,3.0,16.9,Rainy,
AO24080,Gamma,2025,2,7,7,0,28.0,12.0,8.0,8.0,6.17,2.3,17.6,Clear,
AO24080,Gamma,2025,3,2,2,0,6.34,0.0,6.34,0.0,3.63,17.2,12.7,Rainy,
AO24080,Gamma,2025,4,7,7,0,24.58,10.370000000000001,10.21,4.0,6.1,15.2,43.1,Clear,
AO24080,Gamma,2025,5,14,14,0,47.06,22.88,8.18,16.0,5.78,16.4,10.4,Clear,
AO24080,Gamma,2025,6,7,7,0,26.36,3.9,8.0,14.46,3.76,31.1,34.7,Clear,
AO24080,Gamma,2025,7,7,7,0,25.21,4.0,13.21,8.0,7.14,29.2,34.9,Clear,
AO24080,Gamma,2025,8,8,8,0,28.11,1.16,16.0,10.95,7.13,29.8,28.6,Clear,
AO24080,Gamma,2025,9,10,10,0,34.42,11.35,15.07,8.0,5.41,13.7,11.8,Rainy,
AO24080,Gamma,2025,10,7,7,0,21.64,13.64,0.0,8.0,6.49,15.7,31.9,Cloudy,
AO24080,Gamma,2025,11,3,3,0,12.0,4.0,0.0,8.0,6.75,14.3,37.3,Clear,
AO24080,Gamma,2025,12,6,6,0,24.0,8.0,0.0,16.0,12.49,2.7,21.1,Cloudy,
AO24080,Gamma,2026,1,3,3,0,12.0,0.0,8.0,4.0,7.46,3.3,40.7,Cloudy,
AO24080,Gamma,2026,2,3,3,0,11.08,4.0,0.0,7.08,6.91,3.5,29.1,Windy,
AO24080,Gamma,2026,3,7,7,0,22.44,2.44,16.0,4.0,8.12,15.4,7.1,Cloudy,
AO24080,Gamma,2026,4,4,4,0,15.24,0.0,4.0,11.24,5.89,15.5,25.9,Clear,
AO24080,Gamma,2026,5,5,5,0,20.0,16.0,4.0,0.0,5.65,14.6,16.4,Clear,
AO24080,Gamma,2026,6,9,9,0,34.66,3.2,15.46,16.0,8.92,29.9,38.6,Clear,
AO24140,Sigma,2024,9,2,2,0,36.55,0.0,36.55,0.0,7.19,13.7,6.9,Clear,
AO24140,Sigma,2024,10,2,2,0,35.83,18.21,17.62,0.0,4.4,13.5,34.6,Clear,
AO24140,Sigma,2024,11,1,1,0,17.08,0.0,0.0,17.08,6.42,13.4,26.4,Clear,
AO24140,Sigma,2025,2,2,2,0,31.46,16.4,0.0,15.06,8.71,4.7,42.6,Clear,
AO24140,Sigma,2025,3,2,2,0,31.88,31.88,0.0,0.0,3.19,16.4,17.5,Clear,
AO24140,Sigma,2025,5,1,1,0,16.72,16.72,0.0,0.0,8.7,14.9,41.8,Clear,
AO24140,Sigma,2025,6,1,1,0,16.01,0.0,16.01,0.0,3.86,29.6,34.4,Clear,
AO24140,Sigma,2025,7,2,2,0,32.61,17.05,15.56,0.0,7.19,30.3,16.6,Clear,
AO24140,Sigma,2025,9,2,2,0,33.46,0.0,18.42,15.04,10.54,14.1,11.2,Cloudy,
AO24140,Sigma,2025,10,1,1,0,16.18,0.0,0.0,16.18,9.28,14.5,8.3,Clear,
AO24140,Sigma,2025,11,1,1,0,14.94,0.0,14.94,0.0,4.14,13.9,9.1,Clear,
AO24140,Sigma,2025,12,1,1,0,18.18,0.0,0.0,18.18,5.92,2.4,20.8,Cloudy,
AO24140,Sigma,2026,1,1,1,0,18.8,0.0,0.0,18.8,9.33,3.4,13.4,Cloudy,
AO24140,Sigma,2026,2,2,2,0,36.72,36.72,0.0,0.0,8.11,2.6,28.5,Rainy,
AO24140,Sigma,2026,3,1,1,0,18.86,18.86,0.0,0.0,8.73,15.9,11.6,Clear,
AO24140,Sigma,2026,4,2,2,0,32.81,16.4,16.41,0.0,2.24,14.9,35.6,Clear,
AO24140,Sigma,2026,5,2,2,0,35.010000000000005,17.28,0.0,17.73,6.93,16.0,6.0,Clear,
AO24140,Sigma,2026,6,2,2,0,31.340000000000003,14.74,0.0,16.6,6.82,29.2,6.9,Clear,
AO24190,Delta,2024,6,2,2,0,32.86,17.13,15.73,0.0,7.66,31.1,28.9,Clear,
AO24190,Delta,2024,7,2,2,0,30.65,30.65,0.0,0.0,8.02,30.4,35.9,Clear,
AO24190,Delta,2024,8,2,2,0,29.66,13.39,16.27,0.0,5.49,29.2,24.6,Clear,
AO24190,Delta,2024,9,1,1,0,15.16,15.16,0.0,0.0,5.76,14.1,32.5,Cloudy,
AO24190,Delta,2024,10,1,1,0,14.33,0.0,0.0,14.33,4.68,13.7,19.5,Cloudy,
AO24190,Delta,2024,11,2,2,0,36.25,19.29,0.0,16.96,7.89,14.5,18.0,Cloudy,
AO24190,Delta,2025,1,1,1,0,17.02,17.02,0.0,0.0,8.41,2.8,19.9,Windy,
AO24190,Delta,2025,3,1,1,0,15.99,15.99,0.0,0.0,3.41,14.4,23.7,Clear,
AO24190,Delta,2025,4,2,2,0,34.21,16.25,0.0,17.96,10.42,16.7,42.4,Clear,
AO24190,Delta,2025,7,1,1,0,15.02,0.0,15.02,0.0,8.5,30.1,40.6,Clear,
AO24190,Delta,2025,9,1,1,0,18.42,0.0,18.42,0.0,4.76,14.0,6.1,Cloudy,
AO24190,Delta,2025,10,2,2,0,30.1,18.51,11.59,0.0,7.5,15.0,27.3,Windy,
AO24190,Delta,2025,11,2,2,0,37.07,17.75,19.32,0.0,6.79,12.1,6.3,Clear,
AO24190,Delta,2026,1,2,2,0,35.81,16.2,0.0,19.61,7.63,2.4,43.0,Cloudy,
AO24190,Delta,2026,4,1,1,0,15.87,0.0,0.0,15.87,6.2,16.2,19.5,Cloudy,
AO24190,Delta,2026,5,1,1,0,15.12,15.12,0.0,0.0,4.55,16.5,24.6,Clear,
AO24190,Delta,2026,6,2,2,0,35.76,35.76,0.0,0.0,3.29,30.9,37.7,Clear,
AO24225,Beta,2024,9,9,9,0,34.15,14.75,8.0,11.4,7.22,13.9,7.5,Clear,
AO24225,Beta,2024,10,8,8,0,25.92,8.0,8.0,9.92,9.13,13.1,27.2,Clear,
AO24225,Beta,2024,11,4,4,0,16.0,8.0,4.0,4.0,2.97,12.6,27.2,Clear,
AO24225,Beta,2024,12,4,4,0,16.0,8.0,0.0,8.0,7.77,2.2,9.6,Rainy,
AO24225,Beta,2025,1,7,7,0,23.71,12.0,4.0,7.71,5.26,3.7,31.7,Cloudy,
AO24225,Beta,2025,2,3,3,0,12.0,8.0,4.0,0.0,4.45,4.0,22.1,Cloudy,
AO24225,Beta,2025,3,6,6,0,17.759999999999998,11.36,2.4,4.0,6.03,15.5,34.7,Cloudy,
AO24225,Beta,2025,4,9,9,0,33.97,4.0,10.42,19.55,8.95,16.6,38.0,Clear,
AO24225,Beta,2025,5,5,5,0,17.37,13.370000000000001,4.0,0.0,6.24,16.6,22.4,Clear,
AO24225,Beta,2025,6,10,10,0,39.36,15.61,15.75,8.0,7.09,31.6,39.5,Clear,
AO24225,Beta,2025,7,4,4,0,12.02,4.0,4.02,4.0,6.86,29.2,44.9,Clear,
AO24225,Beta,2025,8,6,6,0,18.36,5.3,9.06,4.0,7.05,30.2,30.5,Clear,
AO24225,Beta,2025,9,7,7,0,28.0,16.0,8.0,4.0,4.29,15.1,31.9,Clear,
AO24225,Beta,2025,10,8,8,0,28.33,12.0,8.33,8.0,4.09,14.2,34.9,Clear,
AO24225,Beta,2025,11,5,5,0,17.86,8.0,8.0,1.86,5.46,14.2,5.2,Clear,
AO24225,Beta,2025,12,8,8,0,30.240000000000002,14.24,8.0,8.0,4.76,1.6,33.6,Cloudy,
AO24225,Beta,2026,1,7,7,0,24.53,16.0,4.53,4.0,5.26,2.1,10.7,Cloudy,
AO24225,Beta,2026,2,1,1,0,0.44,0.0,0.0,0.44,4.6,2.4,24.2,Rainy,
AO24225,Beta,2026,3,5,5,0,20.0,8.0,8.0,4.0,2.73,16.3,21.9,Clear,
AO24225,Beta,2026,4,5,5,0,16.08,12.08,0.0,4.0,1.66,16.3,29.5,Clear,
AO24225,Beta,2026,5,12,12,0,47.72,24.0,11.72,12.0,1.93,16.0,32.4,Clear,
AO24225,Beta,2026,6,16,16,0,58.78,29.47,25.310000000000002,4.0,6.14,30.0,41.9,Clear,
AO24250,Alpha,2024,3,2,2,0,29.85,15.08,14.77,0.0,4.67,16.4,17.9,Cloudy,
AO24250,Alpha,2024,4,2,2,0,36.61,17.11,19.5,0.0,3.01,16.7,12.4,Clear,
AO24250,Alpha,2024,5,3,3,0,50.72,0.0,35.97,14.75,6.95,15.8,11.0,Clear,
AO24250,Alpha,2024,7,1,1,0,17.46,17.46,0.0,0.0,4.03,29.5,11.3,Clear,
AO24250,Alpha,2024,9,2,2,0,34.730000000000004,34.730000000000004,0.0,0.0,5.9,13.1,5.1,Cloudy,
AO24250,Alpha,2025,4,2,2,0,36.129999999999995,36.129999999999995,0.0,0.0,5.27,17.4,11.6,Clear,
AO24250,Alpha,2025,6,1,1,0,15.68,15.68,0.0,0.0,4.28,31.3,22.4,Clear,
AO24250,Alpha,2025,7,1,1,0,15.61,0.0,15.61,0.0,7.79,30.5,14.5,Clear,
AO24250,Alpha,2025,9,2,2,0,32.96,0.0,0.0,32.96,10.58,13.9,13.2,Clear,
AO24250,Alpha,2025,11,2,2,0,27.53,14.54,0.0,12.99,5.22,14.7,16.6,Cloudy,
AO24250,Alpha,2026,1,2,2,0,36.86,0.0,36.86,0.0,4.83,3.1,34.1,Cloudy,
AO24250,Alpha,2026,6,2,2,0,35.260000000000005,0.0,18.0,17.26,3.78,28.3,38.1,Clear,
AO24278,Delta,2024,4,14,14,0,49.55,22.17,19.189999999999998,8.190000000000001,9.05,16.0,6.6,Clear,
AO24278,Delta,2024,5,9,9,0,30.55,11.36,7.1899999999999995,12.0,3.99,14.5,9.6,Clear,
AO24278,Delta,2024,6,14,14,0,43.48,22.96,13.58,6.9399999999999995,6.9,31.1,24.5,Clear,
AO24278,Delta,2024,7,14,14,0,52.78,32.78,12.0,8.0,4.19,30.4,6.2,Clear,
AO24278,Delta,2024,8,9,9,0,26.84,5.5600000000000005,13.28,8.0,3.93,29.2,36.0,Clear,
AO24278,Delta,2024,9,7,7,0,27.95,12.0,11.95,4.0,5.34,14.1,11.8,Cloudy,
AO24278,Delta,2024,10,7,7,0,27.39,0.0,12.0,15.39,8.22,13.7,18.8,Cloudy,
AO24278,Delta,2024,11,10,10,0,36.96,12.0,8.0,16.96,4.53,14.5,13.9,Cloudy,
AO24278,Delta,2024,12,2,2,0,7.57,3.57,0.0,4.0,4.73,4.4,12.8,Clear,
AO24278,Delta,2025,1,2,2,0,8.0,4.0,4.0,0.0,7.04,2.8,20.9,Windy,
AO24278,Delta,2025,2,5,5,0,13.93,8.2,4.0,1.73,9.33,2.2,7.0,Rainy,
AO24278,Delta,2025,3,6,6,0,24.0,16.0,0.0,8.0,7.51,14.4,44.8,Clear,
AO24278,Delta,2025,4,9,9,0,28.79,16.0,4.5600000000000005,8.23,5.71,16.7,19.4,Clear,
AO24278,Delta,2025,5,13,13,0,44.26,16.41,15.85,12.0,7.25,15.5,42.1,Clear,
AO24278,Delta,2025,6,9,9,0,32.98,12.0,10.34,10.64,2.61,30.8,31.9,Clear,
AO24278,Delta,2025,7,4,4,0,9.370000000000001,5.37,0.0,4.0,4.51,30.1,10.6,Clear,
AO24278,Delta,2025,8,11,11,0,40.81,16.0,14.26,10.55,6.64,30.5,31.2,Clear,
AO24278,Delta,2025,9,8,8,0,25.18,4.0,16.6,4.58,4.05,14.0,32.1,Cloudy,
AO24278,Delta,2025,10,7,7,0,25.09,9.09,8.0,8.0,3.07,15.0,14.5,Windy,
AO24278,Delta,2025,11,3,3,0,11.39,3.39,8.0,0.0,4.56,12.1,17.7,Clear,
AO24278,Delta,2025,12,3,3,0,12.0,8.0,4.0,0.0,4.9,2.5,8.8,Windy,
AO24278,Delta,2026,1,5,5,0,18.84,0.0,10.84,8.0,6.63,2.4,14.5,Cloudy,
AO24278,Delta,2026,2,3,3,0,10.05,4.0,0.0,6.05,10.69,4.3,14.7,Windy,
AO24278,Delta,2026,3,6,6,0,20.1,8.1,8.0,4.0,5.61,15.9,5.8,Clear,
AO24278,Delta,2026,4,4,4,0,13.870000000000001,4.0,5.87,4.0,8.6,16.2,37.8,Cloudy,
AO24278,Delta,2026,5,8,8,0,32.0,0.0,16.0,16.0,5.27,16.5,14.6,Clear,
AO24278,Delta,2026,6,7,7,0,28.0,12.0,16.0,0.0,5.1,30.9,18.0,Clear,
AO24322,Beta,2024,1,4,4,0,16.0,4.0,4.0,8.0,5.54,3.1,28.3,Windy,
AO24322,Beta,2024,2,3,3,0,12.0,0.0,8.0,4.0,6.56,2.3,9.8,Cloudy,
AO24322,Beta,2024,3,8,8,0,27.62,16.0,4.89,6.73,4.37,16.7,32.7,Clear,
AO24322,Beta,2024,4,11,11,0,44.0,20.0,8.0,16.0,7.62,17.3,24.1,Clear,
AO24322,Beta,2024,5,14,14,0,52.2,13.120000000000001,28.0,11.08,6.1,15.8,31.3,Clear,
AO24322,Beta,2024,6,9,9,0,30.22,18.22,12.0,0.0,6.35,30.9,28.5,Clear,
AO24322,Beta,2024,7,11,11,0,35.49,21.15,10.34,4.0,6.86,31.1,25.5,Clear,
AO24322,Beta,2024,8,14,14,0,56.0,24.0,12.0,20.0,5.69,30.1,21.6,Clear,
AO24322,Beta,2024,9,11,11,0,40.53,20.53,12.0,8.0,3.08,13.9,31.3,Clear,
AO24322,Beta,2024,10,8,8,0,32.0,12.0,4.0,16.0,4.32,13.1,24.7,Clear,
AO24322,Beta,2024,11,6,6,0,24.0,16.0,4.0,4.0,6.58,12.6,32.9,Clear,
AO24322,Beta,2024,12,3,3,0,9.19,5.1899999999999995,0.0,4.0,6.27,2.2,26.5,Rainy,
AO24322,Beta,2025,1,5,5,0,20.0,8.0,4.0,8.0,7.78,3.7,17.0,Cloudy,
AO24322,Beta,2025,2,3,3,0,6.98,2.98,4.0,0.0,6.32,4.0,23.0,Cloudy,
AO24322,Beta,2025,3,11,11,0,44.0,32.0,4.0,8.0,5.09,15.5,23.1,Cloudy,
AO24322,Beta,2025,4,5,5,0,19.66,4.0,7.66,8.0,7.3,16.6,41.1,Clear,
AO24322,Beta,2025,5,8,8,0,32.0,24.0,4.0,4.0,7.29,16.6,25.3,Clear,
AO24322,Beta,2025,6,13,13,0,47.98,20.75,16.0,11.23,6.22,31.6,20.6,Clear,
AO24322,Beta,2025,7,10,10,0,37.14,21.14,8.0,8.0,4.74,29.2,18.1,Clear,
AO24322,Beta,2025,8,5,5,0,18.259999999999998,12.0,6.26,0.0,6.7,30.2,11.8,Clear,
AO24322,Beta,2025,9,8,8,0,26.53,20.95,2.31,3.27,3.58,15.1,6.4,Clear,
AO24322,Beta,2025,10,2,2,0,8.0,4.0,4.0,0.0,5.19,14.2,6.9,Clear,
AO24322,Beta,2025,11,6,6,0,23.08,12.0,11.08,0.0,4.82,14.2,39.1,Clear,
AO24322,Beta,2025,12,3,3,0,12.0,4.0,4.0,4.0,4.9,1.6,18.6,Cloudy,
AO24322,Beta,2026,1,4,4,0,16.0,12.0,4.0,0.0,4.77,2.1,30.8,Cloudy,
AO24322,Beta,2026,2,4,4,0,13.54,9.54,0.0,4.0,7.88,2.4,37.8,Rainy,
AO24322,Beta,2026,3,5,5,0,20.0,12.0,0.0,8.0,3.42,16.3,11.8,Clear,
AO24322,Beta,2026,4,9,9,0,30.96,18.13,8.0,4.83,9.02,16.3,7.6,Clear,
AO24322,Beta,2026,5,7,7,0,25.259999999999998,13.26,8.0,4.0,7.85,16.0,25.2,Clear,
AO24322,Beta,2026,6,8,8,0,29.36,12.0,13.36,4.0,6.95,30.0,29.2,Clear,
AO24361,Alpha,2024,7,2,2,0,39.31,39.31,0.0,0.0,5.11,29.5,31.2,Clear,
AO24361,Alpha,2024,8,2,2,0,31.990000000000002,17.35,14.64,0.0,7.31,28.6,10.4,Clear,
AO24361,Alpha,2024,9,1,1,0,17.47,17.47,0.0,0.0,6.32,13.1,18.9,Cloudy,
AO24361,Alpha,2024,10,1,1,0,15.24,0.0,0.0,15.24,6.94,13.6,15.0,Clear,
AO24361,Alpha,2024,11,1,1,0,17.72,0.0,17.72,0.0,5.05,14.1,21.9,Rainy,
AO24361,Alpha,2025,3,1,1,0,19.6,0.0,0.0,19.6,6.68,16.6,36.1,Clear,
AO24361,Alpha,2025,5,2,2,0,37.56,0.0,0.0,37.56,6.29,16.4,43.6,Clear,
AO24361,Alpha,2025,6,2,2,0,30.34,16.02,14.32,0.0,5.68,31.3,21.3,Clear,
AO24361,Alpha,2025,7,1,1,0,15.23,0.0,15.23,0.0,4.96,30.5,43.1,Clear,
AO24361,Alpha,2025,9,2,2,0,33.64,17.5,16.14,0.0,3.95,13.9,6.6,Clear,
AO24361,Alpha,2025,10,1,1,0,17.53,17.53,0.0,0.0,6.35,14.8,11.9,Clear,
AO24361,Alpha,2025,11,1,1,0,16.01,0.0,0.0,16.01,4.61,14.7,14.9,Cloudy,
AO24361,Alpha,2026,1,1,1,0,14.27,0.0,0.0,14.27,2.33,3.1,30.0,Cloudy,
AO24361,Alpha,2026,2,2,2,0,33.269999999999996,15.98,17.29,0.0,8.3,3.4,6.1,Rainy,
AO24361,Alpha,2026,5,1,1,0,17.14,0.0,17.14,0.0,3.37,16.5,21.6,Clear,
AO24361,Alpha,2026,6,2,2,0,32.760000000000005,0.0,32.760000000000005,0.0,6.33,28.3,15.4,Clear,
AO24366,Sigma,2024,4,2,2,0,34.480000000000004,17.81,0.0,16.67,4.35,16.0,5.4,Clear,
AO24366,Sigma,2024,5,2,2,0,32.510000000000005,16.28,16.23,0.0,5.47,16.0,9.3,Clear,
AO24366,Sigma,2024,6,2,2,0,28.25,14.84,13.41,0.0,7.38,30.4,18.2,Clear,
AO24366,Sigma,2024,7,4,4,0,66.78,34.56,0.0,32.22,7.72,29.4,19.7,Clear,
AO24366,Sigma,2024,8,1,1,0,18.48,0.0,0.0,18.48,11.42,30.9,7.3,Clear,
AO24366,Sigma,2024,9,3,3,0,53.29,17.5,35.79,0.0,4.01,13.7,18.2,Clear,
AO24366,Sigma,2024,10,2,2,0,33.879999999999995,18.79,0.0,15.09,8.02,13.5,39.3,Clear,
AO24366,Sigma,2024,11,1,1,0,13.74,13.74,0.0,0.0,7.11,13.4,36.7,Clear,
AO24366,Sigma,2024,12,1,1,0,17.22,0.0,17.22,0.0,2.29,4.0,36.7,Rainy,
AO24366,Sigma,2025,1,1,1,0,17.81,0.0,17.81,0.0,2.34,3.1,11.9,Windy,
AO24366,Sigma,2025,2,1,1,0,17.56,0.0,17.56,0.0,5.88,4.7,40.7,Clear,
AO24366,Sigma,2025,3,1,1,0,16.06,0.0,0.0,16.06,8.89,16.4,36.6,Clear,
AO24366,Sigma,2025,5,2,2,0,29.689999999999998,16.32,13.37,0.0,7.08,14.9,35.4,Clear,
AO24366,Sigma,2025,8,3,3,0,53.39,53.39,0.0,0.0,7.11,29.6,43.5,Clear,
AO24366,Sigma,2025,9,1,1,0,17.42,17.42,0.0,0.0,6.87,14.1,38.1,Cloudy,
AO24366,Sigma,2025,10,2,2,0,34.370000000000005,0.0,0.0,34.370000000000005,6.74,14.5,23.0,Clear,
AO24366,Sigma,2025,11,1,1,0,18.44,18.44,0.0,0.0,9.77,13.9,40.6,Clear,
AO24366,Sigma,2025,12,2,2,0,37.82,19.17,18.65,0.0,5.52,2.4,34.8,Cloudy,
AO24366,Sigma,2026,1,1,1,0,19.57,0.0,0.0,19.57,9.03,3.4,10.1,Cloudy,
AO24366,Sigma,2026,2,2,2,0,33.4,20.0,13.4,0.0,7.7,2.6,42.1,Rainy,
AO24366,Sigma,2026,6,1,1,0,17.98,17.98,0.0,0.0,5.34,29.2,7.7,Clear,
AO24395,Beta,2024,5,1,1,0,19.08,0.0,0.0,19.08,7.46,15.8,36.1,Clear,
AO24395,Beta,2024,6,1,1,0,17.48,0.0,17.48,0.0,8.99,30.9,39.6,Clear,
AO24395,Beta,2024,8,3,3,0,50.760000000000005,33.32,0.0,17.44,4.5,30.1,31.1,Clear,
AO24395,Beta,2024,10,1,1,0,18.62,18.62,0.0,0.0,10.24,13.1,31.8,Clear,
AO24395,Beta,2024,11,1,1,0,16.67,0.0,0.0,16.67,7.7,12.6,5.0,Clear,
AO24395,Beta,2025,2,1,1,0,17.49,17.49,0.0,0.0,10.0,4.0,25.3,Cloudy,
AO24395,Beta,2025,4,1,1,0,15.55,0.0,0.0,15.55,3.71,16.6,32.3,Clear,
AO24395,Beta,2025,5,1,1,0,17.29,0.0,17.29,0.0,5.38,16.6,20.6,Clear,
AO24395,Beta,2025,9,1,1,0,18.22,18.22,0.0,0.0,4.91,15.1,6.9,Clear,
AO24395,Beta,2025,10,1,1,0,20.0,0.0,0.0,20.0,2.6,14.2,23.4,Clear,
AO24395,Beta,2025,12,1,1,0,16.57,0.0,0.0,16.57,6.15,1.6,18.8,Cloudy,
AO24395,Beta,2026,4,1,1,0,13.25,0.0,0.0,13.25,1.88,16.3,31.5,Clear,
AO24395,Beta,2026,5,1,1,0,15.94,0.0,0.0,15.94,3.49,16.0,18.6,Clear,
AO24395,Beta,2026,6,1,1,0,14.83,14.83,0.0,0.0,7.14,30.0,36.5,Clear,
AO24416,Alpha,2024,4,2,2,0,34.36,0.0,0.0,34.36,5.81,16.7,14.3,Clear,
AO24416,Alpha,2024,5,1,1,0,16.61,0.0,16.61,0.0,3.67,15.8,24.7,Clear,
AO24416,Alpha,2024,6,3,3,0,53.08,33.45,0.0,19.63,3.85,30.3,31.3,Clear,
AO24416,Alpha,2024,7,1,1,0,17.06,17.06,0.0,0.0,5.99,29.5,26.0,Clear,
AO24416,Alpha,2024,8,4,4,0,66.31,16.55,32.68,17.08,7.16,28.6,37.6,Clear,
AO24416,Alpha,2024,10,1,1,0,17.24,17.24,0.0,0.0,5.62,13.6,34.9,Clear,
AO24416,Alpha,2024,12,2,2,0,33.76,15.19,18.57,0.0,5.71,4.3,31.9,Clear,
AO24416,Alpha,2025,2,1,1,0,17.58,17.58,0.0,0.0,5.1,3.1,6.8,Cloudy,
AO24416,Alpha,2025,3,2,2,0,36.06,0.0,0.0,36.06,4.22,16.6,32.5,Clear,
AO24416,Alpha,2025,5,1,1,0,18.99,0.0,18.99,0.0,4.45,16.4,36.9,Clear,
AO24416,Alpha,2025,8,2,2,0,35.1,35.1,0.0,0.0,6.96,31.3,12.7,Clear,
AO24416,Alpha,2025,9,1,1,0,14.87,0.0,14.87,0.0,5.54,13.9,36.1,Clear,
AO24416,Alpha,2025,10,2,2,0,37.38,0.0,18.62,18.76,10.37,14.8,20.5,Clear,
AO24416,Alpha,2025,11,3,3,0,53.540000000000006,34.99,0.0,18.55,7.15,14.7,26.0,Cloudy,
AO24416,Alpha,2026,2,1,1,0,15.1,15.1,0.0,0.0,7.1,3.4,32.1,Rainy,
AO24416,Alpha,2026,3,1,1,0,15.01,0.0,0.0,15.01,6.39,15.0,5.0,Clear,
AO24416,Alpha,2026,4,1,1,0,11.49,0.0,0.0,11.49,5.08,14.4,40.8,Cloudy,
AO24416,Alpha,2026,5,3,3,0,53.19,18.3,17.6,17.29,8.53,16.5,24.1,Clear,
AO24451,Gamma,2024,6,10,10,0,34.89,26.89,0.0,8.0,5.24,31.2,9.5,Clear,
AO24451,Gamma,2024,7,7,7,0,21.79,6.4,4.0,11.39,8.24,29.5,32.7,Clear,
AO24451,Gamma,2024,8,21,21,0,78.78,50.02,13.93,14.83,5.37,30.1,9.4,Clear,
AO24451,Gamma,2024,9,8,8,0,31.28,0.0,20.0,11.28,7.95,14.5,8.5,Cloudy,
AO24451,Gamma,2024,10,6,6,0,22.16,6.16,12.0,4.0,2.26,13.6,21.1,Rainy,
AO24451,Gamma,2024,11,6,6,0,23.32,11.32,8.0,4.0,4.07,14.5,19.6,Cloudy,
AO24451,Gamma,2024,12,4,4,0,9.36,7.65,1.71,0.0,6.99,3.2,13.8,Cloudy,
AO24451,Gamma,2025,1,3,3,0,9.26,5.26,0.0,4.0,7.51,3.0,13.1,Rainy,
AO24451,Gamma,2025,2,7,7,0,28.0,8.0,12.0,8.0,3.78,2.3,40.9,Clear,
AO24451,Gamma,2025,3,7,7,0,27.17,4.0,15.17,8.0,6.4,17.2,40.3,Rainy,
AO24451,Gamma,2025,4,8,8,0,31.05,16.0,7.05,8.0,4.66,15.2,12.3,Clear,
AO24451,Gamma,2025,5,15,15,0,54.83,29.48,9.35,16.0,6.33,16.4,27.2,Clear,
AO24451,Gamma,2025,6,11,11,0,41.5,12.0,11.01,18.490000000000002,7.72,31.1,13.4,Clear,
AO24451,Gamma,2025,7,11,11,0,40.76,18.84,9.92,12.0,5.17,29.2,21.4,Clear,
AO24451,Gamma,2025,8,7,7,0,26.85,12.0,6.85,8.0,0.13,29.8,26.2,Clear,
AO24451,Gamma,2025,9,10,10,0,38.89,11.05,20.0,7.84,5.82,13.7,17.5,Rainy,
AO24451,Gamma,2025,10,6,6,0,22.34,10.34,4.0,8.0,6.47,15.7,12.4,Cloudy,
AO24451,Gamma,2025,11,8,8,0,25.22,5.5600000000000005,8.0,11.66,6.03,14.3,21.9,Clear,
AO24451,Gamma,2025,12,4,4,0,16.0,12.0,4.0,0.0,6.43,2.7,39.0,Cloudy,
AO24451,Gamma,2026,1,2,2,0,5.46,0.0,5.46,0.0,4.64,3.3,22.8,Cloudy,
AO24451,Gamma,2026,2,2,2,0,8.0,4.0,0.0,4.0,6.98,3.5,25.9,Windy,
AO24451,Gamma,2026,3,9,9,0,30.4,8.45,14.56,7.390000000000001,6.8,15.4,18.4,Cloudy,
AO24451,Gamma,2026,4,9,9,0,35.35,8.0,12.0,15.35,8.83,15.5,34.3,Clear,
AO24451,Gamma,2026,5,5,5,0,20.0,16.0,0.0,4.0,6.51,14.6,35.3,Clear,
AO24451,Gamma,2026,6,6,6,0,19.23,4.34,8.0,6.890000000000001,7.68,29.9,17.5,Clear,
AO24475,Gamma,2024,3,7,7,0,26.23,18.23,4.0,4.0,7.09,13.7,5.3,Cloudy,
AO24475,Gamma,2024,4,12,12,0,43.12,29.9,12.0,1.22,7.27,14.4,29.5,Clear,
AO24475,Gamma,2024,5,9,9,0,36.0,28.0,4.0,4.0,5.34,17.0,14.6,Clear,
AO24475,Gamma,2024,6,11,11,0,42.7,28.0,4.0,10.7,11.83,31.2,36.5,Clear,
AO24475,Gamma,2024,7,10,10,0,37.59,28.0,1.59,8.0,4.0,29.5,28.4,Clear,
AO24475,Gamma,2024,8,12,12,0,42.84,30.65,12.19,0.0,7.44,30.1,11.9,Clear,
AO24475,Gamma,2024,9,9,9,0,33.14,4.0,17.14,12.0,7.67,14.5,9.3,Cloudy,
AO24475,Gamma,2024,10,3,3,0,12.0,4.0,8.0,0.0,9.02,13.6,13.8,Rainy,
AO24475,Gamma,2024,11,3,3,0,12.0,4.0,4.0,4.0,7.88,14.5,7.3,Cloudy,
AO24475,Gamma,2024,12,3,3,0,12.0,4.0,4.0,4.0,7.24,3.2,34.2,Cloudy,
AO24475,Gamma,2025,1,3,3,0,12.0,4.0,0.0,8.0,6.9,3.0,18.2,Rainy,
AO24475,Gamma,2025,2,4,4,0,15.49,8.0,4.0,3.49,8.19,2.3,36.3,Clear,
AO24475,Gamma,2025,3,6,6,0,16.22,5.71,8.52,1.99,7.92,17.2,27.5,Rainy,
AO24475,Gamma,2025,4,11,11,0,44.0,28.0,8.0,8.0,8.38,15.2,28.4,Clear,
AO24475,Gamma,2025,5,14,14,0,49.84,25.84,8.0,16.0,8.37,16.4,21.3,Clear,
AO24475,Gamma,2025,6,8,8,0,23.79,8.0,4.57,11.22,1.99,31.1,9.4,Clear,
AO24475,Gamma,2025,7,9,9,0,33.23,20.0,9.23,4.0,2.3,29.2,7.9,Clear,
AO24475,Gamma,2025,8,11,11,0,38.62,16.69,13.93,8.0,4.91,29.8,41.9,Clear,
AO24475,Gamma,2025,9,13,13,0,51.49,16.0,23.490000000000002,12.0,7.11,13.7,14.4,Rainy,
AO24475,Gamma,2025,10,8,8,0,31.35,15.35,12.0,4.0,6.85,15.7,20.9,Cloudy,
AO24475,Gamma,2025,11,7,7,0,25.05,12.0,4.0,9.05,5.54,14.3,22.1,Clear,
AO24475,Gamma,2025,12,2,2,0,6.77,6.77,0.0,0.0,5.69,2.7,20.2,Cloudy,
AO24475,Gamma,2026,3,8,8,0,31.29,4.0,23.29,4.0,9.53,15.4,33.4,Cloudy,
AO24475,Gamma,2026,4,6,6,0,20.54,4.0,0.0,16.54,5.54,15.5,18.8,Clear,
AO24475,Gamma,2026,5,6,6,0,18.15,14.15,4.0,0.0,7.19,14.6,16.2,Clear,
AO24475,Gamma,2026,6,7,7,0,28.0,8.0,12.0,8.0,6.31,29.9,37.1,Clear,
AO24481,Beta,2025,3,4,4,0,16.0,12.0,0.0,4.0,5.23,15.5,14.7,Cloudy,
AO24481,Beta,2025,4,3,3,0,12.0,8.0,0.0,4.0,8.86,16.6,14.4,Clear,
AO24481,Beta,2025,5,7,7,0,24.740000000000002,12.0,12.74,0.0,3.31,16.6,11.9,Clear,
AO24481,Beta,2025,6,9,9,0,32.15,8.15,20.0,4.0,2.52,31.6,8.1,Clear,
AO24481,Beta,2025,7,4,4,0,16.0,12.0,4.0,0.0,4.93,29.2,44.9,Clear,
AO24481,Beta,2025,8,7,7,0,28.0,16.0,12.0,0.0,4.86,30.2,25.9,Clear,
AO24481,Beta,2025,9,6,6,0,20.35,16.35,4.0,0.0,11.24,15.1,27.2,Clear,
AO24481,Beta,2025,10,3,3,0,10.2,6.2,0.0,4.0,5.01,14.2,24.3,Clear,
AO24481,Beta,2025,11,3,3,0,12.0,12.0,0.0,0.0,8.16,14.2,44.6,Clear,
AO24481,Beta,2025,12,1,1,0,4.0,0.0,4.0,0.0,3.64,1.6,41.0,Cloudy,
AO24481,Beta,2026,1,4,4,0,16.0,8.0,8.0,0.0,5.94,2.1,44.6,Cloudy,
AO24481,Beta,2026,2,3,3,0,12.0,4.0,0.0,8.0,7.32,2.4,28.4,Rainy,
AO24481,Beta,2026,3,5,5,0,20.0,8.0,8.0,4.0,6.16,16.3,21.6,Clear,
AO24481,Beta,2026,4,4,4,0,13.25,8.0,0.0,5.25,7.34,16.3,33.2,Clear,
AO24481,Beta,2026,5,6,6,0,24.0,12.0,0.0,12.0,4.92,16.0,30.4,Clear,
AO24481,Beta,2026,6,11,11,0,36.54,14.15,15.49,6.9,5.03,30.0,18.6,Clear,
AO24578,Delta,2024,11,4,4,0,16.0,4.0,8.0,4.0,6.68,14.5,9.8,Cloudy,
AO24578,Delta,2025,1,1,1,0,4.0,0.0,4.0,0.0,3.85,2.8,23.9,Windy,
AO24578,Delta,2025,2,6,6,0,22.17,8.0,6.17,8.0,2.71,2.2,7.0,Rainy,
AO24578,Delta,2025,3,6,6,0,23.87,11.870000000000001,0.0,12.0,1.03,14.4,24.2,Clear,
AO24578,Delta,2025,4,4,4,0,6.18,2.09,4.09,0.0,6.51,16.7,15.0,Clear,
AO24578,Delta,2025,5,13,13,0,47.0,9.36,25.64,12.0,5.65,15.5,40.2,Clear,
AO24578,Delta,2025,6,8,8,0,30.02,11.49,10.53,8.0,7.63,30.8,13.8,Clear,
AO24578,Delta,2025,7,7,7,0,23.67,6.279999999999999,11.02,6.37,3.26,30.1,39.6,Clear,
AO24578,Delta,2025,8,4,4,0,5.84,5.5600000000000005,0.28,0.0,5.86,30.5,26.8,Clear,
AO24578,Delta,2025,9,6,6,0,21.02,8.0,9.02,4.0,4.4,14.0,23.9,Cloudy,
AO24578,Delta,2025,10,6,6,0,19.09,12.0,3.09,4.0,7.14,15.0,9.6,Windy,
AO24578,Delta,2025,11,3,3,0,11.49,8.0,3.49,0.0,6.24,12.1,12.1,Clear,
AO24578,Delta,2025,12,3,3,0,10.58,6.58,0.0,4.0,4.2,2.5,39.6,Windy,
AO24578,Delta,2026,1,5,5,0,14.33,9.31,5.02,0.0,5.81,2.4,36.0,Cloudy,
AO24578,Delta,2026,2,4,4,0,12.82,4.0,4.0,4.82,5.78,4.3,40.4,Windy,
AO24578,Delta,2026,3,7,7,0,26.23,16.0,7.82,2.41,5.58,15.9,43.3,Clear,
AO24578,Delta,2026,4,6,6,0,16.759999999999998,4.8,3.96,8.0,4.72,16.2,33.1,Cloudy,
AO24578,Delta,2026,5,12,12,0,44.32,8.32,12.0,24.0,8.39,16.5,24.6,Clear,
AO24578,Delta,2026,6,6,6,0,15.64,5.8,5.84,4.0,7.77,30.9,27.7,Clear,
AO24579,Gamma,2024,10,1,1,0,19.57,19.57,0.0,0.0,8.73,13.6,40.4,Rainy,
AO24579,Gamma,2024,11,1,1,0,20.0,20.0,0.0,0.0,5.84,14.5,15.3,Cloudy,
AO24579,Gamma,2025,1,1,1,0,15.61,0.0,15.61,0.0,8.85,3.0,6.0,Rainy,
AO24579,Gamma,2025,3,1,1,0,17.99,0.0,0.0,17.99,7.35,17.2,29.0,Rainy,
AO24579,Gamma,2025,4,2,2,0,31.35,14.65,0.0,16.7,6.56,15.2,7.0,Clear,
AO24579,Gamma,2025,5,3,3,0,51.0,32.26,0.0,18.74,4.84,16.4,28.9,Clear,
AO24579,Gamma,2025,6,3,3,0,52.65,18.07,0.0,34.58,6.84,31.1,38.3,Clear,
AO24579,Gamma,2025,7,1,1,0,17.02,17.02,0.0,0.0,5.19,29.2,42.7,Clear,
AO24579,Gamma,2025,8,2,2,0,33.58,15.64,0.0,17.94,8.44,29.8,29.1,Clear,
AO24579,Gamma,2025,9,1,1,0,15.84,0.0,0.0,15.84,10.23,13.7,17.4,Rainy,
AO24579,Gamma,2025,10,1,1,0,18.34,18.34,0.0,0.0,7.79,15.7,42.7,Cloudy,
AO24579,Gamma,2026,2,1,1,0,16.14,0.0,16.14,0.0,6.09,3.5,44.4,Windy,
AO24579,Gamma,2026,3,1,1,0,20.0,0.0,20.0,0.0,6.6,15.4,25.3,Cloudy,
AO24579,Gamma,2026,4,3,3,0,48.91,0.0,18.82,30.089999999999996,6.53,15.5,16.2,Clear,
AO24579,Gamma,2026,5,2,2,0,35.93,35.93,0.0,0.0,6.87,14.6,10.9,Clear,
AO24579,Gamma,2026,6,2,2,0,34.08,0.0,34.08,0.0,8.72,29.9,13.5,Clear,
AO24582,Sigma,2025,1,1,1,0,18.09,0.0,0.0,18.09,4.82,3.1,5.7,Windy,
AO24582,Sigma,2025,4,1,1,0,16.88,16.88,0.0,0.0,5.75,16.3,28.9,Clear,
AO24582,Sigma,2025,5,1,1,0,14.89,14.89,0.0,0.0,6.47,14.9,28.8,Clear,
AO24582,Sigma,2025,6,2,2,0,36.08,18.41,17.67,0.0,6.67,29.6,42.8,Clear,
AO24582,Sigma,2025,8,1,1,0,15.99,15.99,0.0,0.0,7.39,29.6,22.3,Clear,
AO24582,Sigma,2025,9,4,4,0,62.83,13.96,33.41,15.46,7.34,14.1,23.6,Cloudy,
AO24582,Sigma,2025,10,1,1,0,15.23,0.0,15.23,0.0,8.56,14.5,31.9,Clear,
AO24582,Sigma,2025,11,1,1,0,18.31,0.0,18.31,0.0,7.11,13.9,34.2,Clear,
AO24582,Sigma,2026,1,1,1,0,13.4,0.0,0.0,13.4,3.47,3.4,39.5,Cloudy,
AO24582,Sigma,2026,3,3,3,0,52.760000000000005,52.760000000000005,0.0,0.0,6.2,15.9,39.3,Clear,
AO24602,Beta,2024,7,2,2,0,30.71,14.39,16.32,0.0,6.18,31.1,15.9,Clear,
AO24602,Beta,2024,8,1,1,0,15.95,0.0,15.95,0.0,4.05,30.1,19.0,Clear,
AO24602,Beta,2024,9,1,1,0,16.62,0.0,0.0,16.62,6.97,13.9,5.6,Clear,
AO24602,Beta,2024,10,2,2,0,32.94,15.98,0.0,16.96,5.32,13.1,8.0,Clear,
AO24602,Beta,2025,1,3,3,0,57.010000000000005,40.0,0.0,17.01,4.38,3.7,30.5,Cloudy,
AO24602,Beta,2025,4,1,1,0,13.14,13.14,0.0,0.0,6.8,16.6,38.2,Clear,
AO24602,Beta,2025,5,4,4,0,65.97,47.66,18.31,0.0,6.52,16.6,22.4,Clear,
AO24602,Beta,2025,6,1,1,0,19.23,0.0,0.0,19.23,4.12,31.6,41.4,Clear,
AO24602,Beta,2025,7,4,4,0,69.47,33.379999999999995,16.09,20.0,4.16,29.2,36.7,Clear,
AO24602,Beta,2025,11,1,1,0,13.48,0.0,13.48,0.0,7.28,14.2,23.5,Clear,
AO24602,Beta,2026,1,2,2,0,30.729999999999997,15.87,0.0,14.86,3.81,2.1,26.8,Cloudy,
AO24602,Beta,2026,3,2,2,0,33.12,18.15,14.97,0.0,5.09,16.3,15.4,Clear,
AO24602,Beta,2026,4,1,1,0,15.2,0.0,15.2,0.0,9.36,16.3,16.3,Clear,
AO24602,Beta,2026,5,2,2,0,30.770000000000003,17.26,0.0,13.51,3.57,16.0,38.8,Clear,
AO24602,Beta,2026,6,2,2,0,31.29,14.44,0.0,16.85,8.97,30.0,31.4,Clear,
AO24631,Delta,2024,10,2,2,0,32.32,0.0,0.0,32.32,6.16,13.7,11.5,Cloudy,
AO24631,Delta,2024,11,1,1,0,16.85,16.85,0.0,0.0,9.13,14.5,14.8,Cloudy,
AO24631,Delta,2024,12,1,1,0,15.57,15.57,0.0,0.0,4.53,4.4,12.4,Clear,
AO24631,Delta,2025,2,1,1,0,17.83,17.83,0.0,0.0,5.82,2.2,19.9,Rainy,
AO24631,Delta,2025,3,1,1,0,15.71,0.0,15.71,0.0,6.51,14.4,32.3,Clear,
AO24631,Delta,2025,4,4,4,0,63.46,17.37,29.86,16.23,8.56,16.7,10.7,Clear,
AO24631,Delta,2025,5,7,7,0,113.09,45.54,17.48,50.07,4.54,15.5,30.3,Clear,
AO24631,Delta,2025,6,4,4,0,67.0,53.18000000000001,13.82,0.0,4.63,30.8,40.3,Clear,
AO24631,Delta,2025,7,1,1,0,14.63,0.0,14.63,0.0,6.17,30.1,42.2,Clear,
AO24631,Delta,2025,8,4,4,0,65.39,30.85,34.540000000000006,0.0,5.22,30.5,30.2,Clear,
AO24631,Delta,2025,9,4,4,0,66.92,32.56,34.36,0.0,9.2,14.0,6.1,Cloudy,
AO24631,Delta,2025,11,2,2,0,36.54,36.54,0.0,0.0,5.58,12.1,44.3,Clear,
AO24631,Delta,2025,12,1,1,0,17.1,0.0,17.1,0.0,5.14,2.5,41.5,Windy,
AO24631,Delta,2026,1,1,1,0,20.0,20.0,0.0,0.0,8.1,2.4,42.6,Cloudy,
AO24631,Delta,2026,2,2,2,0,37.29,37.29,0.0,0.0,5.21,4.3,31.7,Windy,
AO24631,Delta,2026,3,2,2,0,34.91,0.0,16.5,18.41,6.93,15.9,41.5,Clear,
AO24631,Delta,2026,4,1,1,0,19.18,0.0,19.18,0.0,5.38,16.2,37.7,Cloudy,
AO24631,Delta,2026,5,2,2,0,34.49,0.0,34.49,0.0,9.21,16.5,16.8,Clear,
AO24650,Gamma,2024,6,2,2,0,30.11,30.11,0.0,0.0,6.62,31.2,6.7,Clear,
AO24650,Gamma,2024,7,3,3,0,47.62,32.23,0.0,15.39,9.23,29.5,40.7,Clear,
AO24650,Gamma,2024,8,2,2,0,33.38,17.19,16.19,0.0,4.22,30.1,35.5,Clear,
AO24650,Gamma,2024,9,3,3,0,55.07,38.22,16.85,0.0,4.48,14.5,37.0,Cloudy,
AO24650,Gamma,2024,11,1,1,0,16.34,0.0,16.34,0.0,1.75,14.5,20.4,Cloudy,
AO24650,Gamma,2024,12,1,1,0,16.38,0.0,0.0,16.38,2.74,3.2,18.1,Cloudy,
AO24650,Gamma,2025,2,1,1,0,16.82,16.82,0.0,0.0,6.34,2.3,21.3,Clear,
AO24650,Gamma,2025,3,1,1,0,13.91,0.0,13.91,0.0,4.69,17.2,16.1,Rainy,
AO24650,Gamma,2025,4,2,2,0,36.96,20.0,16.96,0.0,10.85,15.2,39.0,Clear,
AO24650,Gamma,2025,5,4,4,0,66.37,48.34,18.03,0.0,8.95,16.4,43.8,Clear,
AO24650,Gamma,2025,7,1,1,0,14.39,0.0,14.39,0.0,4.07,29.2,42.4,Clear,
AO24650,Gamma,2025,10,1,1,0,16.44,16.44,0.0,0.0,5.66,15.7,35.3,Cloudy,
AO24650,Gamma,2025,12,1,1,0,14.43,0.0,0.0,14.43,4.83,2.7,43.8,Cloudy,
AO24650,Gamma,2026,5,3,3,0,55.92,0.0,55.92,0.0,6.21,14.6,17.8,Clear,
AO24650,Gamma,2026,6,2,2,0,31.019999999999996,17.24,0.0,13.78,6.63,29.9,27.8,Clear,
AO24665,Gamma,2024,8,3,3,0,53.37,15.29,18.11,19.97,4.68,30.1,43.1,Clear,
AO24665,Gamma,2024,11,1,1,0,16.6,0.0,0.0,16.6,6.4,14.5,43.9,Cloudy,
AO24665,Gamma,2025,1,1,1,0,14.09,0.0,0.0,14.09,8.67,3.0,31.1,Rainy,
AO24665,Gamma,2025,3,1,1,0,16.07,0.0,16.07,0.0,9.85,17.2,40.7,Rainy,
AO24665,Gamma,2025,4,5,5,0,88.47,69.66,18.81,0.0,3.55,15.2,7.8,Clear,
AO24665,Gamma,2025,5,5,5,0,79.24,30.07,0.0,49.17,6.37,16.4,44.6,Clear,
AO24665,Gamma,2025,8,1,1,0,20.0,0.0,0.0,20.0,7.79,29.8,16.8,Clear,
AO24665,Gamma,2025,9,2,2,0,36.769999999999996,0.0,36.769999999999996,0.0,4.24,13.7,11.5,Rainy,
AO24665,Gamma,2025,10,1,1,0,17.2,17.2,0.0,0.0,8.12,15.7,42.4,Cloudy,
AO24665,Gamma,2025,11,1,1,0,15.66,0.0,0.0,15.66,4.75,14.3,33.2,Clear,
AO24665,Gamma,2026,2,1,1,0,18.54,0.0,18.54,0.0,7.85,3.5,27.5,Windy,
AO24665,Gamma,2026,6,1,1,0,19.68,19.68,0.0,0.0,7.79,29.9,5.3,Clear,
AO24715,Beta,2024,6,5,5,0,15.98,11.98,0.0,4.0,4.91,30.9,35.8,Clear,
AO24715,Beta,2024,7,13,13,0,52.0,28.0,20.0,4.0,3.67,31.1,9.2,Clear,
AO24715,Beta,2024,8,12,12,0,42.25,19.12,15.129999999999999,8.0,9.19,30.1,35.2,Clear,
AO24715,Beta,2024,9,9,9,0,36.0,12.0,12.0,12.0,10.21,13.9,36.5,Clear,
AO24715,Beta,2024,10,8,8,0,21.580000000000002,10.620000000000001,4.29,6.67,7.02,13.1,24.5,Clear,
AO24715,Beta,2024,11,5,5,0,17.16,9.16,4.0,4.0,7.01,12.6,6.3,Clear,
AO24715,Beta,2025,1,3,3,0,12.0,8.0,0.0,4.0,7.19,3.7,37.2,Cloudy,
AO24715,Beta,2025,2,5,5,0,17.38,13.379999999999999,4.0,0.0,8.06,4.0,44.4,Cloudy,
AO24715,Beta,2025,3,1,1,0,1.53,1.53,0.0,0.0,4.87,15.5,30.6,Cloudy,
AO24715,Beta,2025,4,5,5,0,18.57,6.57,8.0,4.0,7.6,16.6,33.8,Clear,
AO24715,Beta,2025,5,8,8,0,30.76,23.6,7.16,0.0,3.55,16.6,32.6,Clear,
AO24715,Beta,2025,6,8,8,0,32.0,8.0,16.0,8.0,7.14,31.6,16.5,Clear,
AO24715,Beta,2025,7,8,8,0,28.09,20.0,4.09,4.0,8.69,29.2,32.1,Clear,
AO24715,Beta,2025,8,7,7,0,22.29,12.0,6.29,4.0,8.15,30.2,22.9,Clear,
AO24715,Beta,2025,9,8,8,0,28.73,18.7,6.029999999999999,4.0,3.64,15.1,11.4,Clear,
AO24715,Beta,2025,10,2,2,0,8.0,4.0,0.0,4.0,8.56,14.2,26.1,Clear,
AO24715,Beta,2025,11,6,6,0,23.48,15.48,4.0,4.0,4.31,14.2,31.0,Clear,
AO24715,Beta,2025,12,4,4,0,14.31,8.0,2.31,4.0,6.38,1.6,17.5,Cloudy,
AO24715,Beta,2026,1,6,6,0,24.0,16.0,4.0,4.0,5.01,2.1,13.0,Cloudy,
AO24715,Beta,2026,2,3,3,0,12.0,4.0,8.0,0.0,5.35,2.4,41.7,Rainy,
AO24715,Beta,2026,3,5,5,0,20.0,8.0,4.0,8.0,5.33,16.3,8.4,Clear,
AO24715,Beta,2026,4,2,2,0,8.0,8.0,0.0,0.0,7.86,16.3,7.8,Clear,
AO24715,Beta,2026,5,9,9,0,28.28,6.07,8.7,13.51,3.97,16.0,39.1,Clear,
AO24715,Beta,2026,6,10,10,0,40.0,24.0,16.0,0.0,5.89,30.0,17.2,Clear,
AO24756,Beta,2024,4,1,1,0,16.79,0.0,0.0,16.79,5.52,17.3,37.9,Clear,
AO24756,Beta,2024,5,1,1,0,14.3,14.3,0.0,0.0,5.99,15.8,9.1,Clear,
AO24756,Beta,2024,6,2,2,0,33.269999999999996,33.269999999999996,0.0,0.0,7.46,30.9,38.3,Clear,
AO24756,Beta,2024,7,3,3,0,50.099999999999994,32.95,0.0,17.15,7.53,31.1,34.2,Clear,
AO24756,Beta,2024,8,2,2,0,34.3,34.3,0.0,0.0,3.66,30.1,40.2,Clear,
AO24756,Beta,2024,10,2,2,0,32.33,0.0,16.29,16.04,8.37,13.1,14.7,Clear,
AO24756,Beta,2025,3,1,1,0,17.5,17.5,0.0,0.0,7.31,15.5,27.4,Cloudy,
AO24756,Beta,2025,4,1,1,0,20.0,0.0,20.0,0.0,3.97,16.6,42.1,Clear,
AO24756,Beta,2025,5,1,1,0,17.37,17.37,0.0,0.0,7.77,16.6,19.2,Clear,
AO24756,Beta,2025,8,1,1,0,17.55,17.55,0.0,0.0,3.83,30.2,24.8,Clear,
AO24756,Beta,2025,9,1,1,0,17.58,17.58,0.0,0.0,3.64,15.1,13.7,Clear,
AO24756,Beta,2025,10,1,1,0,19.62,0.0,19.62,0.0,12.29,14.2,38.5,Clear,
AO24756,Beta,2025,11,1,1,0,17.23,0.0,17.23,0.0,8.62,14.2,28.4,Clear,
AO24756,Beta,2026,2,1,1,0,18.37,18.37,0.0,0.0,8.21,2.4,22.5,Rainy,
AO24756,Beta,2026,3,1,1,0,17.73,17.73,0.0,0.0,6.19,16.3,5.6,Clear,
AO24756,Beta,2026,4,1,1,0,17.88,17.88,0.0,0.0,4.03,16.3,32.2,Clear,
AO24756,Beta,2026,5,3,3,0,51.459999999999994,15.26,36.2,0.0,5.01,16.0,25.9,Clear,
AO24756,Beta,2026,6,3,3,0,52.959999999999994,35.83,17.13,0.0,6.33,30.0,45.0,Clear,
AO24985,Gamma,2024,7,11,11,0,33.8,16.68,4.0,13.120000000000001,8.53,29.5,15.7,Clear,
AO24985,Gamma,2024,8,16,16,0,55.2,30.52,12.68,12.0,5.76,30.1,41.8,Clear,
AO24985,Gamma,2024,9,9,9,0,36.0,8.0,24.0,4.0,6.34,14.5,30.2,Cloudy,
AO24985,Gamma,2024,10,5,5,0,19.62,8.0,7.62,4.0,7.29,13.6,17.9,Rainy,
AO24985,Gamma,2024,11,4,4,0,16.0,12.0,4.0,0.0,2.6,14.5,18.7,Cloudy,
AO24985,Gamma,2024,12,5,5,0,18.78,8.0,6.779999999999999,4.0,12.22,3.2,37.3,Cloudy,
AO24985,Gamma,2025,1,4,4,0,15.15,7.279999999999999,4.0,3.87,9.21,3.0,38.8,Rainy,
AO24985,Gamma,2025,2,2,2,0,5.1899999999999995,0.0,1.19,4.0,5.17,2.3,43.6,Clear,
AO24985,Gamma,2025,3,2,2,0,8.0,0.0,8.0,0.0,9.92,17.2,28.8,Rainy,
AO24985,Gamma,2025,4,9,9,0,34.41,18.41,16.0,0.0,8.35,15.2,39.8,Clear,
AO24985,Gamma,2025,5,12,12,0,44.26,24.259999999999998,16.0,4.0,4.23,16.4,14.8,Clear,
AO24985,Gamma,2025,6,13,13,0,50.07,10.07,16.0,24.0,3.17,31.1,35.1,Clear,
AO24985,Gamma,2025,7,10,10,0,30.810000000000002,13.02,10.58,7.21,5.88,29.2,37.4,Clear,
AO24985,Gamma,2025,8,5,5,0,19.34,3.34,4.0,12.0,6.72,29.8,33.3,Clear,
AO24985,Gamma,2025,9,11,11,0,42.74,4.0,18.8,19.939999999999998,4.11,13.7,18.0,Rainy,
AO24985,Gamma,2025,10,6,6,0,23.34,11.34,8.0,4.0,1.02,15.7,6.2,Cloudy,
AO24985,Gamma,2025,11,2,2,0,8.0,4.0,4.0,0.0,5.35,14.3,29.5,Clear,
AO24985,Gamma,2025,12,3,3,0,12.0,4.0,8.0,0.0,5.47,2.7,38.8,Cloudy,
AO24985,Gamma,2026,2,4,4,0,16.0,8.0,4.0,4.0,6.72,3.5,32.4,Windy,
AO24985,Gamma,2026,3,4,4,0,16.0,8.0,4.0,4.0,8.65,15.4,12.7,Cloudy,
AO24985,Gamma,2026,4,6,6,0,19.96,9.32,2.64,8.0,6.56,15.5,43.4,Clear,
AO24985,Gamma,2026,5,6,6,0,21.9,12.0,5.9,4.0,5.62,14.6,38.3,Clear,
AO24985,Gamma,2026,6,7,7,0,26.31,16.0,6.3100000000000005,4.0,9.86,29.9,9.5,Clear,
AO24998,Beta,2024,11,1,1,0,14.24,0.0,14.24,0.0,5.61,12.6,14.2,Clear,
AO24998,Beta,2024,12,1,1,0,18.19,18.19,0.0,0.0,7.41,2.2,42.9,Rainy,
AO24998,Beta,2025,3,1,1,0,18.36,18.36,0.0,0.0,5.87,15.5,44.6,Cloudy,
AO24998,Beta,2025,8,1,1,0,16.37,16.37,0.0,0.0,4.85,30.2,28.3,Clear,
AO24998,Beta,2025,11,1,1,0,19.48,19.48,0.0,0.0,4.24,14.2,6.9,Clear,
AO24998,Beta,2026,1,3,3,0,58.32,20.0,38.32,0.0,7.27,2.1,29.8,Cloudy,
AO24998,Beta,2026,2,1,1,0,19.16,0.0,19.16,0.0,8.22,2.4,27.1,Rainy,
AO24998,Beta,2026,4,2,2,0,35.4,18.13,17.27,0.0,5.3,16.3,5.6,Clear,
AO24998,Beta,2026,5,2,2,0,35.79,0.0,0.0,35.79,5.37,16.0,8.5,Clear,
AO25008,Gamma,2025,7,1,1,0,14.83,0.0,0.0,14.83,7.21,29.2,12.7,Clear,
AO25008,Gamma,2025,8,2,2,0,30.509999999999998,0.0,15.15,15.36,4.66,29.8,28.0,Clear,
AO25008,Gamma,2025,9,1,1,0,11.8,0.0,0.0,11.8,4.16,13.7,11.6,Rainy,
AO25008,Gamma,2025,10,2,2,0,34.44,0.0,20.0,14.44,4.51,15.7,13.8,Cloudy,
AO25008,Gamma,2025,12,2,2,0,31.33,16.84,0.0,14.49,4.32,2.7,17.2,Cloudy,
AO25008,Gamma,2026,3,1,1,0,14.09,14.09,0.0,0.0,6.26,15.4,21.4,Cloudy,
AO25008,Gamma,2026,4,2,2,0,38.71,38.71,0.0,0.0,4.88,15.5,6.9,Clear,
AO25008,Gamma,2026,5,3,3,0,50.79,36.129999999999995,0.0,14.66,4.97,14.6,21.9,Clear,
AO25008,Gamma,2026,6,2,2,0,32.120000000000005,16.94,0.0,15.18,5.07,29.9,41.9,Clear,
AO25050,Beta,2025,4,1,1,0,14.42,0.0,14.42,0.0,6.09,16.6,29.4,Clear,
AO25050,Beta,2025,6,2,2,0,29.24,11.61,17.63,0.0,5.28,31.6,8.7,Clear,
AO25050,Beta,2025,12,2,2,0,34.98,18.24,0.0,16.74,6.09,1.6,39.4,Cloudy,
AO25050,Beta,2026,3,1,1,0,20.0,20.0,0.0,0.0,2.94,16.3,28.4,Clear,
AO25050,Beta,2026,4,2,2,0,30.53,30.53,0.0,0.0,3.82,16.3,37.8,Clear,
AO25112,Sigma,2025,4,1,1,0,19.24,0.0,19.24,0.0,1.44,16.3,26.4,Clear,
AO25112,Sigma,2025,5,1,1,0,17.83,17.83,0.0,0.0,2.89,14.9,9.2,Clear,
AO25112,Sigma,2025,6,1,1,0,17.56,0.0,0.0,17.56,7.06,29.6,10.9,Clear,
AO25112,Sigma,2025,7,2,2,0,33.72,0.0,17.77,15.95,1.77,30.3,25.5,Clear,
AO25112,Sigma,2025,8,3,3,0,54.379999999999995,36.8,17.58,0.0,7.63,29.6,44.9,Clear,
AO25112,Sigma,2025,9,2,2,0,33.269999999999996,17.36,0.0,15.91,7.35,14.1,20.6,Cloudy,
AO25112,Sigma,2025,10,1,1,0,16.69,0.0,16.69,0.0,4.86,14.5,18.8,Clear,
AO25112,Sigma,2025,12,1,1,0,15.9,15.9,0.0,0.0,5.28,2.4,8.8,Cloudy,
AO25112,Sigma,2026,1,2,2,0,32.87,18.22,0.0,14.65,5.08,3.4,25.8,Cloudy,
AO25112,Sigma,2026,4,5,5,0,85.84,73.83,12.01,0.0,8.66,14.9,39.4,Clear,
AO25112,Sigma,2026,5,2,2,0,32.11,16.76,15.35,0.0,3.19,16.0,23.1,Clear,
AO25112,Sigma,2026,6,2,2,0,40.0,0.0,40.0,0.0,10.12,29.2,34.5,Clear,
AO25165,Sigma,2025,5,1,1,0,18.8,0.0,18.8,0.0,8.88,14.9,43.7,Clear,
AO25165,Sigma,2025,6,1,1,0,16.84,16.84,0.0,0.0,6.42,29.6,37.6,Clear,
AO25165,Sigma,2025,8,1,1,0,18.49,18.49,0.0,0.0,7.16,29.6,9.0,Clear,
AO25165,Sigma,2025,10,2,2,0,33.120000000000005,16.87,16.25,0.0,5.29,14.5,44.0,Clear,
AO25165,Sigma,2026,2,1,1,0,16.57,0.0,0.0,16.57,4.25,2.6,36.6,Rainy,
AO25165,Sigma,2026,3,1,1,0,18.75,18.75,0.0,0.0,6.28,15.9,7.9,Clear,
AO25165,Sigma,2026,4,3,3,0,50.32,33.98,16.34,0.0,4.85,14.9,23.9,Clear,
AO25165,Sigma,2026,5,4,4,0,64.12,14.94,33.56,15.62,6.53,16.0,38.2,Clear,
AO25165,Sigma,2026,6,2,2,0,33.48,14.99,18.49,0.0,8.29,29.2,15.0,Clear,
AO25183,Sigma,2025,4,6,6,0,22.9,4.0,14.9,4.0,7.64,16.3,20.5,Clear,
AO25183,Sigma,2025,5,7,7,0,22.83,13.42,4.0,5.41,7.33,14.9,14.3,Clear,
AO25183,Sigma,2025,6,4,4,0,11.96,4.84,3.12,4.0,6.76,29.6,19.7,Clear,
AO25183,Sigma,2025,7,7,7,0,24.61,7.41,13.2,4.0,5.64,30.3,38.2,Clear,
AO25183,Sigma,2025,8,6,6,0,19.73,12.0,7.73,0.0,7.86,29.6,20.7,Clear,
AO25183,Sigma,2025,9,5,5,0,19.91,0.0,8.0,11.91,0.3,14.1,23.8,Cloudy,
AO25183,Sigma,2025,10,8,8,0,29.54,0.0,21.54,8.0,4.3,14.5,16.5,Clear,
AO25183,Sigma,2025,11,2,2,0,8.0,4.0,4.0,0.0,3.62,13.9,9.7,Clear,
AO25183,Sigma,2025,12,4,4,0,16.0,12.0,0.0,4.0,6.01,2.4,9.9,Cloudy,
AO25183,Sigma,2026,1,4,4,0,13.4,0.0,4.0,9.4,8.75,3.4,15.2,Cloudy,
AO25183,Sigma,2026,2,3,3,0,12.0,4.0,8.0,0.0,7.84,2.6,37.0,Rainy,
AO25183,Sigma,2026,3,4,4,0,14.86,6.859999999999999,4.0,4.0,6.24,15.9,19.0,Clear,
AO25183,Sigma,2026,4,5,5,0,18.33,10.33,4.0,4.0,5.2,14.9,20.2,Clear,
AO25183,Sigma,2026,5,6,6,0,22.23,0.0,18.23,4.0,5.13,16.0,15.3,Clear,
AO25183,Sigma,2026,6,8,8,0,29.11,8.0,10.49,10.620000000000001,6.4,29.2,37.1,Clear,
AO25210,Beta,2025,6,3,3,0,50.14,50.14,0.0,0.0,9.65,31.6,6.9,Clear,
AO25210,Beta,2025,7,3,3,0,56.019999999999996,40.0,16.02,0.0,5.92,29.2,43.0,Clear,
AO25210,Beta,2025,8,2,2,0,32.31,32.31,0.0,0.0,7.39,30.2,38.4,Clear,
AO25210,Beta,2025,9,1,1,0,14.49,0.0,14.49,0.0,6.78,15.1,44.1,Clear,
AO25210,Beta,2025,10,1,1,0,16.37,0.0,0.0,16.37,8.57,14.2,28.7,Clear,
AO25210,Beta,2025,11,1,1,0,17.78,17.78,0.0,0.0,1.81,14.2,28.1,Clear,
AO25210,Beta,2026,1,1,1,0,16.43,16.43,0.0,0.0,7.54,2.1,14.7,Cloudy,
AO25210,Beta,2026,2,1,1,0,17.54,17.54,0.0,0.0,6.46,2.4,28.2,Rainy,
AO25210,Beta,2026,3,2,2,0,33.71,15.69,0.0,18.02,8.44,16.3,22.4,Clear,
AO25210,Beta,2026,5,1,1,0,18.1,18.1,0.0,0.0,5.73,16.0,33.3,Clear,
AO25210,Beta,2026,6,2,2,0,31.37,15.88,15.49,0.0,4.84,30.0,28.1,Clear,
AO25328,Alpha,2025,3,1,1,0,15.48,0.0,0.0,15.48,1.94,16.6,12.5,Clear,
AO25328,Alpha,2025,4,1,1,0,18.64,0.0,18.64,0.0,7.98,17.4,23.5,Clear,
AO25328,Alpha,2025,5,2,2,0,33.36,16.15,17.21,0.0,1.69,16.4,18.2,Clear,
AO25328,Alpha,2025,6,1,1,0,16.68,16.68,0.0,0.0,3.23,31.3,23.8,Clear,
AO25328,Alpha,2025,7,1,1,0,14.54,14.54,0.0,0.0,4.71,30.5,42.8,Clear,
AO25328,Alpha,2025,8,2,2,0,30.88,17.45,0.0,13.43,5.21,31.3,17.2,Clear,
AO25328,Alpha,2025,9,1,1,0,19.8,0.0,0.0,19.8,7.28,13.9,30.1,Clear,
AO25328,Alpha,2025,10,2,2,0,35.71,0.0,18.64,17.07,10.39,14.8,34.0,Clear,
AO25328,Alpha,2025,11,1,1,0,14.46,14.46,0.0,0.0,6.46,14.7,19.9,Cloudy,
AO25328,Alpha,2025,12,1,1,0,20.0,0.0,0.0,20.0,5.09,3.9,41.2,Rainy,
AO25328,Alpha,2026,1,1,1,0,19.31,0.0,0.0,19.31,6.48,3.1,26.8,Cloudy,
AO25328,Alpha,2026,5,2,2,0,34.41,18.09,0.0,16.32,5.47,16.5,15.8,Clear,
AO25376,Sigma,2025,3,6,6,0,22.27,4.0,14.27,4.0,2.49,16.4,43.5,Clear,
AO25376,Sigma,2025,4,6,6,0,22.48,2.48,8.0,12.0,6.59,16.3,38.5,Clear,
AO25376,Sigma,2025,5,6,6,0,21.83,12.0,5.83,4.0,2.64,14.9,35.2,Clear,
AO25376,Sigma,2025,6,10,10,0,34.16,16.0,18.16,0.0,8.32,29.6,8.8,Clear,
AO25376,Sigma,2025,7,9,9,0,33.769999999999996,16.0,9.77,8.0,6.06,30.3,41.5,Clear,
AO25376,Sigma,2025,8,12,12,0,45.14,36.0,3.03,6.109999999999999,6.43,29.6,9.7,Clear,
AO25376,Sigma,2025,9,7,7,0,28.0,4.0,16.0,8.0,5.62,14.1,29.2,Cloudy,
AO25376,Sigma,2025,10,7,7,0,22.45,0.0,22.45,0.0,4.7,14.5,30.1,Clear,
AO25376,Sigma,2025,11,7,7,0,27.67,19.67,4.0,4.0,6.49,13.9,38.9,Clear,
AO25376,Sigma,2025,12,4,4,0,16.0,12.0,0.0,4.0,4.8,2.4,6.5,Cloudy,
AO25376,Sigma,2026,1,5,5,0,18.83,14.83,0.0,4.0,3.8,3.4,19.4,Cloudy,
AO25376,Sigma,2026,2,3,3,0,12.0,4.0,4.0,4.0,6.3,2.6,16.4,Rainy,
AO25376,Sigma,2026,3,10,10,0,38.75,22.75,8.0,8.0,5.47,15.9,39.1,Clear,
AO25376,Sigma,2026,4,9,9,0,33.54,9.54,20.0,4.0,5.79,14.9,34.5,Clear,
AO25376,Sigma,2026,5,10,10,0,36.56,21.21,7.35,8.0,7.32,16.0,31.6,Clear,
AO25376,Sigma,2026,6,6,6,0,22.09,12.0,6.09,4.0,2.06,29.2,26.6,Clear,
AO25379,Delta,2025,1,5,5,0,15.780000000000001,4.0,6.04,5.74,2.69,2.8,5.5,Windy,
AO25379,Delta,2025,2,7,7,0,25.83,1.83,12.0,12.0,7.15,2.2,17.5,Rainy,
AO25379,Delta,2025,3,4,4,0,16.0,4.0,4.0,8.0,6.02,14.4,10.9,Clear,
AO25379,Delta,2025,4,14,14,0,53.34,19.259999999999998,20.0,14.08,7.38,16.7,17.4,Clear,
AO25379,Delta,2025,5,13,13,0,50.22,14.22,20.0,16.0,5.55,15.5,19.9,Clear,
AO25379,Delta,2025,6,11,11,0,37.47,17.21,16.0,4.26,7.56,30.8,23.6,Clear,
AO25379,Delta,2025,7,7,7,0,24.45,12.45,4.0,8.0,5.23,30.1,13.9,Clear,
AO25379,Delta,2025,8,7,7,0,27.8,12.0,15.8,0.0,8.73,30.5,36.6,Clear,
AO25379,Delta,2025,9,4,4,0,16.0,0.0,8.0,8.0,6.22,14.0,38.0,Cloudy,
AO25379,Delta,2025,10,7,7,0,27.46,15.46,8.0,4.0,11.79,15.0,35.3,Windy,
AO25379,Delta,2025,11,3,3,0,5.67,4.92,0.75,0.0,5.14,12.1,20.0,Clear,
AO25379,Delta,2025,12,4,4,0,16.0,8.0,4.0,4.0,4.37,2.5,18.3,Windy,
AO25379,Delta,2026,1,7,7,0,23.77,4.0,12.0,7.77,5.33,2.4,19.3,Cloudy,
AO25379,Delta,2026,2,5,5,0,20.0,8.0,0.0,12.0,8.25,4.3,22.1,Windy,
AO25379,Delta,2026,3,6,6,0,22.740000000000002,11.02,7.720000000000001,4.0,8.83,15.9,30.4,Clear,
AO25379,Delta,2026,4,4,4,0,15.05,4.0,3.18,7.87,5.97,16.2,39.6,Cloudy,
AO25379,Delta,2026,5,16,16,0,63.12,15.120000000000001,28.0,20.0,5.6,16.5,33.7,Clear,
AO25379,Delta,2026,6,10,10,0,37.64,14.66,14.98,8.0,7.03,30.9,11.2,Clear,
AO25477,Delta,2025,6,1,1,0,15.49,15.49,0.0,0.0,3.33,30.8,40.5,Clear,
AO25477,Delta,2025,7,2,2,0,36.19,0.0,17.42,18.77,5.56,30.1,11.9,Clear,
AO25477,Delta,2025,8,1,1,0,16.79,16.79,0.0,0.0,8.85,30.5,11.9,Clear,
AO25477,Delta,2025,10,1,1,0,16.19,0.0,0.0,16.19,5.17,15.0,17.8,Windy,
AO25477,Delta,2025,12,2,2,0,34.34,34.34,0.0,0.0,9.81,2.5,17.6,Windy,
AO25477,Delta,2026,1,1,1,0,18.84,0.0,18.84,0.0,6.4,2.4,44.6,Cloudy,
AO25477,Delta,2026,3,1,1,0,15.02,15.02,0.0,0.0,9.83,15.9,42.0,Clear,
AO25477,Delta,2026,4,2,2,0,28.25,12.29,15.96,0.0,3.67,16.2,5.2,Cloudy,
AO25477,Delta,2026,5,2,2,0,32.29,0.0,32.29,0.0,5.51,16.5,19.2,Clear,
AO25477,Delta,2026,6,3,3,0,48.46,17.25,12.99,18.22,6.85,30.9,43.6,Clear,
AO25541,Sigma,2025,3,1,1,0,19.26,0.0,19.26,0.0,4.39,16.4,22.6,Clear,
AO25541,Sigma,2025,4,1,1,0,16.92,0.0,0.0,16.92,4.35,16.3,6.1,Clear,
AO25541,Sigma,2025,5,2,2,0,33.58,15.72,0.0,17.86,5.76,14.9,13.0,Clear,
AO25541,Sigma,2025,6,2,2,0,32.49,32.49,0.0,0.0,8.97,29.6,9.9,Clear,
AO25541,Sigma,2025,7,2,2,0,35.41,35.41,0.0,0.0,6.97,30.3,38.1,Clear,
AO25541,Sigma,2025,9,1,1,0,15.98,15.98,0.0,0.0,8.63,14.1,17.4,Cloudy,
AO25541,Sigma,2025,11,2,2,0,36.96,36.96,0.0,0.0,8.0,13.9,18.2,Clear,
AO25541,Sigma,2026,2,1,1,0,16.72,0.0,0.0,16.72,7.54,2.6,38.2,Rainy,
AO25541,Sigma,2026,4,1,1,0,15.5,0.0,15.5,0.0,6.5,14.9,32.1,Clear,
AO25541,Sigma,2026,5,2,2,0,34.43000000000001,17.01,17.42,0.0,4.03,16.0,26.4,Clear,
AO25541,Sigma,2026,6,1,1,0,18.8,0.0,18.8,0.0,7.9,29.2,44.8,Clear,
AO25607,Delta,2025,6,2,2,0,34.33,34.33,0.0,0.0,5.36,30.8,33.2,Clear,
AO25607,Delta,2025,11,1,1,0,16.92,16.92,0.0,0.0,5.45,12.1,43.2,Clear,
AO25607,Delta,2026,4,1,1,0,18.87,0.0,18.87,0.0,8.29,16.2,11.3,Cloudy,
AO25607,Delta,2026,5,2,2,0,33.3,14.79,18.51,0.0,3.19,16.5,29.8,Clear,
AO25711,Delta,2025,6,9,9,0,36.0,12.0,20.0,4.0,6.1,30.8,34.0,Clear,
AO25711,Delta,2025,7,5,5,0,18.84,6.84,8.0,4.0,8.08,30.1,30.7,Clear,
AO25711,Delta,2025,8,7,7,0,26.25,18.25,4.0,4.0,8.59,30.5,12.2,Clear,
AO25711,Delta,2025,9,2,2,0,8.0,0.0,8.0,0.0,10.21,14.0,8.3,Cloudy,
AO25711,Delta,2025,10,2,2,0,8.0,4.0,4.0,0.0,9.76,15.0,35.1,Windy,
AO25711,Delta,2025,11,5,5,0,20.0,8.0,12.0,0.0,8.59,12.1,43.9,Clear,
AO25711,Delta,2025,12,4,4,0,16.0,4.0,12.0,0.0,3.81,2.5,17.4,Windy,
AO25711,Delta,2026,1,2,2,0,8.0,0.0,0.0,8.0,7.36,2.4,15.0,Cloudy,
AO25711,Delta,2026,2,1,1,0,1.75,0.0,0.0,1.75,6.29,4.3,43.5,Windy,
AO25711,Delta,2026,3,4,4,0,12.91,1.31,4.0,7.6,7.6,15.9,34.1,Clear,
AO25711,Delta,2026,4,2,2,0,8.0,4.0,0.0,4.0,1.97,16.2,25.0,Cloudy,
AO25711,Delta,2026,5,12,12,0,43.32,12.93,18.42,11.97,2.57,16.5,14.3,Clear,
AO25711,Delta,2026,6,7,7,0,24.990000000000002,8.0,8.99,8.0,6.64,30.9,6.3,Clear,
AO25712,Alpha,2025,4,5,5,0,20.0,4.0,16.0,0.0,3.21,17.4,31.3,Clear,
AO25712,Alpha,2025,5,7,7,0,28.0,0.0,4.0,24.0,6.49,16.4,35.1,Clear,
AO25712,Alpha,2025,6,9,9,0,30.82,18.79,6.32,5.71,8.14,31.3,9.9,Clear,
AO25712,Alpha,2025,7,10,10,0,37.17,23.95,6.970000000000001,6.25,3.22,30.5,34.1,Clear,
AO25712,Alpha,2025,8,6,6,0,24.0,16.0,4.0,4.0,3.41,31.3,25.5,Clear,
AO25712,Alpha,2025,9,9,9,0,35.98,16.0,8.0,11.98,4.55,13.9,11.0,Clear,
AO25712,Alpha,2025,10,7,7,0,25.689999999999998,1.69,12.0,12.0,6.04,14.8,44.5,Clear,
AO25712,Alpha,2025,11,4,4,0,16.0,16.0,0.0,0.0,4.24,14.7,6.2,Cloudy,
AO25712,Alpha,2025,12,6,6,0,19.65,11.65,4.0,4.0,7.75,3.9,19.7,Rainy,
AO25712,Alpha,2026,1,5,5,0,17.37,9.370000000000001,4.0,4.0,4.87,3.1,37.3,Cloudy,
AO25712,Alpha,2026,2,3,3,0,8.36,0.36,4.0,4.0,6.32,3.4,35.9,Rainy,
AO25712,Alpha,2026,3,2,2,0,8.0,0.0,4.0,4.0,9.09,15.0,7.5,Clear,
AO25712,Alpha,2026,4,8,8,0,28.05,8.05,12.0,8.0,3.07,14.4,13.9,Cloudy,
AO25712,Alpha,2026,5,7,7,0,20.880000000000003,8.56,8.0,4.32,6.77,16.5,18.8,Clear,
AO25712,Alpha,2026,6,5,5,0,20.0,4.0,8.0,8.0,7.46,28.3,39.0,Clear,
AO25736,Gamma,2025,3,5,5,0,20.0,4.0,8.0,8.0,7.47,17.2,8.1,Rainy,
AO25736,Gamma,2025,4,9,9,0,34.15,18.15,12.0,4.0,3.95,15.2,36.6,Clear,
AO25736,Gamma,2025,5,14,14,0,52.67,32.0,12.67,8.0,6.42,16.4,33.0,Clear,
AO25736,Gamma,2025,6,9,9,0,27.89,11.61,8.69,7.59,10.36,31.1,35.1,Clear,
AO25736,Gamma,2025,7,10,10,0,40.0,20.0,8.0,12.0,9.03,29.2,35.3,Clear,
AO25736,Gamma,2025,8,12,12,0,45.51,16.0,12.0,17.509999999999998,4.38,29.8,17.1,Clear,
AO25736,Gamma,2025,9,10,10,0,33.94,8.0,16.439999999999998,9.5,5.24,13.7,20.5,Rainy,
AO25736,Gamma,2025,10,5,5,0,20.0,12.0,4.0,4.0,8.07,15.7,36.7,Cloudy,
AO25736,Gamma,2025,11,6,6,0,20.36,14.45,1.91,4.0,3.42,14.3,23.3,Clear,
AO25736,Gamma,2025,12,4,4,0,12.24,4.0,0.0,8.24,9.72,2.7,28.4,Cloudy,
AO25736,Gamma,2026,1,2,2,0,7.2,3.2,4.0,0.0,1.43,3.3,13.7,Cloudy,
AO25736,Gamma,2026,2,4,4,0,16.0,8.0,4.0,4.0,6.93,3.5,30.4,Windy,
AO25736,Gamma,2026,3,6,6,0,22.1,8.0,8.0,6.1,5.7,15.4,21.4,Cloudy,
AO25736,Gamma,2026,4,7,7,0,28.0,12.0,4.0,12.0,6.48,15.5,33.5,Clear,
AO25736,Gamma,2026,5,4,4,0,16.0,8.0,8.0,0.0,6.68,14.6,6.8,Clear,
AO25736,Gamma,2026,6,9,9,0,35.62,8.0,19.62,8.0,6.5,29.9,23.7,Clear,
AO97199,Beta,2021,1,8,8,0,136.18,55.17,34.04,46.97,2.81,5.2,6.1,Clear,
AO97199,Beta,2021,2,11,11,0,182.08,99.1,82.98,0.0,2.81,4.0,35.4,Cloudy,
AO97199,Beta,2021,3,11,11,0,187.7,82.68,16.63,88.39,1.07,15.5,28.4,Clear,
AO97199,Beta,2021,4,19,19,0,313.43,176.96,49.18,87.29,3.15,15.4,32.2,Clear,
AO97199,Beta,2021,5,31,31,0,520.49,231.92,193.92,94.65,4.04,16.8,23.5,Clear,
AO97199,Beta,2021,6,21,21,0,347.13,161.66,116.77,68.7,0.0,29.8,26.6,Clear,
AO97199,Beta,2021,7,16,16,0,272.66,85.12,138.05,49.49,4.36,30.1,19.7,Clear,
AO97199,Beta,2021,8,18,18,0,306.53,120.06,101.29,85.18,5.97,29.8,11.5,Clear,
AO97199,Beta,2021,9,15,15,0,250.77,83.95,118.58,48.24,0.0,15.0,25.6,Clear,
AO97199,Beta,2021,10,15,15,0,276.22,200.22,37.13,38.87,0.3,13.8,5.1,Cloudy,
AO97199,Beta,2021,11,8,8,0,49.45,14.43,35.02,0.0,3.37,13.3,24.7,Clear,
AO97199,Beta,2021,12,5,5,0,39.74,13.25,26.490000000000002,0.0,2.76,3.0,40.0,Clear,
AO97199,Beta,2022,1,4,4,0,18.95,18.95,0.0,0.0,3.17,2.7,20.1,Clear,
AO97199,Beta,2022,2,5,5,0,22.43,6.43,8.0,8.0,1.93,3.5,12.4,Rainy,
AO97199,Beta,2022,3,6,6,0,24.55,0.55,16.0,8.0,6.36,17.3,33.1,Clear,
AO97199,Beta,2022,4,8,8,0,41.04,13.040000000000001,20.0,8.0,5.73,14.5,22.6,Clear,
AO97199,Beta,2022,5,13,13,0,58.1,21.169999999999998,18.55,18.38,2.66,16.3,6.9,Cloudy,
AO97199,Beta,2022,6,15,15,0,51.53,16.92,26.61,8.0,0.62,28.5,37.2,Clear,
AO97199,Beta,2022,7,25,25,0,108.83,54.95,23.35,30.53,5.47,29.6,19.2,Clear,
AO97199,Beta,2022,8,14,14,0,76.75,24.0,28.75,24.0,1.67,29.6,20.3,Clear,
AO97199,Beta,2022,9,19,19,0,65.41,36.14,12.6,16.67,3.89,14.8,31.0,Clear,
AO97199,Beta,2022,10,7,7,0,25.009999999999998,12.0,5.01,8.0,0.95,14.9,11.8,Clear,
AO97199,Beta,2022,11,1,1,0,4.0,4.0,0.0,0.0,3.31,12.8,8.0,Cloudy,
AO97199,Beta,2022,12,3,3,0,12.0,0.0,8.0,4.0,0.37,3.1,39.6,Cloudy,
AO97199,Beta,2023,1,8,8,0,26.38,16.0,1.72,8.66,2.92,3.7,9.2,Cloudy,
AO97199,Beta,2023,2,4,4,0,12.23,4.0,8.23,0.0,2.35,2.5,31.0,Rainy,
AO97199,Beta,2023,3,2,2,0,8.0,0.0,8.0,0.0,1.46,15.6,16.3,Cloudy,
AO97199,Beta,2023,4,10,10,0,38.76,19.14,15.620000000000001,4.0,1.81,17.0,30.0,Clear,
AO97199,Beta,2023,5,8,8,0,27.47,12.0,11.72,3.75,5.5,16.9,38.3,Clear,
AO97199,Beta,2023,6,12,12,0,36.03,8.0,13.4,14.629999999999999,4.68,30.5,14.4,Clear,
AO97199,Beta,2023,7,13,13,0,47.2,18.41,20.0,8.79,2.42,30.2,35.4,Clear,
AO97199,Beta,2023,8,4,4,0,16.0,4.0,12.0,0.0,3.21,29.9,23.3,Clear,
AO97199,Beta,2023,9,6,6,0,20.33,16.33,4.0,0.0,4.86,14.6,23.5,Cloudy,
AO97199,Beta,2023,10,6,6,0,21.11,9.870000000000001,0.0,11.24,6.41,12.7,12.2,Clear,
AO97199,Beta,2023,11,7,7,0,20.72,7.51,4.58,8.63,0.0,15.6,35.5,Clear,
AO97199,Beta,2023,12,5,5,0,17.47,5.47,4.0,8.0,3.61,1.6,36.5,Clear,
AO97199,Beta,2024,1,2,2,0,8.0,0.0,0.0,8.0,1.18,3.1,22.5,Windy,
AO97199,Beta,2024,2,1,1,0,4.0,0.0,4.0,0.0,1.79,2.3,37.7,Cloudy,
AO97199,Beta,2024,3,4,4,0,8.690000000000001,8.36,0.33,0.0,2.16,16.7,43.6,Clear,
AO97199,Beta,2024,4,6,6,0,24.0,8.0,4.0,12.0,8.38,17.3,10.9,Clear,
AO97199,Beta,2024,5,6,6,0,23.46,7.46,12.0,4.0,1.91,15.8,18.5,Clear,
AO97199,Beta,2024,6,5,5,0,20.0,12.0,4.0,4.0,0.0,30.9,13.6,Clear,
AO97199,Beta,2024,7,4,4,0,14.0,10.0,0.0,4.0,4.22,31.1,14.1,Clear,
AO97199,Beta,2024,8,4,4,0,13.85,8.0,4.0,1.85,6.74,30.1,28.7,Clear,
AO97199,Beta,2024,9,3,3,0,12.0,4.0,4.0,4.0,4.2,13.9,29.0,Clear,
AO97199,Beta,2024,10,3,3,0,12.0,0.0,4.0,8.0,4.93,13.1,42.3,Clear,
AO97199,Beta,2024,11,2,2,0,8.0,4.0,0.0,4.0,5.56,12.6,27.6,Clear,
AO97199,Beta,2024,12,1,1,0,2.78,0.0,0.0,2.78,0.16,2.2,16.7,Rainy,
AO97199,Beta,2025,1,3,3,0,12.0,0.0,4.0,8.0,3.05,3.7,16.4,Cloudy,
AO97199,Beta,2025,2,1,1,0,4.0,4.0,0.0,0.0,3.47,4.0,21.7,Cloudy,
AO97199,Beta,2025,3,1,1,0,3.86,3.86,0.0,0.0,5.74,15.5,17.5,Cloudy,
AO97199,Beta,2025,4,3,3,0,10.8,0.0,0.0,10.8,1.26,16.6,8.0,Clear,
AO97199,Beta,2025,5,7,7,0,25.18,9.18,12.0,4.0,0.6,16.6,32.8,Clear,
AO97199,Beta,2025,6,5,5,0,16.38,2.26,10.120000000000001,4.0,3.24,31.6,6.5,Clear,
AO97199,Beta,2025,7,3,3,0,12.0,12.0,0.0,0.0,5.19,29.2,6.3,Clear,
AO97199,Beta,2025,8,2,2,0,8.0,4.0,0.0,4.0,6.46,30.2,41.4,Clear,
AO97199,Beta,2025,10,2,2,0,8.0,0.0,4.0,4.0,3.14,14.2,28.0,Clear,
AO97199,Beta,2025,11,3,3,0,12.0,8.0,4.0,0.0,5.09,14.2,12.8,Clear,
AO97199,Beta,2025,12,2,2,0,8.0,4.0,4.0,0.0,3.62,1.6,35.5,Cloudy,
AO97199,Beta,2026,1,1,1,0,0.39,0.39,0.0,0.0,7.34,2.1,25.3,Cloudy,
AO97199,Beta,2026,2,1,1,0,4.0,0.0,0.0,4.0,4.8,2.4,33.3,Rainy,
AO97199,Beta,2026,3,1,1,0,4.0,4.0,0.0,0.0,6.47,16.3,22.4,Clear,
AO97199,Beta,2026,4,1,1,0,4.0,4.0,0.0,0.0,5.51,16.3,34.9,Clear,
AO97199,Beta,2026,5,4,4,0,11.709999999999999,7.71,4.0,0.0,3.01,16.0,34.4,Clear,
AO97199,Beta,2026,6,7,7,0,21.98,12.0,9.129999999999999,0.85,6.82,30.0,41.4,Clear,
AO97317,Gamma,2021,12,8,8,0,39.78,24.31,8.0,7.470000000000001,3.97,2.5,17.1,Clear,
AO97317,Gamma,2022,1,7,7,0,30.78,12.0,18.15,0.63,6.85,3.4,11.3,Cloudy,
AO97317,Gamma,2022,2,6,6,0,36.18,20.18,8.0,8.0,7.11,2.8,42.2,Cloudy,
AO97317,Gamma,2022,3,11,11,0,56.83,23.13,9.7,24.0,5.92,17.1,30.1,Clear,
AO97317,Gamma,2022,4,11,11,0,44.41,22.21,20.0,2.2,3.8,16.4,37.5,Cloudy,
AO97317,Gamma,2022,5,17,17,0,73.51,39.94,15.780000000000001,17.79,3.45,15.9,23.0,Clear,
AO97317,Gamma,2022,6,20,20,0,70.67999999999999,30.68,32.0,8.0,0.81,30.8,22.6,Clear,
AO97317,Gamma,2022,7,19,19,0,66.57,29.990000000000002,10.33,26.25,3.25,29.9,18.1,Clear,
AO97317,Gamma,2022,8,21,21,0,75.37,27.72,28.61,19.04,3.24,29.7,16.1,Clear,
AO97317,Gamma,2022,9,12,12,0,44.64,19.509999999999998,15.67,9.46,2.98,13.5,23.0,Cloudy,
AO97317,Gamma,2022,10,9,9,0,31.080000000000002,14.18,1.23,15.67,6.94,15.1,35.2,Clear,
AO97317,Gamma,2022,11,8,8,0,23.91,15.89,4.0,4.02,2.13,14.1,40.5,Rainy,
AO97317,Gamma,2022,12,6,6,0,24.0,4.0,8.0,12.0,2.28,2.8,16.6,Windy,
AO97317,Gamma,2023,1,4,4,0,14.96,4.0,10.96,0.0,6.67,3.7,25.0,Clear,
AO97317,Gamma,2023,2,5,5,0,17.5,12.0,5.5,0.0,3.66,1.2,34.9,Clear,
AO97317,Gamma,2023,3,10,10,0,32.97,12.32,12.65,8.0,4.89,16.8,12.9,Clear,
AO97317,Gamma,2023,4,14,14,0,49.25,21.02,8.23,20.0,4.16,16.0,40.6,Clear,
AO97317,Gamma,2023,5,19,19,0,69.08,29.2,15.94,23.94,1.29,14.7,19.3,Clear,
AO97317,Gamma,2023,6,16,16,0,58.12,30.12,12.0,16.0,4.07,30.7,14.2,Clear,
AO97317,Gamma,2023,7,18,18,0,71.28,23.28,32.0,16.0,1.87,29.6,23.2,Clear,
AO97317,Gamma,2023,8,13,13,0,48.51,10.43,22.29,15.79,3.66,29.7,16.3,Clear,
AO97317,Gamma,2023,9,7,7,0,27.22,15.22,8.0,4.0,1.5,14.3,28.3,Cloudy,
AO97317,Gamma,2023,10,8,8,0,32.0,8.0,16.0,8.0,2.44,15.1,7.1,Clear,
AO97317,Gamma,2023,11,5,5,0,20.0,8.0,8.0,4.0,2.11,15.7,29.8,Clear,
AO97317,Gamma,2023,12,5,5,0,16.18,4.0,8.0,4.18,3.47,3.1,30.8,Windy,
AO97317,Gamma,2024,1,9,9,0,30.62,16.82,10.629999999999999,3.17,3.67,1.5,35.2,Cloudy,
AO97317,Gamma,2024,2,1,1,0,0.4,0.0,0.4,0.0,5.8,1.9,19.1,Clear,
AO97317,Gamma,2024,3,1,1,0,4.0,4.0,0.0,0.0,2.56,13.7,42.5,Cloudy,
AO97317,Gamma,2024,4,8,8,0,21.38,17.939999999999998,3.44,0.0,5.93,14.4,14.2,Clear,
AO97317,Gamma,2024,5,6,6,0,20.97,8.969999999999999,4.0,8.0,3.53,17.0,39.9,Clear,
AO97317,Gamma,2024,6,5,5,0,18.84,18.84,0.0,0.0,6.08,31.2,29.9,Clear,
AO97317,Gamma,2024,7,5,5,0,15.46,7.46,8.0,0.0,0.0,29.5,41.4,Clear,
AO97317,Gamma,2024,8,2,2,0,8.0,4.0,4.0,0.0,2.6,30.1,10.9,Clear,
AO97317,Gamma,2024,9,1,1,0,4.0,0.0,4.0,0.0,3.27,14.5,35.5,Cloudy,
AO97317,Gamma,2024,10,1,1,0,2.06,0.0,2.06,0.0,4.16,13.6,37.9,Rainy,
AO97317,Gamma,2024,11,2,2,0,8.0,4.0,4.0,0.0,3.13,14.5,28.4,Cloudy,
AO97317,Gamma,2024,12,1,1,0,4.0,4.0,0.0,0.0,1.78,3.2,16.9,Cloudy,
AO97317,Gamma,2025,1,5,5,0,16.88,12.879999999999999,0.0,4.0,2.26,3.0,21.1,Rainy,
AO97317,Gamma,2025,2,2,2,0,6.7,2.7,0.0,4.0,0.55,2.3,31.2,Clear,
AO97317,Gamma,2025,3,1,1,0,4.0,0.0,4.0,0.0,2.42,17.2,16.9,Rainy,
AO97317,Gamma,2025,4,1,1,0,4.0,4.0,0.0,0.0,7.67,15.2,32.8,Clear,
AO97317,Gamma,2025,5,8,8,0,32.0,16.0,12.0,4.0,4.65,16.4,19.6,Clear,
AO97317,Gamma,2025,6,5,5,0,20.0,4.0,0.0,16.0,6.74,31.1,7.1,Clear,
AO97317,Gamma,2025,7,5,5,0,16.91,8.91,8.0,0.0,5.65,29.2,31.9,Clear,
AO97317,Gamma,2025,8,4,4,0,16.0,4.0,4.0,8.0,3.17,29.8,25.8,Clear,
AO97317,Gamma,2025,9,6,6,0,22.93,8.0,12.0,2.93,5.6,13.7,22.0,Rainy,
AO97317,Gamma,2025,10,2,2,0,8.0,0.0,0.0,8.0,1.78,15.7,26.7,Cloudy,
AO97317,Gamma,2025,11,2,2,0,8.0,8.0,0.0,0.0,4.43,14.3,29.0,Clear,
AO97317,Gamma,2025,12,1,1,0,4.0,0.0,4.0,0.0,4.08,2.7,28.4,Cloudy,
AO97317,Gamma,2026,1,2,2,0,8.0,8.0,0.0,0.0,1.67,3.3,8.9,Cloudy,
AO97317,Gamma,2026,2,3,3,0,8.31,0.31,4.0,4.0,7.47,3.5,37.7,Windy,
AO97317,Gamma,2026,3,2,2,0,8.0,4.0,4.0,0.0,0.89,15.4,30.3,Cloudy,
AO97317,Gamma,2026,4,4,4,0,16.0,4.0,8.0,4.0,3.57,15.5,12.2,Clear,
AO97317,Gamma,2026,5,3,3,0,12.0,8.0,4.0,0.0,2.83,14.6,36.8,Clear,
AO97317,Gamma,2026,6,3,3,0,12.0,0.0,12.0,0.0,3.07,29.9,19.2,Clear,
AO97468,Sigma,2024,9,3,3,0,12.0,4.0,8.0,0.0,4.95,13.7,27.0,Clear,
AO97468,Sigma,2024,10,3,3,0,12.0,8.0,0.0,4.0,3.96,13.5,29.7,Clear,
AO97468,Sigma,2024,11,2,2,0,4.5600000000000005,0.0,4.5600000000000005,0.0,2.22,13.4,14.5,Clear,
AO97468,Sigma,2024,12,4,4,0,13.95,4.0,9.95,0.0,1.08,4.0,39.2,Rainy,
AO97468,Sigma,2025,1,2,2,0,8.0,0.0,8.0,0.0,6.28,3.1,29.1,Windy,
AO97468,Sigma,2025,3,4,4,0,15.75,7.75,8.0,0.0,7.32,16.4,37.3,Clear,
AO97468,Sigma,2025,4,5,5,0,16.12,4.88,7.24,4.0,3.19,16.3,6.6,Clear,
AO97468,Sigma,2025,5,4,4,0,16.0,8.0,8.0,0.0,5.07,14.9,12.2,Clear,
AO97468,Sigma,2025,6,3,3,0,12.0,0.0,8.0,4.0,1.92,29.6,28.8,Clear,
AO97468,Sigma,2025,7,4,4,0,16.0,0.0,8.0,8.0,3.87,30.3,32.6,Clear,
AO97468,Sigma,2025,8,4,4,0,13.41,5.41,8.0,0.0,1.47,29.6,32.1,Clear,
AO97468,Sigma,2025,9,2,2,0,7.46,4.0,0.0,3.46,6.28,14.1,12.7,Cloudy,
AO97468,Sigma,2025,10,3,3,0,12.0,0.0,8.0,4.0,1.54,14.5,11.3,Clear,
AO97468,Sigma,2025,11,2,2,0,6.9399999999999995,4.0,2.94,0.0,7.88,13.9,17.6,Clear,
AO97468,Sigma,2025,12,1,1,0,0.13,0.13,0.0,0.0,7.93,2.4,39.4,Cloudy,
AO97468,Sigma,2026,1,1,1,0,4.0,0.0,0.0,4.0,4.66,3.4,43.5,Cloudy,
AO97468,Sigma,2026,2,2,2,0,8.0,4.0,4.0,0.0,1.51,2.6,43.1,Rainy,
AO97468,Sigma,2026,3,3,3,0,12.0,12.0,0.0,0.0,4.21,15.9,41.6,Clear,
AO97468,Sigma,2026,4,2,2,0,8.0,8.0,0.0,0.0,5.14,14.9,15.5,Clear,
AO97468,Sigma,2026,5,5,5,0,14.43,13.01,1.42,0.0,1.81,16.0,29.1,Clear,
AO97468,Sigma,2026,6,5,5,0,17.88,8.0,5.88,4.0,6.17,29.2,34.3,Clear,
G07690,Delta,2025,3,5,5,0,20.0,16.0,4.0,0.0,2.65,14.4,23.9,Clear,
G07690,Delta,2025,4,3,3,0,11.72,0.0,4.0,7.720000000000001,5.64,16.7,24.8,Clear,
G07690,Delta,2025,5,7,7,0,27.97,0.0,16.0,11.97,4.8,15.5,28.5,Clear,
G07690,Delta,2025,6,9,9,0,28.35,10.53,7.29,10.530000000000001,2.85,30.8,44.7,Clear,
G07690,Delta,2025,7,4,4,0,11.29,11.29,0.0,0.0,5.49,30.1,41.4,Clear,
G07690,Delta,2025,8,5,5,0,14.48,8.64,4.0,1.84,3.29,30.5,21.9,Clear,
G07690,Delta,2025,9,1,1,0,4.0,0.0,4.0,0.0,0.03,14.0,40.4,Cloudy,
G07690,Delta,2025,10,2,2,0,4.31,0.31,4.0,0.0,2.59,15.0,29.9,Windy,
G07690,Delta,2025,11,3,3,0,12.0,8.0,4.0,0.0,5.29,12.1,39.7,Clear,
G07690,Delta,2025,12,2,2,0,8.0,4.0,4.0,0.0,7.22,2.5,6.2,Windy,
G07690,Delta,2026,1,4,4,0,14.46,11.95,2.51,0.0,5.08,2.4,6.7,Cloudy,
G07690,Delta,2026,2,1,1,0,4.0,0.0,0.0,4.0,3.53,4.3,7.5,Windy,
G07690,Delta,2026,3,3,3,0,9.78,9.78,0.0,0.0,4.58,15.9,36.1,Clear,
G07690,Delta,2026,4,2,2,0,7.79,0.0,4.0,3.79,7.02,16.2,42.4,Cloudy,
G07690,Delta,2026,5,5,5,0,15.19,1.68,13.51,0.0,6.98,16.5,40.8,Clear,
G07690,Delta,2026,6,4,4,0,14.8,6.8,4.0,4.0,3.81,30.9,9.3,Clear,
G08440,Delta,2021,3,5,5,0,82.72,34.43,31.919999999999998,16.37,4.03,14.6,13.2,Clear,
G08440,Delta,2021,4,15,15,0,107.81,50.2,21.3,36.31,5.11,15.4,40.0,Clear,
G08440,Delta,2021,5,27,27,0,198.48,67.76,90.35,40.37,7.63,16.6,6.7,Clear,
G08440,Delta,2021,6,17,17,0,116.39,62.45,49.94,4.0,2.19,30.8,41.2,Clear,
G08440,Delta,2021,7,20,20,0,125.59,75.33,37.980000000000004,12.280000000000001,6.69,30.2,28.2,Clear,
G08440,Delta,2021,8,12,12,0,65.08,33.27,23.81,8.0,3.7,29.5,8.7,Clear,
G08440,Delta,2021,9,16,16,0,106.87,43.43,35.44,28.0,5.05,13.0,7.8,Clear,
G08440,Delta,2021,10,5,5,0,32.0,16.0,4.0,12.0,1.47,14.7,27.9,Clear,
G08440,Delta,2021,11,3,3,0,7.49,0.31,4.0,3.18,5.73,13.5,19.5,Clear,
G08440,Delta,2021,12,10,10,0,76.91,8.7,36.21,32.0,3.3,3.2,39.0,Cloudy,
G08440,Delta,2022,1,4,4,0,18.9,14.9,4.0,0.0,1.06,4.8,34.8,Cloudy,
G08440,Delta,2022,2,2,2,0,12.86,4.0,8.86,0.0,6.99,2.1,17.0,Rainy,
G08440,Delta,2022,3,6,6,0,29.259999999999998,7.26,7.57,14.43,3.24,15.2,34.1,Clear,
G08440,Delta,2022,4,13,13,0,86.27,38.29,8.0,39.980000000000004,3.24,15.8,35.3,Clear,
G08440,Delta,2022,5,16,16,0,80.88,22.87,46.01,12.0,5.79,16.5,29.8,Clear,
G08440,Delta,2022,6,22,22,0,114.13,23.45,49.22,41.46,2.08,29.7,43.5,Clear,
G08440,Delta,2022,7,14,14,0,93.41,14.84,32.0,46.57,5.67,29.6,21.2,Clear,
G08440,Delta,2022,8,16,16,0,96.14,29.81,39.57,26.759999999999998,6.57,30.3,42.3,Clear,
G08440,Delta,2022,9,9,9,0,47.78,8.0,31.78,8.0,0.0,15.1,18.8,Rainy,
G08440,Delta,2022,10,11,11,0,72.2,68.2,0.0,4.0,7.42,15.5,7.8,Cloudy,
G08440,Delta,2022,11,10,10,0,81.5,57.93,23.57,0.0,5.69,13.8,32.9,Clear,
G08440,Delta,2022,12,10,10,0,38.49,18.49,12.0,8.0,0.33,2.9,7.0,Cloudy,
G08440,Delta,2023,1,7,7,0,34.89,27.89,7.0,0.0,4.64,1.9,25.8,Rainy,
G08440,Delta,2023,2,10,10,0,34.69,15.04,8.0,11.65,4.54,4.7,19.2,Cloudy,
G08440,Delta,2023,3,6,6,0,22.72,12.0,2.72,8.0,5.24,17.2,44.8,Clear,
G08440,Delta,2023,4,11,11,0,35.84,13.08,10.76,12.0,4.34,14.2,7.8,Clear,
G08440,Delta,2023,5,20,20,0,67.76,40.21,23.55,4.0,2.6,15.4,33.6,Clear,
G08440,Delta,2023,6,14,14,0,51.67,27.93,7.74,16.0,5.23,29.3,22.9,Clear,
G08440,Delta,2023,7,20,20,0,68.28,27.58,36.0,4.7,3.62,28.8,35.2,Clear,
G08440,Delta,2023,8,16,16,0,61.11,26.96,26.15,8.0,2.38,29.4,33.1,Clear,
G08440,Delta,2023,9,12,12,0,34.71,4.91,13.799999999999999,16.0,4.87,14.3,21.2,Cloudy,
G08440,Delta,2023,10,8,8,0,28.4,8.0,11.5,8.9,6.37,13.4,27.2,Clear,
G08440,Delta,2023,11,1,1,0,0.68,0.68,0.0,0.0,2.74,16.2,39.7,Clear,
G08440,Delta,2023,12,6,6,0,24.0,4.0,8.0,12.0,3.36,3.9,14.5,Clear,
G08440,Delta,2024,1,4,4,0,16.0,12.0,4.0,0.0,0.54,4.6,44.0,Windy,
G08440,Delta,2024,2,3,3,0,12.0,8.0,4.0,0.0,4.67,1.6,27.5,Cloudy,
G08440,Delta,2024,3,1,1,0,4.0,4.0,0.0,0.0,7.04,14.7,11.3,Clear,
G08440,Delta,2024,4,9,9,0,35.769999999999996,31.77,4.0,0.0,4.14,16.0,28.4,Clear,
G08440,Delta,2024,5,3,3,0,12.0,0.0,4.0,8.0,5.9,14.5,13.6,Clear,
G08440,Delta,2024,6,5,5,0,15.02,6.66,4.0,4.36,5.02,31.1,41.6,Clear,
G08440,Delta,2024,7,2,2,0,7.92,0.0,3.92,4.0,8.46,30.4,37.0,Clear,
G08440,Delta,2024,8,2,2,0,4.19,4.19,0.0,0.0,5.36,29.2,31.1,Clear,
G08440,Delta,2024,9,4,4,0,16.0,4.0,8.0,4.0,3.9,14.1,7.6,Cloudy,
G08440,Delta,2024,10,2,2,0,8.0,4.0,4.0,0.0,1.54,13.7,26.6,Cloudy,
G08440,Delta,2024,11,1,1,0,4.0,0.0,0.0,4.0,7.58,14.5,7.8,Cloudy,
G08440,Delta,2024,12,2,2,0,6.7,4.0,2.7,0.0,3.39,4.4,38.5,Clear,
G08440,Delta,2025,1,2,2,0,5.98,4.0,1.98,0.0,5.0,2.8,12.3,Windy,
G08440,Delta,2025,2,4,4,0,13.73,4.0,4.0,5.73,3.6,2.2,16.1,Rainy,
G08440,Delta,2025,3,1,1,0,4.0,4.0,0.0,0.0,4.89,14.4,13.2,Clear,
G08440,Delta,2025,4,5,5,0,17.96,8.0,4.0,5.96,4.69,16.7,15.6,Clear,
G08440,Delta,2025,5,2,2,0,8.0,4.0,4.0,0.0,0.89,15.5,34.6,Clear,
G08440,Delta,2025,6,7,7,0,26.73,10.73,8.0,8.0,2.65,30.8,26.5,Clear,
G08440,Delta,2025,7,3,3,0,12.0,0.0,4.0,8.0,5.06,30.1,13.7,Clear,
G08440,Delta,2025,8,3,3,0,12.0,4.0,0.0,8.0,2.85,30.5,23.1,Clear,
G08440,Delta,2025,9,2,2,0,8.0,0.0,8.0,0.0,6.76,14.0,35.1,Cloudy,
G08440,Delta,2025,10,3,3,0,12.0,8.0,0.0,4.0,5.7,15.0,9.3,Windy,
G08440,Delta,2025,11,1,1,0,4.0,0.0,0.0,4.0,3.48,12.1,17.7,Clear,
G08440,Delta,2025,12,1,1,0,4.0,0.0,4.0,0.0,7.15,2.5,7.3,Windy,
G08440,Delta,2026,1,2,2,0,8.0,4.0,4.0,0.0,3.84,2.4,22.7,Cloudy,
G08440,Delta,2026,2,2,2,0,8.0,0.0,0.0,8.0,4.61,4.3,43.4,Windy,
G08440,Delta,2026,3,1,1,0,4.0,0.0,4.0,0.0,3.8,15.9,24.5,Clear,
G08440,Delta,2026,5,4,4,0,14.51,4.0,6.51,4.0,6.25,16.5,26.9,Clear,
G08440,Delta,2026,6,4,4,0,12.280000000000001,4.0,8.0,0.28,3.46,30.9,38.1,Clear,
G08825,Gamma,2025,3,3,3,0,9.91,0.0,9.91,0.0,6.12,17.2,18.2,Rainy,
G08825,Gamma,2025,4,2,2,0,8.0,4.0,4.0,0.0,5.46,15.2,7.5,Clear,
G08825,Gamma,2025,5,8,8,0,32.0,28.0,4.0,0.0,2.54,16.4,34.5,Clear,
G08825,Gamma,2025,6,4,4,0,13.42,4.0,4.0,5.42,3.21,31.1,21.2,Clear,
G08825,Gamma,2025,7,6,6,0,24.0,12.0,12.0,0.0,3.69,29.2,27.3,Clear,
G08825,Gamma,2025,8,2,2,0,6.0600000000000005,0.0,0.0,6.0600000000000005,6.91,29.8,15.4,Clear,
G08825,Gamma,2025,9,6,6,0,24.0,0.0,12.0,12.0,7.4,13.7,25.5,Rainy,
G08825,Gamma,2025,10,5,5,0,20.0,12.0,0.0,8.0,4.76,15.7,15.5,Cloudy,
G08825,Gamma,2025,11,3,3,0,12.0,8.0,4.0,0.0,4.2,14.3,7.2,Clear,
G08825,Gamma,2025,12,2,2,0,8.0,4.0,4.0,0.0,1.42,2.7,34.9,Cloudy,
G08825,Gamma,2026,1,2,2,0,7.5600000000000005,0.0,7.5600000000000005,0.0,6.97,3.3,32.3,Cloudy,
G08825,Gamma,2026,2,1,1,0,3.24,3.24,0.0,0.0,6.07,3.5,23.0,Windy,
G08825,Gamma,2026,3,4,4,0,14.09,6.09,8.0,0.0,3.25,15.4,11.8,Cloudy,
G08825,Gamma,2026,4,7,7,0,21.94,8.0,2.05,11.89,1.46,15.5,11.4,Clear,
G08825,Gamma,2026,5,3,3,0,6.3500000000000005,6.3500000000000005,0.0,0.0,7.87,14.6,17.9,Clear,
G08825,Gamma,2026,6,1,1,0,3.62,0.0,3.62,0.0,7.34,29.9,32.5,Clear,
G08986,Beta,2025,1,3,3,0,12.0,0.0,4.0,8.0,8.82,3.7,34.7,Cloudy,
G08986,Beta,2025,3,3,3,0,7.23,5.05,0.0,2.18,6.88,15.5,29.1,Cloudy,
G08986,Beta,2025,4,3,3,0,12.0,8.0,0.0,4.0,4.72,16.6,30.6,Clear,
G08986,Beta,2025,5,3,3,0,12.0,4.0,4.0,4.0,7.7,16.6,44.3,Clear,
G08986,Beta,2025,6,5,5,0,20.0,8.0,12.0,0.0,4.53,31.6,7.9,Clear,
G08986,Beta,2025,7,3,3,0,6.37,6.35,0.02,0.0,6.37,29.2,43.6,Clear,
G08986,Beta,2025,8,4,4,0,16.0,4.0,8.0,4.0,2.63,30.2,6.1,Clear,
G08986,Beta,2025,9,7,7,0,28.0,12.0,12.0,4.0,4.18,15.1,10.5,Clear,
G08986,Beta,2025,11,3,3,0,12.0,4.0,4.0,4.0,7.35,14.2,13.6,Clear,
G08986,Beta,2025,12,1,1,0,4.0,0.0,4.0,0.0,4.37,1.6,14.7,Cloudy,
G08986,Beta,2026,1,3,3,0,6.75,0.43,6.32,0.0,6.95,2.1,23.9,Cloudy,
G08986,Beta,2026,2,1,1,0,4.0,4.0,0.0,0.0,2.8,2.4,44.4,Rainy,
G08986,Beta,2026,3,5,5,0,20.0,12.0,4.0,4.0,7.33,16.3,39.3,Clear,
G08986,Beta,2026,4,1,1,0,4.0,0.0,4.0,0.0,1.34,16.3,31.3,Clear,
G08986,Beta,2026,5,5,5,0,18.1,14.1,4.0,0.0,3.87,16.0,40.4,Clear,
G08986,Beta,2026,6,6,6,0,24.0,0.0,20.0,4.0,3.01,30.0,32.9,Clear,
G08994,Gamma,2021,6,23,23,0,390.3,159.18,118.99,112.13,7.43,29.1,31.8,Clear,
G08994,Gamma,2021,7,24,24,0,219.93,103.74,76.89,39.3,5.23,30.2,30.8,Clear,
G08994,Gamma,2021,8,18,18,0,130.25,36.98,67.25,26.02,3.99,29.7,11.4,Clear,
G08994,Gamma,2021,9,19,19,0,120.59,45.21,48.730000000000004,26.65,2.84,15.2,39.3,Cloudy,
G08994,Gamma,2021,10,10,10,0,45.22,16.900000000000002,4.4,23.92,4.68,16.4,16.4,Cloudy,
G08994,Gamma,2021,11,6,6,0,29.61,0.0,4.0,25.61,7.45,13.9,11.5,Clear,
G08994,Gamma,2021,12,8,8,0,41.82,21.82,12.0,8.0,3.11,2.5,16.6,Clear,
G08994,Gamma,2022,1,10,10,0,41.83,15.969999999999999,12.0,13.86,3.85,3.4,12.7,Cloudy,
G08994,Gamma,2022,2,11,11,0,71.75,34.6,22.59,14.56,4.91,2.8,31.2,Cloudy,
G08994,Gamma,2022,3,8,8,0,30.87,9.17,0.0,21.7,6.93,17.1,41.5,Clear,
G08994,Gamma,2022,4,13,13,0,50.85,25.93,19.31,5.61,5.13,16.4,41.7,Cloudy,
G08994,Gamma,2022,5,25,25,0,84.7,32.37,28.0,24.33,4.2,15.9,5.7,Clear,
G08994,Gamma,2022,6,17,17,0,59.31,29.88,22.509999999999998,6.92,3.0,30.8,5.0,Clear,
G08994,Gamma,2022,7,18,18,0,65.23,32.58,11.78,20.87,8.61,29.9,28.9,Clear,
G08994,Gamma,2022,8,19,19,0,74.07,16.0,35.25,22.82,4.86,29.7,10.4,Clear,
G08994,Gamma,2022,9,9,9,0,30.81,11.51,8.0,11.3,3.13,13.5,21.7,Cloudy,
G08994,Gamma,2022,10,7,7,0,25.02,9.02,8.0,8.0,3.81,15.1,30.1,Clear,
G08994,Gamma,2022,11,8,8,0,27.88,16.03,3.85,8.0,5.29,14.1,16.6,Rainy,
G08994,Gamma,2022,12,4,4,0,12.1,0.0,8.1,4.0,4.64,2.8,16.7,Windy,
G08994,Gamma,2023,1,3,3,0,12.0,0.0,12.0,0.0,3.08,3.7,9.2,Clear,
G08994,Gamma,2023,2,6,6,0,24.0,16.0,8.0,0.0,6.05,1.2,11.9,Clear,
G08994,Gamma,2023,3,6,6,0,24.0,12.0,4.0,8.0,3.45,16.8,31.3,Clear,
G08994,Gamma,2023,4,9,9,0,29.3,16.0,8.98,4.32,2.89,16.0,18.5,Clear,
G08994,Gamma,2023,5,14,14,0,53.69,25.75,3.94,24.0,6.78,14.7,24.6,Clear,
G08994,Gamma,2023,6,13,13,0,45.019999999999996,28.95,8.0,8.07,3.58,30.7,14.0,Clear,
G08994,Gamma,2023,7,16,16,0,61.83,28.0,13.83,20.0,4.11,29.6,13.4,Clear,
G08994,Gamma,2023,8,10,10,0,38.11,11.629999999999999,18.48,8.0,5.55,29.7,38.0,Clear,
G08994,Gamma,2023,9,6,6,0,17.73,12.4,5.33,0.0,2.91,14.3,13.2,Cloudy,
G08994,Gamma,2023,10,7,7,0,23.64,5.63,18.009999999999998,0.0,5.82,15.1,11.2,Clear,
G08994,Gamma,2023,11,6,6,0,16.21,5.89,2.26,8.059999999999999,6.57,15.7,30.7,Clear,
G08994,Gamma,2023,12,5,5,0,16.18,8.0,8.0,0.18,3.56,3.1,42.3,Windy,
G08994,Gamma,2024,1,6,6,0,23.17,12.0,8.0,3.17,4.51,1.5,15.5,Cloudy,
G08994,Gamma,2024,2,5,5,0,13.41,0.0,9.41,4.0,2.16,1.9,18.9,Clear,
G08994,Gamma,2024,3,5,5,0,15.58,10.44,5.14,0.0,1.27,13.7,5.8,Cloudy,
G08994,Gamma,2024,4,9,9,0,31.12,13.9,16.0,1.22,7.96,14.4,30.4,Clear,
G08994,Gamma,2024,5,5,5,0,18.0,6.55,7.45,4.0,5.97,17.0,12.9,Clear,
G08994,Gamma,2024,6,5,5,0,14.81,10.81,4.0,0.0,1.64,31.2,19.8,Clear,
G08994,Gamma,2024,7,5,5,0,20.0,12.0,0.0,8.0,4.61,29.5,14.9,Clear,
G08994,Gamma,2024,8,10,10,0,33.6,19.92,4.0,9.68,4.42,30.1,42.3,Clear,
G08994,Gamma,2024,9,6,6,0,24.0,4.0,20.0,0.0,1.44,14.5,17.2,Cloudy,
G08994,Gamma,2024,10,1,1,0,3.61,0.0,3.61,0.0,5.44,13.6,41.0,Rainy,
G08994,Gamma,2024,11,4,4,0,16.0,8.0,4.0,4.0,3.69,14.5,24.7,Cloudy,
G08994,Gamma,2024,12,2,2,0,8.0,4.0,4.0,0.0,7.67,3.2,13.3,Cloudy,
G08994,Gamma,2025,1,5,5,0,17.259999999999998,9.26,4.0,4.0,5.58,3.0,29.7,Rainy,
G08994,Gamma,2025,2,1,1,0,4.0,0.0,4.0,0.0,3.03,2.3,27.4,Clear,
G08994,Gamma,2025,3,6,6,0,24.0,8.0,12.0,4.0,2.82,17.2,36.5,Rainy,
G08994,Gamma,2025,4,2,2,0,8.0,4.0,4.0,0.0,4.13,15.2,8.1,Clear,
G08994,Gamma,2025,5,8,8,0,29.73,21.73,4.0,4.0,1.93,16.4,18.1,Clear,
G08994,Gamma,2025,6,7,7,0,26.67,6.67,8.0,12.0,6.68,31.1,12.2,Clear,
G08994,Gamma,2025,7,6,6,0,22.86,8.0,10.86,4.0,3.3,29.2,15.6,Clear,
G08994,Gamma,2025,8,1,1,0,4.0,4.0,0.0,0.0,5.5,29.8,38.0,Clear,
G08994,Gamma,2025,9,6,6,0,22.53,6.529999999999999,12.0,4.0,0.25,13.7,26.1,Rainy,
G08994,Gamma,2025,10,2,2,0,8.0,4.0,0.0,4.0,4.73,15.7,36.6,Cloudy,
G08994,Gamma,2025,11,2,2,0,8.0,4.0,0.0,4.0,3.23,14.3,34.6,Clear,
G08994,Gamma,2025,12,1,1,0,4.0,4.0,0.0,0.0,6.66,2.7,20.8,Cloudy,
G08994,Gamma,2026,1,2,2,0,5.78,0.0,4.0,1.78,3.48,3.3,34.8,Cloudy,
G08994,Gamma,2026,3,6,6,0,23.55,4.0,19.55,0.0,2.59,15.4,35.9,Cloudy,
G08994,Gamma,2026,4,7,7,0,28.0,8.0,12.0,8.0,6.2,15.5,17.7,Clear,
G08994,Gamma,2026,5,5,5,0,18.71,14.71,4.0,0.0,5.6,14.6,37.1,Clear,
G08994,Gamma,2026,6,6,6,0,24.0,8.0,8.0,8.0,4.01,29.9,5.6,Clear,
G10034,Gamma,2024,11,1,1,0,4.0,4.0,0.0,0.0,3.32,14.5,39.1,Cloudy,
G10034,Gamma,2024,12,1,1,0,4.0,0.0,0.0,4.0,3.87,3.2,41.9,Cloudy,
G10034,Gamma,2025,1,1,1,0,4.0,4.0,0.0,0.0,3.76,3.0,18.5,Rainy,
G10034,Gamma,2025,2,2,2,0,4.23,0.0,4.23,0.0,4.2,2.3,11.3,Clear,
G10034,Gamma,2025,3,3,3,0,11.19,4.0,7.1899999999999995,0.0,4.06,17.2,26.5,Rainy,
G10034,Gamma,2025,4,5,5,0,19.78,15.78,0.0,4.0,0.0,15.2,43.3,Clear,
G10034,Gamma,2025,5,8,8,0,29.84,25.84,4.0,0.0,4.12,16.4,8.9,Clear,
G10034,Gamma,2025,6,6,6,0,22.07,6.07,0.0,16.0,4.61,31.1,6.3,Clear,
G10034,Gamma,2025,7,5,5,0,18.58,0.0,14.58,4.0,9.21,29.2,19.0,Clear,
G10034,Gamma,2025,8,6,6,0,20.689999999999998,0.69,12.0,8.0,5.19,29.8,42.9,Clear,
G10034,Gamma,2025,9,7,7,0,25.21,4.0,9.21,12.0,4.21,13.7,18.8,Rainy,
G10034,Gamma,2025,10,5,5,0,19.09,4.0,8.0,7.09,8.2,15.7,6.6,Cloudy,
G10034,Gamma,2025,11,3,3,0,12.0,8.0,0.0,4.0,5.0,14.3,41.6,Clear,
G10034,Gamma,2025,12,2,2,0,5.5600000000000005,4.0,0.0,1.56,4.64,2.7,15.8,Cloudy,
G10034,Gamma,2026,1,1,1,0,4.0,4.0,0.0,0.0,5.63,3.3,13.2,Cloudy,
G10034,Gamma,2026,2,1,1,0,4.0,4.0,0.0,0.0,3.23,3.5,39.9,Windy,
G10034,Gamma,2026,3,4,4,0,16.0,12.0,4.0,0.0,4.8,15.4,42.2,Cloudy,
G10034,Gamma,2026,5,5,5,0,20.0,8.0,8.0,4.0,1.83,14.6,33.8,Clear,
G10034,Gamma,2026,6,4,4,0,16.0,12.0,4.0,0.0,4.84,29.9,44.8,Clear,
G10878,Sigma,2022,12,7,7,0,25.98,15.04,4.0,6.9399999999999995,5.59,3.9,24.6,Cloudy,
G10878,Sigma,2023,1,4,4,0,14.11,8.0,4.0,2.11,7.06,4.7,22.6,Cloudy,
G10878,Sigma,2023,2,7,7,0,27.88,15.879999999999999,12.0,0.0,5.51,2.6,21.8,Clear,
G10878,Sigma,2023,3,3,3,0,7.09,7.09,0.0,0.0,3.68,16.6,9.2,Cloudy,
G10878,Sigma,2023,4,4,4,0,14.89,8.0,4.0,2.89,2.98,14.6,7.1,Clear,
G10878,Sigma,2023,5,7,7,0,27.490000000000002,15.49,12.0,0.0,6.77,15.4,12.9,Clear,
G10878,Sigma,2023,6,4,4,0,8.8,1.56,4.0,3.24,6.17,29.5,6.6,Clear,
G10878,Sigma,2023,7,8,8,0,31.990000000000002,12.0,12.0,7.99,6.75,29.9,21.7,Clear,
G10878,Sigma,2023,8,5,5,0,18.92,10.92,8.0,0.0,4.24,30.6,37.3,Clear,
G10878,Sigma,2023,9,5,5,0,18.18,7.21,8.0,2.97,5.64,14.1,15.5,Cloudy,
G10878,Sigma,2023,10,2,2,0,8.0,0.0,4.0,4.0,3.67,14.3,14.7,Cloudy,
G10878,Sigma,2023,11,4,4,0,16.0,8.0,8.0,0.0,5.49,12.8,20.0,Clear,
G10878,Sigma,2023,12,3,3,0,11.54,11.54,0.0,0.0,4.42,4.0,39.2,Clear,
G10878,Sigma,2024,1,5,5,0,16.62,4.62,12.0,0.0,7.13,3.6,11.5,Cloudy,
G10878,Sigma,2024,2,5,5,0,16.759999999999998,0.76,8.0,8.0,1.84,3.5,30.1,Cloudy,
G10878,Sigma,2024,3,4,4,0,15.18,0.0,3.18,12.0,4.72,16.3,12.6,Clear,
G10878,Sigma,2024,4,3,3,0,12.0,4.0,0.0,8.0,6.03,16.0,27.7,Clear,
G10878,Sigma,2024,5,4,4,0,16.0,12.0,0.0,4.0,6.22,16.0,6.2,Clear,
G10878,Sigma,2024,6,2,2,0,4.62,0.0,0.0,4.62,4.84,30.4,39.9,Clear,
G10878,Sigma,2024,7,5,5,0,17.38,9.379999999999999,4.0,4.0,0.12,29.4,23.7,Clear,
G10878,Sigma,2024,8,4,4,0,16.0,4.0,0.0,12.0,5.87,30.9,36.2,Clear,
G10878,Sigma,2024,9,3,3,0,8.85,4.85,4.0,0.0,4.78,13.7,15.2,Clear,
G10878,Sigma,2024,10,3,3,0,10.15,4.0,4.0,2.15,6.92,13.5,17.5,Clear,
G10878,Sigma,2024,11,4,4,0,16.0,8.0,0.0,8.0,7.1,13.4,40.5,Clear,
G10878,Sigma,2024,12,4,4,0,16.0,4.0,4.0,8.0,6.09,4.0,37.9,Rainy,
G10878,Sigma,2025,1,2,2,0,8.0,0.0,8.0,0.0,6.54,3.1,34.5,Windy,
G10878,Sigma,2025,2,3,3,0,11.370000000000001,4.0,7.37,0.0,3.79,4.7,5.9,Clear,
G10878,Sigma,2025,3,3,3,0,12.0,4.0,4.0,4.0,4.11,16.4,23.6,Clear,
G10878,Sigma,2025,4,3,3,0,9.58,0.0,5.58,4.0,7.74,16.3,9.2,Clear,
G10878,Sigma,2025,5,3,3,0,9.49,1.49,4.0,4.0,2.96,14.9,41.1,Clear,
G10878,Sigma,2025,6,3,3,0,12.0,8.0,4.0,0.0,0.53,29.6,21.1,Clear,
G10878,Sigma,2025,7,3,3,0,12.0,0.0,12.0,0.0,6.12,30.3,41.1,Clear,
G10878,Sigma,2025,8,5,5,0,13.92,13.14,0.0,0.78,9.57,29.6,19.5,Clear,
G10878,Sigma,2025,9,4,4,0,16.0,12.0,4.0,0.0,4.81,14.1,6.4,Cloudy,
G10878,Sigma,2025,11,3,3,0,12.0,12.0,0.0,0.0,3.58,13.9,32.6,Clear,
G10878,Sigma,2025,12,2,2,0,6.08,3.9,0.0,2.18,2.73,2.4,25.6,Cloudy,
G10878,Sigma,2026,1,1,1,0,4.0,4.0,0.0,0.0,1.73,3.4,27.8,Cloudy,
G10878,Sigma,2026,2,3,3,0,12.0,8.0,4.0,0.0,6.09,2.6,43.1,Rainy,
G10878,Sigma,2026,3,3,3,0,5.84,5.03,0.0,0.81,5.42,15.9,32.6,Clear,
G10878,Sigma,2026,4,5,5,0,9.55,4.0,5.55,0.0,5.99,14.9,23.2,Clear,
G10878,Sigma,2026,5,5,5,0,16.29,12.0,4.29,0.0,6.61,16.0,33.1,Clear,
G10878,Sigma,2026,6,2,2,0,4.720000000000001,4.720000000000001,0.0,0.0,4.49,29.2,22.7,Clear,
G11488,Alpha,2021,1,10,10,0,82.83,19.5,46.32,17.01,4.64,4.0,5.7,Clear,
G11488,Alpha,2021,2,8,8,0,86.63,56.53,18.83,11.27,4.35,2.9,20.8,Cloudy,
G11488,Alpha,2021,3,9,9,0,101.85,35.45,52.64,13.76,3.42,17.1,25.6,Clear,
G11488,Alpha,2021,4,20,20,0,205.58,112.01,24.0,69.57,4.28,16.4,6.5,Clear,
G11488,Alpha,2021,5,25,25,0,179.23,14.57,112.53,52.13,4.39,16.9,9.3,Clear,
G11488,Alpha,2021,6,19,19,0,168.1,41.769999999999996,71.08,55.25,1.69,30.4,12.7,Clear,
G11488,Alpha,2021,7,19,19,0,191.27,104.61,78.0,8.66,4.86,28.0,39.9,Clear,
G11488,Alpha,2021,8,25,25,0,241.27,123.37,72.96,44.94,6.44,29.2,30.8,Clear,
G11488,Alpha,2021,9,12,12,0,116.02,61.25,50.77,4.0,5.01,14.0,31.2,Cloudy,
G11488,Alpha,2021,10,17,17,0,180.15,66.56,50.62,62.97,6.12,12.5,39.3,Rainy,
G11488,Alpha,2021,11,14,14,0,146.29,72.38,40.0,33.91,1.39,14.3,15.0,Clear,
G11488,Alpha,2021,12,12,12,0,103.07,17.62,49.43,36.019999999999996,2.21,3.6,23.3,Clear,
G11488,Alpha,2022,1,7,7,0,65.85,31.84,8.58,25.43,4.62,2.2,7.4,Clear,
G11488,Alpha,2022,2,4,4,0,23.62,4.0,12.0,7.62,2.92,4.4,44.7,Clear,
G11488,Alpha,2022,3,8,8,0,57.54,23.58,29.96,4.0,5.64,17.6,18.4,Cloudy,
G11488,Alpha,2022,4,13,13,0,87.87,33.16,37.96,16.75,2.89,15.4,18.2,Clear,
G11488,Alpha,2022,5,24,24,0,194.82,55.99,87.37,51.46,6.82,16.4,34.3,Clear,
G11488,Alpha,2022,6,17,17,0,92.24,28.55,37.22,26.47,9.36,28.9,16.0,Clear,
G11488,Alpha,2022,7,15,15,0,60.25,40.3,9.73,10.22,5.71,30.7,32.6,Clear,
G11488,Alpha,2022,8,16,16,0,50.51,22.85,8.0,19.66,5.67,31.5,35.4,Clear,
G11488,Alpha,2022,9,16,16,0,50.6,24.240000000000002,26.11,0.25,5.31,13.0,28.2,Cloudy,
G11488,Alpha,2022,10,12,12,0,48.0,28.0,20.0,0.0,3.18,13.2,5.8,Clear,
G11488,Alpha,2022,11,10,10,0,36.91,16.91,16.0,4.0,1.99,14.5,6.7,Cloudy,
G11488,Alpha,2022,12,8,8,0,28.84,16.84,12.0,0.0,5.04,3.3,9.8,Clear,
G11488,Alpha,2023,1,5,5,0,19.189999999999998,8.0,3.19,8.0,3.97,3.0,29.9,Rainy,
G11488,Alpha,2023,2,8,8,0,32.0,16.0,16.0,0.0,4.75,2.1,10.1,Cloudy,
G11488,Alpha,2023,3,8,8,0,29.8,17.8,8.0,4.0,6.99,15.4,17.5,Clear,
G11488,Alpha,2023,4,15,15,0,47.81,24.77,15.64,7.4,2.78,16.2,17.9,Clear,
G11488,Alpha,2023,5,10,10,0,34.58,20.91,4.0,9.67,2.56,16.3,14.1,Clear,
G11488,Alpha,2023,6,19,19,0,68.27,28.27,20.0,20.0,1.42,30.7,14.4,Clear,
G11488,Alpha,2023,7,12,12,0,45.82,25.82,12.0,8.0,5.1,30.4,42.9,Clear,
G11488,Alpha,2023,8,12,12,0,44.11,28.11,4.0,12.0,7.48,28.2,31.5,Clear,
G11488,Alpha,2023,9,8,8,0,28.33,20.33,4.0,4.0,5.46,13.9,7.7,Cloudy,
G11488,Alpha,2023,10,7,7,0,27.16,4.0,15.16,8.0,5.04,15.1,33.3,Cloudy,
G11488,Alpha,2023,11,2,2,0,4.72,4.0,0.72,0.0,1.39,13.3,7.9,Cloudy,
G11488,Alpha,2023,12,3,3,0,12.0,12.0,0.0,0.0,8.85,3.0,38.2,Rainy,
G11488,Alpha,2024,1,1,1,0,4.0,0.0,0.0,4.0,1.38,3.1,5.6,Clear,
G11488,Alpha,2024,2,1,1,0,4.0,4.0,0.0,0.0,9.6,2.0,34.4,Clear,
G11488,Alpha,2024,3,5,5,0,20.0,12.0,4.0,4.0,4.26,16.4,5.8,Cloudy,
G11488,Alpha,2024,4,3,3,0,12.0,4.0,4.0,4.0,4.12,16.7,28.6,Clear,
G11488,Alpha,2024,5,10,10,0,35.56,13.79,13.77,8.0,5.9,15.8,9.3,Clear,
G11488,Alpha,2024,6,8,8,0,28.06,8.0,7.83,12.23,4.43,30.3,28.2,Clear,
G11488,Alpha,2024,7,10,10,0,39.58,19.58,8.0,12.0,5.17,29.5,23.2,Clear,
G11488,Alpha,2024,8,3,3,0,12.0,8.0,4.0,0.0,6.77,28.6,11.5,Clear,
G11488,Alpha,2024,9,1,1,0,4.0,4.0,0.0,0.0,7.82,13.1,6.1,Cloudy,
G11488,Alpha,2024,10,4,4,0,16.0,12.0,0.0,4.0,4.81,13.6,28.1,Clear,
G11488,Alpha,2024,11,6,6,0,22.9,6.9,16.0,0.0,5.27,14.1,32.1,Rainy,
G11488,Alpha,2024,12,2,2,0,8.0,4.0,4.0,0.0,4.18,4.3,14.5,Clear,
G11488,Alpha,2025,1,1,1,0,4.0,0.0,0.0,4.0,2.19,1.8,42.5,Clear,
G11488,Alpha,2025,2,1,1,0,4.0,0.0,0.0,4.0,6.56,3.1,11.1,Cloudy,
G11488,Alpha,2025,3,5,5,0,15.870000000000001,8.0,0.0,7.87,3.13,16.6,11.0,Clear,
G11488,Alpha,2025,4,3,3,0,12.0,8.0,4.0,0.0,5.06,17.4,26.5,Clear,
G11488,Alpha,2025,5,9,9,0,36.0,12.0,16.0,8.0,2.01,16.4,37.1,Clear,
G11488,Alpha,2025,6,3,3,0,8.68,4.68,0.0,4.0,4.7,31.3,27.0,Clear,
G11488,Alpha,2025,7,4,4,0,16.0,4.0,0.0,12.0,2.65,30.5,13.4,Clear,
G11488,Alpha,2025,8,5,5,0,20.0,8.0,4.0,8.0,6.03,31.3,24.8,Clear,
G11488,Alpha,2025,9,6,6,0,22.63,14.629999999999999,4.0,4.0,8.46,13.9,25.3,Clear,
G11488,Alpha,2025,10,3,3,0,11.36,3.36,4.0,4.0,5.78,14.8,11.5,Clear,
G11488,Alpha,2025,11,2,2,0,4.44,0.0,0.44,4.0,5.56,14.7,13.6,Cloudy,
G11488,Alpha,2025,12,4,4,0,16.0,0.0,8.0,8.0,2.36,3.9,7.5,Rainy,
G11488,Alpha,2026,1,2,2,0,8.0,0.0,0.0,8.0,4.04,3.1,8.3,Cloudy,
G11488,Alpha,2026,3,2,2,0,8.0,4.0,0.0,4.0,1.49,15.0,30.7,Clear,
G11488,Alpha,2026,5,8,8,0,31.89,8.0,4.0,19.89,6.04,16.5,15.9,Clear,
G11488,Alpha,2026,6,5,5,0,17.78,1.78,8.0,8.0,4.14,28.3,40.6,Clear,
G11534,Gamma,2024,3,4,4,0,15.96,15.96,0.0,0.0,2.33,13.7,28.0,Cloudy,
G11534,Gamma,2024,4,7,7,0,25.939999999999998,17.939999999999998,4.0,4.0,7.2,14.4,18.3,Clear,
G11534,Gamma,2024,5,10,10,0,39.53,16.0,16.0,7.529999999999999,7.84,17.0,39.3,Clear,
G11534,Gamma,2024,6,5,5,0,20.0,8.0,0.0,12.0,4.12,31.2,35.4,Clear,
G11534,Gamma,2024,7,11,11,0,40.91,24.0,8.0,8.91,1.67,29.5,32.7,Clear,
G11534,Gamma,2024,8,11,11,0,40.79,20.0,13.93,6.859999999999999,7.03,30.1,36.5,Clear,
G11534,Gamma,2024,9,5,5,0,20.0,4.0,12.0,4.0,7.69,14.5,14.4,Cloudy,
G11534,Gamma,2024,10,2,2,0,6.51,0.0,6.51,0.0,5.71,13.6,44.7,Rainy,
G11534,Gamma,2024,12,1,1,0,0.37,0.37,0.0,0.0,3.87,3.2,16.9,Cloudy,
G11534,Gamma,2025,1,4,4,0,14.53,10.53,4.0,0.0,1.56,3.0,9.8,Rainy,
G11534,Gamma,2025,2,1,1,0,2.76,2.76,0.0,0.0,0.0,2.3,30.6,Clear,
G11534,Gamma,2025,3,3,3,0,12.0,0.0,8.0,4.0,3.86,17.2,34.3,Rainy,
G11534,Gamma,2025,4,3,3,0,12.0,8.0,4.0,0.0,6.61,15.2,16.3,Clear,
G11534,Gamma,2025,5,10,10,0,35.8,18.97,8.0,8.83,9.0,16.4,24.7,Clear,
G11534,Gamma,2025,6,7,7,0,28.0,8.0,8.0,12.0,3.36,31.1,23.9,Clear,
G11534,Gamma,2025,7,3,3,0,8.67,0.0,4.0,4.67,1.87,29.2,43.9,Clear,
G11534,Gamma,2025,8,2,2,0,7.34,3.34,0.0,4.0,2.89,29.8,16.4,Clear,
G11534,Gamma,2025,9,6,6,0,18.21,8.0,6.21,4.0,3.8,13.7,37.1,Rainy,
G11534,Gamma,2025,10,4,4,0,16.0,16.0,0.0,0.0,3.54,15.7,36.4,Cloudy,
G11534,Gamma,2025,11,2,2,0,7.66,4.0,0.0,3.66,3.86,14.3,42.1,Clear,
G11534,Gamma,2025,12,2,2,0,6.49,0.0,4.0,2.49,4.59,2.7,43.9,Cloudy,
G11534,Gamma,2026,1,2,2,0,8.0,0.0,4.0,4.0,1.84,3.3,22.0,Cloudy,
G11534,Gamma,2026,2,2,2,0,8.0,4.0,4.0,0.0,4.35,3.5,32.0,Windy,
G11534,Gamma,2026,3,3,3,0,12.0,0.0,8.0,4.0,9.1,15.4,10.9,Cloudy,
G11534,Gamma,2026,4,5,5,0,18.45,8.0,10.45,0.0,3.55,15.5,15.7,Clear,
G11534,Gamma,2026,6,3,3,0,12.0,8.0,0.0,4.0,5.54,29.9,37.4,Clear,
G11545,Delta,2023,10,6,6,0,21.78,12.0,5.78,4.0,2.87,13.4,19.9,Clear,
G11545,Delta,2023,12,1,1,0,4.0,0.0,0.0,4.0,4.14,3.9,32.1,Clear,
G11545,Delta,2024,1,1,1,0,1.57,1.57,0.0,0.0,1.94,4.6,24.7,Windy,
G11545,Delta,2024,2,3,3,0,12.0,4.0,8.0,0.0,5.95,1.6,40.8,Cloudy,
G11545,Delta,2024,3,4,4,0,12.99,4.99,8.0,0.0,7.45,14.7,39.6,Clear,
G11545,Delta,2024,4,4,4,0,13.1,8.0,5.1,0.0,6.91,16.0,38.4,Clear,
G11545,Delta,2024,5,7,7,0,27.16,8.0,7.1899999999999995,11.97,5.97,14.5,34.0,Clear,
G11545,Delta,2024,6,3,3,0,12.0,12.0,0.0,0.0,6.94,31.1,42.1,Clear,
G11545,Delta,2024,7,7,7,0,22.82,10.82,8.0,4.0,3.21,30.4,26.6,Clear,
G11545,Delta,2024,8,2,2,0,8.0,4.0,4.0,0.0,1.72,29.2,36.6,Clear,
G11545,Delta,2024,9,5,5,0,20.0,4.0,8.0,8.0,4.15,14.1,14.8,Cloudy,
G11545,Delta,2024,10,2,2,0,5.03,1.03,0.0,4.0,4.42,13.7,22.9,Cloudy,
G11545,Delta,2024,11,3,3,0,8.4,4.0,0.4,4.0,5.36,14.5,38.0,Cloudy,
G11545,Delta,2024,12,1,1,0,4.0,4.0,0.0,0.0,3.03,4.4,23.0,Clear,
G11545,Delta,2025,1,1,1,0,4.0,0.0,0.0,4.0,1.36,2.8,7.4,Windy,
G11545,Delta,2025,2,1,1,0,2.87,0.0,2.87,0.0,4.58,2.2,14.0,Rainy,
G11545,Delta,2025,4,3,3,0,5.62,1.62,0.0,4.0,4.98,16.7,30.1,Clear,
G11545,Delta,2025,5,3,3,0,12.0,4.0,4.0,4.0,0.56,15.5,17.7,Clear,
G11545,Delta,2025,6,3,3,0,12.0,4.0,4.0,4.0,4.77,30.8,29.9,Clear,
G11545,Delta,2025,7,2,2,0,5.12,1.12,0.0,4.0,4.47,30.1,33.2,Clear,
G11545,Delta,2025,8,2,2,0,4.79,0.79,4.0,0.0,5.64,30.5,15.3,Clear,
G11545,Delta,2025,9,3,3,0,8.58,4.0,0.0,4.58,5.17,14.0,28.4,Cloudy,
G11545,Delta,2025,10,4,4,0,12.26,4.0,3.59,4.67,6.75,15.0,42.1,Windy,
G11545,Delta,2025,12,1,1,0,4.0,0.0,4.0,0.0,3.4,2.5,25.6,Windy,
G11545,Delta,2026,1,1,1,0,4.0,0.0,0.0,4.0,3.93,2.4,18.8,Cloudy,
G11545,Delta,2026,2,2,2,0,5.75,0.0,4.0,1.75,6.18,4.3,22.1,Windy,
G11545,Delta,2026,3,3,3,0,12.0,4.0,0.0,8.0,6.5,15.9,9.2,Clear,
G11545,Delta,2026,4,3,3,0,12.0,8.0,4.0,0.0,1.78,16.2,41.3,Cloudy,
G11545,Delta,2026,5,3,3,0,8.620000000000001,0.0,8.0,0.62,6.68,16.5,35.7,Clear,
G11545,Delta,2026,6,2,2,0,8.0,4.0,0.0,4.0,4.53,30.9,43.8,Clear,
G11589,Beta,2023,6,8,8,0,32.0,8.0,16.0,8.0,7.06,30.5,7.1,Clear,
G11589,Beta,2023,7,10,10,0,38.57,14.98,8.0,15.59,4.99,30.2,44.2,Clear,
G11589,Beta,2023,8,4,4,0,13.29,9.29,4.0,0.0,8.2,29.9,36.7,Clear,
G11589,Beta,2023,9,6,6,0,18.46,4.33,14.129999999999999,0.0,9.45,14.6,17.6,Cloudy,
G11589,Beta,2023,10,5,5,0,20.0,0.0,0.0,20.0,3.59,12.7,35.8,Clear,
G11589,Beta,2023,11,5,5,0,17.39,13.39,4.0,0.0,6.33,15.6,29.0,Clear,
G11589,Beta,2023,12,3,3,0,12.0,4.0,0.0,8.0,7.54,1.6,31.3,Clear,
G11589,Beta,2024,1,5,5,0,19.55,11.55,4.0,4.0,5.76,3.1,31.1,Windy,
G11589,Beta,2024,2,4,4,0,12.68,0.0,8.68,4.0,6.2,2.3,34.5,Cloudy,
G11589,Beta,2024,3,3,3,0,12.0,0.0,4.0,8.0,5.72,16.7,26.2,Clear,
G11589,Beta,2024,4,5,5,0,13.77,5.28,4.0,4.49,5.79,17.3,35.3,Clear,
G11589,Beta,2024,5,6,6,0,24.0,12.0,12.0,0.0,5.93,15.8,43.5,Clear,
G11589,Beta,2024,7,6,6,0,20.43,4.0,16.0,0.43,8.5,31.1,43.4,Clear,
G11589,Beta,2024,8,5,5,0,19.31,11.31,8.0,0.0,4.03,30.1,14.3,Clear,
G11589,Beta,2024,9,4,4,0,15.4,8.0,4.0,3.4,8.19,13.9,10.5,Clear,
G11589,Beta,2024,10,2,2,0,8.0,4.0,0.0,4.0,7.97,13.1,36.0,Clear,
G11589,Beta,2024,11,1,1,0,4.0,4.0,0.0,0.0,4.28,12.6,32.6,Clear,
G11589,Beta,2024,12,3,3,0,10.71,7.0,0.0,3.71,9.17,2.2,17.4,Rainy,
G11589,Beta,2025,1,2,2,0,8.0,4.0,0.0,4.0,4.16,3.7,42.9,Cloudy,
G11589,Beta,2025,3,2,2,0,8.0,4.0,0.0,4.0,4.29,15.5,17.6,Cloudy,
G11589,Beta,2025,4,3,3,0,12.0,0.0,8.0,4.0,5.39,16.6,22.2,Clear,
G11589,Beta,2025,5,3,3,0,12.0,4.0,8.0,0.0,6.66,16.6,34.3,Clear,
G11589,Beta,2025,6,2,2,0,8.0,0.0,8.0,0.0,1.48,31.6,12.9,Clear,
G11589,Beta,2025,7,2,2,0,8.0,4.0,4.0,0.0,4.38,29.2,17.7,Clear,
G11589,Beta,2025,8,4,4,0,16.0,8.0,4.0,4.0,3.64,30.2,39.2,Clear,
G11589,Beta,2025,9,4,4,0,11.99,11.47,0.52,0.0,6.0,15.1,33.3,Clear,
G11589,Beta,2025,10,1,1,0,4.0,0.0,4.0,0.0,1.88,14.2,10.6,Clear,
G11589,Beta,2025,11,1,1,0,4.0,0.0,4.0,0.0,0.0,14.2,28.2,Clear,
G11589,Beta,2026,1,1,1,0,4.0,4.0,0.0,0.0,6.15,2.1,24.9,Cloudy,
G11589,Beta,2026,3,2,2,0,8.0,4.0,4.0,0.0,2.67,16.3,17.0,Clear,
G11589,Beta,2026,4,2,2,0,8.0,8.0,0.0,0.0,5.77,16.3,36.3,Clear,
G11589,Beta,2026,5,3,3,0,10.91,4.0,0.0,6.91,3.62,16.0,22.5,Clear,
G11589,Beta,2026,6,7,7,0,24.16,9.77,11.49,2.9,4.82,30.0,7.6,Clear,
G11657,Delta,2021,7,20,20,0,129.65,65.61,24.12,39.92,3.75,30.2,41.4,Clear,
G11657,Delta,2021,8,19,19,0,147.95,54.03,54.55,39.37,5.31,29.5,35.4,Clear,
G11657,Delta,2021,9,16,16,0,109.87,53.02,40.85,16.0,7.49,13.0,19.7,Clear,
G11657,Delta,2021,10,12,12,0,111.4,80.25,14.64,16.509999999999998,6.27,14.7,34.1,Clear,
G11657,Delta,2021,11,5,5,0,46.11,8.0,26.11,12.0,6.11,13.5,15.0,Clear,
G11657,Delta,2021,12,9,9,0,47.41,13.81,12.0,21.6,3.35,3.2,9.2,Cloudy,
G11657,Delta,2022,1,7,7,0,61.629999999999995,42.11,7.52,12.0,5.02,4.8,25.4,Cloudy,
G11657,Delta,2022,2,8,8,0,57.71,24.259999999999998,33.45,0.0,4.51,2.1,14.2,Rainy,
G11657,Delta,2022,3,7,7,0,43.3,11.16,14.3,17.84,2.47,15.2,18.5,Clear,
G11657,Delta,2022,4,13,13,0,81.34,43.75,8.0,29.59,5.76,15.8,8.3,Clear,
G11657,Delta,2022,5,24,24,0,173.12,74.57,67.26,31.29,3.98,16.5,6.2,Clear,
G11657,Delta,2022,6,28,28,0,214.45,88.02,74.43,52.0,3.84,29.7,17.8,Clear,
G11657,Delta,2022,7,13,13,0,85.07,17.55,23.15,44.37,5.73,29.6,26.7,Clear,
G11657,Delta,2022,8,22,22,0,166.64,68.64,39.34,58.66,6.72,30.3,29.9,Clear,
G11657,Delta,2022,9,14,14,0,125.96,61.96,40.0,24.0,4.08,15.1,37.8,Rainy,
G11657,Delta,2022,10,11,11,0,66.77,57.89,8.88,0.0,6.91,15.5,19.3,Cloudy,
G11657,Delta,2022,11,12,12,0,76.12,40.0,36.12,0.0,6.5,13.8,28.2,Clear,
G11657,Delta,2022,12,12,12,0,82.65,40.83,30.77,11.05,4.65,2.9,12.7,Cloudy,
G11657,Delta,2023,1,4,4,0,18.13,14.129999999999999,4.0,0.0,5.2,1.9,30.0,Rainy,
G11657,Delta,2023,2,11,11,0,39.769999999999996,14.17,12.0,13.6,4.56,4.7,31.1,Cloudy,
G11657,Delta,2023,3,5,5,0,20.0,8.0,8.0,4.0,4.94,17.2,37.7,Clear,
G11657,Delta,2023,4,16,16,0,57.49,32.63,13.48,11.379999999999999,2.2,14.2,30.1,Clear,
G11657,Delta,2023,5,20,20,0,75.25,32.2,31.740000000000002,11.31,8.31,15.4,28.0,Clear,
G11657,Delta,2023,6,20,20,0,64.93,34.07,22.490000000000002,8.370000000000001,5.56,29.3,39.8,Clear,
G11657,Delta,2023,7,21,21,0,74.86,30.98,35.42,8.46,7.56,28.8,37.0,Clear,
G11657,Delta,2023,8,22,22,0,81.6,37.6,36.0,8.0,5.11,29.4,44.1,Clear,
G11657,Delta,2023,9,10,10,0,33.47,0.0,20.73,12.74,6.45,14.3,23.6,Cloudy,
G11657,Delta,2023,10,12,12,0,45.19,20.0,8.0,17.189999999999998,4.88,13.4,27.9,Clear,
G11657,Delta,2023,11,3,3,0,12.0,4.0,4.0,4.0,7.28,16.2,20.7,Clear,
G11657,Delta,2023,12,3,3,0,5.01,3.31,1.7,0.0,5.29,3.9,6.7,Clear,
G11657,Delta,2024,1,1,1,0,4.0,4.0,0.0,0.0,6.34,4.6,42.5,Windy,
G11657,Delta,2024,2,2,2,0,8.0,0.0,8.0,0.0,1.38,1.6,10.7,Cloudy,
G11657,Delta,2024,3,3,3,0,11.52,7.52,0.0,4.0,3.86,14.7,19.0,Clear,
G11657,Delta,2024,4,7,7,0,24.7,12.0,8.7,4.0,4.35,16.0,22.5,Clear,
G11657,Delta,2024,5,6,6,0,21.59,13.59,4.0,4.0,7.82,14.5,29.2,Clear,
G11657,Delta,2024,6,6,6,0,24.0,12.0,4.0,8.0,5.42,31.1,34.4,Clear,
G11657,Delta,2024,7,9,9,0,32.78,16.78,8.0,8.0,5.36,30.4,15.4,Clear,
G11657,Delta,2024,8,7,7,0,26.04,19.35,2.69,4.0,5.54,29.2,39.2,Clear,
G11657,Delta,2024,9,1,1,0,4.0,0.0,4.0,0.0,6.82,14.1,36.9,Cloudy,
G11657,Delta,2024,10,2,2,0,6.37,0.0,0.0,6.37,7.17,13.7,44.0,Cloudy,
G11657,Delta,2024,11,1,1,0,4.0,0.0,0.0,4.0,6.96,14.5,30.9,Cloudy,
G11657,Delta,2025,1,1,1,0,4.0,0.0,4.0,0.0,5.14,2.8,30.5,Windy,
G11657,Delta,2025,2,2,2,0,5.64,4.0,0.0,1.64,5.45,2.2,38.7,Rainy,
G11657,Delta,2025,3,6,6,0,21.23,13.23,0.0,8.0,5.21,14.4,38.8,Clear,
G11657,Delta,2025,4,8,8,0,32.0,4.0,24.0,4.0,4.19,16.7,32.5,Clear,
G11657,Delta,2025,5,5,5,0,16.58,4.0,0.58,12.0,3.84,15.5,23.4,Clear,
G11657,Delta,2025,6,8,8,0,30.34,8.0,14.34,8.0,2.88,30.8,43.9,Clear,
G11657,Delta,2025,7,6,6,0,19.58,9.379999999999999,10.2,0.0,6.32,30.1,33.0,Clear,
G11657,Delta,2025,8,7,7,0,26.06,12.0,10.059999999999999,4.0,6.02,30.5,24.1,Clear,
G11657,Delta,2025,9,2,2,0,8.0,4.0,0.0,4.0,5.65,14.0,34.4,Cloudy,
G11657,Delta,2025,10,2,2,0,6.54,4.0,2.54,0.0,1.24,15.0,19.2,Windy,
G11657,Delta,2025,11,2,2,0,4.75,4.0,0.75,0.0,6.42,12.1,32.9,Clear,
G11657,Delta,2025,12,2,2,0,8.0,4.0,4.0,0.0,4.59,2.5,34.9,Windy,
G11657,Delta,2026,1,6,6,0,22.119999999999997,4.0,14.51,3.61,0.37,2.4,24.5,Cloudy,
G11657,Delta,2026,2,2,2,0,8.0,8.0,0.0,0.0,4.73,4.3,16.4,Windy,
G11657,Delta,2026,3,4,4,0,16.0,12.0,4.0,0.0,6.14,15.9,31.0,Clear,
G11657,Delta,2026,4,3,3,0,10.379999999999999,6.77,0.0,3.61,4.43,16.2,36.9,Cloudy,
G11657,Delta,2026,5,2,2,0,8.0,0.0,8.0,0.0,5.5,16.5,36.2,Clear,
G11657,Delta,2026,6,8,8,0,29.8,13.8,8.0,8.0,5.31,30.9,21.5,Clear,
G11740,Alpha,2022,6,19,19,0,69.41,14.33,27.39,27.69,4.26,28.9,6.1,Clear,
G11740,Alpha,2022,7,15,15,0,74.6,41.3,8.0,25.3,3.64,30.7,34.4,Clear,
G11740,Alpha,2022,8,17,17,0,64.62,33.16,7.46,24.0,4.18,31.5,8.4,Clear,
G11740,Alpha,2022,9,18,18,0,72.0,40.0,20.0,12.0,5.93,13.0,34.1,Cloudy,
G11740,Alpha,2022,10,12,12,0,42.21,21.07,17.14,4.0,3.57,13.2,38.5,Clear,
G11740,Alpha,2022,11,10,10,0,37.0,20.0,15.1,1.9,2.85,14.5,12.5,Cloudy,
G11740,Alpha,2022,12,10,10,0,34.87,16.0,13.91,4.96,1.41,3.3,43.0,Clear,
G11740,Alpha,2023,1,5,5,0,12.93,8.76,0.0,4.17,8.93,3.0,42.6,Rainy,
G11740,Alpha,2023,2,9,9,0,28.77,12.77,12.0,4.0,5.4,2.1,5.8,Cloudy,
G11740,Alpha,2023,3,5,5,0,17.29,9.29,4.0,4.0,9.64,15.4,10.9,Clear,
G11740,Alpha,2023,4,14,14,0,53.16,25.16,20.0,8.0,4.87,16.2,28.6,Clear,
G11740,Alpha,2023,5,10,10,0,32.0,13.65,6.35,12.0,4.93,16.3,29.7,Clear,
G11740,Alpha,2023,6,16,16,0,57.01,22.32,16.0,18.689999999999998,4.68,30.7,15.3,Clear,
G11740,Alpha,2023,7,6,6,0,20.8,12.8,8.0,0.0,0.31,30.4,20.2,Clear,
G11740,Alpha,2023,8,9,9,0,31.67,18.939999999999998,4.0,8.73,4.44,28.2,32.4,Clear,
G11740,Alpha,2023,9,5,5,0,18.939999999999998,14.94,4.0,0.0,5.53,13.9,28.9,Cloudy,
G11740,Alpha,2023,10,6,6,0,24.0,4.0,16.0,4.0,6.43,15.1,26.0,Cloudy,
G11740,Alpha,2023,11,3,3,0,12.0,4.0,4.0,4.0,4.24,13.3,33.6,Cloudy,
G11740,Alpha,2023,12,5,5,0,18.54,18.54,0.0,0.0,7.05,3.0,29.4,Rainy,
G11740,Alpha,2024,1,2,2,0,8.0,4.0,4.0,0.0,9.73,3.1,23.6,Clear,
G11740,Alpha,2024,2,2,2,0,8.0,4.0,4.0,0.0,7.23,2.0,20.0,Clear,
G11740,Alpha,2024,3,4,4,0,12.07,7.08,4.0,0.99,5.13,16.4,25.6,Cloudy,
G11740,Alpha,2024,4,6,6,0,24.0,12.0,4.0,8.0,4.66,16.7,32.1,Clear,
G11740,Alpha,2024,5,7,7,0,25.71,17.71,4.0,4.0,4.98,15.8,5.9,Clear,
G11740,Alpha,2024,6,5,5,0,17.13,9.129999999999999,4.0,4.0,3.47,30.3,21.0,Clear,
G11740,Alpha,2024,7,9,9,0,30.03,19.41,4.0,6.62,4.0,29.5,22.8,Clear,
G11740,Alpha,2024,8,5,5,0,20.0,4.0,12.0,4.0,4.12,28.6,44.0,Clear,
G11740,Alpha,2024,9,3,3,0,10.55,8.0,2.55,0.0,7.77,13.1,36.5,Cloudy,
G11740,Alpha,2024,10,6,6,0,22.5,12.0,4.0,6.5,5.81,13.6,41.1,Clear,
G11740,Alpha,2024,11,3,3,0,11.75,0.0,3.75,8.0,11.64,14.1,10.9,Rainy,
G11740,Alpha,2024,12,5,5,0,16.42,0.42,16.0,0.0,6.66,4.3,34.1,Clear,
G11740,Alpha,2025,1,2,2,0,8.0,8.0,0.0,0.0,6.0,1.8,14.2,Clear,
G11740,Alpha,2025,3,2,2,0,8.0,8.0,0.0,0.0,2.38,16.6,31.3,Clear,
G11740,Alpha,2025,4,5,5,0,20.0,8.0,12.0,0.0,4.2,17.4,10.2,Clear,
G11740,Alpha,2025,5,4,4,0,16.0,8.0,8.0,0.0,0.98,16.4,29.9,Clear,
G11740,Alpha,2025,6,3,3,0,12.0,4.0,8.0,0.0,7.87,31.3,19.0,Clear,
G11740,Alpha,2025,7,4,4,0,14.97,8.0,2.97,4.0,4.29,30.5,7.9,Clear,
G11740,Alpha,2025,8,3,3,0,8.32,4.32,4.0,0.0,4.18,31.3,31.5,Clear,
G11740,Alpha,2025,9,5,5,0,12.68,4.0,4.68,4.0,9.65,13.9,18.9,Clear,
G11740,Alpha,2025,10,1,1,0,1.0,1.0,0.0,0.0,2.9,14.8,31.1,Clear,
G11740,Alpha,2025,11,4,4,0,16.0,8.0,4.0,4.0,3.12,14.7,30.6,Cloudy,
G11740,Alpha,2025,12,3,3,0,12.0,8.0,4.0,0.0,7.8,3.9,18.6,Rainy,
G11740,Alpha,2026,2,2,2,0,4.08,0.0,1.29,2.79,3.39,3.4,36.1,Rainy,
G11740,Alpha,2026,3,2,2,0,2.93,1.56,1.37,0.0,2.96,15.0,21.1,Clear,
G11740,Alpha,2026,4,4,4,0,16.0,8.0,4.0,4.0,3.59,14.4,5.2,Cloudy,
G11740,Alpha,2026,5,5,5,0,20.0,8.0,4.0,8.0,8.29,16.5,31.2,Clear,
G11740,Alpha,2026,6,2,2,0,8.0,0.0,4.0,4.0,5.44,28.3,20.1,Clear,
G12516,Delta,2021,4,18,18,0,198.13,113.86,51.02,33.25,6.08,15.4,27.2,Clear,
G12516,Delta,2021,5,31,31,0,316.34,132.92,108.06,75.36,1.91,16.6,16.0,Clear,
G12516,Delta,2021,6,23,23,0,271.5,119.3,90.44,61.76,2.08,30.8,18.7,Clear,
G12516,Delta,2021,7,19,19,0,122.64,74.01,28.0,20.63,2.97,30.2,6.2,Clear,
G12516,Delta,2021,8,18,18,0,120.77,28.0,50.980000000000004,41.79,3.09,29.5,37.1,Clear,
G12516,Delta,2021,9,21,21,0,174.84,86.19,60.22,28.43,3.52,13.0,20.8,Clear,
G12516,Delta,2021,10,11,11,0,68.38,47.19,0.0,21.189999999999998,3.45,14.7,20.1,Clear,
G12516,Delta,2021,11,5,5,0,36.0,8.0,24.0,4.0,1.83,13.5,39.7,Clear,
G12516,Delta,2021,12,9,9,0,65.69,28.0,21.69,16.0,3.87,3.2,8.0,Cloudy,
G12516,Delta,2022,1,8,8,0,54.59,43.71,4.0,6.88,5.55,4.8,15.2,Cloudy,
G12516,Delta,2022,2,6,6,0,51.32,32.19,19.13,0.0,5.42,2.1,7.7,Rainy,
G12516,Delta,2022,3,8,8,0,75.41,46.230000000000004,25.18,4.0,5.32,15.2,42.0,Clear,
G12516,Delta,2022,4,14,14,0,87.82000000000001,55.76,0.06,32.0,5.81,15.8,32.5,Clear,
G12516,Delta,2022,5,24,24,0,178.19,85.1,73.94,19.15,5.83,16.5,11.7,Clear,
G12516,Delta,2022,6,27,27,0,187.94,97.72,60.75,29.47,3.63,29.7,23.7,Clear,
G12516,Delta,2022,7,10,10,0,69.56,21.71,19.62,28.23,9.28,29.6,5.1,Clear,
G12516,Delta,2022,8,24,24,0,170.27,60.85,60.81,48.61,6.94,30.3,23.9,Clear,
G12516,Delta,2022,9,14,14,0,85.44,36.95,31.34,17.15,6.08,15.1,41.5,Rainy,
G12516,Delta,2022,10,12,12,0,94.76,59.95,24.97,9.84,5.35,15.5,27.5,Cloudy,
G12516,Delta,2022,11,11,11,0,73.77,48.26,25.51,0.0,3.8,13.8,16.0,Clear,
G12516,Delta,2022,12,10,10,0,83.74,63.74,8.0,12.0,6.48,2.9,25.6,Cloudy,
G12516,Delta,2023,1,7,7,0,43.43,33.42,10.01,0.0,7.14,1.9,28.8,Rainy,
G12516,Delta,2023,2,9,9,0,29.56,8.0,7.78,13.78,5.07,4.7,17.6,Cloudy,
G12516,Delta,2023,3,7,7,0,25.509999999999998,16.0,5.51,4.0,3.77,17.2,34.0,Clear,
G12516,Delta,2023,4,14,14,0,50.79,19.810000000000002,16.0,14.98,3.23,14.2,17.1,Clear,
G12516,Delta,2023,5,20,20,0,75.11,35.11,28.0,12.0,3.61,15.4,43.7,Clear,
G12516,Delta,2023,6,16,16,0,59.22,34.23,19.61,5.38,3.73,29.3,15.8,Clear,
G12516,Delta,2023,7,21,21,0,75.12,34.35,30.97,9.8,4.76,28.8,20.1,Clear,
G12516,Delta,2023,8,23,23,0,86.28,47.480000000000004,28.32,10.48,4.72,29.4,26.0,Clear,
G12516,Delta,2023,9,11,11,0,43.3,12.0,19.3,12.0,2.1,14.3,14.8,Cloudy,
G12516,Delta,2023,10,13,13,0,47.7,10.97,19.25,17.48,5.74,13.4,30.0,Clear,
G12516,Delta,2023,11,3,3,0,8.51,8.0,0.0,0.51,2.36,16.2,19.5,Clear,
G12516,Delta,2023,12,3,3,0,8.47,4.0,4.47,0.0,1.11,3.9,29.4,Clear,
G12516,Delta,2024,1,3,3,0,7.67,3.87,3.8,0.0,5.92,4.6,14.8,Windy,
G12516,Delta,2024,2,6,6,0,19.3,9.69,5.61,4.0,5.27,1.6,42.7,Cloudy,
G12516,Delta,2024,3,2,2,0,8.0,0.0,8.0,0.0,8.05,14.7,9.8,Clear,
G12516,Delta,2024,4,7,7,0,25.39,9.55,11.84,4.0,5.29,16.0,18.6,Clear,
G12516,Delta,2024,5,6,6,0,17.41,1.4100000000000001,12.0,4.0,5.47,14.5,18.2,Clear,
G12516,Delta,2024,6,11,11,0,40.28,24.0,12.28,4.0,7.06,31.1,24.7,Clear,
G12516,Delta,2024,7,6,6,0,16.22,7.62,8.6,0.0,3.9,30.4,14.4,Clear,
G12516,Delta,2024,8,12,12,0,47.89,19.990000000000002,24.0,3.9,2.99,29.2,26.6,Clear,
G12516,Delta,2024,9,2,2,0,8.0,8.0,0.0,0.0,5.62,14.1,27.6,Cloudy,
G12516,Delta,2024,10,6,6,0,24.0,4.0,8.0,12.0,5.04,13.7,41.9,Cloudy,
G12516,Delta,2024,11,5,5,0,20.0,8.0,8.0,4.0,5.14,14.5,28.6,Cloudy,
G12516,Delta,2024,12,1,1,0,4.0,0.0,4.0,0.0,4.71,4.4,9.7,Clear,
G12516,Delta,2025,1,2,2,0,8.0,4.0,0.0,4.0,4.7,2.8,23.5,Windy,
G12516,Delta,2025,2,3,3,0,12.0,4.0,0.0,8.0,3.29,2.2,40.8,Rainy,
G12516,Delta,2025,3,3,3,0,11.14,7.140000000000001,0.0,4.0,7.88,14.4,14.7,Clear,
G12516,Delta,2025,4,8,8,0,26.68,12.0,10.68,4.0,2.86,16.7,34.3,Clear,
G12516,Delta,2025,5,6,6,0,20.46,8.0,10.29,2.17,1.7,15.5,17.6,Clear,
G12516,Delta,2025,6,4,4,0,16.0,8.0,8.0,0.0,4.56,30.8,9.9,Clear,
G12516,Delta,2025,7,2,2,0,4.63,0.0,4.0,0.63,2.89,30.1,20.9,Clear,
G12516,Delta,2025,8,7,7,0,20.84,12.77,4.07,4.0,4.36,30.5,37.9,Clear,
G12516,Delta,2025,9,3,3,0,12.0,0.0,12.0,0.0,5.59,14.0,12.9,Cloudy,
G12516,Delta,2025,10,3,3,0,12.0,4.0,4.0,4.0,8.43,15.0,21.0,Windy,
G12516,Delta,2025,11,4,4,0,12.92,8.92,0.0,4.0,2.09,12.1,22.1,Clear,
G12516,Delta,2025,12,3,3,0,12.0,4.0,8.0,0.0,4.99,2.5,14.4,Windy,
G12516,Delta,2026,1,2,2,0,7.63,4.0,3.63,0.0,4.28,2.4,22.9,Cloudy,
G12516,Delta,2026,2,2,2,0,8.0,4.0,4.0,0.0,6.93,4.3,38.7,Windy,
G12516,Delta,2026,3,2,2,0,8.0,0.0,4.0,4.0,5.59,15.9,39.4,Clear,
G12516,Delta,2026,4,4,4,0,13.71,5.75,3.96,4.0,5.81,16.2,44.7,Cloudy,
G12516,Delta,2026,5,9,9,0,36.0,8.0,12.0,16.0,5.68,16.5,22.8,Clear,
G12516,Delta,2026,6,8,8,0,30.04,18.04,12.0,0.0,6.81,30.9,12.8,Clear,
G12759,Gamma,2022,9,8,8,0,29.46,8.0,12.0,9.46,2.0,13.5,37.3,Cloudy,
G12759,Gamma,2022,10,9,9,0,31.509999999999998,14.61,1.23,15.67,6.14,15.1,35.7,Clear,
G12759,Gamma,2022,11,3,3,0,12.0,8.0,0.0,4.0,3.84,14.1,9.5,Rainy,
G12759,Gamma,2022,12,5,5,0,17.15,4.0,7.85,5.3,1.22,2.8,6.7,Windy,
G12759,Gamma,2023,1,3,3,0,8.33,4.0,4.33,0.0,5.35,3.7,8.2,Clear,
G12759,Gamma,2023,2,6,6,0,18.6,9.1,9.5,0.0,6.27,1.2,26.3,Clear,
G12759,Gamma,2023,3,7,7,0,21.689999999999998,4.66,12.0,5.03,3.56,16.8,16.0,Clear,
G12759,Gamma,2023,4,9,9,0,29.99,9.07,8.92,12.0,2.78,16.0,19.2,Clear,
G12759,Gamma,2023,5,15,15,0,56.13,20.0,15.75,20.38,0.43,14.7,27.3,Clear,
G12759,Gamma,2023,6,8,8,0,21.3,7.08,9.44,4.78,6.62,30.7,22.7,Clear,
G12759,Gamma,2023,7,8,8,0,29.02,5.02,8.0,16.0,6.57,29.6,25.8,Clear,
G12759,Gamma,2023,8,9,9,0,30.63,2.43,20.0,8.2,5.13,29.7,12.3,Clear,
G12759,Gamma,2023,9,6,6,0,22.84,11.57,11.27,0.0,1.53,14.3,39.6,Cloudy,
G12759,Gamma,2023,10,8,8,0,28.51,20.0,4.51,4.0,3.75,15.1,20.8,Clear,
G12759,Gamma,2023,11,4,4,0,16.0,4.0,8.0,4.0,4.45,15.7,6.8,Clear,
G12759,Gamma,2023,12,3,3,0,9.94,5.9399999999999995,4.0,0.0,8.18,3.1,34.0,Windy,
G12759,Gamma,2024,1,7,7,0,25.91,16.0,9.91,0.0,5.75,1.5,14.0,Cloudy,
G12759,Gamma,2024,2,3,3,0,9.780000000000001,0.0,9.780000000000001,0.0,2.42,1.9,27.5,Clear,
G12759,Gamma,2024,3,1,1,0,4.0,0.0,4.0,0.0,6.92,13.7,23.4,Cloudy,
G12759,Gamma,2024,4,11,11,0,40.3,28.0,9.7,2.6,4.36,14.4,31.8,Clear,
G12759,Gamma,2024,5,6,6,0,24.0,16.0,4.0,4.0,3.5,17.0,11.4,Clear,
G12759,Gamma,2024,6,6,6,0,20.310000000000002,20.310000000000002,0.0,0.0,5.64,31.2,19.7,Clear,
G12759,Gamma,2024,7,7,7,0,27.33,15.48,7.85,4.0,6.4,29.5,44.9,Clear,
G12759,Gamma,2024,8,10,10,0,34.86,26.7,4.19,3.97,7.7,30.1,33.1,Clear,
G12759,Gamma,2024,9,7,7,0,28.0,8.0,16.0,4.0,6.09,14.5,44.5,Cloudy,
G12759,Gamma,2024,10,2,2,0,6.0600000000000005,4.0,2.06,0.0,1.73,13.6,34.6,Rainy,
G12759,Gamma,2024,11,2,2,0,8.0,0.0,4.0,4.0,5.09,14.5,12.8,Cloudy,
G12759,Gamma,2025,1,4,4,0,14.629999999999999,4.0,4.0,6.63,3.16,3.0,6.5,Rainy,
G12759,Gamma,2025,2,3,3,0,12.0,4.0,4.0,4.0,6.75,2.3,30.6,Clear,
G12759,Gamma,2025,3,2,2,0,4.52,0.0,4.52,0.0,1.05,17.2,8.3,Rainy,
G12759,Gamma,2025,4,9,9,0,33.9,21.9,12.0,0.0,5.11,15.2,8.6,Clear,
G12759,Gamma,2025,5,16,16,0,55.06,26.72,12.34,16.0,6.1,16.4,26.6,Clear,
G12759,Gamma,2025,6,7,7,0,23.15,0.0,8.69,14.46,6.3,31.1,43.7,Clear,
G12759,Gamma,2025,7,4,4,0,15.29,3.29,12.0,0.0,11.13,29.2,25.9,Clear,
G12759,Gamma,2025,8,6,6,0,24.0,4.0,12.0,8.0,6.54,29.8,7.5,Clear,
G12759,Gamma,2025,9,7,7,0,27.07,0.0,19.07,8.0,1.32,13.7,26.5,Rainy,
G12759,Gamma,2025,10,2,2,0,8.0,4.0,0.0,4.0,1.87,15.7,36.0,Cloudy,
G12759,Gamma,2025,11,2,2,0,7.74,7.74,0.0,0.0,5.33,14.3,32.9,Clear,
G12759,Gamma,2025,12,1,1,0,4.0,0.0,0.0,4.0,3.22,2.7,40.9,Cloudy,
G12759,Gamma,2026,1,3,3,0,9.9,4.0,5.9,0.0,5.37,3.3,26.5,Cloudy,
G12759,Gamma,2026,2,3,3,0,8.31,0.31,4.0,4.0,6.33,3.5,40.5,Windy,
G12759,Gamma,2026,3,2,2,0,8.0,4.0,4.0,0.0,3.75,15.4,25.7,Cloudy,
G12759,Gamma,2026,4,2,2,0,5.28,4.0,0.0,1.28,6.64,15.5,27.1,Clear,
G12759,Gamma,2026,5,1,1,0,4.0,4.0,0.0,0.0,2.81,14.6,8.5,Clear,
G12759,Gamma,2026,6,7,7,0,26.34,7.68,7.77,10.89,9.84,29.9,9.8,Clear,
G13338,Gamma,2023,3,8,8,0,32.0,8.0,16.0,8.0,5.77,16.8,10.5,Clear,
G13338,Gamma,2023,4,7,7,0,25.490000000000002,9.68,4.0,11.81,6.56,16.0,30.5,Clear,
G13338,Gamma,2023,5,13,13,0,47.84,14.91,8.0,24.93,0.22,14.7,41.2,Clear,
G13338,Gamma,2023,6,8,8,0,31.52,11.71,11.81,8.0,6.68,30.7,23.8,Clear,
G13338,Gamma,2023,7,6,6,0,23.12,8.0,7.12,8.0,5.91,29.6,20.2,Clear,
G13338,Gamma,2023,8,5,5,0,20.0,8.0,8.0,4.0,7.03,29.7,23.6,Clear,
G13338,Gamma,2023,9,3,3,0,12.0,8.0,4.0,0.0,5.0,14.3,8.9,Cloudy,
G13338,Gamma,2023,10,2,2,0,8.0,4.0,4.0,0.0,2.77,15.1,27.5,Clear,
G13338,Gamma,2023,11,7,7,0,22.12,12.969999999999999,0.0,9.15,3.66,15.7,23.3,Clear,
G13338,Gamma,2023,12,2,2,0,6.76,0.0,2.76,4.0,5.26,3.1,30.6,Windy,
G13338,Gamma,2024,1,4,4,0,15.41,4.0,11.41,0.0,2.65,1.5,20.2,Cloudy,
G13338,Gamma,2024,2,2,2,0,8.0,0.0,8.0,0.0,6.68,1.9,41.8,Clear,
G13338,Gamma,2024,3,1,1,0,4.0,0.0,4.0,0.0,4.59,13.7,28.7,Cloudy,
G13338,Gamma,2024,4,5,5,0,15.59,6.42,9.17,0.0,3.67,14.4,21.6,Clear,
G13338,Gamma,2024,5,4,4,0,8.3,3.86,3.75,0.6900000000000001,0.75,17.0,24.9,Clear,
G13338,Gamma,2024,6,5,5,0,14.75,8.05,0.0,6.7,6.63,31.2,21.1,Clear,
G13338,Gamma,2024,7,1,1,0,4.0,0.0,0.0,4.0,4.16,29.5,23.7,Clear,
G13338,Gamma,2024,8,7,7,0,28.0,16.0,12.0,0.0,7.76,30.1,32.7,Clear,
G13338,Gamma,2024,9,1,1,0,4.0,0.0,4.0,0.0,0.01,14.5,18.8,Cloudy,
G13338,Gamma,2024,11,2,2,0,8.0,8.0,0.0,0.0,6.04,14.5,41.5,Cloudy,
G13338,Gamma,2024,12,1,1,0,4.0,4.0,0.0,0.0,4.62,3.2,9.6,Cloudy,
G13338,Gamma,2025,1,2,2,0,8.0,4.0,4.0,0.0,4.55,3.0,21.9,Rainy,
G13338,Gamma,2025,2,2,2,0,4.68,0.0,1.19,3.49,2.06,2.3,9.5,Clear,
G13338,Gamma,2025,3,4,4,0,15.17,0.0,11.17,4.0,4.23,17.2,14.8,Rainy,
G13338,Gamma,2025,4,7,7,0,28.0,16.0,8.0,4.0,3.52,15.2,39.1,Clear,
G13338,Gamma,2025,5,5,5,0,19.759999999999998,7.76,8.0,4.0,4.81,16.4,24.6,Clear,
G13338,Gamma,2025,6,5,5,0,17.45,5.45,4.0,8.0,6.41,31.1,36.6,Clear,
G13338,Gamma,2025,8,1,1,0,4.0,0.0,4.0,0.0,6.05,29.8,23.3,Clear,
G13338,Gamma,2025,9,3,3,0,12.0,4.0,8.0,0.0,6.38,13.7,7.6,Rainy,
G13338,Gamma,2025,10,3,3,0,10.83,4.0,2.83,4.0,4.3,15.7,9.8,Cloudy,
G13338,Gamma,2025,11,2,2,0,8.0,4.0,4.0,0.0,6.86,14.3,27.4,Clear,
G13338,Gamma,2026,3,3,3,0,8.190000000000001,0.45,7.74,0.0,4.21,15.4,22.0,Cloudy,
G13338,Gamma,2026,4,2,2,0,4.42,0.0,0.0,4.42,2.13,15.5,36.5,Clear,
G13338,Gamma,2026,5,1,1,0,4.0,4.0,0.0,0.0,4.02,14.6,38.9,Clear,
G13338,Gamma,2026,6,3,3,0,11.18,8.0,0.0,3.18,4.35,29.9,44.4,Clear,
G13345,Sigma,2024,8,3,3,0,12.0,0.0,4.0,8.0,4.25,30.9,31.8,Clear,
G13345,Sigma,2024,9,2,2,0,5.84,4.0,1.84,0.0,4.61,13.7,43.9,Clear,
G13345,Sigma,2024,10,4,4,0,14.9,8.0,2.9,4.0,2.17,13.5,11.6,Clear,
G13345,Sigma,2024,11,3,3,0,12.0,4.0,8.0,0.0,5.67,13.4,9.1,Clear,
G13345,Sigma,2024,12,7,7,0,25.04,12.0,9.04,4.0,5.26,4.0,12.3,Rainy,
G13345,Sigma,2025,1,4,4,0,14.58,0.0,10.58,4.0,5.33,3.1,12.4,Windy,
G13345,Sigma,2025,3,2,2,0,8.0,0.0,8.0,0.0,5.54,16.4,28.9,Clear,
G13345,Sigma,2025,4,5,5,0,18.85,4.0,14.85,0.0,7.63,16.3,27.8,Clear,
G13345,Sigma,2025,5,5,5,0,20.0,8.0,4.0,8.0,2.22,14.9,5.6,Clear,
G13345,Sigma,2025,6,4,4,0,16.0,8.0,8.0,0.0,5.8,29.6,22.0,Clear,
G13345,Sigma,2025,7,2,2,0,5.77,0.0,1.77,4.0,7.17,30.3,21.4,Clear,
G13345,Sigma,2025,8,6,6,0,20.82,10.71,4.0,6.109999999999999,3.02,29.6,30.1,Clear,
G13345,Sigma,2025,9,5,5,0,17.42,9.42,8.0,0.0,5.07,14.1,37.7,Cloudy,
G13345,Sigma,2025,10,7,7,0,27.55,3.77,19.78,4.0,8.34,14.5,27.5,Clear,
G13345,Sigma,2025,11,2,2,0,8.0,0.0,4.0,4.0,9.24,13.9,37.4,Clear,
G13345,Sigma,2025,12,3,3,0,10.77,10.77,0.0,0.0,6.6,2.4,28.3,Cloudy,
G13345,Sigma,2026,1,5,5,0,20.0,12.0,0.0,8.0,4.28,3.4,25.5,Cloudy,
G13345,Sigma,2026,2,2,2,0,8.0,8.0,0.0,0.0,9.09,2.6,42.8,Rainy,
G13345,Sigma,2026,3,5,5,0,17.48,2.75,6.73,8.0,6.3,15.9,42.2,Clear,
G13345,Sigma,2026,4,6,6,0,18.0,9.54,8.46,0.0,4.41,14.9,42.0,Clear,
G13345,Sigma,2026,5,2,2,0,8.0,4.0,0.0,4.0,5.95,16.0,11.5,Clear,
G13345,Sigma,2026,6,7,7,0,24.990000000000002,8.99,12.0,4.0,3.7,29.2,30.8,Clear,
G13596,Sigma,2024,4,7,7,0,24.92,16.0,4.92,4.0,2.96,16.0,35.4,Clear,
G13596,Sigma,2024,5,3,3,0,8.23,4.0,0.23,4.0,3.77,16.0,37.2,Clear,
G13596,Sigma,2024,6,2,2,0,8.0,4.0,0.0,4.0,2.19,30.4,43.1,Clear,
G13596,Sigma,2024,7,4,4,0,16.0,4.0,4.0,8.0,2.29,29.4,23.8,Clear,
G13596,Sigma,2024,8,2,2,0,8.0,4.0,0.0,4.0,5.5,30.9,7.8,Clear,
G13596,Sigma,2024,9,3,3,0,9.129999999999999,1.13,8.0,0.0,6.88,13.7,36.6,Clear,
G13596,Sigma,2024,10,4,4,0,16.0,8.0,4.0,4.0,6.3,13.5,9.3,Clear,
G13596,Sigma,2024,11,1,1,0,3.49,3.49,0.0,0.0,4.67,13.4,38.2,Clear,
G13596,Sigma,2024,12,3,3,0,12.0,4.0,4.0,4.0,2.46,4.0,22.3,Rainy,
G13596,Sigma,2025,1,1,1,0,3.3,3.3,0.0,0.0,8.53,3.1,41.8,Windy,
G13596,Sigma,2025,3,5,5,0,17.65,9.65,0.0,8.0,6.97,16.4,41.9,Clear,
G13596,Sigma,2025,4,5,5,0,16.92,4.0,12.0,0.92,4.46,16.3,19.6,Clear,
G13596,Sigma,2025,5,6,6,0,21.83,8.0,9.83,4.0,6.81,14.9,19.9,Clear,
G13596,Sigma,2025,6,7,7,0,24.490000000000002,4.49,12.0,8.0,6.04,29.6,36.0,Clear,
G13596,Sigma,2025,7,4,4,0,16.0,8.0,8.0,0.0,5.76,30.3,36.9,Clear,
G13596,Sigma,2025,8,9,9,0,35.5,15.5,16.0,4.0,3.57,29.6,7.4,Clear,
G13596,Sigma,2025,9,4,4,0,12.22,4.0,8.22,0.0,0.79,14.1,13.5,Cloudy,
G13596,Sigma,2025,10,6,6,0,22.53,0.0,22.53,0.0,7.85,14.5,10.3,Clear,
G13596,Sigma,2025,11,2,2,0,5.86,1.86,0.0,4.0,2.57,13.9,21.6,Clear,
G13596,Sigma,2026,1,3,3,0,10.65,0.0,8.0,2.65,2.22,3.4,26.8,Cloudy,
G13596,Sigma,2026,2,2,2,0,8.0,4.0,0.0,4.0,3.44,2.6,27.3,Rainy,
G13596,Sigma,2026,3,2,2,0,8.0,8.0,0.0,0.0,5.02,15.9,35.8,Clear,
G13596,Sigma,2026,4,4,4,0,12.690000000000001,12.690000000000001,0.0,0.0,0.07,14.9,19.6,Clear,
G13596,Sigma,2026,5,5,5,0,17.27,8.0,4.0,5.27,4.92,16.0,32.7,Clear,
G13596,Sigma,2026,6,2,2,0,8.0,4.0,0.0,4.0,5.69,29.2,19.7,Clear,
G13723,Beta,2021,1,8,8,0,70.63,32.0,19.31,19.32,5.54,5.2,5.8,Clear,
G13723,Beta,2021,2,9,9,0,68.2,40.230000000000004,27.97,0.0,6.19,4.0,30.6,Cloudy,
G13723,Beta,2021,3,11,11,0,96.05,45.4,8.0,42.65,4.77,15.5,26.8,Clear,
G13723,Beta,2021,4,19,19,0,136.82,67.14,29.18,40.5,4.71,15.4,13.3,Clear,
G13723,Beta,2021,5,29,29,0,256.36,100.21,105.84,50.31,4.18,16.8,38.8,Clear,
G13723,Beta,2021,6,19,19,0,172.89,77.03,69.03999999999999,26.82,1.44,29.8,7.4,Clear,
G13723,Beta,2021,7,16,16,0,152.56,42.31,82.25,28.0,2.44,30.1,7.7,Clear,
G13723,Beta,2021,8,18,18,0,158.69,42.25,72.42,44.019999999999996,3.26,29.8,27.5,Clear,
G13723,Beta,2021,9,15,15,0,154.03,47.95,74.62,31.46,6.27,15.0,19.3,Clear,
G13723,Beta,2021,10,14,14,0,139.38,98.25,22.2,18.93,3.02,13.8,39.0,Cloudy,
G13723,Beta,2021,11,7,7,0,41.769999999999996,16.0,25.77,0.0,2.52,13.3,12.4,Clear,
G13723,Beta,2021,12,4,4,0,25.560000000000002,9.25,16.310000000000002,0.0,4.6,3.0,9.6,Clear,
G13723,Beta,2022,1,9,9,0,46.8,33.18,8.0,5.62,8.85,2.7,15.6,Clear,
G13723,Beta,2022,2,8,8,0,71.72,30.05,29.669999999999998,12.0,4.44,3.5,12.2,Rainy,
G13723,Beta,2022,3,9,9,0,52.49,8.0,33.230000000000004,11.26,3.63,17.3,19.3,Clear,
G13723,Beta,2022,4,8,8,0,38.82,16.0,16.0,6.82,2.4,14.5,44.4,Clear,
G13723,Beta,2022,5,18,18,0,107.43,32.0,23.0,52.43,12.38,16.3,37.2,Cloudy,
G13723,Beta,2022,6,18,18,0,62.79,14.41,35.82,12.56,6.58,28.5,31.3,Clear,
G13723,Beta,2022,7,29,29,0,100.47,52.71,21.77,25.990000000000002,6.4,29.6,9.7,Clear,
G13723,Beta,2022,8,16,16,0,57.89,20.15,21.740000000000002,16.0,7.79,29.6,24.6,Clear,
G13723,Beta,2022,9,17,17,0,55.64,25.85,14.77,15.02,6.21,14.8,41.7,Clear,
G13723,Beta,2022,10,8,8,0,30.09,4.0,12.0,14.09,4.65,14.9,5.1,Clear,
G13723,Beta,2022,11,3,3,0,10.82,4.0,2.82,4.0,6.55,12.8,23.7,Cloudy,
G13723,Beta,2022,12,3,3,0,10.85,4.0,6.85,0.0,1.45,3.1,20.1,Cloudy,
G13723,Beta,2023,1,11,11,0,43.66,24.0,11.66,8.0,5.42,3.7,6.0,Cloudy,
G13723,Beta,2023,2,10,10,0,30.69,2.92,27.77,0.0,8.03,2.5,26.0,Rainy,
G13723,Beta,2023,3,5,5,0,16.8,4.0,12.8,0.0,1.5,15.6,33.2,Cloudy,
G13723,Beta,2023,4,11,11,0,40.7,26.259999999999998,7.62,6.82,6.73,17.0,23.6,Clear,
G13723,Beta,2023,5,13,13,0,48.07,17.759999999999998,26.31,4.0,3.89,16.9,26.9,Clear,
G13723,Beta,2023,6,13,13,0,46.9,14.27,16.63,16.0,6.91,30.5,34.2,Clear,
G13723,Beta,2023,7,13,13,0,48.35,16.35,12.0,20.0,4.19,30.2,25.1,Clear,
G13723,Beta,2023,8,8,8,0,29.1,16.0,8.0,5.1,5.02,29.9,37.8,Clear,
G13723,Beta,2023,9,8,8,0,26.44,12.74,13.7,0.0,6.88,14.6,41.9,Cloudy,
G13723,Beta,2023,10,9,9,0,33.94,14.7,0.0,19.240000000000002,7.46,12.7,10.6,Clear,
G13723,Beta,2023,11,8,8,0,30.19,11.86,8.0,10.33,5.35,15.6,17.3,Clear,
G13723,Beta,2023,12,6,6,0,21.92,8.0,4.0,9.92,1.16,1.6,39.2,Clear,
G13723,Beta,2024,1,4,4,0,13.29,5.29,4.0,4.0,0.0,3.1,34.9,Windy,
G13723,Beta,2024,2,2,2,0,8.0,0.0,8.0,0.0,4.62,2.3,33.8,Cloudy,
G13723,Beta,2024,3,4,4,0,6.6899999999999995,1.7999999999999998,0.89,4.0,8.16,16.7,36.5,Clear,
G13723,Beta,2024,4,7,7,0,27.98,11.98,0.0,16.0,3.42,17.3,25.3,Clear,
G13723,Beta,2024,5,4,4,0,15.84,0.0,11.84,4.0,1.8,15.8,17.9,Clear,
G13723,Beta,2024,6,5,5,0,17.439999999999998,17.439999999999998,0.0,0.0,7.14,30.9,38.6,Clear,
G13723,Beta,2024,7,5,5,0,18.55,14.55,4.0,0.0,5.02,31.1,24.7,Clear,
G13723,Beta,2024,8,6,6,0,20.79,12.79,8.0,0.0,0.76,30.1,10.7,Clear,
G13723,Beta,2024,9,7,7,0,28.0,4.0,16.0,8.0,3.94,13.9,19.7,Clear,
G13723,Beta,2024,10,5,5,0,17.88,0.0,4.0,13.879999999999999,7.09,13.1,24.3,Clear,
G13723,Beta,2024,11,3,3,0,12.0,4.0,0.0,8.0,3.35,12.6,30.7,Clear,
G13723,Beta,2025,1,2,2,0,5.01,4.0,0.0,1.01,4.12,3.7,21.1,Cloudy,
G13723,Beta,2025,2,4,4,0,16.0,12.0,4.0,0.0,6.5,4.0,16.7,Cloudy,
G13723,Beta,2025,3,2,2,0,4.52,4.0,0.0,0.52,6.58,15.5,19.1,Cloudy,
G13723,Beta,2025,4,1,1,0,4.0,0.0,4.0,0.0,2.7,16.6,12.8,Clear,
G13723,Beta,2025,5,6,6,0,18.97,12.31,6.66,0.0,4.76,16.6,5.2,Clear,
G13723,Beta,2025,6,4,4,0,12.44,4.0,5.21,3.23,7.37,31.6,39.5,Clear,
G13723,Beta,2025,7,2,2,0,8.0,8.0,0.0,0.0,7.11,29.2,38.1,Clear,
G13723,Beta,2025,8,2,2,0,4.41,0.0,4.41,0.0,9.08,30.2,24.5,Clear,
G13723,Beta,2025,9,3,3,0,10.31,0.0,6.3100000000000005,4.0,6.29,15.1,35.8,Clear,
G13723,Beta,2025,10,1,1,0,0.91,0.0,0.91,0.0,5.43,14.2,18.9,Clear,
G13723,Beta,2025,11,4,4,0,16.0,12.0,4.0,0.0,6.09,14.2,31.5,Clear,
G13723,Beta,2025,12,2,2,0,8.0,0.0,8.0,0.0,4.9,1.6,24.3,Cloudy,
G13723,Beta,2026,1,2,2,0,8.0,4.0,4.0,0.0,4.8,2.1,16.0,Cloudy,
G13723,Beta,2026,2,1,1,0,4.0,4.0,0.0,0.0,3.97,2.4,6.4,Rainy,
G13723,Beta,2026,3,6,6,0,24.0,16.0,4.0,4.0,8.36,16.3,28.5,Clear,
G13723,Beta,2026,4,1,1,0,4.0,4.0,0.0,0.0,4.56,16.3,37.6,Clear,
G13723,Beta,2026,5,1,1,0,4.0,4.0,0.0,0.0,4.82,16.0,26.7,Clear,
G13723,Beta,2026,6,6,6,0,24.0,16.0,8.0,0.0,4.36,30.0,23.7,Clear,
G15161,Beta,2021,1,8,8,0,65.55,23.169999999999998,14.73,27.65,5.18,5.2,39.4,Clear,
G15161,Beta,2021,2,11,11,0,113.88,58.87,55.01,0.0,5.93,4.0,32.4,Cloudy,
G15161,Beta,2021,3,11,11,0,91.65,37.28,8.63,45.74,5.57,15.5,36.1,Clear,
G15161,Beta,2021,4,19,19,0,176.61,109.82,20.0,46.79,6.36,15.4,9.9,Clear,
G15161,Beta,2021,5,31,31,0,264.13,131.71,88.08,44.34,4.6,16.8,36.3,Clear,
G15161,Beta,2021,6,20,20,0,174.24,84.63,47.73,41.88,3.49,29.8,44.2,Clear,
G15161,Beta,2021,7,14,14,0,120.1,42.81,55.8,21.49,4.31,30.1,38.6,Clear,
G15161,Beta,2021,8,17,17,0,147.84,77.81,28.87,41.16,3.46,29.8,20.4,Clear,
G15161,Beta,2021,9,14,14,0,96.74,36.0,43.96,16.78,3.9,15.0,30.4,Clear,
G15161,Beta,2021,10,15,15,0,136.84,101.97,14.93,19.94,3.13,13.8,42.1,Cloudy,
G15161,Beta,2021,11,7,7,0,46.76,12.0,34.76,0.0,5.37,13.3,7.4,Clear,
G15161,Beta,2021,12,6,6,0,29.74,9.74,20.0,0.0,2.78,3.0,42.1,Clear,
G15161,Beta,2022,1,7,7,0,37.06,33.06,0.0,4.0,6.16,2.7,10.2,Clear,
G15161,Beta,2022,2,8,8,0,60.94,11.91,28.0,21.03,5.27,3.5,12.6,Rainy,
G15161,Beta,2022,3,9,9,0,77.58,17.58,44.0,16.0,3.85,17.3,27.3,Clear,
G15161,Beta,2022,4,9,9,0,44.15,20.15,16.0,8.0,3.59,14.5,24.8,Clear,
G15161,Beta,2022,5,18,18,0,81.66,24.0,15.8,41.86,3.01,16.3,5.2,Cloudy,
G15161,Beta,2022,6,20,20,0,72.71,21.95,31.67,19.09,1.47,28.5,5.6,Clear,
G15161,Beta,2022,7,27,27,0,100.0,45.87,22.13,32.0,4.64,29.6,37.2,Clear,
G15161,Beta,2022,8,19,19,0,60.29,22.34,29.09,8.86,3.6,29.6,26.0,Clear,
G15161,Beta,2022,9,19,19,0,72.88,36.88,12.0,24.0,5.75,14.8,10.4,Clear,
G15161,Beta,2022,10,7,7,0,24.02,8.0,8.0,8.02,3.75,14.9,33.1,Clear,
G15161,Beta,2022,11,5,5,0,18.16,10.879999999999999,4.0,3.28,5.33,12.8,39.8,Cloudy,
G15161,Beta,2022,12,3,3,0,10.82,4.0,4.0,2.82,5.17,3.1,5.2,Cloudy,
G15161,Beta,2023,1,5,5,0,16.95,12.0,0.0,4.95,2.44,3.7,5.8,Cloudy,
G15161,Beta,2023,2,10,10,0,37.65,8.0,25.65,4.0,5.81,2.5,36.2,Rainy,
G15161,Beta,2023,3,4,4,0,15.27,4.0,11.27,0.0,3.15,15.6,6.4,Cloudy,
G15161,Beta,2023,4,12,12,0,44.37,20.41,19.96,4.0,4.97,17.0,27.1,Clear,
G15161,Beta,2023,5,14,14,0,51.84,24.0,16.45,11.39,6.16,16.9,7.7,Clear,
G15161,Beta,2023,6,10,10,0,36.22,12.0,12.22,12.0,2.69,30.5,28.2,Clear,
G15161,Beta,2023,7,16,16,0,64.0,28.0,16.0,20.0,5.11,30.2,5.6,Clear,
G15161,Beta,2023,8,8,8,0,31.55,12.0,16.0,3.55,4.14,29.9,26.6,Clear,
G15161,Beta,2023,9,11,11,0,44.0,16.0,24.0,4.0,7.32,14.6,21.0,Cloudy,
G15161,Beta,2023,10,12,12,0,43.69,23.689999999999998,8.0,12.0,4.27,12.7,7.3,Clear,
G15161,Beta,2023,11,5,5,0,20.0,16.0,0.0,4.0,4.6,15.6,13.2,Clear,
G15161,Beta,2023,12,8,8,0,27.17,13.94,4.0,9.23,3.53,1.6,21.5,Clear,
G15161,Beta,2024,1,4,4,0,16.0,4.0,8.0,4.0,5.09,3.1,21.0,Windy,
G15161,Beta,2024,2,3,3,0,12.0,0.0,12.0,0.0,4.45,2.3,17.0,Cloudy,
G15161,Beta,2024,3,7,7,0,20.97,12.64,4.33,4.0,3.08,16.7,10.0,Clear,
G15161,Beta,2024,4,7,7,0,25.08,16.0,5.08,4.0,6.11,17.3,42.3,Clear,
G15161,Beta,2024,5,9,9,0,35.08,8.0,12.0,15.08,6.05,15.8,14.0,Clear,
G15161,Beta,2024,6,4,4,0,16.0,12.0,4.0,0.0,7.33,30.9,13.6,Clear,
G15161,Beta,2024,7,2,2,0,8.0,0.0,4.0,4.0,5.19,31.1,11.2,Clear,
G15161,Beta,2024,8,9,9,0,34.53,18.53,8.0,8.0,5.96,30.1,31.2,Clear,
G15161,Beta,2024,9,8,8,0,27.53,9.68,9.85,8.0,4.69,13.9,18.7,Clear,
G15161,Beta,2024,10,8,8,0,24.33,4.0,8.29,12.04,3.86,13.1,7.6,Clear,
G15161,Beta,2024,11,6,6,0,16.98,9.16,3.8200000000000003,4.0,5.21,12.6,25.6,Clear,
G15161,Beta,2024,12,1,1,0,4.0,4.0,0.0,0.0,5.61,2.2,15.2,Rainy,
G15161,Beta,2025,1,1,1,0,4.0,4.0,0.0,0.0,7.47,3.7,24.2,Cloudy,
G15161,Beta,2025,2,3,3,0,12.0,8.0,4.0,0.0,1.5,4.0,32.4,Cloudy,
G15161,Beta,2025,3,3,3,0,12.0,4.0,0.0,8.0,7.36,15.5,7.2,Cloudy,
G15161,Beta,2025,4,5,5,0,19.490000000000002,11.49,4.0,4.0,5.16,16.6,27.0,Clear,
G15161,Beta,2025,5,4,4,0,13.29,8.0,1.29,4.0,1.66,16.6,19.3,Clear,
G15161,Beta,2025,6,4,4,0,16.0,8.0,4.0,4.0,6.48,31.6,18.2,Clear,
G15161,Beta,2025,7,3,3,0,12.0,8.0,0.0,4.0,6.7,29.2,39.8,Clear,
G15161,Beta,2025,8,6,6,0,24.0,8.0,12.0,4.0,1.98,30.2,36.7,Clear,
G15161,Beta,2025,9,3,3,0,10.22,6.220000000000001,4.0,0.0,4.61,15.1,23.0,Clear,
G15161,Beta,2025,10,3,3,0,12.0,4.0,8.0,0.0,8.98,14.2,34.7,Clear,
G15161,Beta,2025,11,4,4,0,16.0,16.0,0.0,0.0,7.65,14.2,11.6,Clear,
G15161,Beta,2025,12,1,1,0,2.31,0.0,2.31,0.0,3.35,1.6,7.7,Cloudy,
G15161,Beta,2026,1,2,2,0,4.53,4.0,0.53,0.0,6.03,2.1,34.2,Cloudy,
G15161,Beta,2026,2,1,1,0,4.0,4.0,0.0,0.0,3.83,2.4,14.0,Rainy,
G15161,Beta,2026,3,2,2,0,6.15,2.15,0.0,4.0,3.68,16.3,22.1,Clear,
G15161,Beta,2026,4,3,3,0,12.0,8.0,4.0,0.0,1.16,16.3,37.0,Clear,
G15161,Beta,2026,5,2,2,0,8.0,4.0,0.0,4.0,6.67,16.0,23.6,Clear,
G15161,Beta,2026,6,8,8,0,28.46,24.46,4.0,0.0,3.85,30.0,40.3,Clear,
G15417,Beta,2025,2,1,1,0,1.49,1.49,0.0,0.0,2.0,4.0,11.3,Cloudy,
G15417,Beta,2025,3,4,4,0,15.61,15.61,0.0,0.0,4.43,15.5,22.2,Cloudy,
G15417,Beta,2025,4,3,3,0,12.0,8.0,4.0,0.0,8.05,16.6,10.9,Clear,
G15417,Beta,2025,5,2,2,0,5.17,1.17,4.0,0.0,3.36,16.6,6.3,Clear,
G15417,Beta,2025,6,2,2,0,8.0,4.0,0.0,4.0,6.02,31.6,16.9,Clear,
G15417,Beta,2025,7,4,4,0,8.14,8.02,0.12,0.0,4.97,29.2,26.3,Clear,
G15417,Beta,2025,8,1,1,0,4.0,0.0,4.0,0.0,5.65,30.2,12.2,Clear,
G15417,Beta,2025,9,4,4,0,16.0,8.0,8.0,0.0,4.14,15.1,37.6,Clear,
G15417,Beta,2025,10,1,1,0,4.0,4.0,0.0,0.0,0.74,14.2,5.4,Clear,
G15417,Beta,2025,11,4,4,0,16.0,4.0,8.0,4.0,5.28,14.2,39.2,Clear,
G15417,Beta,2025,12,3,3,0,11.67,4.0,7.67,0.0,6.69,1.6,12.3,Cloudy,
G15417,Beta,2026,1,1,1,0,0.39,0.39,0.0,0.0,5.12,2.1,21.8,Cloudy,
G15417,Beta,2026,2,1,1,0,4.0,0.0,4.0,0.0,8.12,2.4,43.8,Rainy,
G15417,Beta,2026,3,1,1,0,4.0,0.0,0.0,4.0,2.08,16.3,20.9,Clear,
G15417,Beta,2026,5,3,3,0,5.63,4.0,0.7,0.93,4.1,16.0,8.2,Clear,
G15417,Beta,2026,6,1,1,0,4.0,0.0,4.0,0.0,6.39,30.0,13.4,Clear,
G16237,Gamma,2021,9,20,20,0,131.71,86.24,24.0,21.47,1.09,15.2,11.4,Cloudy,
G16237,Gamma,2021,10,9,9,0,48.42,27.4,0.0,21.02,2.55,16.4,28.6,Cloudy,
G16237,Gamma,2021,11,10,10,0,56.1,4.0,20.0,32.1,3.83,13.9,14.3,Clear,
G16237,Gamma,2021,12,6,6,0,32.58,24.31,8.27,0.0,4.12,2.5,10.2,Clear,
G16237,Gamma,2022,1,10,10,0,58.66,17.14,17.52,24.0,2.22,3.4,11.9,Cloudy,
G16237,Gamma,2022,2,9,9,0,45.61,25.97,7.640000000000001,12.0,5.73,2.8,31.4,Cloudy,
G16237,Gamma,2022,3,11,11,0,77.7,32.0,21.7,24.0,2.18,17.1,14.7,Clear,
G16237,Gamma,2022,4,15,15,0,102.95,50.95,36.0,16.0,5.39,16.4,38.3,Cloudy,
G16237,Gamma,2022,5,23,23,0,84.43,36.27,22.57,25.59,6.35,15.9,12.1,Clear,
G16237,Gamma,2022,6,17,17,0,63.230000000000004,28.59,26.64,8.0,3.99,30.8,39.3,Clear,
G16237,Gamma,2022,7,21,21,0,78.39,43.76,12.0,22.63,7.77,29.9,7.3,Clear,
G16237,Gamma,2022,8,18,18,0,64.87,23.51,26.54,14.82,2.56,29.7,32.7,Clear,
G16237,Gamma,2022,9,12,12,0,47.07,16.0,16.0,15.07,5.34,13.5,28.2,Cloudy,
G16237,Gamma,2022,10,5,5,0,18.0,6.0,4.0,8.0,3.48,15.1,15.3,Clear,
G16237,Gamma,2022,11,5,5,0,14.12,10.1,4.0,0.02,0.0,14.1,11.2,Rainy,
G16237,Gamma,2022,12,4,4,0,15.74,4.0,4.0,7.74,3.58,2.8,40.4,Windy,
G16237,Gamma,2023,1,3,3,0,12.0,4.0,8.0,0.0,7.88,3.7,14.8,Clear,
G16237,Gamma,2023,2,3,3,0,12.0,4.0,8.0,0.0,5.07,1.2,38.1,Clear,
G16237,Gamma,2023,3,7,7,0,26.77,10.77,12.0,4.0,7.6,16.8,17.7,Clear,
G16237,Gamma,2023,4,14,14,0,52.07,21.63,11.31,19.13,6.27,16.0,24.6,Clear,
G16237,Gamma,2023,5,14,14,0,49.58,26.810000000000002,14.27,8.5,5.05,14.7,9.3,Clear,
G16237,Gamma,2023,6,15,15,0,52.34,28.63,8.0,15.71,3.32,30.7,9.9,Clear,
G16237,Gamma,2023,7,18,18,0,69.1,24.0,34.96,10.14,2.56,29.6,28.4,Clear,
G16237,Gamma,2023,8,8,8,0,29.15,7.85,13.51,7.79,5.55,29.7,16.2,Clear,
G16237,Gamma,2023,9,6,6,0,21.25,9.25,8.0,4.0,3.04,14.3,31.5,Cloudy,
G16237,Gamma,2023,10,9,9,0,31.96,12.0,15.96,4.0,6.39,15.1,32.2,Clear,
G16237,Gamma,2023,11,3,3,0,12.0,8.0,0.0,4.0,7.58,15.7,5.8,Clear,
G16237,Gamma,2023,12,5,5,0,20.0,12.0,8.0,0.0,4.82,3.1,31.6,Windy,
G16237,Gamma,2024,1,3,3,0,9.48,5.48,4.0,0.0,4.93,1.5,38.2,Cloudy,
G16237,Gamma,2024,2,1,1,0,4.0,0.0,4.0,0.0,2.53,1.9,33.5,Clear,
G16237,Gamma,2024,3,5,5,0,16.77,16.0,0.77,0.0,3.45,13.7,18.4,Cloudy,
G16237,Gamma,2024,4,9,9,0,31.35,21.08,6.27,4.0,9.0,14.4,11.9,Clear,
G16237,Gamma,2024,5,4,4,0,16.0,12.0,0.0,4.0,1.65,17.0,17.5,Clear,
G16237,Gamma,2024,6,6,6,0,23.490000000000002,15.49,0.0,8.0,6.56,31.2,31.3,Clear,
G16237,Gamma,2024,7,9,9,0,27.92,12.98,9.82,5.12,3.71,29.5,8.9,Clear,
G16237,Gamma,2024,8,7,7,0,22.83,14.83,4.0,4.0,1.02,30.1,5.4,Clear,
G16237,Gamma,2024,9,7,7,0,28.0,12.0,8.0,8.0,3.22,14.5,9.3,Cloudy,
G16237,Gamma,2024,10,3,3,0,9.02,1.02,8.0,0.0,6.23,13.6,8.4,Rainy,
G16237,Gamma,2024,11,2,2,0,8.0,4.0,4.0,0.0,4.28,14.5,25.7,Cloudy,
G16237,Gamma,2024,12,2,2,0,8.0,8.0,0.0,0.0,6.65,3.2,41.6,Cloudy,
G16237,Gamma,2025,1,5,5,0,20.0,12.0,4.0,4.0,3.54,3.0,29.1,Rainy,
G16237,Gamma,2025,3,1,1,0,4.0,4.0,0.0,0.0,5.39,17.2,24.5,Rainy,
G16237,Gamma,2025,4,3,3,0,10.45,0.0,10.45,0.0,3.85,15.2,41.3,Clear,
G16237,Gamma,2025,5,7,7,0,24.07,16.0,8.0,0.07,5.53,16.4,33.2,Clear,
G16237,Gamma,2025,6,5,5,0,20.0,4.0,12.0,4.0,6.77,31.1,44.8,Clear,
G16237,Gamma,2025,7,5,5,0,14.46,0.0,9.92,4.54,2.93,29.2,40.9,Clear,
G16237,Gamma,2025,8,3,3,0,5.43,4.12,1.31,0.0,5.31,29.8,13.1,Clear,
G16237,Gamma,2025,9,4,4,0,16.0,4.0,4.0,8.0,3.26,13.7,13.5,Rainy,
G16237,Gamma,2025,10,3,3,0,10.34,2.34,4.0,4.0,6.99,15.7,5.5,Cloudy,
G16237,Gamma,2025,11,2,2,0,4.6899999999999995,4.0,0.0,0.69,6.16,14.3,44.9,Clear,
G16237,Gamma,2025,12,3,3,0,8.98,4.98,4.0,0.0,6.95,2.7,17.6,Cloudy,
G16237,Gamma,2026,2,3,3,0,9.02,0.0,4.0,5.02,8.65,3.5,11.3,Windy,
G16237,Gamma,2026,3,6,6,0,16.72,8.0,5.640000000000001,3.08,6.65,15.4,11.8,Cloudy,
G16237,Gamma,2026,4,4,4,0,12.48,6.71,0.0,5.77,4.67,15.5,13.5,Clear,
G16237,Gamma,2026,5,7,7,0,27.810000000000002,19.81,8.0,0.0,7.79,14.6,24.1,Clear,
G16237,Gamma,2026,6,2,2,0,8.0,0.0,4.0,4.0,3.63,29.9,41.6,Clear,
G16308,Delta,2023,3,6,6,0,16.43,7.33,4.0,5.1,6.35,17.2,14.4,Clear,
G16308,Delta,2023,4,13,13,0,49.6,32.0,8.0,9.6,7.9,14.2,35.0,Clear,
G16308,Delta,2023,5,16,16,0,51.730000000000004,25.28,16.79,9.66,5.76,15.4,31.3,Clear,
G16308,Delta,2023,6,13,13,0,45.11,28.04,12.0,5.07,7.38,29.3,5.3,Clear,
G16308,Delta,2023,7,14,14,0,38.54,16.72,17.82,4.0,5.97,28.8,41.1,Clear,
G16308,Delta,2023,8,18,18,0,52.65,37.46,9.58,5.61,1.57,29.4,44.8,Clear,
G16308,Delta,2023,9,13,13,0,50.36,8.0,26.82,15.54,4.96,14.3,38.9,Cloudy,
G16308,Delta,2023,10,9,9,0,35.91,12.0,4.0,19.91,3.1,13.4,11.1,Clear,
G16308,Delta,2023,11,3,3,0,12.0,4.0,8.0,0.0,6.12,16.2,10.5,Clear,
G16308,Delta,2023,12,4,4,0,13.09,1.31,7.779999999999999,4.0,0.02,3.9,40.6,Clear,
G16308,Delta,2024,2,1,1,0,4.0,0.0,4.0,0.0,2.78,1.6,42.9,Cloudy,
G16308,Delta,2024,3,3,3,0,12.0,8.0,4.0,0.0,6.51,14.7,34.7,Clear,
G16308,Delta,2024,4,7,7,0,22.9,8.28,4.0,10.620000000000001,4.84,16.0,7.0,Clear,
G16308,Delta,2024,5,5,5,0,16.82,8.0,1.22,7.6,4.75,14.5,21.6,Clear,
G16308,Delta,2024,6,5,5,0,20.0,12.0,8.0,0.0,6.54,31.1,27.6,Clear,
G16308,Delta,2024,7,8,8,0,29.6,25.6,4.0,0.0,1.18,30.4,38.7,Clear,
G16308,Delta,2024,8,3,3,0,12.0,4.0,4.0,4.0,5.24,29.2,20.6,Clear,
G16308,Delta,2024,10,2,2,0,7.390000000000001,4.0,0.0,3.39,5.59,13.7,37.2,Cloudy,
G16308,Delta,2024,11,2,2,0,4.96,0.0,4.0,0.96,5.87,14.5,14.1,Cloudy,
G16308,Delta,2025,1,1,1,0,4.0,0.0,4.0,0.0,5.32,2.8,26.3,Windy,
G16308,Delta,2025,2,2,2,0,8.0,0.0,4.0,4.0,4.59,2.2,31.1,Rainy,
G16308,Delta,2025,3,1,1,0,3.87,3.87,0.0,0.0,4.91,14.4,5.1,Clear,
G16308,Delta,2025,4,5,5,0,20.0,4.0,8.0,8.0,2.26,16.7,35.5,Clear,
G16308,Delta,2025,5,4,4,0,12.82,4.82,4.0,4.0,0.31,15.5,24.0,Clear,
G16308,Delta,2025,6,5,5,0,19.54,3.54,12.0,4.0,5.49,30.8,36.0,Clear,
G16308,Delta,2025,7,6,6,0,24.0,8.0,16.0,0.0,4.39,30.1,20.0,Clear,
G16308,Delta,2025,8,2,2,0,8.0,0.0,4.0,4.0,7.5,30.5,7.0,Clear,
G16308,Delta,2025,9,2,2,0,8.0,0.0,8.0,0.0,3.9,14.0,35.7,Cloudy,
G16308,Delta,2025,11,2,2,0,8.0,8.0,0.0,0.0,3.11,12.1,18.2,Clear,
G16308,Delta,2025,12,5,5,0,15.96,4.0,10.82,1.14,2.15,2.5,17.5,Windy,
G16308,Delta,2026,1,2,2,0,8.0,4.0,4.0,0.0,5.3,2.4,15.1,Cloudy,
G16308,Delta,2026,4,4,4,0,16.0,4.0,4.0,8.0,3.09,16.2,7.8,Cloudy,
G16308,Delta,2026,5,5,5,0,17.73,8.0,9.73,0.0,3.64,16.5,11.3,Clear,
G16308,Delta,2026,6,3,3,0,6.24,1.25,4.99,0.0,7.25,30.9,25.9,Clear,
G17117,Beta,2021,11,7,7,0,58.910000000000004,24.28,34.63,0.0,1.37,13.3,5.1,Clear,
G17117,Beta,2021,12,6,6,0,52.8,16.0,36.8,0.0,8.37,3.0,39.6,Clear,
G17117,Beta,2022,1,8,8,0,66.51,52.63,5.88,8.0,4.57,2.7,30.9,Clear,
G17117,Beta,2022,2,8,8,0,36.31,8.0,24.31,4.0,4.1,3.5,36.8,Rainy,
G17117,Beta,2022,3,9,9,0,58.43,8.0,39.35,11.08,4.81,17.3,23.8,Clear,
G17117,Beta,2022,4,10,10,0,48.019999999999996,9.39,26.63,12.0,3.58,14.5,6.6,Clear,
G17117,Beta,2022,5,17,17,0,90.68,31.04,20.0,39.64,5.98,16.3,37.9,Cloudy,
G17117,Beta,2022,6,15,15,0,58.96,16.0,26.96,16.0,7.51,28.5,34.0,Clear,
G17117,Beta,2022,7,29,29,0,108.5,53.88,24.09,30.53,6.79,29.6,26.3,Clear,
G17117,Beta,2022,8,18,18,0,62.85,24.0,28.53,10.32,3.28,29.6,27.0,Clear,
G17117,Beta,2022,9,17,17,0,58.019999999999996,32.33,9.2,16.49,7.73,14.8,34.3,Clear,
G17117,Beta,2022,10,7,7,0,25.39,9.39,4.0,12.0,6.02,14.9,17.9,Clear,
G17117,Beta,2022,11,4,4,0,16.0,8.0,4.0,4.0,5.11,12.8,39.5,Cloudy,
G17117,Beta,2022,12,7,7,0,28.0,12.0,12.0,4.0,2.68,3.1,21.8,Cloudy,
G17117,Beta,2023,1,12,12,0,40.6,21.1,9.719999999999999,9.78,6.79,3.7,24.2,Cloudy,
G17117,Beta,2023,2,11,11,0,38.71,8.0,26.71,4.0,6.5,2.5,19.1,Rainy,
G17117,Beta,2023,3,4,4,0,16.0,0.0,16.0,0.0,4.71,15.6,27.3,Cloudy,
G17117,Beta,2023,4,10,10,0,40.0,24.0,8.0,8.0,3.98,17.0,18.5,Clear,
G17117,Beta,2023,5,12,12,0,41.38,12.98,20.4,8.0,5.39,16.9,31.9,Clear,
G17117,Beta,2023,6,9,9,0,33.32,9.32,8.0,16.0,7.61,30.5,5.9,Clear,
G17117,Beta,2023,7,8,8,0,32.0,8.0,16.0,8.0,6.04,30.2,26.6,Clear,
G17117,Beta,2023,8,4,4,0,14.95,8.0,6.95,0.0,4.85,29.9,13.7,Clear,
G17117,Beta,2023,9,3,3,0,12.0,8.0,4.0,0.0,2.82,14.6,29.5,Cloudy,
G17117,Beta,2023,10,12,12,0,48.0,20.0,8.0,20.0,5.45,12.7,38.3,Clear,
G17117,Beta,2023,11,7,7,0,23.96,15.33,0.0,8.63,5.7,15.6,41.0,Clear,
G17117,Beta,2023,12,5,5,0,20.0,12.0,4.0,4.0,3.98,1.6,41.8,Clear,
G17117,Beta,2024,1,4,4,0,13.5,8.0,5.5,0.0,3.09,3.1,44.5,Windy,
G17117,Beta,2024,2,1,1,0,4.0,0.0,4.0,0.0,7.52,2.3,23.6,Cloudy,
G17117,Beta,2024,3,4,4,0,15.33,8.0,0.0,7.33,2.04,16.7,6.1,Clear,
G17117,Beta,2024,4,6,6,0,20.79,12.0,0.0,8.79,3.09,17.3,26.0,Clear,
G17117,Beta,2024,5,12,12,0,47.46,11.46,28.0,8.0,8.99,15.8,32.0,Clear,
G17117,Beta,2024,6,2,2,0,6.02,4.0,2.02,0.0,5.67,30.9,38.0,Clear,
G17117,Beta,2024,7,5,5,0,15.59,11.59,0.0,4.0,4.02,31.1,5.5,Clear,
G17117,Beta,2024,8,13,13,0,49.1,23.04,10.379999999999999,15.68,5.22,30.1,8.9,Clear,
G17117,Beta,2024,9,3,3,0,9.4,5.4,4.0,0.0,3.0,13.9,42.3,Clear,
G17117,Beta,2024,10,5,5,0,20.0,4.0,4.0,12.0,5.56,13.1,38.9,Clear,
G17117,Beta,2024,11,2,2,0,8.0,4.0,0.0,4.0,3.68,12.6,12.2,Clear,
G17117,Beta,2025,1,3,3,0,12.0,0.0,0.0,12.0,2.09,3.7,6.7,Cloudy,
G17117,Beta,2025,2,2,2,0,8.0,4.0,4.0,0.0,2.93,4.0,18.2,Cloudy,
G17117,Beta,2025,3,6,6,0,22.4,20.0,2.4,0.0,9.51,15.5,27.7,Cloudy,
G17117,Beta,2025,5,4,4,0,12.46,4.0,7.16,1.3,8.1,16.6,39.5,Clear,
G17117,Beta,2025,6,6,6,0,21.21,6.33,10.879999999999999,4.0,4.9,31.6,42.8,Clear,
G17117,Beta,2025,7,3,3,0,11.5,11.5,0.0,0.0,3.91,29.2,27.3,Clear,
G17117,Beta,2025,8,4,4,0,13.55,5.55,4.0,4.0,6.4,30.2,12.4,Clear,
G17117,Beta,2025,9,1,1,0,4.0,4.0,0.0,0.0,2.73,15.1,26.4,Clear,
G17117,Beta,2025,10,2,2,0,8.0,0.0,0.0,8.0,3.28,14.2,7.2,Clear,
G17117,Beta,2025,11,2,2,0,6.87,2.87,0.0,4.0,4.06,14.2,17.9,Clear,
G17117,Beta,2025,12,2,2,0,6.27,0.0,6.27,0.0,4.07,1.6,5.5,Cloudy,
G17117,Beta,2026,2,3,3,0,8.24,8.24,0.0,0.0,5.91,2.4,5.7,Rainy,
G17117,Beta,2026,3,3,3,0,12.0,0.0,12.0,0.0,5.67,16.3,32.1,Clear,
G17117,Beta,2026,4,5,5,0,13.68,8.85,0.0,4.83,3.96,16.3,22.3,Clear,
G17117,Beta,2026,5,4,4,0,16.0,4.0,4.0,8.0,7.09,16.0,34.9,Clear,
G17117,Beta,2026,6,6,6,0,23.02,12.0,11.02,0.0,2.94,30.0,11.1,Clear,
G17139,Alpha,2024,4,4,4,0,9.73,4.0,0.76,4.97,2.86,16.7,10.8,Clear,
G17139,Alpha,2024,5,6,6,0,24.0,8.0,12.0,4.0,8.23,15.8,31.5,Clear,
G17139,Alpha,2024,6,5,5,0,15.67,8.95,2.72,4.0,2.3,30.3,19.8,Clear,
G17139,Alpha,2024,7,5,5,0,20.0,16.0,0.0,4.0,7.54,29.5,34.2,Clear,
G17139,Alpha,2024,8,3,3,0,7.66,7.66,0.0,0.0,5.07,28.6,28.1,Clear,
G17139,Alpha,2024,9,1,1,0,4.0,0.0,4.0,0.0,1.58,13.1,38.0,Cloudy,
G17139,Alpha,2024,10,4,4,0,16.0,4.0,4.0,8.0,5.81,13.6,10.3,Clear,
G17139,Alpha,2024,11,1,1,0,4.0,0.0,0.0,4.0,9.79,14.1,36.9,Rainy,
G17139,Alpha,2024,12,2,2,0,8.0,8.0,0.0,0.0,8.52,4.3,17.9,Clear,
G17139,Alpha,2025,1,1,1,0,2.89,2.89,0.0,0.0,0.43,1.8,41.2,Clear,
G17139,Alpha,2025,4,2,2,0,6.74,2.74,4.0,0.0,7.55,17.4,18.1,Clear,
G17139,Alpha,2025,5,3,3,0,11.35,0.0,0.0,11.35,6.79,16.4,25.4,Clear,
G17139,Alpha,2025,6,3,3,0,9.5,8.0,0.0,1.5,8.03,31.3,16.8,Clear,
G17139,Alpha,2025,7,1,1,0,4.0,4.0,0.0,0.0,3.98,30.5,10.8,Clear,
G17139,Alpha,2025,8,5,5,0,18.88,10.879999999999999,0.0,8.0,3.53,31.3,40.7,Clear,
G17139,Alpha,2025,9,2,2,0,8.0,4.0,4.0,0.0,3.39,13.9,6.4,Clear,
G17139,Alpha,2025,10,1,1,0,4.0,4.0,0.0,0.0,5.18,14.8,25.3,Clear,
G17139,Alpha,2025,11,1,1,0,4.0,4.0,0.0,0.0,10.3,14.7,7.2,Cloudy,
G17139,Alpha,2026,2,2,2,0,8.0,8.0,0.0,0.0,4.03,3.4,23.0,Rainy,
G17139,Alpha,2026,4,1,1,0,4.0,0.0,4.0,0.0,3.92,14.4,37.4,Cloudy,
G17139,Alpha,2026,5,1,1,0,4.0,0.0,4.0,0.0,1.76,16.5,27.3,Clear,
G17139,Alpha,2026,6,4,4,0,13.7,0.0,5.7,8.0,4.63,28.3,42.2,Clear,
G17341,Sigma,2021,1,8,8,0,136.73,33.01,69.62,34.1,9.5,4.9,39.1,Cloudy,
G17341,Sigma,2021,2,11,11,0,194.21,72.47,89.45,32.29,6.52,4.0,35.2,Clear,
G17341,Sigma,2021,3,12,12,0,111.77,72.77,20.21,18.79,5.94,15.3,33.9,Clear,
G17341,Sigma,2021,4,19,19,0,173.29,85.25,59.15,28.89,2.3,16.2,36.0,Clear,
G17341,Sigma,2021,5,31,31,0,258.98,91.32000000000001,115.45,52.21,4.41,15.3,30.6,Clear,
G17341,Sigma,2021,6,16,16,0,146.4,39.07,64.11,43.22,0.78,29.1,28.5,Clear,
G17341,Sigma,2021,7,17,17,0,160.22,75.71,40.51,44.0,2.62,30.1,33.3,Clear,
G17341,Sigma,2021,8,12,12,0,45.8,20.0,17.39,8.41,5.35,31.4,8.5,Clear,
G17341,Sigma,2021,9,14,14,0,64.57,20.0,20.0,24.57,8.03,13.3,26.6,Rainy,
G17341,Sigma,2021,10,4,4,0,20.23,12.0,0.23,8.0,0.0,14.0,14.7,Clear,
G17341,Sigma,2021,11,9,9,0,50.2,32.0,9.69,8.51,7.51,12.6,20.9,Clear,
G17341,Sigma,2021,12,8,8,0,44.05,12.05,28.0,4.0,8.56,3.0,30.1,Clear,
G17341,Sigma,2022,1,5,5,0,24.0,8.0,12.0,4.0,5.59,4.3,40.5,Rainy,
G17341,Sigma,2022,2,5,5,0,20.58,8.0,8.55,4.03,4.23,3.0,36.0,Cloudy,
G17341,Sigma,2022,3,11,11,0,39.16,19.23,10.05,9.879999999999999,7.35,15.3,45.0,Clear,
G17341,Sigma,2022,4,15,15,0,56.92,17.8,12.0,27.12,5.71,16.6,27.2,Clear,
G17341,Sigma,2022,5,32,32,0,123.85,32.0,57.0,34.85,1.08,17.1,30.6,Cloudy,
G17341,Sigma,2022,6,15,15,0,58.62,32.0,14.620000000000001,12.0,4.16,29.2,41.2,Clear,
G17341,Sigma,2022,7,17,17,0,59.660000000000004,35.66,16.0,8.0,3.57,30.6,29.4,Clear,
G17341,Sigma,2022,8,14,14,0,51.43,20.67,18.759999999999998,12.0,6.55,31.1,25.2,Clear,
G17341,Sigma,2022,9,14,14,0,47.87,24.84,6.42,16.61,4.31,13.0,8.9,Rainy,
G17341,Sigma,2022,10,13,13,0,44.980000000000004,7.1,21.88,16.0,4.53,15.3,11.5,Cloudy,
G17341,Sigma,2022,11,4,4,0,12.780000000000001,8.0,0.0,4.78,4.47,14.0,23.9,Cloudy,
G17341,Sigma,2022,12,8,8,0,28.45,12.45,4.0,12.0,5.13,3.9,5.5,Cloudy,
G17341,Sigma,2023,1,7,7,0,28.0,12.0,4.0,12.0,4.55,4.7,41.4,Cloudy,
G17341,Sigma,2023,2,6,6,0,21.78,16.0,5.78,0.0,4.91,2.6,21.8,Clear,
G17341,Sigma,2023,3,5,5,0,20.0,16.0,4.0,0.0,1.71,16.6,29.2,Cloudy,
G17341,Sigma,2023,4,3,3,0,10.129999999999999,6.13,4.0,0.0,4.52,14.6,35.4,Clear,
G17341,Sigma,2023,5,6,6,0,19.689999999999998,1.6,18.09,0.0,5.91,15.4,42.9,Clear,
G17341,Sigma,2023,6,7,7,0,27.44,0.0,15.44,12.0,5.87,29.5,5.9,Clear,
G17341,Sigma,2023,7,6,6,0,24.0,4.0,12.0,8.0,5.78,29.9,39.1,Clear,
G17341,Sigma,2023,8,10,10,0,39.36,8.0,19.36,12.0,4.45,30.6,10.8,Clear,
G17341,Sigma,2023,9,9,9,0,31.990000000000002,8.33,16.0,7.66,7.41,14.1,39.6,Cloudy,
G17341,Sigma,2023,10,7,7,0,25.35,6.42,18.93,0.0,5.34,14.3,36.9,Cloudy,
G17341,Sigma,2023,11,5,5,0,19.06,7.51,11.55,0.0,6.37,12.8,16.6,Clear,
G17341,Sigma,2023,12,2,2,0,8.0,4.0,4.0,0.0,6.02,4.0,18.0,Clear,
G17341,Sigma,2024,1,4,4,0,16.0,16.0,0.0,0.0,6.09,3.6,30.7,Cloudy,
G17341,Sigma,2024,2,4,4,0,16.0,4.0,8.0,4.0,6.12,3.5,40.4,Cloudy,
G17341,Sigma,2024,3,2,2,0,8.0,4.0,0.0,4.0,6.11,16.3,33.9,Clear,
G17341,Sigma,2024,4,4,4,0,15.39,3.39,4.0,8.0,6.16,16.0,6.9,Clear,
G17341,Sigma,2024,5,8,8,0,30.92,24.0,2.92,4.0,7.59,16.0,39.0,Clear,
G17341,Sigma,2024,6,3,3,0,10.65,6.65,4.0,0.0,5.16,30.4,15.3,Clear,
G17341,Sigma,2024,7,5,5,0,16.88,4.0,11.22,1.66,7.2,29.4,27.0,Clear,
G17341,Sigma,2024,8,4,4,0,16.0,4.0,4.0,8.0,4.82,30.9,32.4,Clear,
G17341,Sigma,2024,9,4,4,0,16.0,8.0,4.0,4.0,2.67,13.7,11.7,Clear,
G17341,Sigma,2024,10,4,4,0,16.0,4.0,8.0,4.0,3.36,13.5,29.2,Clear,
G17341,Sigma,2024,11,4,4,0,13.74,5.74,8.0,0.0,4.75,13.4,20.9,Clear,
G17341,Sigma,2024,12,1,1,0,4.0,0.0,4.0,0.0,5.5,4.0,18.4,Rainy,
G17341,Sigma,2025,1,4,4,0,16.0,0.0,12.0,4.0,4.55,3.1,31.0,Windy,
G17341,Sigma,2025,2,4,4,0,14.28,0.0,14.28,0.0,6.06,4.7,36.2,Clear,
G17341,Sigma,2025,3,6,6,0,22.09,8.0,10.09,4.0,3.43,16.4,23.6,Clear,
G17341,Sigma,2025,4,3,3,0,8.24,4.24,4.0,0.0,4.83,16.3,16.7,Clear,
G17341,Sigma,2025,5,4,4,0,16.0,0.0,12.0,4.0,8.09,14.9,25.2,Clear,
G17341,Sigma,2025,6,4,4,0,16.0,16.0,0.0,0.0,0.0,29.6,38.3,Clear,
G17341,Sigma,2025,7,3,3,0,12.0,8.0,0.0,4.0,6.42,30.3,19.3,Clear,
G17341,Sigma,2025,8,9,9,0,35.69,15.69,12.0,8.0,8.59,29.6,21.2,Clear,
G17341,Sigma,2025,9,7,7,0,26.4,11.98,14.42,0.0,4.38,14.1,43.4,Cloudy,
G17341,Sigma,2025,10,12,12,0,36.9,9.79,18.93,8.18,7.51,14.5,10.9,Clear,
G17341,Sigma,2025,11,4,4,0,14.44,14.44,0.0,0.0,2.94,13.9,18.9,Clear,
G17341,Sigma,2025,12,2,2,0,8.0,4.0,0.0,4.0,4.42,2.4,5.7,Cloudy,
G17341,Sigma,2026,2,2,2,0,8.0,4.0,4.0,0.0,6.85,2.6,25.6,Rainy,
G17341,Sigma,2026,3,4,4,0,16.0,4.0,4.0,8.0,5.07,15.9,28.7,Clear,
G17341,Sigma,2026,4,6,6,0,23.89,11.89,8.0,4.0,4.61,14.9,43.1,Clear,
G17341,Sigma,2026,5,6,6,0,21.85,12.0,2.23,7.62,4.3,16.0,18.5,Clear,
G17472,Sigma,2021,8,11,11,0,45.09,11.76,18.67,14.66,1.94,31.4,11.3,Clear,
G17472,Sigma,2021,9,13,13,0,57.4,22.33,21.48,13.59,4.95,13.3,10.2,Rainy,
G17472,Sigma,2021,10,4,4,0,20.0,0.0,8.0,12.0,3.78,14.0,41.9,Clear,
G17472,Sigma,2021,11,7,7,0,35.91,16.0,15.91,4.0,2.69,12.6,36.3,Clear,
G17472,Sigma,2021,12,8,8,0,25.96,8.0,13.959999999999999,4.0,5.7,3.0,30.0,Clear,
G17472,Sigma,2022,1,4,4,0,12.57,6.65,5.92,0.0,4.99,4.3,31.8,Rainy,
G17472,Sigma,2022,2,3,3,0,14.69,4.0,10.69,0.0,5.07,3.0,37.7,Cloudy,
G17472,Sigma,2022,3,9,9,0,32.08,9.11,10.97,12.0,2.66,15.3,27.5,Clear,
G17472,Sigma,2022,4,12,12,0,42.56,14.71,8.57,19.28,1.51,16.6,19.3,Clear,
G17472,Sigma,2022,5,26,26,0,77.26,15.59,44.65,17.02,4.19,17.1,24.4,Cloudy,
G17472,Sigma,2022,6,15,15,0,44.85,29.73,8.27,6.85,0.41,29.2,33.6,Clear,
G17472,Sigma,2022,7,16,16,0,54.44,40.05,9.7,4.6899999999999995,4.91,30.6,35.9,Clear,
G17472,Sigma,2022,8,16,16,0,53.64,20.060000000000002,23.47,10.11,3.23,31.1,11.0,Clear,
G17472,Sigma,2022,9,12,12,0,38.620000000000005,21.45,4.9399999999999995,12.23,6.53,13.0,36.0,Rainy,
G17472,Sigma,2022,10,14,14,0,50.73,22.27,16.0,12.46,3.87,15.3,38.1,Cloudy,
G17472,Sigma,2022,11,4,4,0,16.0,8.0,0.0,8.0,8.02,14.0,33.1,Cloudy,
G17472,Sigma,2022,12,3,3,0,12.0,8.0,0.0,4.0,1.67,3.9,21.6,Cloudy,
G17472,Sigma,2023,1,5,5,0,16.02,8.02,0.0,8.0,4.62,4.7,29.6,Cloudy,
G17472,Sigma,2023,2,3,3,0,8.89,4.0,4.0,0.89,3.91,2.6,40.5,Clear,
G17472,Sigma,2023,3,4,4,0,13.65,13.65,0.0,0.0,3.51,16.6,26.8,Cloudy,
G17472,Sigma,2023,4,2,2,0,8.0,4.0,4.0,0.0,8.69,14.6,6.0,Clear,
G17472,Sigma,2023,5,3,3,0,9.25,8.0,0.0,1.25,0.87,15.4,20.1,Clear,
G17472,Sigma,2023,6,3,3,0,6.42,4.0,1.53,0.89,5.19,29.5,34.8,Clear,
G17472,Sigma,2023,7,6,6,0,21.22,11.26,1.96,8.0,4.75,29.9,9.8,Clear,
G17472,Sigma,2023,8,6,6,0,22.09,0.0,10.09,12.0,2.96,30.6,8.3,Clear,
G17472,Sigma,2023,9,6,6,0,20.57,12.0,0.57,8.0,6.21,14.1,20.6,Cloudy,
G17472,Sigma,2023,10,5,5,0,16.28,4.28,8.0,4.0,6.03,14.3,43.2,Cloudy,
G17472,Sigma,2023,11,1,1,0,0.61,0.0,0.61,0.0,8.11,12.8,11.0,Clear,
G17472,Sigma,2023,12,3,3,0,9.9,8.0,0.0,1.9,5.43,4.0,8.1,Clear,
G17472,Sigma,2024,1,4,4,0,12.57,4.57,8.0,0.0,6.8,3.6,38.3,Cloudy,
G17472,Sigma,2024,2,3,3,0,9.28,4.0,5.28,0.0,2.11,3.5,17.9,Cloudy,
G17472,Sigma,2024,3,3,3,0,6.930000000000001,2.9299999999999997,4.0,0.0,1.27,16.3,7.1,Clear,
G17472,Sigma,2024,4,6,6,0,17.68,5.75,11.26,0.67,5.6,16.0,19.8,Clear,
G17472,Sigma,2024,5,6,6,0,18.95,6.95,4.0,8.0,5.58,16.0,34.4,Clear,
G17472,Sigma,2024,6,4,4,0,16.0,12.0,0.0,4.0,3.81,30.4,37.3,Clear,
G17472,Sigma,2024,7,7,7,0,24.23,4.0,8.0,12.23,2.02,29.4,9.2,Clear,
G17472,Sigma,2024,8,4,4,0,15.04,4.0,8.0,3.04,4.97,30.9,38.0,Clear,
G17472,Sigma,2024,9,4,4,0,14.97,0.0,10.97,4.0,4.78,13.7,13.9,Clear,
G17472,Sigma,2024,10,4,4,0,12.48,10.25,2.23,0.0,4.35,13.5,11.6,Clear,
G17472,Sigma,2024,11,2,2,0,8.0,0.0,4.0,4.0,4.88,13.4,25.2,Clear,
G17472,Sigma,2024,12,1,1,0,4.0,0.0,4.0,0.0,4.18,4.0,5.8,Rainy,
G17472,Sigma,2025,2,6,6,0,24.0,12.0,8.0,4.0,4.39,4.7,11.8,Clear,
G17472,Sigma,2025,3,3,3,0,12.0,4.0,4.0,4.0,4.63,16.4,31.6,Clear,
G17472,Sigma,2025,4,1,1,0,4.0,0.0,0.0,4.0,8.01,16.3,35.8,Clear,
G17472,Sigma,2025,5,3,3,0,5.66,4.26,1.4,0.0,3.78,14.9,5.7,Clear,
G17472,Sigma,2025,6,9,9,0,36.0,4.0,24.0,8.0,2.91,29.6,35.6,Clear,
G17472,Sigma,2025,7,5,5,0,19.92,4.0,4.0,11.92,5.73,30.3,21.2,Clear,
G17472,Sigma,2025,8,3,3,0,12.0,12.0,0.0,0.0,5.88,29.6,19.9,Clear,
G17472,Sigma,2025,9,4,4,0,16.0,4.0,4.0,8.0,6.26,14.1,33.0,Cloudy,
G17472,Sigma,2025,10,3,3,0,12.0,0.0,12.0,0.0,4.24,14.5,31.5,Clear,
G17472,Sigma,2025,11,1,1,0,3.39,3.39,0.0,0.0,7.58,13.9,20.3,Clear,
G17472,Sigma,2025,12,1,1,0,4.0,0.0,0.0,4.0,6.91,2.4,14.2,Cloudy,
G17472,Sigma,2026,1,2,2,0,7.52,0.0,3.52,4.0,2.44,3.4,16.3,Cloudy,
G17472,Sigma,2026,2,5,5,0,20.0,4.0,8.0,8.0,3.81,2.6,39.6,Rainy,
G17472,Sigma,2026,3,2,2,0,8.0,0.0,4.0,4.0,4.89,15.9,15.6,Clear,
G17472,Sigma,2026,4,1,1,0,4.0,4.0,0.0,0.0,1.43,14.9,35.9,Clear,
G17472,Sigma,2026,5,8,8,0,29.73,12.0,16.0,1.73,4.47,16.0,40.6,Clear,
G17472,Sigma,2026,6,2,2,0,8.0,4.0,4.0,0.0,2.27,29.2,22.4,Clear,
G17751,Gamma,2021,7,23,23,0,183.88,67.54,70.04,46.3,4.86,30.2,30.8,Clear,
G17751,Gamma,2021,8,15,15,0,122.51,41.83,49.82,30.86,5.78,29.7,18.3,Clear,
G17751,Gamma,2021,9,20,20,0,119.69,59.48,27.78,32.43,3.52,15.2,20.7,Cloudy,
G17751,Gamma,2021,10,9,9,0,51.67,24.0,12.0,15.67,8.37,16.4,30.1,Cloudy,
G17751,Gamma,2021,11,10,10,0,65.14,8.0,18.41,38.730000000000004,5.36,13.9,12.8,Clear,
G17751,Gamma,2021,12,8,8,0,38.62,19.15,8.0,11.47,4.18,2.5,30.7,Clear,
G17751,Gamma,2022,1,11,11,0,62.79,32.97,12.5,17.32,3.62,3.4,25.1,Cloudy,
G17751,Gamma,2022,2,10,10,0,60.56,32.56,20.0,8.0,5.75,2.8,8.1,Cloudy,
G17751,Gamma,2022,3,12,12,0,55.41,23.82,15.370000000000001,16.22,2.05,17.1,21.5,Clear,
G17751,Gamma,2022,4,11,11,0,64.0,28.0,28.0,8.0,4.94,16.4,42.2,Cloudy,
G17751,Gamma,2022,5,25,25,0,91.56,40.72,22.98,27.86,6.15,15.9,41.7,Clear,
G17751,Gamma,2022,6,17,17,0,68.0,36.0,24.0,8.0,7.88,30.8,24.1,Clear,
G17751,Gamma,2022,7,19,19,0,71.16,39.16,12.0,20.0,1.67,29.9,16.3,Clear,
G17751,Gamma,2022,8,16,16,0,57.35,23.72,17.1,16.53,3.78,29.7,14.7,Clear,
G17751,Gamma,2022,9,9,9,0,28.43,12.0,4.43,12.0,0.0,13.5,23.0,Cloudy,
G17751,Gamma,2022,10,9,9,0,26.51,12.6,6.21,7.7,9.5,15.1,42.3,Clear,
G17751,Gamma,2022,11,7,7,0,28.0,20.0,4.0,4.0,4.22,14.1,35.2,Rainy,
G17751,Gamma,2022,12,4,4,0,14.24,2.24,4.0,8.0,6.86,2.8,6.3,Windy,
G17751,Gamma,2023,1,3,3,0,10.84,2.84,8.0,0.0,5.53,3.7,7.9,Clear,
G17751,Gamma,2023,2,6,6,0,21.96,12.0,9.96,0.0,5.21,1.2,43.5,Clear,
G17751,Gamma,2023,3,6,6,0,23.87,8.0,12.0,3.87,6.94,16.8,34.6,Clear,
G17751,Gamma,2023,4,12,12,0,37.18,24.78,4.0,8.4,4.23,16.0,14.2,Clear,
G17751,Gamma,2023,5,12,12,0,46.79,20.0,16.0,10.79,5.8,14.7,37.8,Clear,
G17751,Gamma,2023,6,11,11,0,43.7,20.0,7.7,16.0,2.34,30.7,30.9,Clear,
G17751,Gamma,2023,7,18,18,0,68.27,16.0,44.0,8.27,4.7,29.6,39.2,Clear,
G17751,Gamma,2023,8,8,8,0,29.7,16.0,9.7,4.0,6.48,29.7,31.6,Clear,
G17751,Gamma,2023,9,10,10,0,37.14,22.46,10.68,4.0,4.49,14.3,38.7,Cloudy,
G17751,Gamma,2023,10,8,8,0,22.28,14.200000000000001,8.0,0.08,4.88,15.1,26.4,Clear,
G17751,Gamma,2023,11,6,6,0,21.939999999999998,8.0,12.0,1.94,9.79,15.7,24.4,Clear,
G17751,Gamma,2023,12,3,3,0,9.19,4.0,1.19,4.0,2.46,3.1,44.9,Windy,
G17751,Gamma,2024,1,4,4,0,16.0,8.0,4.0,4.0,0.99,1.5,10.9,Cloudy,
G17751,Gamma,2024,2,4,4,0,12.4,0.0,12.4,0.0,3.96,1.9,39.8,Clear,
G17751,Gamma,2024,3,3,3,0,11.71,7.71,4.0,0.0,5.85,13.7,19.2,Cloudy,
G17751,Gamma,2024,4,7,7,0,21.189999999999998,13.19,8.0,0.0,3.28,14.4,38.2,Clear,
G17751,Gamma,2024,5,8,8,0,32.0,12.0,12.0,8.0,5.76,17.0,16.2,Clear,
G17751,Gamma,2024,6,7,7,0,25.58,17.58,4.0,4.0,1.42,31.2,42.9,Clear,
G17751,Gamma,2024,7,11,11,0,31.1,19.45,5.9,5.75,2.87,29.5,44.5,Clear,
G17751,Gamma,2024,8,4,4,0,16.0,8.0,8.0,0.0,6.52,30.1,19.0,Clear,
G17751,Gamma,2024,9,3,3,0,6.85,0.0,6.85,0.0,4.82,14.5,18.5,Cloudy,
G17751,Gamma,2024,10,4,4,0,15.19,7.57,3.62,4.0,4.69,13.6,6.2,Rainy,
G17751,Gamma,2024,11,3,3,0,12.0,0.0,8.0,4.0,7.57,14.5,31.0,Cloudy,
G17751,Gamma,2024,12,1,1,0,1.71,0.0,1.71,0.0,2.15,3.2,8.4,Cloudy,
G17751,Gamma,2025,1,3,3,0,10.34,6.34,0.0,4.0,5.12,3.0,22.2,Rainy,
G17751,Gamma,2025,2,3,3,0,12.0,8.0,4.0,0.0,5.67,2.3,21.2,Clear,
G17751,Gamma,2025,3,5,5,0,20.0,4.0,12.0,4.0,0.33,17.2,22.9,Rainy,
G17751,Gamma,2025,4,7,7,0,24.62,15.66,8.96,0.0,6.39,15.2,8.4,Clear,
G17751,Gamma,2025,5,5,5,0,15.21,11.21,4.0,0.0,4.24,16.4,15.5,Clear,
G17751,Gamma,2025,6,5,5,0,16.65,4.0,0.0,12.65,7.44,31.1,16.1,Clear,
G17751,Gamma,2025,7,6,6,0,22.84,10.84,8.0,4.0,4.03,29.2,23.7,Clear,
G17751,Gamma,2025,8,4,4,0,12.83,9.16,3.67,0.0,3.44,29.8,20.5,Clear,
G17751,Gamma,2025,9,8,8,0,32.0,16.0,12.0,4.0,3.81,13.7,11.1,Rainy,
G17751,Gamma,2025,10,4,4,0,16.0,16.0,0.0,0.0,4.46,15.7,43.3,Cloudy,
G17751,Gamma,2025,11,3,3,0,10.36,0.0,0.0,10.36,2.42,14.3,35.0,Clear,
G17751,Gamma,2025,12,5,5,0,16.5,8.0,0.5,8.0,4.74,2.7,22.3,Cloudy,
G17751,Gamma,2026,1,2,2,0,8.0,0.0,4.0,4.0,6.41,3.3,19.1,Cloudy,
G17751,Gamma,2026,2,2,2,0,8.0,4.0,0.0,4.0,4.59,3.5,22.8,Windy,
G17751,Gamma,2026,3,3,3,0,12.0,4.0,8.0,0.0,2.24,15.4,14.0,Cloudy,
G17751,Gamma,2026,4,6,6,0,24.0,8.0,4.0,12.0,3.58,15.5,5.3,Clear,
G17751,Gamma,2026,5,2,2,0,8.0,4.0,4.0,0.0,3.73,14.6,38.6,Clear,
G17751,Gamma,2026,6,5,5,0,20.0,4.0,12.0,4.0,3.79,29.9,7.0,Clear,
G18149,Delta,2025,1,5,5,0,13.27,1.02,4.0,8.25,4.55,2.8,19.0,Windy,
G18149,Delta,2025,2,5,5,0,17.84,5.84,12.0,0.0,6.67,2.2,30.5,Rainy,
G18149,Delta,2025,4,3,3,0,11.620000000000001,3.62,8.0,0.0,4.51,16.7,8.1,Clear,
G18149,Delta,2025,5,4,4,0,11.8,6.77,1.03,4.0,6.34,15.5,21.2,Clear,
G18149,Delta,2025,6,4,4,0,13.55,4.0,5.55,4.0,7.61,30.8,11.2,Clear,
G18149,Delta,2025,7,1,1,0,4.0,4.0,0.0,0.0,4.16,30.1,14.4,Clear,
G18149,Delta,2025,8,4,4,0,16.0,8.0,8.0,0.0,0.06,30.5,34.7,Clear,
G18149,Delta,2025,9,4,4,0,16.0,4.0,8.0,4.0,6.17,14.0,29.3,Cloudy,
G18149,Delta,2025,10,3,3,0,12.0,4.0,4.0,4.0,4.69,15.0,6.0,Windy,
G18149,Delta,2025,11,1,1,0,4.0,0.0,4.0,0.0,6.07,12.1,13.1,Clear,
G18149,Delta,2025,12,2,2,0,3.68,2.58,1.1,0.0,4.01,2.5,23.4,Windy,
G18149,Delta,2026,1,2,2,0,4.2,0.2,4.0,0.0,0.96,2.4,23.1,Cloudy,
G18149,Delta,2026,3,3,3,0,9.95,5.95,0.0,4.0,4.95,15.9,34.1,Clear,
G18149,Delta,2026,4,4,4,0,16.0,4.0,8.0,4.0,2.41,16.2,24.3,Cloudy,
G18149,Delta,2026,5,9,9,0,29.17,6.79,6.38,16.0,2.54,16.5,6.8,Clear,
G18149,Delta,2026,6,8,8,0,29.64,16.0,9.64,4.0,5.21,30.9,9.0,Clear,
G18229,Gamma,2021,8,17,17,0,104.64,20.0,51.55,33.089999999999996,3.93,29.7,36.8,Clear,
G18229,Gamma,2021,9,14,14,0,60.52,43.06,9.46,8.0,3.19,15.2,20.8,Cloudy,
G18229,Gamma,2021,10,6,6,0,24.0,16.0,0.0,8.0,4.44,16.4,11.1,Cloudy,
G18229,Gamma,2021,11,10,10,0,44.47,8.0,15.06,21.41,2.37,13.9,15.2,Clear,
G18229,Gamma,2021,12,4,4,0,20.0,4.0,4.0,12.0,5.43,2.5,25.5,Clear,
G18229,Gamma,2022,1,10,10,0,35.57,16.0,8.13,11.44,1.03,3.4,42.7,Cloudy,
G18229,Gamma,2022,2,6,6,0,24.42,8.0,1.63,14.79,7.93,2.8,9.0,Cloudy,
G18229,Gamma,2022,3,9,9,0,37.51,21.509999999999998,0.0,16.0,4.8,17.1,28.5,Clear,
G18229,Gamma,2022,4,11,11,0,45.5,20.0,23.3,2.2,4.74,16.4,23.2,Cloudy,
G18229,Gamma,2022,5,23,23,0,85.44,42.61,20.9,21.93,4.81,15.9,18.2,Clear,
G18229,Gamma,2022,6,15,15,0,52.61,33.8,14.17,4.64,4.63,30.8,6.7,Clear,
G18229,Gamma,2022,7,16,16,0,58.4,29.78,12.0,16.62,6.93,29.9,31.9,Clear,
G18229,Gamma,2022,8,14,14,0,47.94,10.97,14.35,22.62,3.56,29.7,35.7,Clear,
G18229,Gamma,2022,9,12,12,0,46.84,12.0,15.16,19.68,3.16,13.5,7.9,Cloudy,
G18229,Gamma,2022,10,7,7,0,28.0,4.0,4.0,20.0,0.0,15.1,28.8,Clear,
G18229,Gamma,2022,11,5,5,0,17.42,16.0,0.0,1.42,3.89,14.1,14.4,Rainy,
G18229,Gamma,2022,12,5,5,0,20.0,0.0,8.0,12.0,2.56,2.8,27.8,Windy,
G18229,Gamma,2023,1,1,1,0,2.96,0.0,2.96,0.0,3.98,3.7,16.5,Clear,
G18229,Gamma,2023,2,2,2,0,8.0,8.0,0.0,0.0,2.39,1.2,37.8,Clear,
G18229,Gamma,2023,3,6,6,0,22.35,10.35,0.0,12.0,3.87,16.8,8.1,Clear,
G18229,Gamma,2023,4,5,5,0,20.0,12.0,0.0,8.0,4.63,16.0,41.3,Clear,
G18229,Gamma,2023,5,17,17,0,56.5,29.22,11.28,16.0,5.12,14.7,5.4,Clear,
G18229,Gamma,2023,6,6,6,0,20.04,8.04,4.0,8.0,5.69,30.7,42.2,Clear,
G18229,Gamma,2023,7,8,8,0,22.73,5.84,12.3,4.59,2.17,29.6,26.9,Clear,
G18229,Gamma,2023,8,6,6,0,21.310000000000002,8.0,4.0,9.31,8.85,29.7,8.1,Clear,
G18229,Gamma,2023,9,6,6,0,22.4,18.4,4.0,0.0,5.26,14.3,12.4,Cloudy,
G18229,Gamma,2023,10,3,3,0,11.620000000000001,4.0,7.62,0.0,3.22,15.1,21.0,Clear,
G18229,Gamma,2023,11,1,1,0,4.0,4.0,0.0,0.0,0.71,15.7,12.7,Clear,
G18229,Gamma,2023,12,2,2,0,6.91,2.91,4.0,0.0,2.44,3.1,17.0,Windy,
G18229,Gamma,2024,1,3,3,0,12.0,8.0,0.0,4.0,6.64,1.5,41.2,Cloudy,
G18229,Gamma,2024,2,1,1,0,4.0,0.0,4.0,0.0,2.18,1.9,37.5,Clear,
G18229,Gamma,2024,3,3,3,0,12.0,8.0,4.0,0.0,5.48,13.7,29.7,Cloudy,
G18229,Gamma,2024,4,3,3,0,9.5,5.5,0.0,4.0,4.01,14.4,23.8,Clear,
G18229,Gamma,2024,5,7,7,0,26.240000000000002,2.24,12.0,12.0,2.75,17.0,26.4,Clear,
G18229,Gamma,2024,6,3,3,0,12.0,8.0,0.0,4.0,3.97,31.2,8.7,Clear,
G18229,Gamma,2024,7,3,3,0,12.0,4.0,4.0,4.0,6.0,29.5,7.8,Clear,
G18229,Gamma,2024,8,11,11,0,40.269999999999996,34.019999999999996,4.0,2.25,4.42,30.1,27.7,Clear,
G18229,Gamma,2024,9,2,2,0,8.0,0.0,4.0,4.0,3.9,14.5,13.5,Cloudy,
G18229,Gamma,2024,10,1,1,0,4.0,0.0,4.0,0.0,3.76,13.6,31.2,Rainy,
G18229,Gamma,2024,11,2,2,0,7.32,7.32,0.0,0.0,2.16,14.5,30.7,Cloudy,
G18229,Gamma,2024,12,1,1,0,4.0,4.0,0.0,0.0,5.14,3.2,34.9,Cloudy,
G18229,Gamma,2025,1,2,2,0,6.09,0.0,0.0,6.09,4.06,3.0,26.5,Rainy,
G18229,Gamma,2025,2,1,1,0,4.0,0.0,4.0,0.0,3.91,2.3,35.2,Clear,
G18229,Gamma,2025,3,2,2,0,5.71,1.71,4.0,0.0,1.37,17.2,13.0,Rainy,
G18229,Gamma,2025,4,4,4,0,16.0,8.0,4.0,4.0,3.42,15.2,25.6,Clear,
G18229,Gamma,2025,5,1,1,0,2.64,0.0,2.64,0.0,3.32,16.4,44.3,Clear,
G18229,Gamma,2025,6,2,2,0,8.0,0.0,4.0,4.0,6.33,31.1,10.5,Clear,
G18229,Gamma,2025,7,6,6,0,24.0,16.0,0.0,8.0,6.92,29.2,44.8,Clear,
G18229,Gamma,2025,8,2,2,0,8.0,4.0,0.0,4.0,5.57,29.8,32.0,Clear,
G18229,Gamma,2025,9,5,5,0,18.2,8.0,10.2,0.0,3.29,13.7,28.5,Rainy,
G18229,Gamma,2025,10,4,4,0,12.69,8.0,4.6899999999999995,0.0,4.01,15.7,14.0,Cloudy,
G18229,Gamma,2025,11,1,1,0,3.61,3.61,0.0,0.0,3.99,14.3,20.6,Clear,
G18229,Gamma,2025,12,2,2,0,8.0,4.0,0.0,4.0,4.76,2.7,23.0,Cloudy,
G18229,Gamma,2026,2,2,2,0,8.0,0.0,4.0,4.0,6.2,3.5,31.9,Windy,
G18229,Gamma,2026,3,3,3,0,12.0,4.0,4.0,4.0,5.18,15.4,34.4,Cloudy,
G18229,Gamma,2026,4,2,2,0,6.82,0.0,2.82,4.0,4.71,15.5,33.4,Clear,
G18229,Gamma,2026,5,2,2,0,8.0,8.0,0.0,0.0,3.09,14.6,6.8,Clear,
G18229,Gamma,2026,6,7,7,0,22.52,9.35,13.17,0.0,4.06,29.9,25.3,Clear,
G18673,Alpha,2023,7,8,8,0,25.42,17.42,4.0,4.0,5.53,30.4,35.3,Clear,
G18673,Alpha,2023,8,7,7,0,27.55,15.55,4.0,8.0,6.95,28.2,36.6,Clear,
G18673,Alpha,2023,9,3,3,0,8.16,4.0,2.99,1.17,7.58,13.9,20.0,Cloudy,
G18673,Alpha,2023,10,6,6,0,24.0,8.0,12.0,4.0,1.03,15.1,44.2,Cloudy,
G18673,Alpha,2023,11,8,8,0,23.6,8.0,6.12,9.48,4.05,13.3,14.5,Cloudy,
G18673,Alpha,2023,12,6,6,0,23.12,19.12,4.0,0.0,2.52,3.0,13.0,Rainy,
G18673,Alpha,2024,1,4,4,0,12.39,4.0,8.39,0.0,4.62,3.1,38.4,Clear,
G18673,Alpha,2024,2,2,2,0,8.0,4.0,4.0,0.0,4.57,2.0,8.5,Clear,
G18673,Alpha,2024,3,3,3,0,12.0,12.0,0.0,0.0,2.08,16.4,32.9,Cloudy,
G18673,Alpha,2024,4,9,9,0,30.85,6.85,12.0,12.0,2.28,16.7,9.3,Clear,
G18673,Alpha,2024,5,8,8,0,32.0,24.0,8.0,0.0,1.53,15.8,6.5,Clear,
G18673,Alpha,2024,6,5,5,0,19.14,4.0,3.14,12.0,5.81,30.3,40.0,Clear,
G18673,Alpha,2024,7,6,6,0,22.42,16.0,4.0,2.42,6.44,29.5,32.1,Clear,
G18673,Alpha,2024,8,7,7,0,26.78,4.0,14.78,8.0,4.85,28.6,39.4,Clear,
G18673,Alpha,2024,9,2,2,0,8.0,8.0,0.0,0.0,6.45,13.1,42.0,Cloudy,
G18673,Alpha,2024,10,3,3,0,11.76,7.76,0.0,4.0,3.39,13.6,33.2,Clear,
G18673,Alpha,2024,11,4,4,0,14.85,2.85,12.0,0.0,6.78,14.1,33.5,Rainy,
G18673,Alpha,2024,12,3,3,0,12.0,8.0,0.0,4.0,4.18,4.3,28.8,Clear,
G18673,Alpha,2025,1,2,2,0,6.359999999999999,4.0,0.0,2.36,5.91,1.8,29.8,Clear,
G18673,Alpha,2025,2,3,3,0,9.120000000000001,5.12,4.0,0.0,3.29,3.1,24.9,Cloudy,
G18673,Alpha,2025,3,4,4,0,16.0,4.0,4.0,8.0,3.49,16.6,15.5,Clear,
G18673,Alpha,2025,4,2,2,0,8.0,4.0,4.0,0.0,8.27,17.4,37.7,Clear,
G18673,Alpha,2025,5,5,5,0,20.0,12.0,4.0,4.0,4.71,16.4,22.5,Clear,
G18673,Alpha,2025,6,6,6,0,24.0,16.0,4.0,4.0,6.69,31.3,22.5,Clear,
G18673,Alpha,2025,7,8,8,0,32.0,20.0,8.0,4.0,7.2,30.5,35.6,Clear,
G18673,Alpha,2025,8,3,3,0,12.0,8.0,4.0,0.0,8.48,31.3,24.0,Clear,
G18673,Alpha,2025,9,5,5,0,20.0,8.0,4.0,8.0,3.6,13.9,27.6,Clear,
G18673,Alpha,2025,10,5,5,0,16.84,6.779999999999999,3.64,6.42,5.53,14.8,25.7,Clear,
G18673,Alpha,2025,11,3,3,0,8.68,4.68,0.0,4.0,5.93,14.7,5.2,Cloudy,
G18673,Alpha,2025,12,6,6,0,22.75,6.75,4.0,12.0,5.47,3.9,20.0,Rainy,
G18673,Alpha,2026,1,2,2,0,3.2,0.93,0.0,2.27,3.4,3.1,40.6,Cloudy,
G18673,Alpha,2026,3,2,2,0,8.0,0.0,4.0,4.0,3.05,15.0,27.7,Clear,
G18673,Alpha,2026,4,3,3,0,11.91,4.0,7.91,0.0,3.97,14.4,21.4,Cloudy,
G18673,Alpha,2026,5,8,8,0,28.73,20.73,8.0,0.0,5.56,16.5,33.9,Clear,
G18673,Alpha,2026,6,2,2,0,7.37,0.0,4.0,3.37,5.82,28.3,21.2,Clear,
G18716,Alpha,2022,2,3,3,0,17.080000000000002,6.68,10.4,0.0,3.71,4.4,33.2,Clear,
G18716,Alpha,2022,3,8,8,0,55.72,9.78,30.67,15.27,5.24,17.6,8.1,Cloudy,
G18716,Alpha,2022,4,18,18,0,131.72,31.93,68.77,31.02,4.91,15.4,25.7,Clear,
G18716,Alpha,2022,5,26,26,0,145.98,37.24,65.14,43.6,0.5,16.4,19.0,Clear,
G18716,Alpha,2022,6,19,19,0,94.92,19.12,36.05,39.75,4.67,28.9,5.4,Clear,
G18716,Alpha,2022,7,16,16,0,74.78,43.06,8.0,23.72,1.29,30.7,16.3,Clear,
G18716,Alpha,2022,8,16,16,0,61.09,29.3,8.0,23.79,4.27,31.5,15.7,Clear,
G18716,Alpha,2022,9,11,11,0,37.44,12.43,13.48,11.53,1.53,13.0,31.5,Cloudy,
G18716,Alpha,2022,10,11,11,0,29.38,8.27,17.11,4.0,9.31,13.2,35.1,Clear,
G18716,Alpha,2022,11,4,4,0,15.11,12.0,3.11,0.0,4.09,14.5,37.4,Cloudy,
G18716,Alpha,2022,12,9,9,0,34.62,12.0,14.620000000000001,8.0,6.38,3.3,22.3,Clear,
G18716,Alpha,2023,1,5,5,0,20.0,12.0,4.0,4.0,8.04,3.0,15.0,Rainy,
G18716,Alpha,2023,2,5,5,0,17.97,9.969999999999999,8.0,0.0,8.01,2.1,29.0,Cloudy,
G18716,Alpha,2023,3,5,5,0,14.76,12.0,0.0,2.7600000000000002,4.83,15.4,44.1,Clear,
G18716,Alpha,2023,4,8,8,0,32.0,16.0,12.0,4.0,6.09,16.2,25.0,Clear,
G18716,Alpha,2023,5,11,11,0,41.83,33.83,4.0,4.0,4.93,16.3,15.7,Clear,
G18716,Alpha,2023,6,16,16,0,60.23,33.89,14.34,12.0,3.85,30.7,23.8,Clear,
G18716,Alpha,2023,7,13,13,0,45.75,24.37,14.52,6.859999999999999,8.1,30.4,18.4,Clear,
G18716,Alpha,2023,8,11,11,0,38.78,16.83,8.0,13.95,3.41,28.2,20.9,Clear,
G18716,Alpha,2023,9,5,5,0,20.0,12.0,8.0,0.0,5.15,13.9,16.5,Cloudy,
G18716,Alpha,2023,10,2,2,0,7.7,3.7,0.0,4.0,4.63,15.1,17.8,Cloudy,
G18716,Alpha,2023,11,9,9,0,31.01,5.8100000000000005,20.0,5.2,2.89,13.3,16.4,Cloudy,
G18716,Alpha,2023,12,2,2,0,8.0,8.0,0.0,0.0,5.51,3.0,37.3,Rainy,
G18716,Alpha,2024,1,3,3,0,12.0,0.0,12.0,0.0,4.28,3.1,20.5,Clear,
G18716,Alpha,2024,2,1,1,0,0.47,0.47,0.0,0.0,6.14,2.0,21.9,Clear,
G18716,Alpha,2024,3,7,7,0,28.0,16.0,8.0,4.0,5.42,16.4,12.9,Cloudy,
G18716,Alpha,2024,4,5,5,0,16.7,12.7,4.0,0.0,9.01,16.7,34.5,Clear,
G18716,Alpha,2024,5,8,8,0,31.44,15.44,8.0,8.0,3.06,15.8,8.3,Clear,
G18716,Alpha,2024,6,7,7,0,25.13,13.5,4.0,7.63,5.34,30.3,24.2,Clear,
G18716,Alpha,2024,7,6,6,0,23.9,8.0,4.0,11.9,4.37,29.5,42.6,Clear,
G18716,Alpha,2024,8,3,3,0,8.69,8.69,0.0,0.0,5.52,28.6,31.6,Clear,
G18716,Alpha,2024,9,6,6,0,23.67,16.0,7.67,0.0,8.02,13.1,11.5,Cloudy,
G18716,Alpha,2024,10,3,3,0,9.79,6.55,0.0,3.24,5.16,13.6,33.8,Clear,
G18716,Alpha,2024,11,5,5,0,20.0,4.0,12.0,4.0,4.24,14.1,19.6,Rainy,
G18716,Alpha,2024,12,2,2,0,8.0,0.0,8.0,0.0,5.12,4.3,7.5,Clear,
G18716,Alpha,2025,1,2,2,0,8.0,4.0,0.0,4.0,2.29,1.8,27.3,Clear,
G18716,Alpha,2025,2,3,3,0,8.08,4.0,0.0,4.08,4.63,3.1,6.4,Cloudy,
G18716,Alpha,2025,3,3,3,0,8.35,4.0,1.66,2.69,4.91,16.6,10.1,Clear,
G18716,Alpha,2025,4,6,6,0,24.0,4.0,20.0,0.0,2.08,17.4,35.6,Clear,
G18716,Alpha,2025,5,7,7,0,25.4,13.4,4.0,8.0,1.82,16.4,22.5,Clear,
G18716,Alpha,2025,6,5,5,0,20.0,8.0,8.0,4.0,5.08,31.3,39.5,Clear,
G18716,Alpha,2025,7,9,9,0,35.33,16.0,8.0,11.33,4.15,30.5,10.5,Clear,
G18716,Alpha,2025,8,3,3,0,12.0,4.0,4.0,4.0,6.04,31.3,9.7,Clear,
G18716,Alpha,2025,9,5,5,0,20.0,12.0,4.0,4.0,5.57,13.9,15.9,Clear,
G18716,Alpha,2025,10,3,3,0,12.0,4.0,4.0,4.0,5.35,14.8,39.3,Clear,
G18716,Alpha,2025,11,3,3,0,10.3,6.3,0.0,4.0,3.54,14.7,39.0,Cloudy,
G18716,Alpha,2025,12,2,2,0,8.0,4.0,4.0,0.0,4.49,3.9,5.4,Rainy,
G18716,Alpha,2026,2,2,2,0,8.0,8.0,0.0,0.0,7.38,3.4,7.2,Rainy,
G18716,Alpha,2026,3,2,2,0,8.0,8.0,0.0,0.0,4.79,15.0,28.8,Clear,
G18716,Alpha,2026,4,4,4,0,11.41,4.22,3.19,4.0,2.02,14.4,11.0,Cloudy,
G18716,Alpha,2026,5,4,4,0,16.0,12.0,0.0,4.0,4.05,16.5,41.2,Clear,
G18716,Alpha,2026,6,2,2,0,8.0,8.0,0.0,0.0,4.4,28.3,11.6,Clear,
G19017,Alpha,2021,1,11,11,0,101.24,32.18,51.25,17.81,7.26,4.0,6.5,Clear,
G19017,Alpha,2021,2,8,8,0,54.93,33.72,17.21,4.0,2.77,2.9,32.1,Cloudy,
G19017,Alpha,2021,3,8,8,0,57.89,20.0,15.51,22.38,6.33,17.1,23.2,Clear,
G19017,Alpha,2021,4,18,18,0,134.56,76.12,14.35,44.09,2.71,16.4,23.0,Clear,
G19017,Alpha,2021,5,25,25,0,259.96,53.25,121.44,85.27,4.01,16.9,6.9,Clear,
G19017,Alpha,2021,6,18,18,0,179.82,64.93,85.05,29.84,5.93,30.4,34.5,Clear,
G19017,Alpha,2021,7,16,16,0,132.25,69.07,55.18,8.0,2.17,28.0,10.2,Clear,
G19017,Alpha,2021,8,25,25,0,195.48,97.72,46.19,51.57,5.0,29.2,24.1,Clear,
G19017,Alpha,2021,9,11,11,0,99.2,43.51,40.49,15.2,4.32,14.0,18.8,Cloudy,
G19017,Alpha,2021,10,16,16,0,95.01,34.74,31.61,28.66,2.21,12.5,10.6,Rainy,
G19017,Alpha,2021,11,13,13,0,98.27,41.4,27.19,29.68,4.44,14.3,21.9,Clear,
G19017,Alpha,2021,12,12,12,0,102.09,30.189999999999998,51.9,20.0,4.84,3.6,21.2,Clear,
G19017,Alpha,2022,1,7,7,0,51.67,18.42,8.0,25.25,4.23,2.2,10.3,Clear,
G19017,Alpha,2022,2,4,4,0,32.0,8.0,12.0,12.0,7.9,4.4,17.6,Clear,
G19017,Alpha,2022,3,7,7,0,49.96,24.0,10.06,15.9,6.34,17.6,33.2,Cloudy,
G19017,Alpha,2022,4,17,17,0,116.47,22.72,57.75,36.0,5.78,15.4,37.6,Clear,
G19017,Alpha,2022,5,21,21,0,125.36,32.0,67.66,25.7,5.1,16.4,33.9,Clear,
G19017,Alpha,2022,6,17,17,0,82.12,31.18,28.740000000000002,22.2,3.54,28.9,12.2,Clear,
G19017,Alpha,2022,7,13,13,0,54.48,36.6,8.0,9.879999999999999,5.19,30.7,18.0,Clear,
G19017,Alpha,2022,8,15,15,0,52.379999999999995,34.13,2.07,16.18,4.02,31.5,27.9,Clear,
G19017,Alpha,2022,9,17,17,0,56.11,26.759999999999998,21.35,8.0,5.54,13.0,12.9,Cloudy,
G19017,Alpha,2022,10,13,13,0,50.61,28.0,18.61,4.0,9.37,13.2,17.1,Clear,
G19017,Alpha,2022,11,9,9,0,27.43,12.31,11.120000000000001,4.0,4.29,14.5,27.5,Cloudy,
G19017,Alpha,2022,12,8,8,0,28.31,12.0,12.31,4.0,5.57,3.3,13.1,Clear,
G19017,Alpha,2023,1,6,6,0,22.62,14.89,4.0,3.73,6.54,3.0,42.7,Rainy,
G19017,Alpha,2023,2,8,8,0,30.11,10.11,16.0,4.0,2.33,2.1,14.8,Cloudy,
G19017,Alpha,2023,3,9,9,0,32.01,20.0,4.01,8.0,6.17,15.4,23.2,Clear,
G19017,Alpha,2023,4,16,16,0,56.52,30.97,17.55,8.0,3.97,16.2,33.3,Clear,
G19017,Alpha,2023,5,12,12,0,41.97,28.939999999999998,2.98,10.05,4.71,16.3,6.9,Clear,
G19017,Alpha,2023,6,18,18,0,63.89,37.93,13.96,12.0,0.07,30.7,37.1,Clear,
G19017,Alpha,2023,7,14,14,0,53.16,35.43,9.73,8.0,5.19,30.4,19.5,Clear,
G19017,Alpha,2023,8,9,9,0,32.12,16.0,12.120000000000001,4.0,4.26,28.2,35.8,Clear,
G19017,Alpha,2023,9,1,1,0,4.0,4.0,0.0,0.0,2.71,13.9,39.1,Cloudy,
G19017,Alpha,2023,10,5,5,0,20.0,0.0,16.0,4.0,6.08,15.1,12.0,Cloudy,
G19017,Alpha,2023,11,8,8,0,28.12,4.6,15.52,8.0,1.41,13.3,32.0,Cloudy,
G19017,Alpha,2023,12,3,3,0,12.0,0.0,8.0,4.0,7.32,3.0,38.2,Rainy,
G19017,Alpha,2024,1,2,2,0,8.0,8.0,0.0,0.0,2.81,3.1,41.7,Clear,
G19017,Alpha,2024,2,4,4,0,13.07,9.07,4.0,0.0,7.48,2.0,17.4,Clear,
G19017,Alpha,2024,3,4,4,0,14.16,14.16,0.0,0.0,4.36,16.4,34.6,Cloudy,
G19017,Alpha,2024,4,8,8,0,32.0,20.0,4.0,8.0,6.4,16.7,11.2,Clear,
G19017,Alpha,2024,5,11,11,0,36.62,17.4,11.71,7.51,3.66,15.8,24.3,Clear,
G19017,Alpha,2024,6,9,9,0,31.13,9.45,16.0,5.68,3.65,30.3,43.8,Clear,
G19017,Alpha,2024,7,7,7,0,26.46,14.74,7.720000000000001,4.0,5.54,29.5,20.4,Clear,
G19017,Alpha,2024,8,10,10,0,36.12,21.48,10.64,4.0,5.75,28.6,26.6,Clear,
G19017,Alpha,2024,9,5,5,0,19.37,8.0,11.370000000000001,0.0,3.8,13.1,8.3,Cloudy,
G19017,Alpha,2024,10,2,2,0,8.0,4.0,0.0,4.0,4.68,13.6,36.2,Clear,
G19017,Alpha,2024,11,3,3,0,12.0,4.0,0.0,8.0,7.28,14.1,28.1,Rainy,
G19017,Alpha,2024,12,3,3,0,12.0,8.0,4.0,0.0,7.46,4.3,5.6,Clear,
G19017,Alpha,2025,1,1,1,0,4.0,0.0,4.0,0.0,7.19,1.8,34.8,Clear,
G19017,Alpha,2025,2,1,1,0,1.58,1.58,0.0,0.0,2.04,3.1,15.0,Cloudy,
G19017,Alpha,2025,3,3,3,0,11.6,0.0,8.0,3.6,5.28,16.6,36.4,Clear,
G19017,Alpha,2025,4,1,1,0,4.0,4.0,0.0,0.0,4.84,17.4,37.3,Clear,
G19017,Alpha,2025,5,5,5,0,18.41,0.0,8.0,10.41,3.61,16.4,10.6,Clear,
G19017,Alpha,2025,6,4,4,0,13.39,9.39,0.0,4.0,4.26,31.3,10.2,Clear,
G19017,Alpha,2025,7,8,8,0,32.0,12.0,4.0,16.0,6.98,30.5,23.6,Clear,
G19017,Alpha,2025,8,2,2,0,8.0,8.0,0.0,0.0,1.18,31.3,24.8,Clear,
G19017,Alpha,2025,9,4,4,0,16.0,4.0,8.0,4.0,5.34,13.9,29.3,Clear,
G19017,Alpha,2025,10,2,2,0,8.0,4.0,4.0,0.0,6.32,14.8,43.6,Clear,
G19017,Alpha,2025,11,1,1,0,3.85,3.85,0.0,0.0,3.86,14.7,30.6,Cloudy,
G19017,Alpha,2025,12,3,3,0,12.0,0.0,0.0,12.0,3.63,3.9,36.1,Rainy,
G19017,Alpha,2026,1,4,4,0,13.370000000000001,5.37,8.0,0.0,4.32,3.1,16.7,Cloudy,
G19017,Alpha,2026,2,1,1,0,4.0,0.0,4.0,0.0,5.4,3.4,14.6,Rainy,
G19017,Alpha,2026,3,1,1,0,4.0,0.0,4.0,0.0,5.53,15.0,28.3,Clear,
G19017,Alpha,2026,4,2,2,0,4.48,4.0,0.48,0.0,3.81,14.4,13.6,Cloudy,
G19017,Alpha,2026,5,6,6,0,21.86,9.86,8.0,4.0,7.24,16.5,10.6,Clear,
G19017,Alpha,2026,6,2,2,0,8.0,0.0,8.0,0.0,5.55,28.3,6.4,Clear,
G19777,Delta,2023,9,10,10,0,40.0,8.0,20.0,12.0,2.93,14.3,25.0,Cloudy,
G19777,Delta,2023,10,12,12,0,44.63,4.74,15.89,24.0,3.84,13.4,7.8,Clear,
G19777,Delta,2023,11,2,2,0,8.0,0.0,4.0,4.0,6.35,16.2,6.2,Clear,
G19777,Delta,2023,12,6,6,0,24.0,4.0,12.0,8.0,4.95,3.9,11.4,Clear,
G19777,Delta,2024,1,3,3,0,12.0,8.0,4.0,0.0,3.21,4.6,32.6,Windy,
G19777,Delta,2024,2,3,3,0,9.61,1.61,8.0,0.0,4.14,1.6,29.1,Cloudy,
G19777,Delta,2024,3,5,5,0,17.25,0.0,9.25,8.0,1.19,14.7,35.9,Clear,
G19777,Delta,2024,4,10,10,0,35.5,19.5,16.0,0.0,3.12,16.0,17.2,Clear,
G19777,Delta,2024,5,7,7,0,24.57,20.57,0.0,4.0,1.77,14.5,36.8,Clear,
G19777,Delta,2024,6,7,7,0,25.58,12.0,5.58,8.0,7.49,31.1,38.4,Clear,
G19777,Delta,2024,7,8,8,0,25.82,16.22,9.6,0.0,2.47,30.4,35.5,Clear,
G19777,Delta,2024,8,7,7,0,21.73,9.46,8.27,4.0,3.31,29.2,33.3,Clear,
G19777,Delta,2024,9,3,3,0,12.0,4.0,8.0,0.0,5.19,14.1,13.4,Cloudy,
G19777,Delta,2024,10,3,3,0,12.0,4.0,0.0,8.0,3.11,13.7,42.4,Cloudy,
G19777,Delta,2024,11,5,5,0,17.01,8.0,4.0,5.01,6.43,14.5,14.0,Cloudy,
G19777,Delta,2024,12,1,1,0,0.41,0.0,0.0,0.41,5.88,4.4,5.5,Clear,
G19777,Delta,2025,1,3,3,0,12.0,4.0,4.0,4.0,3.34,2.8,40.5,Windy,
G19777,Delta,2025,2,3,3,0,11.3,4.0,3.3,4.0,5.67,2.2,6.9,Rainy,
G19777,Delta,2025,3,1,1,0,3.02,0.0,0.0,3.02,2.67,14.4,31.2,Clear,
G19777,Delta,2025,4,2,2,0,8.0,4.0,0.0,4.0,5.57,16.7,11.9,Clear,
G19777,Delta,2025,5,10,10,0,37.53,12.0,13.530000000000001,12.0,1.52,15.5,34.5,Clear,
G19777,Delta,2025,6,5,5,0,20.0,16.0,4.0,0.0,3.53,30.8,36.4,Clear,
G19777,Delta,2025,7,2,2,0,8.0,4.0,4.0,0.0,3.55,30.1,18.8,Clear,
G19777,Delta,2025,8,3,3,0,12.0,8.0,4.0,0.0,5.45,30.5,8.2,Clear,
G19777,Delta,2025,9,3,3,0,11.58,4.0,3.58,4.0,6.75,14.0,36.6,Cloudy,
G19777,Delta,2025,10,5,5,0,19.46,11.46,0.0,8.0,5.16,15.0,31.7,Windy,
G19777,Delta,2025,12,3,3,0,12.0,8.0,4.0,0.0,4.42,2.5,13.9,Windy,
G19777,Delta,2026,1,3,3,0,11.21,4.0,0.0,7.21,4.02,2.4,5.1,Cloudy,
G19777,Delta,2026,2,1,1,0,4.0,4.0,0.0,0.0,4.56,4.3,10.8,Windy,
G19777,Delta,2026,3,1,1,0,4.0,0.0,4.0,0.0,4.01,15.9,21.5,Clear,
G19777,Delta,2026,4,1,1,0,4.0,4.0,0.0,0.0,6.08,16.2,32.7,Cloudy,
G19777,Delta,2026,5,6,6,0,24.0,12.0,4.0,8.0,6.38,16.5,17.8,Clear,
G19777,Delta,2026,6,4,4,0,15.82,11.82,4.0,0.0,4.75,30.9,32.4,Clear,
G20303,Delta,2023,1,7,7,0,44.0,32.0,12.0,0.0,6.42,1.9,12.9,Rainy,
G20303,Delta,2023,2,10,10,0,39.61,12.0,11.61,16.0,6.87,4.7,35.6,Cloudy,
G20303,Delta,2023,3,6,6,0,21.27,9.27,4.0,8.0,0.62,17.2,17.5,Clear,
G20303,Delta,2023,4,13,13,0,51.89,35.89,8.0,8.0,6.35,14.2,6.2,Clear,
G20303,Delta,2023,5,20,20,0,67.72,39.45,24.0,4.27,2.93,15.4,16.0,Clear,
G20303,Delta,2023,6,19,19,0,76.0,40.0,20.0,16.0,6.99,29.3,35.0,Clear,
G20303,Delta,2023,7,23,23,0,92.0,36.0,44.0,12.0,5.6,28.8,11.0,Clear,
G20303,Delta,2023,8,25,25,0,96.53,48.63,35.9,12.0,4.77,29.4,21.3,Clear,
G20303,Delta,2023,9,14,14,0,51.14,12.0,25.96,13.18,7.56,14.3,17.8,Cloudy,
G20303,Delta,2023,10,12,12,0,41.56,12.0,8.469999999999999,21.09,3.07,13.4,30.4,Clear,
G20303,Delta,2023,11,3,3,0,8.97,4.0,0.97,4.0,5.95,16.2,16.6,Clear,
G20303,Delta,2023,12,2,2,0,8.0,0.0,4.0,4.0,9.68,3.9,41.5,Clear,
G20303,Delta,2024,1,4,4,0,12.629999999999999,8.629999999999999,4.0,0.0,1.32,4.6,28.0,Windy,
G20303,Delta,2024,2,2,2,0,8.0,0.0,8.0,0.0,5.91,1.6,5.6,Cloudy,
G20303,Delta,2024,3,5,5,0,18.83,2.83,12.0,4.0,3.91,14.7,21.2,Clear,
G20303,Delta,2024,4,8,8,0,28.31,16.31,8.0,4.0,4.71,16.0,41.7,Clear,
G20303,Delta,2024,5,4,4,0,16.0,8.0,4.0,4.0,9.34,14.5,8.8,Clear,
G20303,Delta,2024,6,9,9,0,26.93,10.02,5.97,10.94,6.73,31.1,18.0,Clear,
G20303,Delta,2024,7,6,6,0,24.0,12.0,8.0,4.0,8.78,30.4,36.3,Clear,
G20303,Delta,2024,8,5,5,0,16.49,12.49,4.0,0.0,5.48,29.2,35.8,Clear,
G20303,Delta,2024,9,5,5,0,19.18,4.0,11.18,4.0,4.73,14.1,21.0,Cloudy,
G20303,Delta,2024,10,5,5,0,17.55,0.0,8.0,9.55,1.04,13.7,33.4,Cloudy,
G20303,Delta,2024,11,3,3,0,12.0,4.0,0.0,8.0,1.37,14.5,43.5,Cloudy,
G20303,Delta,2024,12,1,1,0,4.0,0.0,0.0,4.0,5.88,4.4,8.6,Clear,
G20303,Delta,2025,1,2,2,0,8.0,4.0,4.0,0.0,1.35,2.8,42.5,Windy,
G20303,Delta,2025,2,1,1,0,4.0,4.0,0.0,0.0,3.67,2.2,30.6,Rainy,
G20303,Delta,2025,3,6,6,0,23.7,7.99,3.71,12.0,5.62,14.4,7.3,Clear,
G20303,Delta,2025,4,3,3,0,12.0,4.0,0.0,8.0,5.76,16.7,35.2,Clear,
G20303,Delta,2025,5,6,6,0,17.02,8.41,0.0,8.61,7.19,15.5,17.6,Clear,
G20303,Delta,2025,6,7,7,0,28.0,4.0,12.0,12.0,5.91,30.8,12.6,Clear,
G20303,Delta,2025,7,2,2,0,5.3,4.0,0.0,1.3,7.45,30.1,8.5,Clear,
G20303,Delta,2025,8,6,6,0,22.25,10.25,4.0,8.0,3.81,30.5,23.7,Clear,
G20303,Delta,2025,10,4,4,0,16.0,8.0,4.0,4.0,6.71,15.0,5.8,Windy,
G20303,Delta,2025,11,3,3,0,12.0,8.0,4.0,0.0,3.59,12.1,38.9,Clear,
G20303,Delta,2025,12,2,2,0,8.0,4.0,4.0,0.0,3.37,2.5,6.2,Windy,
G20303,Delta,2026,1,1,1,0,4.0,4.0,0.0,0.0,6.29,2.4,11.1,Cloudy,
G20303,Delta,2026,2,1,1,0,4.0,0.0,0.0,4.0,5.73,4.3,12.8,Windy,
G20303,Delta,2026,3,4,4,0,15.02,7.02,4.0,4.0,7.64,15.9,19.3,Clear,
G20303,Delta,2026,4,1,1,0,0.29,0.29,0.0,0.0,4.49,16.2,7.6,Cloudy,
G20303,Delta,2026,5,6,6,0,21.05,8.0,4.0,9.05,4.29,16.5,24.4,Clear,
G20303,Delta,2026,6,9,9,0,32.2,16.0,12.2,4.0,0.17,30.9,12.1,Clear,
G20911,Delta,2024,2,2,2,0,6.5,4.0,2.5,0.0,6.48,1.6,8.8,Cloudy,
G20911,Delta,2024,3,4,4,0,10.43,4.0,4.0,2.4299999999999997,6.55,14.7,42.7,Clear,
G20911,Delta,2024,4,11,11,0,36.52,28.0,4.28,4.24,9.4,16.0,20.9,Clear,
G20911,Delta,2024,5,7,7,0,28.0,16.0,8.0,4.0,2.5,14.5,36.2,Clear,
G20911,Delta,2024,6,8,8,0,25.82,11.35,11.73,2.74,2.82,31.1,6.3,Clear,
G20911,Delta,2024,7,8,8,0,25.76,14.120000000000001,6.529999999999999,5.11,0.0,30.4,25.8,Clear,
G20911,Delta,2024,8,6,6,0,23.759999999999998,11.76,8.0,4.0,3.44,29.2,7.5,Clear,
G20911,Delta,2024,9,3,3,0,10.07,6.07,4.0,0.0,4.89,14.1,41.7,Cloudy,
G20911,Delta,2024,10,6,6,0,24.0,4.0,0.0,20.0,3.82,13.7,25.8,Cloudy,
G20911,Delta,2024,11,2,2,0,8.0,0.0,0.0,8.0,6.53,14.5,24.3,Cloudy,
G20911,Delta,2024,12,2,2,0,8.0,8.0,0.0,0.0,1.96,4.4,22.8,Clear,
G20911,Delta,2025,1,1,1,0,4.0,4.0,0.0,0.0,5.05,2.8,30.4,Windy,
G20911,Delta,2025,2,5,5,0,16.2,8.2,8.0,0.0,4.64,2.2,35.2,Rainy,
G20911,Delta,2025,3,3,3,0,12.0,12.0,0.0,0.0,2.83,14.4,35.0,Clear,
G20911,Delta,2025,4,8,8,0,25.4,6.09,11.309999999999999,8.0,6.81,16.7,13.8,Clear,
G20911,Delta,2025,5,9,9,0,32.14,4.27,19.87,8.0,1.82,15.5,38.8,Clear,
G20911,Delta,2025,7,4,4,0,16.0,4.0,8.0,4.0,6.38,30.1,28.9,Clear,
G20911,Delta,2025,8,3,3,0,12.0,8.0,4.0,0.0,7.17,30.5,29.5,Clear,
G20911,Delta,2025,9,2,2,0,5.79,1.79,4.0,0.0,1.51,14.0,25.2,Cloudy,
G20911,Delta,2025,10,1,1,0,4.0,4.0,0.0,0.0,3.9,15.0,21.3,Windy,
G20911,Delta,2025,11,2,2,0,8.0,8.0,0.0,0.0,4.48,12.1,43.8,Clear,
G20911,Delta,2025,12,3,3,0,9.29,4.0,5.29,0.0,7.23,2.5,6.7,Windy,
G20911,Delta,2026,1,5,5,0,20.0,4.0,8.0,8.0,5.55,2.4,28.8,Cloudy,
G20911,Delta,2026,2,3,3,0,9.29,5.29,0.0,4.0,5.21,4.3,34.2,Windy,
G20911,Delta,2026,3,4,4,0,12.1,4.1,4.0,4.0,4.03,15.9,16.0,Clear,
G20911,Delta,2026,4,4,4,0,13.030000000000001,5.85,3.18,4.0,6.69,16.2,19.7,Cloudy,
G20911,Delta,2026,5,5,5,0,18.35,6.35,4.0,8.0,6.89,16.5,13.2,Clear,
G20911,Delta,2026,6,6,6,0,22.22,12.0,8.0,2.22,4.15,30.9,15.9,Clear,
G21193,Gamma,2022,6,11,11,0,37.83,13.83,24.0,0.0,4.98,30.8,27.3,Clear,
G21193,Gamma,2022,7,14,14,0,48.4,18.58,13.82,16.0,8.43,29.9,24.4,Clear,
G21193,Gamma,2022,8,16,16,0,52.74,18.38,20.0,14.36,8.06,29.7,25.1,Clear,
G21193,Gamma,2022,9,10,10,0,37.22,13.219999999999999,16.0,8.0,8.82,13.5,25.2,Cloudy,
G21193,Gamma,2022,10,9,9,0,30.509999999999998,20.0,0.0,10.51,5.06,15.1,26.7,Clear,
G21193,Gamma,2022,11,6,6,0,18.45,10.45,0.0,8.0,6.23,14.1,38.8,Rainy,
G21193,Gamma,2022,12,4,4,0,16.0,4.0,8.0,4.0,4.73,2.8,41.8,Windy,
G21193,Gamma,2023,1,3,3,0,12.0,4.0,8.0,0.0,4.07,3.7,17.1,Clear,
G21193,Gamma,2023,2,3,3,0,12.0,8.0,4.0,0.0,4.97,1.2,37.6,Clear,
G21193,Gamma,2023,3,4,4,0,12.65,4.0,4.65,4.0,7.87,16.8,45.0,Clear,
G21193,Gamma,2023,4,11,11,0,37.58,9.02,8.0,20.560000000000002,6.56,16.0,12.8,Clear,
G21193,Gamma,2023,5,4,4,0,16.0,4.0,4.0,8.0,5.48,14.7,44.5,Clear,
G21193,Gamma,2023,6,7,7,0,25.83,13.83,4.0,8.0,0.0,30.7,34.0,Clear,
G21193,Gamma,2023,7,7,7,0,25.05,12.0,9.05,4.0,5.67,29.6,26.7,Clear,
G21193,Gamma,2023,8,9,9,0,35.31,8.0,15.31,12.0,7.2,29.7,34.6,Clear,
G21193,Gamma,2023,9,6,6,0,24.0,8.0,12.0,4.0,3.72,14.3,18.5,Cloudy,
G21193,Gamma,2023,10,5,5,0,20.0,0.0,12.0,8.0,3.86,15.1,22.5,Clear,
G21193,Gamma,2023,11,4,4,0,16.0,8.0,4.0,4.0,4.77,15.7,44.9,Clear,
G21193,Gamma,2023,12,5,5,0,16.76,4.76,8.0,4.0,3.72,3.1,5.9,Windy,
G21193,Gamma,2024,1,1,1,0,4.0,0.0,4.0,0.0,7.1,1.5,11.3,Cloudy,
G21193,Gamma,2024,2,1,1,0,3.71,0.0,0.0,3.71,8.08,1.9,14.7,Clear,
G21193,Gamma,2024,3,3,3,0,12.0,8.0,0.0,4.0,7.76,13.7,22.8,Cloudy,
G21193,Gamma,2024,4,5,5,0,20.0,16.0,0.0,4.0,6.43,14.4,11.2,Clear,
G21193,Gamma,2024,5,6,6,0,24.0,20.0,0.0,4.0,6.46,17.0,43.2,Clear,
G21193,Gamma,2024,6,4,4,0,14.84,10.84,0.0,4.0,5.3,31.2,29.6,Clear,
G21193,Gamma,2024,7,3,3,0,12.0,8.0,4.0,0.0,4.73,29.5,43.1,Clear,
G21193,Gamma,2024,8,4,4,0,16.0,8.0,0.0,8.0,5.75,30.1,6.9,Clear,
G21193,Gamma,2024,9,4,4,0,14.32,0.0,14.32,0.0,5.58,14.5,37.0,Cloudy,
G21193,Gamma,2024,10,1,1,0,4.0,4.0,0.0,0.0,4.95,13.6,12.0,Rainy,
G21193,Gamma,2024,11,1,1,0,4.0,0.0,4.0,0.0,7.83,14.5,16.6,Cloudy,
G21193,Gamma,2024,12,2,2,0,8.0,4.0,4.0,0.0,6.98,3.2,43.9,Cloudy,
G21193,Gamma,2025,1,4,4,0,15.61,4.0,3.61,8.0,7.1,3.0,6.5,Rainy,
G21193,Gamma,2025,2,2,2,0,8.0,4.0,0.0,4.0,2.03,2.3,44.8,Clear,
G21193,Gamma,2025,3,2,2,0,6.05,2.05,4.0,0.0,4.23,17.2,15.0,Rainy,
G21193,Gamma,2025,4,8,8,0,31.48,11.48,12.0,8.0,5.19,15.2,32.6,Clear,
G21193,Gamma,2025,5,6,6,0,23.189999999999998,16.0,3.19,4.0,3.28,16.4,22.1,Clear,
G21193,Gamma,2025,6,4,4,0,12.32,4.0,8.32,0.0,2.17,31.1,25.2,Clear,
G21193,Gamma,2025,7,3,3,0,12.0,12.0,0.0,0.0,6.65,29.2,13.8,Clear,
G21193,Gamma,2025,8,3,3,0,10.85,4.0,6.85,0.0,0.35,29.8,5.8,Clear,
G21193,Gamma,2025,9,2,2,0,8.0,4.0,4.0,0.0,6.5,13.7,30.5,Rainy,
G21193,Gamma,2025,10,5,5,0,15.780000000000001,7.78,4.0,4.0,7.19,15.7,28.3,Cloudy,
G21193,Gamma,2025,11,4,4,0,16.0,8.0,0.0,8.0,8.23,14.3,20.4,Clear,
G21193,Gamma,2025,12,3,3,0,12.0,4.0,0.0,8.0,3.2,2.7,16.9,Cloudy,
G21193,Gamma,2026,2,4,4,0,16.0,4.0,8.0,4.0,9.45,3.5,13.2,Windy,
G21193,Gamma,2026,3,4,4,0,15.58,3.58,4.0,8.0,4.82,15.4,39.0,Cloudy,
G21193,Gamma,2026,4,5,5,0,20.0,4.0,12.0,4.0,5.73,15.5,36.8,Clear,
G21193,Gamma,2026,5,4,4,0,13.9,8.0,5.9,0.0,5.71,14.6,18.1,Clear,
G21193,Gamma,2026,6,6,6,0,20.23,6.99,7.46,5.78,0.56,29.9,19.8,Clear,
G21223,Beta,2024,6,5,5,0,20.0,12.0,4.0,4.0,7.67,30.9,14.6,Clear,
G21223,Beta,2024,7,9,9,0,35.29,20.0,8.0,7.29,6.21,31.1,28.4,Clear,
G21223,Beta,2024,8,11,11,0,41.13,20.0,11.06,10.07,4.25,30.1,5.3,Clear,
G21223,Beta,2024,9,7,7,0,27.29,16.0,7.29,4.0,5.1,13.9,41.6,Clear,
G21223,Beta,2024,10,5,5,0,14.71,6.13,7.91,0.67,4.96,13.1,24.5,Clear,
G21223,Beta,2024,11,2,2,0,8.0,8.0,0.0,0.0,7.17,12.6,21.4,Clear,
G21223,Beta,2024,12,1,1,0,4.0,0.0,0.0,4.0,4.94,2.2,28.5,Rainy,
G21223,Beta,2025,1,1,1,0,4.0,4.0,0.0,0.0,4.2,3.7,11.3,Cloudy,
G21223,Beta,2025,3,5,5,0,19.43,15.43,0.0,4.0,10.88,15.5,28.5,Cloudy,
G21223,Beta,2025,4,3,3,0,10.370000000000001,4.0,0.0,6.37,7.61,16.6,35.3,Clear,
G21223,Beta,2025,5,4,4,0,16.0,8.0,8.0,0.0,1.7,16.6,16.2,Clear,
G21223,Beta,2025,6,4,4,0,16.0,4.0,8.0,4.0,2.81,31.6,37.4,Clear,
G21223,Beta,2025,7,4,4,0,16.0,16.0,0.0,0.0,4.7,29.2,21.0,Clear,
G21223,Beta,2025,8,8,8,0,31.61,12.0,16.0,3.61,7.31,30.2,29.5,Clear,
G21223,Beta,2025,9,2,2,0,4.26,0.26,0.0,4.0,5.06,15.1,22.0,Clear,
G21223,Beta,2025,10,3,3,0,12.0,4.0,4.0,4.0,3.31,14.2,6.2,Clear,
G21223,Beta,2025,11,3,3,0,12.0,8.0,0.0,4.0,3.15,14.2,15.5,Clear,
G21223,Beta,2025,12,2,2,0,4.74,4.0,0.0,0.74,7.42,1.6,32.8,Cloudy,
G21223,Beta,2026,1,2,2,0,8.0,4.0,4.0,0.0,7.76,2.1,17.2,Cloudy,
G21223,Beta,2026,2,1,1,0,4.0,0.0,0.0,4.0,5.88,2.4,34.0,Rainy,
G21223,Beta,2026,3,1,1,0,4.0,0.0,0.0,4.0,5.37,16.3,45.0,Clear,
G21223,Beta,2026,4,2,2,0,8.0,8.0,0.0,0.0,7.27,16.3,21.4,Clear,
G21223,Beta,2026,5,7,7,0,23.78,13.07,4.0,6.71,3.31,16.0,39.4,Clear,
G21223,Beta,2026,6,7,7,0,28.0,16.0,12.0,0.0,6.41,30.0,31.4,Clear,
G21228,Sigma,2022,12,9,9,0,30.31,17.46,0.85,12.0,7.65,3.9,32.3,Cloudy,
G21228,Sigma,2023,1,8,8,0,30.68,18.689999999999998,7.99,4.0,5.44,4.7,43.2,Cloudy,
G21228,Sigma,2023,2,7,7,0,26.68,18.68,4.0,4.0,7.11,2.6,38.6,Clear,
G21228,Sigma,2023,3,8,8,0,28.0,24.0,4.0,0.0,3.84,16.6,35.7,Cloudy,
G21228,Sigma,2023,4,5,5,0,20.0,12.0,8.0,0.0,5.43,14.6,36.5,Clear,
G21228,Sigma,2023,5,8,8,0,31.740000000000002,19.740000000000002,12.0,0.0,5.29,15.4,30.1,Clear,
G21228,Sigma,2023,6,9,9,0,33.57,4.0,21.57,8.0,4.24,29.5,10.6,Clear,
G21228,Sigma,2023,7,13,13,0,49.99,19.57,22.42,8.0,6.89,29.9,27.7,Clear,
G21228,Sigma,2023,8,12,12,0,44.9,14.959999999999999,10.48,19.46,1.67,30.6,26.1,Clear,
G21228,Sigma,2023,9,14,14,0,51.05,21.12,25.93,4.0,5.22,14.1,38.2,Cloudy,
G21228,Sigma,2023,10,9,9,0,32.58,12.0,16.58,4.0,4.0,14.3,19.7,Cloudy,
G21228,Sigma,2023,11,8,8,0,32.0,16.0,16.0,0.0,7.87,12.8,20.8,Clear,
G21228,Sigma,2023,12,4,4,0,16.0,12.0,0.0,4.0,5.91,4.0,39.5,Clear,
G21228,Sigma,2024,1,5,5,0,17.89,8.0,9.89,0.0,8.52,3.6,40.7,Cloudy,
G21228,Sigma,2024,2,5,5,0,20.0,4.0,12.0,4.0,5.09,3.5,37.0,Cloudy,
G21228,Sigma,2024,3,3,3,0,9.57,4.0,0.0,5.57,7.98,16.3,20.2,Clear,
G21228,Sigma,2024,4,8,8,0,32.0,8.0,12.0,12.0,7.31,16.0,41.9,Clear,
G21228,Sigma,2024,5,5,5,0,17.94,13.94,0.0,4.0,5.5,16.0,15.4,Clear,
G21228,Sigma,2024,6,6,6,0,20.62,6.84,8.0,5.78,5.06,30.4,24.1,Clear,
G21228,Sigma,2024,7,11,11,0,43.25,16.0,12.0,15.25,6.44,29.4,15.3,Clear,
G21228,Sigma,2024,8,6,6,0,13.84,4.07,5.77,4.0,4.85,30.9,29.2,Clear,
G21228,Sigma,2024,9,8,8,0,32.0,12.0,12.0,8.0,4.49,13.7,15.1,Clear,
G21228,Sigma,2024,10,4,4,0,12.38,4.0,0.0,8.38,2.66,13.5,13.5,Clear,
G21228,Sigma,2024,11,4,4,0,11.54,4.0,0.56,6.98,6.55,13.4,39.9,Clear,
G21228,Sigma,2024,12,6,6,0,22.009999999999998,8.0,8.0,6.01,3.7,4.0,35.0,Rainy,
G21228,Sigma,2025,1,3,3,0,12.0,0.0,8.0,4.0,7.87,3.1,23.3,Windy,
G21228,Sigma,2025,3,3,3,0,9.98,1.98,4.0,4.0,6.18,16.4,19.3,Clear,
G21228,Sigma,2025,4,4,4,0,13.33,6.09,3.24,4.0,2.89,16.3,34.3,Clear,
G21228,Sigma,2025,5,7,7,0,27.41,12.0,12.0,3.41,8.86,14.9,5.9,Clear,
G21228,Sigma,2025,6,7,7,0,27.580000000000002,8.0,11.9,7.68,4.07,29.6,11.3,Clear,
G21228,Sigma,2025,7,5,5,0,17.2,4.0,9.2,4.0,5.3,30.3,34.7,Clear,
G21228,Sigma,2025,8,8,8,0,32.0,8.0,16.0,8.0,5.16,29.6,29.2,Clear,
G21228,Sigma,2025,9,7,7,0,25.23,8.0,9.32,7.91,7.94,14.1,25.5,Cloudy,
G21228,Sigma,2025,10,8,8,0,31.79,0.0,23.79,8.0,5.17,14.5,44.4,Clear,
G21228,Sigma,2025,11,1,1,0,4.0,0.0,4.0,0.0,3.02,13.9,35.2,Clear,
G21228,Sigma,2025,12,2,2,0,7.55,0.0,0.0,7.55,6.59,2.4,13.6,Cloudy,
G21228,Sigma,2026,1,1,1,0,4.0,0.0,4.0,0.0,6.18,3.4,15.4,Cloudy,
G21228,Sigma,2026,2,4,4,0,13.4,8.0,1.4,4.0,8.87,2.6,24.8,Rainy,
G21228,Sigma,2026,3,2,2,0,8.0,4.0,4.0,0.0,5.86,15.9,32.6,Clear,
G21228,Sigma,2026,4,3,3,0,12.0,0.0,8.0,4.0,4.16,14.9,9.2,Clear,
G21228,Sigma,2026,5,8,8,0,26.29,10.29,16.0,0.0,6.89,16.0,26.1,Clear,
G21228,Sigma,2026,6,9,9,0,34.49,12.0,10.49,12.0,3.53,29.2,32.3,Clear,
G21265,Gamma,2022,5,24,24,0,91.68,48.0,21.62,22.060000000000002,6.96,15.9,23.3,Clear,
G21265,Gamma,2022,6,18,18,0,64.57,32.0,24.57,8.0,4.78,30.8,32.0,Clear,
G21265,Gamma,2022,7,23,23,0,86.51,42.42,20.0,24.09,6.01,29.9,7.6,Clear,
G21265,Gamma,2022,8,22,22,0,88.0,28.0,36.0,24.0,6.07,29.7,33.7,Clear,
G21265,Gamma,2022,9,10,10,0,36.61,13.47,8.0,15.14,7.86,13.5,31.0,Cloudy,
G21265,Gamma,2022,10,9,9,0,34.18,14.18,8.0,12.0,7.58,15.1,23.3,Clear,
G21265,Gamma,2022,11,8,8,0,31.86,19.86,4.0,8.0,6.77,14.1,10.1,Rainy,
G21265,Gamma,2022,12,7,7,0,24.77,4.0,11.36,9.41,3.63,2.8,9.0,Windy,
G21265,Gamma,2023,1,3,3,0,8.12,4.0,4.12,0.0,8.16,3.7,12.2,Clear,
G21265,Gamma,2023,2,7,7,0,23.619999999999997,11.62,12.0,0.0,3.6,1.2,40.5,Clear,
G21265,Gamma,2023,3,8,8,0,26.759999999999998,11.66,9.01,6.09,5.95,16.8,9.5,Clear,
G21265,Gamma,2023,4,12,12,0,41.18,6.73,13.6,20.85,6.44,16.0,31.9,Clear,
G21265,Gamma,2023,5,15,15,0,56.01,29.07,4.0,22.94,7.44,14.7,30.9,Clear,
G21265,Gamma,2023,6,13,13,0,48.41,28.0,4.52,15.89,7.83,30.7,16.9,Clear,
G21265,Gamma,2023,7,16,16,0,54.87,16.0,24.72,14.15,4.92,29.6,15.1,Clear,
G21265,Gamma,2023,8,8,8,0,32.0,12.0,8.0,12.0,6.77,29.7,30.2,Clear,
G21265,Gamma,2023,9,6,6,0,23.259999999999998,19.259999999999998,0.0,4.0,3.7,14.3,21.4,Cloudy,
G21265,Gamma,2023,10,6,6,0,20.12,8.0,8.120000000000001,4.0,3.7,15.1,38.4,Clear,
G21265,Gamma,2023,11,3,3,0,12.0,0.0,4.0,8.0,0.99,15.7,19.5,Clear,
G21265,Gamma,2023,12,8,8,0,32.0,16.0,12.0,4.0,3.84,3.1,40.1,Windy,
G21265,Gamma,2024,1,7,7,0,22.93,10.41,8.52,4.0,4.93,1.5,40.6,Cloudy,
G21265,Gamma,2024,2,3,3,0,12.0,0.0,12.0,0.0,6.88,1.9,43.4,Clear,
G21265,Gamma,2024,3,4,4,0,16.0,16.0,0.0,0.0,4.82,13.7,17.8,Cloudy,
G21265,Gamma,2024,4,3,3,0,12.0,8.0,4.0,0.0,7.49,14.4,37.3,Clear,
G21265,Gamma,2024,5,10,10,0,31.4,21.92,1.48,8.0,6.63,17.0,13.4,Clear,
G21265,Gamma,2024,6,9,9,0,36.0,24.0,0.0,12.0,7.81,31.2,13.0,Clear,
G21265,Gamma,2024,7,7,7,0,24.38,8.379999999999999,8.0,8.0,5.07,29.5,22.8,Clear,
G21265,Gamma,2024,8,10,10,0,38.79,20.0,14.79,4.0,4.35,30.1,8.8,Clear,
G21265,Gamma,2024,9,6,6,0,24.0,8.0,4.0,12.0,7.28,14.5,27.1,Cloudy,
G21265,Gamma,2024,10,4,4,0,16.0,8.0,4.0,4.0,5.43,13.6,30.2,Rainy,
G21265,Gamma,2024,11,2,2,0,8.0,4.0,4.0,0.0,5.18,14.5,27.8,Cloudy,
G21265,Gamma,2024,12,4,4,0,15.28,3.28,8.0,4.0,3.87,3.2,10.3,Cloudy,
G21265,Gamma,2025,2,2,2,0,4.3,4.0,0.3,0.0,6.47,2.3,43.4,Clear,
G21265,Gamma,2025,3,3,3,0,12.0,4.0,8.0,0.0,8.14,17.2,25.7,Rainy,
G21265,Gamma,2025,4,9,9,0,31.6,20.79,10.81,0.0,3.55,15.2,44.4,Clear,
G21265,Gamma,2025,5,10,10,0,36.18,22.12,8.0,6.0600000000000005,1.47,16.4,35.0,Clear,
G21265,Gamma,2025,6,1,1,0,4.0,4.0,0.0,0.0,3.17,31.1,13.4,Clear,
G21265,Gamma,2025,7,8,8,0,27.59,15.33,8.0,4.26,5.07,29.2,20.0,Clear,
G21265,Gamma,2025,8,5,5,0,19.39,8.0,4.0,7.390000000000001,3.48,29.8,36.6,Clear,
G21265,Gamma,2025,9,5,5,0,15.92,4.0,10.42,1.5,4.74,13.7,44.8,Rainy,
G21265,Gamma,2025,10,6,6,0,24.0,8.0,4.0,12.0,7.54,15.7,6.0,Cloudy,
G21265,Gamma,2025,11,3,3,0,12.0,0.0,0.0,12.0,4.85,14.3,26.8,Clear,
G21265,Gamma,2025,12,3,3,0,12.0,4.0,4.0,4.0,4.75,2.7,26.7,Cloudy,
G21265,Gamma,2026,1,1,1,0,3.2,3.2,0.0,0.0,4.99,3.3,33.4,Cloudy,
G21265,Gamma,2026,2,1,1,0,0.14,0.0,0.14,0.0,4.81,3.5,42.1,Windy,
G21265,Gamma,2026,3,7,7,0,23.73,4.35,19.38,0.0,4.74,15.4,16.2,Cloudy,
G21265,Gamma,2026,4,4,4,0,14.96,0.0,4.0,10.96,4.12,15.5,37.3,Clear,
G21265,Gamma,2026,5,1,1,0,4.0,4.0,0.0,0.0,6.46,14.6,19.1,Clear,
G21265,Gamma,2026,6,4,4,0,14.629999999999999,4.0,6.63,4.0,8.01,29.9,34.1,Clear,
G21369,Delta,2024,7,6,6,0,23.5,20.0,0.0,3.5,6.64,30.4,8.5,Clear,
G21369,Delta,2024,8,4,4,0,13.39,9.39,4.0,0.0,4.74,29.2,6.2,Clear,
G21369,Delta,2024,9,4,4,0,14.41,2.69,3.72,8.0,2.81,14.1,20.3,Cloudy,
G21369,Delta,2024,10,5,5,0,19.33,4.0,11.33,4.0,4.46,13.7,33.0,Cloudy,
G21369,Delta,2024,11,4,4,0,15.42,8.0,0.0,7.42,6.01,14.5,21.2,Cloudy,
G21369,Delta,2024,12,2,2,0,8.0,4.0,0.0,4.0,4.71,4.4,11.9,Clear,
G21369,Delta,2025,1,3,3,0,12.0,4.0,8.0,0.0,4.37,2.8,18.1,Windy,
G21369,Delta,2025,2,4,4,0,13.0,4.0,8.0,1.0,7.94,2.2,24.6,Rainy,
G21369,Delta,2025,3,1,1,0,4.0,4.0,0.0,0.0,4.41,14.4,36.4,Clear,
G21369,Delta,2025,4,2,2,0,6.93,2.93,4.0,0.0,7.0,16.7,20.1,Clear,
G21369,Delta,2025,5,6,6,0,24.0,16.0,4.0,4.0,6.2,15.5,37.6,Clear,
G21369,Delta,2025,6,7,7,0,27.85,7.85,8.0,12.0,8.11,30.8,11.8,Clear,
G21369,Delta,2025,7,5,5,0,18.37,12.0,0.0,6.37,3.55,30.1,35.0,Clear,
G21369,Delta,2025,8,7,7,0,27.740000000000002,16.0,11.74,0.0,5.45,30.5,18.2,Clear,
G21369,Delta,2025,9,2,2,0,8.0,4.0,4.0,0.0,5.35,14.0,18.5,Cloudy,
G21369,Delta,2025,10,3,3,0,12.0,4.0,4.0,4.0,3.16,15.0,7.6,Windy,
G21369,Delta,2025,11,4,4,0,13.14,8.0,4.0,1.14,7.52,12.1,11.8,Clear,
G21369,Delta,2025,12,4,4,0,16.0,8.0,4.0,4.0,6.05,2.5,35.6,Windy,
G21369,Delta,2026,1,2,2,0,8.0,0.0,8.0,0.0,3.56,2.4,32.4,Cloudy,
G21369,Delta,2026,2,1,1,0,4.0,0.0,0.0,4.0,2.74,4.3,34.2,Windy,
G21369,Delta,2026,3,2,2,0,8.0,8.0,0.0,0.0,5.1,15.9,7.8,Clear,
G21369,Delta,2026,4,3,3,0,9.870000000000001,4.0,1.87,4.0,6.54,16.2,30.0,Cloudy,
G21369,Delta,2026,5,11,11,0,43.17,8.0,23.2,11.97,5.83,16.5,32.3,Clear,
G21369,Delta,2026,6,6,6,0,17.13,1.13,12.0,4.0,8.17,30.9,24.5,Clear,
G21379,Sigma,2021,3,12,12,0,117.71,89.71,12.0,16.0,8.73,15.3,22.5,Clear,
G21379,Sigma,2021,4,18,18,0,150.05,52.22,73.83,24.0,3.4,16.2,7.8,Clear,
G21379,Sigma,2021,5,28,28,0,255.59,106.09,109.43,40.07,5.81,15.3,22.1,Clear,
G21379,Sigma,2021,6,16,16,0,152.46,29.6,84.87,37.99,6.43,29.1,26.6,Clear,
G21379,Sigma,2021,7,17,17,0,158.19,40.68,71.82,45.69,3.11,30.1,37.4,Clear,
G21379,Sigma,2021,8,14,14,0,82.46,31.64,22.82,28.0,7.58,31.4,14.5,Clear,
G21379,Sigma,2021,9,15,15,0,67.75,21.21,21.07,25.47,7.4,13.3,36.3,Rainy,
G21379,Sigma,2021,10,3,3,0,14.32,0.0,4.0,10.32,2.7,14.0,39.5,Clear,
G21379,Sigma,2021,11,9,9,0,44.86,12.86,20.0,12.0,5.12,12.6,34.7,Clear,
G21379,Sigma,2021,12,9,9,0,48.53,24.990000000000002,20.939999999999998,2.6,4.13,3.0,41.7,Clear,
G21379,Sigma,2022,1,5,5,0,20.0,8.0,8.0,4.0,4.79,4.3,13.1,Rainy,
G21379,Sigma,2022,2,6,6,0,48.0,28.0,12.0,8.0,5.91,3.0,42.3,Cloudy,
G21379,Sigma,2022,3,11,11,0,41.55,17.91,11.64,12.0,4.98,15.3,22.9,Clear,
G21379,Sigma,2022,4,15,15,0,53.49,16.08,12.0,25.41,6.57,16.6,15.1,Clear,
G21379,Sigma,2022,5,32,32,0,115.98,28.509999999999998,57.2,30.27,1.66,17.1,15.5,Cloudy,
G21379,Sigma,2022,6,15,15,0,56.56,28.95,15.61,12.0,6.84,29.2,19.3,Clear,
G21379,Sigma,2022,7,16,16,0,64.0,40.0,16.0,8.0,6.03,30.6,41.8,Clear,
G21379,Sigma,2022,8,16,16,0,61.43,29.43,20.0,12.0,3.03,31.1,36.2,Clear,
G21379,Sigma,2022,9,13,13,0,49.24,23.1,8.0,18.14,3.38,13.0,33.1,Rainy,
G21379,Sigma,2022,10,16,16,0,58.06,24.0,21.21,12.85,6.24,15.3,11.6,Cloudy,
G21379,Sigma,2022,11,4,4,0,13.7,8.0,0.0,5.7,5.81,14.0,42.4,Cloudy,
G21379,Sigma,2022,12,8,8,0,24.39,10.16,0.0,14.23,7.63,3.9,40.1,Cloudy,
G21379,Sigma,2023,1,7,7,0,20.98,9.46,7.52,4.0,2.96,4.7,27.1,Cloudy,
G21379,Sigma,2023,2,5,5,0,17.61,8.0,5.61,4.0,4.98,2.6,24.3,Clear,
G21379,Sigma,2023,3,1,1,0,4.0,0.0,4.0,0.0,5.51,16.6,41.6,Cloudy,
G21379,Sigma,2023,4,2,2,0,8.0,4.0,4.0,0.0,5.45,14.6,32.5,Clear,
G21379,Sigma,2023,5,6,6,0,20.1,12.1,4.0,4.0,7.35,15.4,40.9,Clear,
G21379,Sigma,2023,6,5,5,0,17.15,4.0,13.15,0.0,6.91,29.5,29.4,Clear,
G21379,Sigma,2023,7,11,11,0,37.28,16.85,12.43,8.0,4.88,29.9,12.4,Clear,
G21379,Sigma,2023,8,5,5,0,12.530000000000001,4.0,4.0,4.53,5.56,30.6,36.6,Clear,
G21379,Sigma,2023,9,8,8,0,29.04,8.0,13.04,8.0,2.42,14.1,23.1,Cloudy,
G21379,Sigma,2023,10,8,8,0,26.05,15.17,6.88,4.0,4.66,14.3,40.1,Cloudy,
G21379,Sigma,2023,11,6,6,0,23.46,7.46,16.0,0.0,5.44,12.8,44.6,Clear,
G21379,Sigma,2023,12,3,3,0,12.0,12.0,0.0,0.0,5.95,4.0,5.8,Clear,
G21379,Sigma,2024,1,3,3,0,12.0,12.0,0.0,0.0,3.2,3.6,43.6,Cloudy,
G21379,Sigma,2024,2,7,7,0,25.33,12.0,8.0,5.33,8.16,3.5,19.1,Cloudy,
G21379,Sigma,2024,3,4,4,0,9.39,4.0,4.0,1.3900000000000001,6.79,16.3,24.3,Clear,
G21379,Sigma,2024,4,6,6,0,22.27,8.0,4.0,10.27,5.4,16.0,16.1,Clear,
G21379,Sigma,2024,5,5,5,0,19.48,15.48,0.0,4.0,5.47,16.0,14.6,Clear,
G21379,Sigma,2024,6,6,6,0,21.41,12.0,5.41,4.0,7.0,30.4,27.8,Clear,
G21379,Sigma,2024,7,4,4,0,11.360000000000001,0.46,6.9,4.0,2.85,29.4,10.5,Clear,
G21379,Sigma,2024,8,7,7,0,24.28,17.68,4.0,2.6,5.85,30.9,22.4,Clear,
G21379,Sigma,2024,9,2,2,0,8.0,0.0,8.0,0.0,7.18,13.7,18.5,Clear,
G21379,Sigma,2024,10,7,7,0,19.47,5.85,9.620000000000001,4.0,6.29,13.5,37.4,Clear,
G21379,Sigma,2024,11,1,1,0,3.48,0.0,3.48,0.0,7.78,13.4,34.1,Clear,
G21379,Sigma,2024,12,5,5,0,17.07,5.07,8.0,4.0,3.18,4.0,39.0,Rainy,
G21379,Sigma,2025,1,1,1,0,2.89,0.0,2.89,0.0,3.07,3.1,11.4,Windy,
G21379,Sigma,2025,3,4,4,0,12.74,9.9,2.84,0.0,2.83,16.4,10.1,Clear,
G21379,Sigma,2025,4,6,6,0,21.53,11.02,6.51,4.0,5.03,16.3,9.3,Clear,
G21379,Sigma,2025,5,8,8,0,30.89,14.89,8.0,8.0,5.2,14.9,43.3,Clear,
G21379,Sigma,2025,6,5,5,0,19.12,0.0,15.120000000000001,4.0,4.58,29.6,43.1,Clear,
G21379,Sigma,2025,7,2,2,0,7.41,3.41,4.0,0.0,3.16,30.3,22.9,Clear,
G21379,Sigma,2025,9,4,4,0,12.15,0.0,1.7,10.45,7.46,14.1,24.7,Cloudy,
G21379,Sigma,2025,11,3,3,0,11.1,11.1,0.0,0.0,6.27,13.9,42.9,Clear,
G21379,Sigma,2025,12,4,4,0,16.0,4.0,4.0,8.0,2.42,2.4,39.9,Cloudy,
G21379,Sigma,2026,1,3,3,0,12.0,4.0,0.0,8.0,4.32,3.4,9.4,Cloudy,
G21379,Sigma,2026,2,4,4,0,16.0,0.0,8.0,8.0,0.49,2.6,19.0,Rainy,
G21379,Sigma,2026,4,3,3,0,10.81,4.0,6.8100000000000005,0.0,9.24,14.9,19.4,Clear,
G21379,Sigma,2026,5,7,7,0,23.71,19.71,4.0,0.0,5.63,16.0,24.6,Clear,
G21379,Sigma,2026,6,4,4,0,12.16,7.5600000000000005,0.0,4.6,3.01,29.2,42.0,Clear,
G21555,Sigma,2024,10,3,3,0,11.92,8.0,3.92,0.0,4.46,13.5,20.4,Clear,
G21555,Sigma,2024,11,2,2,0,8.0,4.0,4.0,0.0,4.15,13.4,39.1,Clear,
G21555,Sigma,2024,12,3,3,0,12.0,4.0,4.0,4.0,0.28,4.0,24.4,Rainy,
G21555,Sigma,2025,1,5,5,0,16.83,4.0,12.83,0.0,5.41,3.1,16.2,Windy,
G21555,Sigma,2025,2,6,6,0,17.96,4.4,13.56,0.0,2.88,4.7,42.8,Clear,
G21555,Sigma,2025,3,3,3,0,11.75,3.75,4.0,4.0,6.81,16.4,26.4,Clear,
G21555,Sigma,2025,4,2,2,0,6.54,4.0,0.0,2.54,5.93,16.3,26.7,Clear,
G21555,Sigma,2025,5,5,5,0,20.0,4.0,8.0,8.0,7.76,14.9,33.4,Clear,
G21555,Sigma,2025,6,6,6,0,15.26,4.6899999999999995,10.57,0.0,0.1,29.6,32.6,Clear,
G21555,Sigma,2025,7,6,6,0,20.04,9.61,6.48,3.95,4.23,30.3,6.8,Clear,
G21555,Sigma,2025,8,6,6,0,20.82,9.280000000000001,8.0,3.54,3.25,29.6,37.8,Clear,
G21555,Sigma,2025,9,3,3,0,12.0,8.0,4.0,0.0,3.64,14.1,13.9,Cloudy,
G21555,Sigma,2025,10,4,4,0,13.37,8.0,5.369999999999999,0.0,5.01,14.5,36.8,Clear,
G21555,Sigma,2025,11,1,1,0,4.0,4.0,0.0,0.0,7.41,13.9,33.0,Clear,
G21555,Sigma,2025,12,3,3,0,12.0,4.0,4.0,4.0,4.22,2.4,32.1,Cloudy,
G21555,Sigma,2026,1,4,4,0,12.36,0.36,0.0,12.0,2.92,3.4,8.2,Cloudy,
G21555,Sigma,2026,2,2,2,0,8.0,0.0,8.0,0.0,5.84,2.6,7.6,Rainy,
G21555,Sigma,2026,3,3,3,0,11.129999999999999,4.0,4.0,3.13,3.78,15.9,28.2,Clear,
G21555,Sigma,2026,4,2,2,0,8.0,0.0,8.0,0.0,2.8,14.9,8.9,Clear,
G21555,Sigma,2026,5,4,4,0,13.08,5.96,3.12,4.0,8.49,16.0,8.7,Clear,
G21555,Sigma,2026,6,4,4,0,16.0,4.0,8.0,4.0,5.24,29.2,20.7,Clear,
G21563,Sigma,2021,8,14,14,0,60.43,18.42,23.09,18.92,7.0,31.4,21.0,Clear,
G21563,Sigma,2021,9,15,15,0,98.3,52.0,8.0,38.3,10.23,13.3,39.0,Rainy,
G21563,Sigma,2021,10,6,6,0,48.53,4.84,20.49,23.2,6.53,14.0,11.3,Clear,
G21563,Sigma,2021,11,9,9,0,41.629999999999995,19.09,12.0,10.54,5.48,12.6,36.8,Clear,
G21563,Sigma,2021,12,7,7,0,32.0,8.0,20.0,4.0,3.11,3.0,25.7,Clear,
G21563,Sigma,2022,1,5,5,0,23.89,6.76,5.13,12.0,6.02,4.3,31.7,Rainy,
G21563,Sigma,2022,2,5,5,0,20.97,12.969999999999999,4.0,4.0,4.57,3.0,32.3,Cloudy,
G21563,Sigma,2022,3,10,10,0,37.83,17.83,8.0,12.0,8.5,15.3,25.3,Clear,
G21563,Sigma,2022,4,13,13,0,47.07,13.99,8.0,25.08,5.3,16.6,5.9,Clear,
G21563,Sigma,2022,5,28,28,0,107.66,24.0,43.66,40.0,4.35,17.1,5.8,Cloudy,
G21563,Sigma,2022,6,15,15,0,52.12,32.07,9.05,11.0,4.11,29.2,10.7,Clear,
G21563,Sigma,2022,7,14,14,0,48.68,33.07,11.61,4.0,9.94,30.6,38.5,Clear,
G21563,Sigma,2022,8,16,16,0,64.0,32.0,24.0,8.0,6.7,31.1,41.0,Clear,
G21563,Sigma,2022,9,14,14,0,47.59,21.38,8.0,18.21,3.78,13.0,7.7,Rainy,
G21563,Sigma,2022,10,16,16,0,60.22,24.0,20.22,16.0,5.93,15.3,14.2,Cloudy,
G21563,Sigma,2022,11,4,4,0,13.96,5.96,0.0,8.0,3.0,14.0,19.4,Cloudy,
G21563,Sigma,2022,12,6,6,0,21.81,10.76,0.0,11.05,7.08,3.9,44.7,Cloudy,
G21563,Sigma,2023,1,5,5,0,19.72,12.0,4.0,3.72,7.33,4.7,11.0,Cloudy,
G21563,Sigma,2023,2,7,7,0,28.0,12.0,8.0,8.0,5.71,2.6,26.5,Clear,
G21563,Sigma,2023,3,5,5,0,14.790000000000001,12.0,2.79,0.0,2.61,16.6,27.3,Cloudy,
G21563,Sigma,2023,4,4,4,0,14.99,4.0,6.99,4.0,5.53,14.6,10.9,Clear,
G21563,Sigma,2023,5,11,11,0,41.83,28.0,6.359999999999999,7.470000000000001,1.91,15.4,7.2,Clear,
G21563,Sigma,2023,6,10,10,0,39.66,8.0,15.66,16.0,5.9,29.5,14.8,Clear,
G21563,Sigma,2023,7,16,16,0,46.7,21.490000000000002,16.11,9.1,1.74,29.9,12.0,Clear,
G21563,Sigma,2023,8,11,11,0,38.45,6.45,16.0,16.0,2.69,30.6,35.8,Clear,
G21563,Sigma,2023,9,10,10,0,34.6,20.0,2.5999999999999996,12.0,5.01,14.1,23.7,Cloudy,
G21563,Sigma,2023,10,12,12,0,47.480000000000004,35.48,12.0,0.0,4.55,14.3,30.3,Cloudy,
G21563,Sigma,2023,11,9,9,0,36.0,20.0,16.0,0.0,4.22,12.8,41.6,Clear,
G21563,Sigma,2023,12,7,7,0,27.61,19.61,4.0,4.0,5.72,4.0,30.8,Clear,
G21563,Sigma,2024,1,7,7,0,26.48,20.0,6.48,0.0,5.35,3.6,10.0,Cloudy,
G21563,Sigma,2024,2,4,4,0,12.06,1.78,6.279999999999999,4.0,6.58,3.5,29.4,Cloudy,
G21563,Sigma,2024,3,3,3,0,12.0,8.0,0.0,4.0,6.12,16.3,22.8,Clear,
G21563,Sigma,2024,4,10,10,0,36.8,9.81,12.0,14.99,6.27,16.0,30.1,Clear,
G21563,Sigma,2024,5,9,9,0,27.810000000000002,15.81,8.0,4.0,6.35,16.0,9.9,Clear,
G21563,Sigma,2024,6,5,5,0,19.259999999999998,15.26,0.0,4.0,7.27,30.4,8.7,Clear,
G21563,Sigma,2024,7,8,8,0,26.97,9.18,15.21,2.58,6.78,29.4,36.6,Clear,
G21563,Sigma,2024,8,6,6,0,20.05,8.0,8.05,4.0,4.78,30.9,30.1,Clear,
G21563,Sigma,2024,9,8,8,0,32.0,4.0,20.0,8.0,5.37,13.7,28.8,Clear,
G21563,Sigma,2024,10,2,2,0,7.09,0.0,0.0,7.09,5.34,13.5,41.5,Clear,
G21563,Sigma,2024,11,4,4,0,16.0,12.0,0.0,4.0,3.9,13.4,5.9,Clear,
G21563,Sigma,2024,12,1,1,0,4.0,0.0,4.0,0.0,5.29,4.0,21.4,Rainy,
G21563,Sigma,2025,1,4,4,0,11.02,4.97,2.05,4.0,9.69,3.1,13.4,Windy,
G21563,Sigma,2025,2,2,2,0,8.0,0.0,8.0,0.0,2.53,4.7,34.5,Clear,
G21563,Sigma,2025,3,3,3,0,12.0,8.0,0.0,4.0,7.36,16.4,31.9,Clear,
G21563,Sigma,2025,4,7,7,0,25.2,4.0,16.0,5.2,2.88,16.3,41.0,Clear,
G21563,Sigma,2025,5,7,7,0,23.27,20.0,0.0,3.27,9.4,14.9,27.5,Clear,
G21563,Sigma,2025,6,5,5,0,20.0,8.0,8.0,4.0,5.3,29.6,43.8,Clear,
G21563,Sigma,2025,7,6,6,0,24.0,12.0,12.0,0.0,2.36,30.3,29.1,Clear,
G21563,Sigma,2025,8,6,6,0,24.0,16.0,8.0,0.0,5.99,29.6,9.7,Clear,
G21563,Sigma,2025,9,3,3,0,12.0,0.0,8.0,4.0,4.34,14.1,15.2,Cloudy,
G21563,Sigma,2025,10,5,5,0,16.25,0.0,12.25,4.0,5.48,14.5,13.8,Clear,
G21563,Sigma,2025,11,3,3,0,11.67,11.67,0.0,0.0,7.9,13.9,38.9,Clear,
G21563,Sigma,2025,12,2,2,0,8.0,8.0,0.0,0.0,6.81,2.4,44.5,Cloudy,
G21563,Sigma,2026,1,2,2,0,8.0,4.0,4.0,0.0,6.63,3.4,30.8,Cloudy,
G21563,Sigma,2026,2,2,2,0,7.35,0.0,7.35,0.0,4.42,2.6,42.6,Rainy,
G21563,Sigma,2026,3,5,5,0,18.15,16.0,2.15,0.0,3.04,15.9,23.9,Clear,
G21563,Sigma,2026,4,5,5,0,11.25,7.74,3.51,0.0,3.8,14.9,21.7,Clear,
G21563,Sigma,2026,5,5,5,0,18.32,4.0,14.32,0.0,4.26,16.0,23.3,Clear,
G21563,Sigma,2026,6,6,6,0,22.990000000000002,6.99,12.0,4.0,5.58,29.2,8.3,Clear,
G21624,Beta,2022,4,10,10,0,58.29,23.65,10.379999999999999,24.26,4.3,14.5,18.3,Clear,
G21624,Beta,2022,5,19,19,0,82.11,13.540000000000001,27.59,40.980000000000004,4.77,16.3,18.9,Cloudy,
G21624,Beta,2022,6,20,20,0,69.31,22.89,27.63,18.79,6.73,28.5,44.1,Clear,
G21624,Beta,2022,7,25,25,0,84.15,44.8,21.39,17.96,3.75,29.6,37.2,Clear,
G21624,Beta,2022,8,21,21,0,75.38,29.41,36.22,9.75,6.04,29.6,13.5,Clear,
G21624,Beta,2022,9,14,14,0,47.94,27.23,4.71,16.0,8.27,14.8,26.6,Clear,
G21624,Beta,2022,10,8,8,0,23.61,8.56,7.33,7.720000000000001,4.71,14.9,28.0,Clear,
G21624,Beta,2022,11,3,3,0,12.0,8.0,4.0,0.0,8.6,12.8,39.1,Cloudy,
G21624,Beta,2022,12,6,6,0,21.82,9.82,8.0,4.0,2.19,3.1,11.9,Cloudy,
G21624,Beta,2023,1,10,10,0,37.91,15.03,12.0,10.879999999999999,4.07,3.7,34.6,Cloudy,
G21624,Beta,2023,2,7,7,0,28.0,4.0,24.0,0.0,6.46,2.5,36.3,Rainy,
G21624,Beta,2023,3,3,3,0,8.46,0.0,8.46,0.0,7.01,15.6,44.9,Cloudy,
G21624,Beta,2023,4,11,11,0,35.7,24.55,11.15,0.0,3.89,17.0,28.7,Clear,
G21624,Beta,2023,5,15,15,0,59.61,31.61,24.0,4.0,3.08,16.9,19.4,Clear,
G21624,Beta,2023,6,12,12,0,45.01,9.67,27.34,8.0,3.51,30.5,42.9,Clear,
G21624,Beta,2023,7,11,11,0,38.97,18.73,10.2,10.04,4.31,30.2,36.9,Clear,
G21624,Beta,2023,8,7,7,0,20.42,12.34,4.08,4.0,5.54,29.9,36.2,Clear,
G21624,Beta,2023,9,9,9,0,30.37,12.31,14.99,3.07,7.5,14.6,6.6,Cloudy,
G21624,Beta,2023,10,9,9,0,33.25,21.25,4.0,8.0,3.36,12.7,18.7,Clear,
G21624,Beta,2023,11,7,7,0,28.0,12.0,4.0,12.0,3.59,15.6,40.5,Clear,
G21624,Beta,2023,12,3,3,0,12.0,4.0,0.0,8.0,7.1,1.6,36.7,Clear,
G21624,Beta,2024,1,7,7,0,26.04,8.0,12.0,6.04,4.83,3.1,19.5,Windy,
G21624,Beta,2024,2,3,3,0,7.83,0.0,7.279999999999999,0.55,6.03,2.3,10.5,Cloudy,
G21624,Beta,2024,3,6,6,0,24.0,16.0,4.0,4.0,6.49,16.7,38.9,Clear,
G21624,Beta,2024,4,8,8,0,23.25,11.25,12.0,0.0,6.84,17.3,28.8,Clear,
G21624,Beta,2024,5,7,7,0,26.33,11.54,14.79,0.0,4.47,15.8,6.5,Clear,
G21624,Beta,2024,6,6,6,0,20.94,12.94,8.0,0.0,4.84,30.9,37.6,Clear,
G21624,Beta,2024,7,4,4,0,16.0,8.0,8.0,0.0,5.09,31.1,19.4,Clear,
G21624,Beta,2024,8,11,11,0,40.72,17.11,11.61,12.0,6.91,30.1,27.9,Clear,
G21624,Beta,2024,9,9,9,0,28.54,0.53,20.0,8.01,6.37,13.9,33.5,Clear,
G21624,Beta,2024,10,4,4,0,12.94,7.98,0.0,4.96,7.19,13.1,36.7,Clear,
G21624,Beta,2024,11,1,1,0,4.0,4.0,0.0,0.0,3.63,12.6,33.2,Clear,
G21624,Beta,2024,12,3,3,0,12.0,8.0,0.0,4.0,3.67,2.2,44.8,Rainy,
G21624,Beta,2025,1,4,4,0,16.0,8.0,4.0,4.0,4.53,3.7,9.8,Cloudy,
G21624,Beta,2025,2,2,2,0,5.49,5.49,0.0,0.0,9.09,4.0,15.8,Cloudy,
G21624,Beta,2025,3,2,2,0,8.0,4.0,4.0,0.0,6.47,15.5,40.0,Cloudy,
G21624,Beta,2025,4,3,3,0,12.0,0.0,4.0,8.0,7.61,16.6,40.7,Clear,
G21624,Beta,2025,5,4,4,0,16.0,8.0,8.0,0.0,6.39,16.6,39.8,Clear,
G21624,Beta,2025,6,6,6,0,24.0,12.0,8.0,4.0,5.5,31.6,12.8,Clear,
G21624,Beta,2025,7,3,3,0,12.0,8.0,0.0,4.0,3.28,29.2,8.8,Clear,
G21624,Beta,2025,8,1,1,0,4.0,0.0,0.0,4.0,0.81,30.2,22.4,Clear,
G21624,Beta,2025,9,4,4,0,16.0,16.0,0.0,0.0,6.58,15.1,22.4,Clear,
G21624,Beta,2025,10,3,3,0,12.0,0.0,4.0,8.0,5.65,14.2,10.1,Clear,
G21624,Beta,2025,11,6,6,0,19.66,3.66,12.0,4.0,2.89,14.2,20.6,Clear,
G21624,Beta,2025,12,3,3,0,10.14,2.14,8.0,0.0,5.86,1.6,23.7,Cloudy,
G21624,Beta,2026,1,3,3,0,12.0,12.0,0.0,0.0,6.34,2.1,24.6,Cloudy,
G21624,Beta,2026,3,6,6,0,22.4,16.0,4.0,2.4,1.29,16.3,30.1,Clear,
G21624,Beta,2026,4,5,5,0,20.0,16.0,4.0,0.0,4.29,16.3,10.8,Clear,
G21624,Beta,2026,5,6,6,0,24.0,8.0,0.0,16.0,7.96,16.0,28.7,Clear,
G21624,Beta,2026,6,7,7,0,26.240000000000002,14.24,12.0,0.0,4.13,30.0,29.5,Clear,
G21712,Gamma,2023,10,7,7,0,26.9,12.0,12.0,2.9,4.79,15.1,21.6,Clear,
G21712,Gamma,2023,11,4,4,0,12.45,4.0,0.45,8.0,3.17,15.7,41.1,Clear,
G21712,Gamma,2023,12,4,4,0,12.95,4.95,4.0,4.0,7.47,3.1,21.3,Windy,
G21712,Gamma,2024,1,6,6,0,16.31,7.68,8.63,0.0,5.98,1.5,5.8,Cloudy,
G21712,Gamma,2024,2,4,4,0,15.08,0.0,11.08,4.0,7.91,1.9,24.6,Clear,
G21712,Gamma,2024,3,5,5,0,17.04,10.02,4.0,3.02,5.23,13.7,36.5,Cloudy,
G21712,Gamma,2024,4,5,5,0,20.0,16.0,4.0,0.0,6.85,14.4,30.7,Clear,
G21712,Gamma,2024,5,6,6,0,21.88,9.879999999999999,12.0,0.0,6.13,17.0,30.2,Clear,
G21712,Gamma,2024,6,5,5,0,20.0,12.0,4.0,4.0,5.93,31.2,7.9,Clear,
G21712,Gamma,2024,7,10,10,0,36.11,8.11,12.0,16.0,3.45,29.5,19.7,Clear,
G21712,Gamma,2024,8,10,10,0,35.43,21.4,10.03,4.0,5.39,30.1,15.6,Clear,
G21712,Gamma,2024,9,4,4,0,14.7,0.0,10.7,4.0,8.49,14.5,33.5,Cloudy,
G21712,Gamma,2024,11,4,4,0,12.6,8.0,4.0,0.6,2.51,14.5,18.2,Cloudy,
G21712,Gamma,2024,12,1,1,0,4.0,0.0,4.0,0.0,5.73,3.2,14.7,Cloudy,
G21712,Gamma,2025,1,2,2,0,8.0,8.0,0.0,0.0,7.07,3.0,31.9,Rainy,
G21712,Gamma,2025,2,6,6,0,22.68,6.71,3.97,12.0,3.05,2.3,10.3,Clear,
G21712,Gamma,2025,3,5,5,0,16.07,4.0,8.07,4.0,5.09,17.2,22.4,Rainy,
G21712,Gamma,2025,4,6,6,0,19.47,10.71,8.76,0.0,4.85,15.2,30.5,Clear,
G21712,Gamma,2025,5,13,13,0,51.84,20.0,15.84,16.0,5.67,16.4,19.6,Clear,
G21712,Gamma,2025,6,7,7,0,27.22,0.0,12.0,15.22,3.14,31.1,13.6,Clear,
G21712,Gamma,2025,7,4,4,0,16.0,8.0,8.0,0.0,5.34,29.2,18.2,Clear,
G21712,Gamma,2025,8,8,8,0,28.46,4.0,8.0,16.46,2.9,29.8,34.2,Clear,
G21712,Gamma,2025,9,9,9,0,31.98,4.0,8.42,19.56,8.21,13.7,5.2,Rainy,
G21712,Gamma,2025,10,8,8,0,28.55,16.55,12.0,0.0,3.87,15.7,16.2,Cloudy,
G21712,Gamma,2025,11,4,4,0,16.0,4.0,0.0,12.0,7.23,14.3,22.3,Clear,
G21712,Gamma,2025,12,1,1,0,4.0,0.0,4.0,0.0,5.26,2.7,25.5,Cloudy,
G21712,Gamma,2026,4,4,4,0,13.32,5.32,0.0,8.0,6.45,15.5,25.7,Clear,
G21712,Gamma,2026,5,2,2,0,4.12,4.12,0.0,0.0,3.09,14.6,9.5,Clear,
G21712,Gamma,2026,6,4,4,0,15.39,0.0,4.0,11.39,5.0,29.9,26.5,Clear,
G21722,Delta,2024,5,4,4,0,16.0,12.0,0.0,4.0,4.35,14.5,20.6,Clear,
G21722,Delta,2024,6,10,10,0,37.26,22.8,6.46,8.0,6.1,31.1,14.5,Clear,
G21722,Delta,2024,7,10,10,0,34.13,26.13,0.0,8.0,5.49,30.4,27.8,Clear,
G21722,Delta,2024,8,11,11,0,36.44,16.0,16.25,4.19,2.75,29.2,34.0,Clear,
G21722,Delta,2024,9,3,3,0,12.0,8.0,0.0,4.0,7.97,14.1,19.9,Cloudy,
G21722,Delta,2024,10,2,2,0,8.0,0.0,4.0,4.0,6.55,13.7,15.9,Cloudy,
G21722,Delta,2024,11,4,4,0,16.0,4.0,12.0,0.0,4.88,14.5,24.9,Cloudy,
G21722,Delta,2024,12,1,1,0,4.0,4.0,0.0,0.0,8.92,4.4,5.2,Clear,
G21722,Delta,2025,1,1,1,0,2.04,0.0,2.04,0.0,2.3,2.8,22.3,Windy,
G21722,Delta,2025,2,1,1,0,4.0,0.0,4.0,0.0,6.85,2.2,41.7,Rainy,
G21722,Delta,2025,3,4,4,0,15.35,7.35,0.0,8.0,3.49,14.4,18.2,Clear,
G21722,Delta,2025,4,2,2,0,8.0,0.0,4.0,4.0,7.41,16.7,34.6,Clear,
G21722,Delta,2025,5,7,7,0,25.64,5.64,12.0,8.0,6.1,15.5,43.4,Clear,
G21722,Delta,2025,6,5,5,0,13.34,4.0,5.82,3.52,3.47,30.8,35.9,Clear,
G21722,Delta,2025,7,2,2,0,6.77,4.0,0.0,2.77,5.25,30.1,9.2,Clear,
G21722,Delta,2025,8,10,10,0,38.55,20.0,12.0,6.55,5.05,30.5,19.5,Clear,
G21722,Delta,2025,9,5,5,0,20.0,8.0,12.0,0.0,5.59,14.0,20.9,Cloudy,
G21722,Delta,2025,10,3,3,0,12.0,4.0,4.0,4.0,6.05,15.0,28.6,Windy,
G21722,Delta,2025,11,3,3,0,12.0,8.0,4.0,0.0,8.08,12.1,12.5,Clear,
G21722,Delta,2025,12,2,2,0,6.21,2.21,4.0,0.0,2.0,2.5,34.2,Windy,
G21722,Delta,2026,1,4,4,0,13.31,5.3100000000000005,0.0,8.0,5.57,2.4,27.2,Cloudy,
G21722,Delta,2026,2,2,2,0,8.0,0.0,4.0,4.0,4.16,4.3,32.0,Windy,
G21722,Delta,2026,3,5,5,0,19.6,8.0,8.0,3.6,1.78,15.9,6.0,Clear,
G21722,Delta,2026,4,2,2,0,8.0,8.0,0.0,0.0,7.91,16.2,20.9,Cloudy,
G21722,Delta,2026,5,10,10,0,32.11,0.43,18.14,13.54,0.0,16.5,5.4,Clear,
G21722,Delta,2026,6,7,7,0,28.0,24.0,4.0,0.0,5.13,30.9,23.2,Clear,
G21956,Sigma,2023,2,6,6,0,23.11,12.0,4.0,7.109999999999999,5.34,2.6,5.4,Clear,
G21956,Sigma,2023,3,4,4,0,13.86,13.86,0.0,0.0,3.74,16.6,23.0,Cloudy,
G21956,Sigma,2023,4,1,1,0,4.0,4.0,0.0,0.0,3.8,14.6,6.9,Clear,
G21956,Sigma,2023,5,5,5,0,18.06,6.8100000000000005,7.25,4.0,9.42,15.4,31.1,Clear,
G21956,Sigma,2023,6,9,9,0,36.0,0.0,24.0,12.0,3.97,29.5,19.9,Clear,
G21956,Sigma,2023,7,13,13,0,50.68,14.85,15.83,20.0,4.87,29.9,32.9,Clear,
G21956,Sigma,2023,8,7,7,0,28.0,4.0,16.0,8.0,6.19,30.6,17.8,Clear,
G21956,Sigma,2023,9,5,5,0,17.13,1.13,12.0,4.0,3.01,14.1,22.6,Cloudy,
G21956,Sigma,2023,10,7,7,0,27.03,15.03,4.0,8.0,5.12,14.3,5.8,Cloudy,
G21956,Sigma,2023,11,4,4,0,16.0,4.0,12.0,0.0,7.74,12.8,22.3,Clear,
G21956,Sigma,2023,12,2,2,0,8.0,4.0,4.0,0.0,9.39,4.0,39.1,Clear,
G21956,Sigma,2024,1,9,9,0,31.16,23.16,8.0,0.0,3.09,3.6,42.3,Cloudy,
G21956,Sigma,2024,2,2,2,0,4.59,4.59,0.0,0.0,6.65,3.5,44.5,Cloudy,
G21956,Sigma,2024,3,1,1,0,4.0,0.0,4.0,0.0,10.46,16.3,29.6,Clear,
G21956,Sigma,2024,4,8,8,0,32.0,16.0,4.0,12.0,6.32,16.0,36.5,Clear,
G21956,Sigma,2024,5,8,8,0,30.66,26.66,4.0,0.0,6.72,16.0,10.6,Clear,
G21956,Sigma,2024,6,2,2,0,8.0,4.0,0.0,4.0,1.17,30.4,28.8,Clear,
G21956,Sigma,2024,7,4,4,0,16.0,4.0,8.0,4.0,5.94,29.4,7.4,Clear,
G21956,Sigma,2024,8,6,6,0,21.919999999999998,8.0,4.0,9.92,1.31,30.9,36.1,Clear,
G21956,Sigma,2024,9,2,2,0,4.2700000000000005,0.0,0.55,3.72,6.53,13.7,15.9,Clear,
G21956,Sigma,2024,10,5,5,0,17.0,13.0,4.0,0.0,3.92,13.5,10.9,Clear,
G21956,Sigma,2024,11,2,2,0,8.0,4.0,4.0,0.0,2.15,13.4,33.0,Clear,
G21956,Sigma,2024,12,5,5,0,16.49,10.54,5.95,0.0,7.83,4.0,33.1,Rainy,
G21956,Sigma,2025,1,2,2,0,8.0,4.0,4.0,0.0,9.44,3.1,33.2,Windy,
G21956,Sigma,2025,4,4,4,0,14.48,6.48,4.0,4.0,6.93,16.3,32.0,Clear,
G21956,Sigma,2025,5,1,1,0,4.0,4.0,0.0,0.0,6.46,14.9,9.3,Clear,
G21956,Sigma,2025,6,2,2,0,8.0,0.0,8.0,0.0,1.95,29.6,9.6,Clear,
G21956,Sigma,2025,7,5,5,0,20.0,4.0,8.0,8.0,3.17,30.3,22.8,Clear,
G21956,Sigma,2025,8,5,5,0,19.03,4.0,7.029999999999999,8.0,7.16,29.6,18.6,Clear,
G21956,Sigma,2025,9,3,3,0,9.06,4.0,4.0,1.06,2.4,14.1,34.4,Cloudy,
G21956,Sigma,2025,10,3,3,0,10.03,0.0,6.029999999999999,4.0,6.94,14.5,42.0,Clear,
G21956,Sigma,2025,11,3,3,0,9.43,5.43,4.0,0.0,7.43,13.9,14.2,Clear,
G21956,Sigma,2025,12,4,4,0,16.0,16.0,0.0,0.0,4.7,2.4,33.6,Cloudy,
G21956,Sigma,2026,1,1,1,0,4.0,0.0,4.0,0.0,7.57,3.4,13.9,Cloudy,
G21956,Sigma,2026,2,2,2,0,6.41,4.0,2.41,0.0,9.44,2.6,29.0,Rainy,
G21956,Sigma,2026,3,5,5,0,18.86,6.859999999999999,4.0,8.0,3.72,15.9,29.9,Clear,
G21956,Sigma,2026,4,2,2,0,8.0,8.0,0.0,0.0,5.65,14.9,7.1,Clear,
G21956,Sigma,2026,5,4,4,0,16.0,12.0,0.0,4.0,4.39,16.0,29.6,Clear,
G21956,Sigma,2026,6,1,1,0,4.0,4.0,0.0,0.0,5.15,29.2,40.8,Clear,
G22091,Alpha,2025,2,1,1,0,4.0,4.0,0.0,0.0,3.75,3.1,28.6,Cloudy,
G22091,Alpha,2025,3,6,6,0,22.58,6.58,4.0,12.0,3.84,16.6,29.2,Clear,
G22091,Alpha,2025,4,5,5,0,20.0,12.0,4.0,4.0,5.94,17.4,21.2,Clear,
G22091,Alpha,2025,5,6,6,0,21.23,8.0,5.23,8.0,6.64,16.4,29.7,Clear,
G22091,Alpha,2025,6,6,6,0,22.32,8.0,6.32,8.0,10.31,31.3,37.6,Clear,
G22091,Alpha,2025,7,3,3,0,12.0,8.0,4.0,0.0,8.15,30.5,9.3,Clear,
G22091,Alpha,2025,8,3,3,0,12.0,8.0,4.0,0.0,4.96,31.3,23.0,Clear,
G22091,Alpha,2025,9,3,3,0,12.0,0.0,4.0,8.0,5.72,13.9,14.3,Clear,
G22091,Alpha,2025,10,2,2,0,8.0,4.0,0.0,4.0,7.14,14.8,32.1,Clear,
G22091,Alpha,2025,11,5,5,0,20.0,16.0,0.0,4.0,7.4,14.7,27.6,Cloudy,
G22091,Alpha,2025,12,2,2,0,8.0,4.0,4.0,0.0,5.53,3.9,29.8,Rainy,
G22091,Alpha,2026,1,2,2,0,8.0,8.0,0.0,0.0,4.81,3.1,29.8,Cloudy,
G22091,Alpha,2026,2,4,4,0,12.36,8.36,4.0,0.0,8.15,3.4,32.4,Rainy,
G22091,Alpha,2026,3,1,1,0,4.0,4.0,0.0,0.0,7.73,15.0,40.3,Clear,
G22091,Alpha,2026,5,5,5,0,17.8,13.8,0.0,4.0,6.13,16.5,22.3,Clear,
G22091,Alpha,2026,6,1,1,0,4.0,0.0,0.0,4.0,4.13,28.3,8.5,Clear,
G22153,Alpha,2022,8,17,17,0,63.5,34.29,8.0,21.21,2.72,31.5,40.0,Clear,
G22153,Alpha,2022,9,18,18,0,65.36,35.96,17.4,12.0,7.04,13.0,31.9,Cloudy,
G22153,Alpha,2022,10,8,8,0,32.0,12.0,16.0,4.0,3.0,13.2,36.2,Clear,
G22153,Alpha,2022,11,8,8,0,28.96,15.18,9.78,4.0,4.82,14.5,21.2,Cloudy,
G22153,Alpha,2022,12,11,11,0,40.76,12.76,20.0,8.0,8.0,3.3,17.6,Clear,
G22153,Alpha,2023,1,6,6,0,24.0,12.0,4.0,8.0,1.1,3.0,26.4,Rainy,
G22153,Alpha,2023,2,9,9,0,32.97,20.0,8.969999999999999,4.0,5.3,2.1,39.2,Cloudy,
G22153,Alpha,2023,3,8,8,0,30.5,14.5,8.0,8.0,4.54,15.4,35.7,Clear,
G22153,Alpha,2023,4,15,15,0,56.88,24.880000000000003,20.0,12.0,4.13,16.2,37.7,Clear,
G22153,Alpha,2023,5,10,10,0,36.26,25.18,4.0,7.08,5.21,16.3,10.8,Clear,
G22153,Alpha,2023,6,17,17,0,62.02,29.51,20.0,12.51,7.22,30.7,7.6,Clear,
G22153,Alpha,2023,7,14,14,0,48.01,31.13,11.89,4.99,6.49,30.4,30.1,Clear,
G22153,Alpha,2023,8,9,9,0,32.0,20.0,10.26,1.74,4.49,28.2,34.3,Clear,
G22153,Alpha,2023,9,5,5,0,20.0,16.0,0.0,4.0,7.72,13.9,6.9,Cloudy,
G22153,Alpha,2023,10,4,4,0,12.059999999999999,8.059999999999999,0.0,4.0,4.54,15.1,9.8,Cloudy,
G22153,Alpha,2023,11,7,7,0,27.97,4.0,11.97,12.0,5.13,13.3,27.9,Cloudy,
G22153,Alpha,2023,12,2,2,0,5.5,1.56,0.0,3.94,3.26,3.0,11.5,Rainy,
G22153,Alpha,2024,1,3,3,0,5.66,1.6600000000000001,4.0,0.0,6.48,3.1,27.5,Clear,
G22153,Alpha,2024,2,3,3,0,8.18,0.18,8.0,0.0,5.14,2.0,28.0,Clear,
G22153,Alpha,2024,3,9,9,0,29.75,21.75,8.0,0.0,3.72,16.4,35.3,Cloudy,
G22153,Alpha,2024,4,10,10,0,37.519999999999996,24.0,5.52,8.0,6.98,16.7,26.4,Clear,
G22153,Alpha,2024,5,12,12,0,42.89,22.89,12.0,8.0,7.08,15.8,35.3,Clear,
G22153,Alpha,2024,6,12,12,0,47.42,24.0,11.42,12.0,5.64,30.3,5.6,Clear,
G22153,Alpha,2024,7,7,7,0,25.46,17.46,4.0,4.0,5.1,29.5,18.1,Clear,
G22153,Alpha,2024,8,10,10,0,34.129999999999995,18.35,15.78,0.0,4.66,28.6,44.8,Clear,
G22153,Alpha,2024,9,5,5,0,11.23,2.35,8.88,0.0,2.83,13.1,13.2,Cloudy,
G22153,Alpha,2024,10,4,4,0,10.23,6.23,4.0,0.0,5.0,13.6,9.1,Clear,
G22153,Alpha,2024,11,2,2,0,8.0,4.0,4.0,0.0,5.72,14.1,37.5,Rainy,
G22153,Alpha,2024,12,3,3,0,12.0,4.0,8.0,0.0,6.04,4.3,25.9,Clear,
G22153,Alpha,2025,2,2,2,0,8.0,4.0,0.0,4.0,5.18,3.1,30.1,Cloudy,
G22153,Alpha,2025,3,2,2,0,8.0,4.0,0.0,4.0,7.2,16.6,22.1,Clear,
G22153,Alpha,2025,4,5,5,0,14.2,2.14,8.06,4.0,6.43,17.4,27.3,Clear,
G22153,Alpha,2025,5,7,7,0,25.2,12.0,4.0,9.2,1.15,16.4,24.6,Clear,
G22153,Alpha,2025,6,3,3,0,10.24,10.24,0.0,0.0,4.74,31.3,15.7,Clear,
G22153,Alpha,2025,7,6,6,0,20.38,12.379999999999999,4.0,4.0,9.82,30.5,6.9,Clear,
G22153,Alpha,2025,8,2,2,0,8.0,8.0,0.0,0.0,6.03,31.3,43.2,Clear,
G22153,Alpha,2025,9,5,5,0,16.43,12.43,4.0,0.0,1.41,13.9,8.3,Clear,
G22153,Alpha,2025,10,5,5,0,18.68,8.0,2.68,8.0,4.23,14.8,10.3,Clear,
G22153,Alpha,2025,11,5,5,0,16.990000000000002,16.0,0.0,0.99,2.7,14.7,27.7,Cloudy,
G22153,Alpha,2025,12,3,3,0,10.25,4.0,0.0,6.25,3.39,3.9,24.1,Rainy,
G22153,Alpha,2026,1,3,3,0,10.46,4.0,2.46,4.0,7.89,3.1,34.8,Cloudy,
G22153,Alpha,2026,2,1,1,0,3.98,3.98,0.0,0.0,4.7,3.4,10.2,Rainy,
G22153,Alpha,2026,3,2,2,0,8.0,0.0,4.0,4.0,5.55,15.0,30.0,Clear,
G22153,Alpha,2026,4,3,3,0,12.0,8.0,0.0,4.0,4.27,14.4,6.5,Cloudy,
G22153,Alpha,2026,5,10,10,0,36.88,18.240000000000002,14.64,4.0,5.63,16.5,33.5,Clear,
G22153,Alpha,2026,6,3,3,0,10.23,4.0,6.23,0.0,4.97,28.3,32.5,Clear,
G22314,Alpha,2022,9,18,18,0,69.41,40.0,20.0,9.41,3.52,13.0,6.0,Cloudy,
G22314,Alpha,2022,10,11,11,0,44.0,24.0,16.0,4.0,2.65,13.2,34.6,Clear,
G22314,Alpha,2022,11,9,9,0,36.0,20.0,12.0,4.0,9.26,14.5,17.5,Cloudy,
G22314,Alpha,2022,12,9,9,0,29.42,11.49,11.09,6.84,6.26,3.3,33.5,Clear,
G22314,Alpha,2023,1,5,5,0,18.05,10.05,4.0,4.0,4.0,3.0,43.9,Rainy,
G22314,Alpha,2023,2,9,9,0,30.0,16.0,11.07,2.93,3.78,2.1,21.6,Cloudy,
G22314,Alpha,2023,3,8,8,0,24.88,9.72,7.16,8.0,1.3,15.4,19.3,Clear,
G22314,Alpha,2023,4,11,11,0,37.77,25.77,8.0,4.0,2.29,16.2,10.2,Clear,
G22314,Alpha,2023,5,11,11,0,40.23,22.509999999999998,4.0,13.72,3.62,16.3,44.5,Clear,
G22314,Alpha,2023,6,15,15,0,46.53,32.24,8.09,6.2,5.23,30.7,35.7,Clear,
G22314,Alpha,2023,7,10,10,0,37.53,20.0,9.53,8.0,7.49,30.4,25.4,Clear,
G22314,Alpha,2023,8,11,11,0,39.22,20.98,6.24,12.0,3.45,28.2,15.9,Clear,
G22314,Alpha,2023,9,3,3,0,9.64,9.64,0.0,0.0,3.74,13.9,34.5,Cloudy,
G22314,Alpha,2023,10,7,7,0,24.25,8.0,8.25,8.0,4.17,15.1,34.9,Cloudy,
G22314,Alpha,2023,11,7,7,0,24.35,8.0,4.35,12.0,7.14,13.3,13.9,Cloudy,
G22314,Alpha,2023,12,2,2,0,8.0,4.0,4.0,0.0,3.83,3.0,38.5,Rainy,
G22314,Alpha,2024,1,3,3,0,12.0,8.0,4.0,0.0,5.51,3.1,39.4,Clear,
G22314,Alpha,2024,2,1,1,0,4.0,0.0,4.0,0.0,9.78,2.0,9.1,Clear,
G22314,Alpha,2024,3,4,4,0,16.0,12.0,4.0,0.0,6.3,16.4,24.1,Cloudy,
G22314,Alpha,2024,4,11,11,0,41.87,15.27,19.37,7.23,4.95,16.7,9.1,Clear,
G22314,Alpha,2024,5,10,10,0,30.740000000000002,13.530000000000001,10.58,6.63,4.76,15.8,10.6,Clear,
G22314,Alpha,2024,6,3,3,0,11.84,7.84,0.0,4.0,5.08,30.3,6.0,Clear,
G22314,Alpha,2024,7,4,4,0,16.0,8.0,4.0,4.0,5.64,29.5,14.7,Clear,
G22314,Alpha,2024,8,11,11,0,44.0,24.0,12.0,8.0,2.99,28.6,8.5,Clear,
G22314,Alpha,2024,9,5,5,0,18.03,10.03,8.0,0.0,9.47,13.1,39.7,Cloudy,
G22314,Alpha,2024,10,1,1,0,4.0,4.0,0.0,0.0,9.1,13.6,30.9,Clear,
G22314,Alpha,2024,11,4,4,0,13.33,4.0,6.0600000000000005,3.27,5.23,14.1,5.9,Rainy,
G22314,Alpha,2024,12,1,1,0,4.0,0.0,4.0,0.0,2.2,4.3,38.2,Clear,
G22314,Alpha,2025,1,1,1,0,4.0,0.0,4.0,0.0,2.65,1.8,17.0,Clear,
G22314,Alpha,2025,2,2,2,0,5.86,4.0,1.86,0.0,2.84,3.1,25.7,Cloudy,
G22314,Alpha,2025,3,4,4,0,12.870000000000001,4.87,0.0,8.0,5.9,16.6,30.5,Clear,
G22314,Alpha,2025,4,5,5,0,17.04,0.0,13.04,4.0,3.36,17.4,27.3,Clear,
G22314,Alpha,2025,5,3,3,0,12.0,8.0,4.0,0.0,5.69,16.4,28.6,Clear,
G22314,Alpha,2025,6,5,5,0,15.58,4.0,1.87,9.71,3.07,31.3,13.7,Clear,
G22314,Alpha,2025,7,8,8,0,29.21,9.57,12.0,7.640000000000001,1.96,30.5,32.9,Clear,
G22314,Alpha,2025,8,4,4,0,13.81,4.0,4.0,5.8100000000000005,4.55,31.3,6.0,Clear,
G22314,Alpha,2025,9,3,3,0,11.620000000000001,4.0,4.0,3.62,7.67,13.9,13.7,Clear,
G22314,Alpha,2025,10,4,4,0,14.620000000000001,0.0,10.620000000000001,4.0,3.72,14.8,31.0,Clear,
G22314,Alpha,2025,11,1,1,0,4.0,4.0,0.0,0.0,6.66,14.7,39.0,Cloudy,
G22314,Alpha,2025,12,2,2,0,8.0,0.0,0.0,8.0,5.0,3.9,41.1,Rainy,
G22314,Alpha,2026,1,1,1,0,4.0,0.0,0.0,4.0,4.73,3.1,11.9,Cloudy,
G22314,Alpha,2026,2,2,2,0,8.0,8.0,0.0,0.0,7.25,3.4,7.9,Rainy,
G22314,Alpha,2026,3,3,3,0,9.57,2.56,4.0,3.01,8.66,15.0,5.0,Clear,
G22314,Alpha,2026,4,5,5,0,19.490000000000002,0.0,12.0,7.49,5.87,14.4,18.1,Cloudy,
G22314,Alpha,2026,5,4,4,0,14.43,12.0,0.0,2.43,1.12,16.5,21.1,Clear,
G22314,Alpha,2026,6,5,5,0,20.0,4.0,8.0,8.0,5.05,28.3,6.0,Clear,
G22398,Sigma,2022,12,5,5,0,20.0,12.0,4.0,4.0,5.2,3.9,5.7,Cloudy,
G22398,Sigma,2023,1,7,7,0,24.57,8.0,12.0,4.57,0.63,4.7,13.7,Cloudy,
G22398,Sigma,2023,2,8,8,0,26.98,17.55,5.43,4.0,4.32,2.6,21.6,Clear,
G22398,Sigma,2023,3,5,5,0,20.0,20.0,0.0,0.0,6.09,16.6,29.6,Cloudy,
G22398,Sigma,2023,4,6,6,0,21.33,12.0,5.33,4.0,4.92,14.6,24.1,Clear,
G22398,Sigma,2023,5,8,8,0,30.38,20.0,6.38,4.0,3.22,15.4,34.5,Clear,
G22398,Sigma,2023,6,10,10,0,36.07,8.0,24.0,4.07,7.14,29.5,32.5,Clear,
G22398,Sigma,2023,7,10,10,0,38.04,12.0,14.36,11.68,4.47,29.9,20.3,Clear,
G22398,Sigma,2023,8,12,12,0,43.22,16.0,12.94,14.28,6.04,30.6,17.1,Clear,
G22398,Sigma,2023,9,7,7,0,28.0,12.0,8.0,8.0,5.43,14.1,37.6,Cloudy,
G22398,Sigma,2023,10,9,9,0,35.16,24.0,11.16,0.0,5.62,14.3,8.9,Cloudy,
G22398,Sigma,2023,11,11,11,0,44.0,28.0,16.0,0.0,4.26,12.8,25.3,Clear,
G22398,Sigma,2023,12,5,5,0,18.98,10.98,0.0,8.0,5.55,4.0,43.7,Clear,
G22398,Sigma,2024,1,5,5,0,13.73,8.69,5.04,0.0,4.13,3.6,15.7,Cloudy,
G22398,Sigma,2024,2,6,6,0,19.23,12.0,5.37,1.86,3.14,3.5,15.4,Cloudy,
G22398,Sigma,2024,3,3,3,0,8.73,4.0,0.0,4.73,6.11,16.3,9.2,Clear,
G22398,Sigma,2024,4,6,6,0,20.810000000000002,4.8100000000000005,8.0,8.0,5.11,16.0,40.3,Clear,
G22398,Sigma,2024,5,8,8,0,29.37,20.0,1.37,8.0,4.72,16.0,24.0,Clear,
G22398,Sigma,2024,6,7,7,0,28.0,8.0,12.0,8.0,6.65,30.4,20.2,Clear,
G22398,Sigma,2024,7,8,8,0,28.76,4.0,12.76,12.0,6.41,29.4,6.0,Clear,
G22398,Sigma,2024,8,6,6,0,20.689999999999998,8.69,4.0,8.0,5.21,30.9,32.2,Clear,
G22398,Sigma,2024,9,10,10,0,37.5,5.5,24.0,8.0,5.81,13.7,17.8,Clear,
G22398,Sigma,2024,10,4,4,0,16.0,12.0,0.0,4.0,5.55,13.5,42.5,Clear,
G22398,Sigma,2024,11,2,2,0,8.0,0.0,4.0,4.0,2.25,13.4,9.3,Clear,
G22398,Sigma,2024,12,4,4,0,16.0,4.0,4.0,8.0,3.81,4.0,19.5,Rainy,
G22398,Sigma,2025,1,4,4,0,16.0,0.0,8.0,8.0,7.97,3.1,41.6,Windy,
G22398,Sigma,2025,2,3,3,0,12.0,4.0,8.0,0.0,4.66,4.7,15.0,Clear,
G22398,Sigma,2025,3,4,4,0,12.06,8.0,4.0,0.06,6.76,16.4,21.2,Clear,
G22398,Sigma,2025,4,6,6,0,22.03,4.0,12.0,6.029999999999999,1.16,16.3,28.3,Clear,
G22398,Sigma,2025,5,3,3,0,12.0,0.0,4.0,8.0,8.28,14.9,7.9,Clear,
G22398,Sigma,2025,6,9,9,0,33.49,14.41,12.0,7.08,5.27,29.6,21.1,Clear,
G22398,Sigma,2025,7,3,3,0,12.0,8.0,0.0,4.0,2.74,30.3,6.0,Clear,
G22398,Sigma,2025,8,6,6,0,23.990000000000002,11.99,8.0,4.0,7.61,29.6,21.0,Clear,
G22398,Sigma,2025,9,4,4,0,15.04,4.0,4.0,7.04,1.99,14.1,5.2,Cloudy,
G22398,Sigma,2025,10,9,9,0,32.46,12.0,16.0,4.46,4.98,14.5,43.3,Clear,
G22398,Sigma,2025,11,6,6,0,20.63,16.63,0.0,4.0,7.51,13.9,44.7,Clear,
G22398,Sigma,2025,12,3,3,0,11.82,0.0,4.0,7.82,4.41,2.4,41.7,Cloudy,
G22398,Sigma,2026,1,3,3,0,12.0,0.0,0.0,12.0,4.72,3.4,7.7,Cloudy,
G22398,Sigma,2026,2,6,6,0,19.85,10.28,0.0,9.57,4.58,2.6,18.0,Rainy,
G22398,Sigma,2026,3,4,4,0,16.0,12.0,0.0,4.0,6.59,15.9,20.8,Clear,
G22398,Sigma,2026,4,4,4,0,14.21,0.0,12.0,2.21,6.59,14.9,43.1,Clear,
G22398,Sigma,2026,5,10,10,0,39.37,23.37,4.0,12.0,3.05,16.0,19.9,Clear,
G22398,Sigma,2026,6,2,2,0,8.0,0.0,8.0,0.0,5.89,29.2,40.5,Clear,
G22440,Beta,2022,8,19,19,0,70.16,30.16,32.0,8.0,6.02,29.6,14.2,Clear,
G22440,Beta,2022,9,16,16,0,61.97,30.93,12.0,19.04,6.42,14.8,16.6,Clear,
G22440,Beta,2022,10,8,8,0,32.0,8.0,8.0,16.0,5.12,14.9,15.0,Clear,
G22440,Beta,2022,11,4,4,0,13.89,9.89,0.0,4.0,3.82,12.8,42.0,Cloudy,
G22440,Beta,2022,12,6,6,0,24.0,12.0,8.0,4.0,3.91,3.1,14.3,Cloudy,
G22440,Beta,2023,1,6,6,0,22.12,8.0,10.120000000000001,4.0,4.98,3.7,10.2,Cloudy,
G22440,Beta,2023,2,11,11,0,42.94,8.0,32.0,2.94,2.49,2.5,30.6,Rainy,
G22440,Beta,2023,3,6,6,0,22.14,2.87,19.27,0.0,5.73,15.6,35.4,Cloudy,
G22440,Beta,2023,4,9,9,0,32.480000000000004,16.48,12.0,4.0,7.93,17.0,11.4,Clear,
G22440,Beta,2023,5,16,16,0,57.88,32.0,17.0,8.879999999999999,4.49,16.9,31.1,Clear,
G22440,Beta,2023,6,14,14,0,46.07,16.0,18.61,11.459999999999999,8.81,30.5,22.2,Clear,
G22440,Beta,2023,7,10,10,0,29.84,12.379999999999999,12.67,4.79,5.87,30.2,26.5,Clear,
G22440,Beta,2023,8,9,9,0,36.0,20.0,16.0,0.0,6.47,29.9,30.8,Clear,
G22440,Beta,2023,9,12,12,0,44.2,24.0,16.2,4.0,2.07,14.6,32.7,Cloudy,
G22440,Beta,2023,10,10,10,0,37.39,21.39,0.0,16.0,7.4,12.7,41.3,Clear,
G22440,Beta,2023,11,6,6,0,19.7,11.7,8.0,0.0,4.72,15.6,10.8,Clear,
G22440,Beta,2023,12,8,8,0,25.81,13.469999999999999,0.34,12.0,4.28,1.6,8.1,Clear,
G22440,Beta,2024,1,5,5,0,17.13,4.0,5.13,8.0,6.76,3.1,36.5,Windy,
G22440,Beta,2024,2,2,2,0,8.0,0.0,4.0,4.0,5.36,2.3,30.5,Cloudy,
G22440,Beta,2024,3,6,6,0,24.0,8.0,8.0,8.0,4.35,16.7,18.1,Clear,
G22440,Beta,2024,4,10,10,0,36.14,16.0,12.0,8.14,4.08,17.3,16.0,Clear,
G22440,Beta,2024,5,8,8,0,30.3,10.3,8.0,12.0,5.33,15.8,21.7,Clear,
G22440,Beta,2024,6,6,6,0,21.18,17.18,0.0,4.0,8.02,30.9,8.7,Clear,
G22440,Beta,2024,7,6,6,0,23.8,7.8,8.0,8.0,5.12,31.1,22.3,Clear,
G22440,Beta,2024,8,9,9,0,32.68,28.0,4.0,0.68,8.35,30.1,32.7,Clear,
G22440,Beta,2024,9,8,8,0,30.97,16.0,6.970000000000001,8.0,10.56,13.9,42.4,Clear,
G22440,Beta,2024,10,4,4,0,16.0,8.0,4.0,4.0,6.04,13.1,6.6,Clear,
G22440,Beta,2024,11,1,1,0,4.0,4.0,0.0,0.0,6.02,12.6,40.7,Clear,
G22440,Beta,2024,12,2,2,0,8.0,4.0,0.0,4.0,5.53,2.2,43.8,Rainy,
G22440,Beta,2025,1,4,4,0,14.09,3.39,0.0,10.7,4.12,3.7,29.8,Cloudy,
G22440,Beta,2025,2,8,8,0,26.33,20.64,5.6899999999999995,0.0,3.47,4.0,19.1,Cloudy,
G22440,Beta,2025,3,2,2,0,8.0,8.0,0.0,0.0,6.06,15.5,5.3,Cloudy,
G22440,Beta,2025,4,1,1,0,4.0,4.0,0.0,0.0,4.53,16.6,10.0,Clear,
G22440,Beta,2025,5,2,2,0,8.0,8.0,0.0,0.0,3.38,16.6,43.9,Clear,
G22440,Beta,2025,6,6,6,0,23.75,8.0,7.75,8.0,2.42,31.6,35.1,Clear,
G22440,Beta,2025,7,7,7,0,24.69,16.0,4.0,4.6899999999999995,5.38,29.2,14.3,Clear,
G22440,Beta,2025,8,5,5,0,16.69,4.0,5.07,7.62,7.44,30.2,25.0,Clear,
G22440,Beta,2025,9,4,4,0,12.280000000000001,12.280000000000001,0.0,0.0,3.27,15.1,38.8,Clear,
G22440,Beta,2025,10,1,1,0,4.0,4.0,0.0,0.0,6.91,14.2,18.7,Clear,
G22440,Beta,2025,11,3,3,0,12.0,8.0,0.0,4.0,7.48,14.2,8.2,Clear,
G22440,Beta,2025,12,4,4,0,15.26,4.0,3.26,8.0,5.35,1.6,13.5,Cloudy,
G22440,Beta,2026,1,2,2,0,8.0,8.0,0.0,0.0,4.38,2.1,20.0,Cloudy,
G22440,Beta,2026,2,4,4,0,12.15,4.0,4.15,4.0,6.34,2.4,38.5,Rainy,
G22440,Beta,2026,3,2,2,0,8.0,4.0,4.0,0.0,6.26,16.3,36.9,Clear,
G22440,Beta,2026,4,5,5,0,20.0,16.0,4.0,0.0,5.84,16.3,18.9,Clear,
G22440,Beta,2026,5,9,9,0,34.93,22.93,8.0,4.0,4.94,16.0,13.9,Clear,
G22440,Beta,2026,6,5,5,0,20.0,12.0,8.0,0.0,5.11,30.0,26.6,Clear,
G22464,Delta,2024,11,3,3,0,12.0,4.0,4.0,4.0,5.73,14.5,20.7,Cloudy,
G22464,Delta,2024,12,2,2,0,7.26,3.26,0.0,4.0,1.15,4.4,16.2,Clear,
G22464,Delta,2025,1,2,2,0,8.0,4.0,0.0,4.0,6.19,2.8,28.6,Windy,
G22464,Delta,2025,2,2,2,0,5.83,5.83,0.0,0.0,7.12,2.2,36.0,Rainy,
G22464,Delta,2025,3,3,3,0,6.09,4.0,0.0,2.09,2.98,14.4,26.2,Clear,
G22464,Delta,2025,4,8,8,0,21.94,7.26,14.45,0.23,5.16,16.7,43.1,Clear,
G22464,Delta,2025,5,10,10,0,35.18,12.81,18.37,4.0,6.28,15.5,10.7,Clear,
G22464,Delta,2025,6,7,7,0,27.41,8.0,11.41,8.0,6.57,30.8,18.4,Clear,
G22464,Delta,2025,7,5,5,0,20.0,4.0,8.0,8.0,0.0,30.1,17.3,Clear,
G22464,Delta,2025,8,2,2,0,7.02,3.02,0.0,4.0,5.64,30.5,27.1,Clear,
G22464,Delta,2025,9,4,4,0,16.0,4.0,12.0,0.0,4.6,14.0,21.3,Cloudy,
G22464,Delta,2025,10,5,5,0,17.99,13.99,4.0,0.0,7.02,15.0,20.5,Windy,
G22464,Delta,2025,11,1,1,0,4.0,0.0,0.0,4.0,2.22,12.1,22.2,Clear,
G22464,Delta,2026,1,3,3,0,12.0,4.0,8.0,0.0,7.59,2.4,43.3,Cloudy,
G22464,Delta,2026,2,2,2,0,8.0,4.0,0.0,4.0,10.59,4.3,27.4,Windy,
G22464,Delta,2026,3,4,4,0,13.969999999999999,9.969999999999999,0.0,4.0,2.07,15.9,8.5,Clear,
G22464,Delta,2026,4,3,3,0,10.870000000000001,0.0,10.870000000000001,0.0,5.95,16.2,9.7,Cloudy,
G22464,Delta,2026,5,9,9,0,31.31,12.0,11.31,8.0,6.66,16.5,24.0,Clear,
G22464,Delta,2026,6,3,3,0,9.97,0.0,9.97,0.0,3.66,30.9,25.2,Clear,
G22580,Delta,2023,10,8,8,0,31.01,11.77,8.0,11.24,5.38,13.4,41.0,Clear,
G22580,Delta,2023,11,1,1,0,4.0,0.0,4.0,0.0,5.46,16.2,33.9,Clear,
G22580,Delta,2023,12,4,4,0,8.52,8.0,0.0,0.52,3.64,3.9,28.8,Clear,
G22580,Delta,2024,2,3,3,0,8.280000000000001,0.0,4.28,4.0,6.56,1.6,10.8,Cloudy,
G22580,Delta,2024,3,4,4,0,15.51,0.0,15.51,0.0,7.9,14.7,15.8,Clear,
G22580,Delta,2024,4,6,6,0,23.39,7.390000000000001,8.0,8.0,7.89,16.0,13.6,Clear,
G22580,Delta,2024,5,3,3,0,8.28,0.28,4.0,4.0,5.77,14.5,42.0,Clear,
G22580,Delta,2024,6,6,6,0,21.13,17.13,0.0,4.0,3.16,31.1,14.7,Clear,
G22580,Delta,2024,7,7,7,0,25.87,17.87,0.0,8.0,3.79,30.4,44.3,Clear,
G22580,Delta,2024,8,4,4,0,9.29,4.0,5.29,0.0,2.84,29.2,34.9,Clear,
G22580,Delta,2024,9,2,2,0,7.7,4.0,0.0,3.7,4.3,14.1,41.3,Cloudy,
G22580,Delta,2024,10,1,1,0,2.62,0.0,2.62,0.0,4.13,13.7,32.9,Cloudy,
G22580,Delta,2024,11,3,3,0,12.0,0.0,4.0,8.0,3.91,14.5,33.5,Cloudy,
G22580,Delta,2025,1,2,2,0,8.0,0.0,4.0,4.0,7.62,2.8,28.6,Windy,
G22580,Delta,2025,2,2,2,0,5.03,0.0,1.03,4.0,6.98,2.2,7.6,Rainy,
G22580,Delta,2025,3,1,1,0,4.0,0.0,0.0,4.0,8.28,14.4,33.7,Clear,
G22580,Delta,2025,4,2,2,0,8.0,4.0,4.0,0.0,5.98,16.7,18.3,Clear,
G22580,Delta,2025,5,5,5,0,20.0,0.0,12.0,8.0,0.0,15.5,11.4,Clear,
G22580,Delta,2025,6,4,4,0,12.51,4.9399999999999995,3.57,4.0,7.64,30.8,28.9,Clear,
G22580,Delta,2025,7,3,3,0,12.0,8.0,0.0,4.0,7.01,30.1,24.2,Clear,
G22580,Delta,2025,10,5,5,0,15.059999999999999,10.51,0.55,4.0,7.59,15.0,26.3,Windy,
G22580,Delta,2025,11,4,4,0,10.219999999999999,2.9,7.32,0.0,5.69,12.1,36.0,Clear,
G22580,Delta,2025,12,1,1,0,2.87,0.0,2.87,0.0,5.47,2.5,44.0,Windy,
G22580,Delta,2026,1,1,1,0,4.0,0.0,4.0,0.0,6.11,2.4,9.6,Cloudy,
G22580,Delta,2026,2,1,1,0,4.0,0.0,0.0,4.0,2.76,4.3,36.8,Windy,
G22580,Delta,2026,3,5,5,0,18.63,8.0,10.63,0.0,3.5,15.9,6.1,Clear,
G22580,Delta,2026,5,4,4,0,14.01,4.0,4.0,6.01,8.33,16.5,10.7,Clear,
G22580,Delta,2026,6,1,1,0,3.98,3.98,0.0,0.0,1.28,30.9,15.6,Clear,
G22662,Delta,2023,11,2,2,0,5.86,1.86,4.0,0.0,7.11,16.2,7.8,Clear,
G22662,Delta,2023,12,5,5,0,20.0,8.0,4.0,8.0,3.58,3.9,9.1,Clear,
G22662,Delta,2024,1,1,1,0,4.0,0.0,4.0,0.0,2.51,4.6,9.7,Windy,
G22662,Delta,2024,2,4,4,0,11.6,0.0,11.6,0.0,3.62,1.6,19.5,Cloudy,
G22662,Delta,2024,3,7,7,0,25.2,8.0,9.2,8.0,6.01,14.7,31.7,Clear,
G22662,Delta,2024,4,11,11,0,44.0,24.0,8.0,12.0,4.91,16.0,34.2,Clear,
G22662,Delta,2024,5,8,8,0,27.72,16.0,8.83,2.89,4.11,14.5,40.6,Clear,
G22662,Delta,2024,6,6,6,0,24.0,12.0,8.0,4.0,5.78,31.1,28.5,Clear,
G22662,Delta,2024,7,7,7,0,24.39,12.39,8.0,4.0,4.99,30.4,21.7,Clear,
G22662,Delta,2024,8,7,7,0,28.0,12.0,12.0,4.0,3.62,29.2,20.9,Clear,
G22662,Delta,2024,9,4,4,0,12.83,0.0,4.83,8.0,8.64,14.1,36.1,Cloudy,
G22662,Delta,2024,10,6,6,0,21.86,5.86,8.0,8.0,9.22,13.7,11.2,Cloudy,
G22662,Delta,2024,11,6,6,0,21.28,13.28,8.0,0.0,4.25,14.5,30.7,Cloudy,
G22662,Delta,2024,12,1,1,0,4.0,0.0,0.0,4.0,6.99,4.4,36.7,Clear,
G22662,Delta,2025,1,3,3,0,12.0,0.0,8.0,4.0,5.67,2.8,37.1,Windy,
G22662,Delta,2025,2,3,3,0,12.0,8.0,4.0,0.0,6.63,2.2,21.9,Rainy,
G22662,Delta,2025,3,5,5,0,16.34,16.0,0.0,0.34,3.72,14.4,34.9,Clear,
G22662,Delta,2025,4,8,8,0,28.83,8.0,12.83,8.0,5.75,16.7,32.2,Clear,
G22662,Delta,2025,5,4,4,0,16.0,4.0,8.0,4.0,5.07,15.5,12.1,Clear,
G22662,Delta,2025,6,4,4,0,14.48,6.48,8.0,0.0,5.95,30.8,39.7,Clear,
G22662,Delta,2025,7,5,5,0,17.42,8.0,9.42,0.0,5.24,30.1,6.3,Clear,
G22662,Delta,2025,8,4,4,0,15.22,7.5600000000000005,4.0,3.66,4.28,30.5,30.5,Clear,
G22662,Delta,2025,9,3,3,0,5.65,1.85,3.8,0.0,6.34,14.0,13.0,Cloudy,
G22662,Delta,2025,10,1,1,0,4.0,0.0,0.0,4.0,5.78,15.0,24.8,Windy,
G22662,Delta,2025,11,2,2,0,8.0,4.0,4.0,0.0,5.07,12.1,21.5,Clear,
G22662,Delta,2025,12,3,3,0,8.26,4.26,0.0,4.0,4.06,2.5,39.5,Windy,
G22662,Delta,2026,1,4,4,0,16.0,4.0,4.0,8.0,6.67,2.4,26.7,Cloudy,
G22662,Delta,2026,2,2,2,0,6.59,4.0,0.0,2.59,5.17,4.3,18.5,Windy,
G22662,Delta,2026,3,3,3,0,11.91,4.0,7.91,0.0,5.55,15.9,6.1,Clear,
G22662,Delta,2026,4,4,4,0,15.870000000000001,8.0,4.0,3.87,8.35,16.2,7.8,Cloudy,
G22662,Delta,2026,5,5,5,0,20.0,0.0,16.0,4.0,4.66,16.5,26.8,Clear,
G22662,Delta,2026,6,5,5,0,20.0,4.0,12.0,4.0,4.87,30.9,35.6,Clear,
G22667,Sigma,2022,3,11,11,0,37.11,20.0,12.0,5.11,5.98,15.3,24.2,Clear,
G22667,Sigma,2022,4,14,14,0,49.52,13.870000000000001,10.99,24.66,3.14,16.6,26.3,Clear,
G22667,Sigma,2022,5,32,32,0,126.91,31.45,56.0,39.46,8.42,17.1,23.6,Cloudy,
G22667,Sigma,2022,6,16,16,0,60.96,32.96,16.0,12.0,2.1,29.2,44.9,Clear,
G22667,Sigma,2022,7,17,17,0,66.72,44.0,15.36,7.359999999999999,3.49,30.6,8.2,Clear,
G22667,Sigma,2022,8,15,15,0,56.93,30.78,18.79,7.359999999999999,4.52,31.1,29.7,Clear,
G22667,Sigma,2022,9,13,13,0,48.06,28.0,8.0,12.06,6.18,13.0,11.5,Rainy,
G22667,Sigma,2022,10,16,16,0,57.29,21.27,21.259999999999998,14.76,5.34,15.3,14.5,Cloudy,
G22667,Sigma,2022,11,3,3,0,12.0,4.0,0.0,8.0,4.9,14.0,13.2,Cloudy,
G22667,Sigma,2022,12,6,6,0,24.0,16.0,4.0,4.0,7.16,3.9,13.8,Cloudy,
G22667,Sigma,2023,1,9,9,0,36.0,16.0,8.0,12.0,6.81,4.7,5.3,Cloudy,
G22667,Sigma,2023,2,4,4,0,11.84,11.84,0.0,0.0,6.67,2.6,30.9,Clear,
G22667,Sigma,2023,3,5,5,0,20.0,16.0,4.0,0.0,7.4,16.6,37.4,Cloudy,
G22667,Sigma,2023,4,6,6,0,18.39,9.43,4.96,4.0,6.6,14.6,7.4,Clear,
G22667,Sigma,2023,5,9,9,0,30.13,13.84,12.29,4.0,6.67,15.4,21.1,Clear,
G22667,Sigma,2023,6,10,10,0,38.79,4.0,23.67,11.120000000000001,5.78,29.5,7.7,Clear,
G22667,Sigma,2023,7,15,15,0,54.089999999999996,20.0,20.0,14.09,4.94,29.9,19.2,Clear,
G22667,Sigma,2023,8,8,8,0,32.0,16.0,8.0,8.0,3.13,30.6,12.6,Clear,
G22667,Sigma,2023,9,6,6,0,18.259999999999998,8.01,4.0,6.25,5.32,14.1,33.1,Cloudy,
G22667,Sigma,2023,10,6,6,0,20.34,14.28,4.0,2.06,2.18,14.3,5.7,Cloudy,
G22667,Sigma,2023,11,8,8,0,17.990000000000002,6.890000000000001,11.1,0.0,6.69,12.8,36.9,Clear,
G22667,Sigma,2023,12,4,4,0,12.61,8.61,0.0,4.0,5.81,4.0,43.5,Clear,
G22667,Sigma,2024,1,6,6,0,21.78,16.0,5.78,0.0,6.73,3.6,36.5,Cloudy,
G22667,Sigma,2024,2,4,4,0,16.0,12.0,4.0,0.0,2.75,3.5,12.4,Cloudy,
G22667,Sigma,2024,3,4,4,0,16.0,4.0,0.0,12.0,5.32,16.3,23.7,Clear,
G22667,Sigma,2024,4,11,11,0,41.45,8.0,16.0,17.45,8.63,16.0,13.5,Clear,
G22667,Sigma,2024,5,9,9,0,30.27,14.27,12.0,4.0,6.0,16.0,13.2,Clear,
G22667,Sigma,2024,6,7,7,0,22.84,6.84,8.0,8.0,4.09,30.4,9.7,Clear,
G22667,Sigma,2024,7,4,4,0,16.0,8.0,4.0,4.0,7.18,29.4,44.1,Clear,
G22667,Sigma,2024,8,6,6,0,24.0,12.0,4.0,8.0,5.2,30.9,15.4,Clear,
G22667,Sigma,2024,9,5,5,0,17.52,5.52,8.0,4.0,3.91,13.7,27.0,Clear,
G22667,Sigma,2024,10,4,4,0,16.0,0.0,4.0,12.0,5.93,13.5,5.6,Clear,
G22667,Sigma,2024,11,3,3,0,12.0,8.0,4.0,0.0,3.14,13.4,11.8,Clear,
G22667,Sigma,2024,12,6,6,0,21.87,5.87,12.0,4.0,4.6,4.0,7.6,Rainy,
G22667,Sigma,2025,1,3,3,0,12.0,8.0,4.0,0.0,6.38,3.1,11.9,Windy,
G22667,Sigma,2025,2,2,2,0,8.0,0.0,4.0,4.0,6.27,4.7,25.6,Clear,
G22667,Sigma,2025,3,5,5,0,20.0,12.0,8.0,0.0,3.12,16.4,43.0,Clear,
G22667,Sigma,2025,4,5,5,0,20.0,12.0,4.0,4.0,3.3,16.3,19.4,Clear,
G22667,Sigma,2025,5,10,10,0,40.0,20.0,8.0,12.0,8.72,14.9,14.1,Clear,
G22667,Sigma,2025,6,5,5,0,20.0,0.0,12.0,8.0,8.06,29.6,36.2,Clear,
G22667,Sigma,2025,7,5,5,0,14.19,4.0,2.19,8.0,1.83,30.3,41.3,Clear,
G22667,Sigma,2025,8,8,8,0,28.689999999999998,12.69,8.0,8.0,3.12,29.6,20.2,Clear,
G22667,Sigma,2025,9,6,6,0,20.03,8.0,6.8,5.23,7.58,14.1,5.5,Cloudy,
G22667,Sigma,2025,10,4,4,0,16.0,4.0,12.0,0.0,5.16,14.5,16.5,Clear,
G22667,Sigma,2025,11,5,5,0,18.62,12.0,2.94,3.68,4.01,13.9,9.8,Clear,
G22667,Sigma,2025,12,1,1,0,4.0,4.0,0.0,0.0,6.97,2.4,5.7,Cloudy,
G22667,Sigma,2026,1,3,3,0,8.219999999999999,4.22,0.0,4.0,4.99,3.4,7.6,Cloudy,
G22667,Sigma,2026,2,5,5,0,13.52,4.0,8.8,0.72,3.83,2.6,28.3,Rainy,
G22667,Sigma,2026,3,6,6,0,23.490000000000002,11.49,4.0,8.0,8.95,15.9,37.8,Clear,
G22667,Sigma,2026,4,5,5,0,20.0,8.0,12.0,0.0,6.68,14.9,17.9,Clear,
G22667,Sigma,2026,5,3,3,0,12.0,4.0,8.0,0.0,5.64,16.0,6.8,Clear,
G22667,Sigma,2026,6,6,6,0,22.8,4.0,6.8,12.0,6.3,29.2,12.1,Clear,
G22677,Alpha,2023,8,10,10,0,35.18,16.22,8.0,10.96,7.34,28.2,39.8,Clear,
G22677,Alpha,2023,9,9,9,0,32.82,24.82,4.0,4.0,3.62,13.9,39.6,Cloudy,
G22677,Alpha,2023,10,7,7,0,27.060000000000002,8.0,11.06,8.0,6.39,15.1,13.0,Cloudy,
G22677,Alpha,2023,11,4,4,0,16.0,0.0,4.0,12.0,5.06,13.3,27.0,Cloudy,
G22677,Alpha,2023,12,2,2,0,4.85,4.0,0.85,0.0,6.08,3.0,10.2,Rainy,
G22677,Alpha,2024,1,1,1,0,4.0,0.0,4.0,0.0,4.8,3.1,7.4,Clear,
G22677,Alpha,2024,2,2,2,0,5.5600000000000005,4.0,1.56,0.0,6.2,2.0,42.4,Clear,
G22677,Alpha,2024,3,7,7,0,24.97,12.0,8.0,4.97,4.49,16.4,17.2,Cloudy,
G22677,Alpha,2024,4,8,8,0,28.25,16.25,12.0,0.0,2.99,16.7,27.9,Clear,
G22677,Alpha,2024,5,7,7,0,22.79,12.059999999999999,8.0,2.73,2.88,15.8,36.3,Clear,
G22677,Alpha,2024,6,6,6,0,24.0,8.0,12.0,4.0,5.4,30.3,5.7,Clear,
G22677,Alpha,2024,7,10,10,0,34.7,13.15,5.55,16.0,4.06,29.5,16.6,Clear,
G22677,Alpha,2024,8,6,6,0,24.0,16.0,8.0,0.0,5.17,28.6,9.4,Clear,
G22677,Alpha,2024,9,6,6,0,18.240000000000002,9.05,9.19,0.0,5.01,13.1,6.8,Cloudy,
G22677,Alpha,2024,10,4,4,0,16.0,12.0,0.0,4.0,8.58,13.6,21.8,Clear,
G22677,Alpha,2024,11,6,6,0,17.74,0.87,16.0,0.87,6.93,14.1,30.3,Rainy,
G22677,Alpha,2024,12,2,2,0,8.0,0.0,4.0,4.0,3.33,4.3,36.6,Clear,
G22677,Alpha,2025,2,2,2,0,7.890000000000001,4.0,0.0,3.89,4.82,3.1,35.4,Cloudy,
G22677,Alpha,2025,3,1,1,0,4.0,4.0,0.0,0.0,4.75,16.6,31.3,Clear,
G22677,Alpha,2025,4,4,4,0,13.52,4.0,9.52,0.0,7.11,17.4,6.2,Clear,
G22677,Alpha,2025,5,3,3,0,8.85,4.85,4.0,0.0,6.75,16.4,21.0,Clear,
G22677,Alpha,2025,6,3,3,0,11.59,0.0,7.59,4.0,5.06,31.3,30.3,Clear,
G22677,Alpha,2025,7,10,10,0,35.25,17.509999999999998,7.49,10.25,7.15,30.5,27.9,Clear,
G22677,Alpha,2025,8,4,4,0,16.0,8.0,4.0,4.0,5.61,31.3,39.2,Clear,
G22677,Alpha,2025,9,2,2,0,8.0,4.0,0.0,4.0,7.52,13.9,41.0,Clear,
G22677,Alpha,2025,10,2,2,0,8.0,4.0,0.0,4.0,4.72,14.8,35.0,Clear,
G22677,Alpha,2025,11,3,3,0,12.0,8.0,4.0,0.0,8.23,14.7,14.1,Cloudy,
G22677,Alpha,2025,12,5,5,0,20.0,8.0,8.0,4.0,2.89,3.9,11.5,Rainy,
G22677,Alpha,2026,1,4,4,0,16.0,4.0,4.0,8.0,6.04,3.1,25.0,Cloudy,
G22677,Alpha,2026,3,4,4,0,12.18,4.0,4.0,4.18,5.39,15.0,27.5,Clear,
G22677,Alpha,2026,4,3,3,0,11.98,4.0,3.98,4.0,7.94,14.4,41.4,Cloudy,
G22677,Alpha,2026,5,6,6,0,23.7,19.7,4.0,0.0,6.02,16.5,28.9,Clear,
G22677,Alpha,2026,6,6,6,0,21.259999999999998,12.0,8.0,1.26,3.7,28.3,16.3,Clear,
G22746,Alpha,2025,3,4,4,0,16.0,8.0,4.0,4.0,7.58,16.6,30.0,Clear,
G22746,Alpha,2025,4,5,5,0,16.14,4.0,12.14,0.0,6.99,17.4,5.2,Clear,
G22746,Alpha,2025,5,4,4,0,13.67,4.0,6.52,3.15,4.97,16.4,30.7,Clear,
G22746,Alpha,2025,6,4,4,0,16.0,12.0,4.0,0.0,11.1,31.3,5.2,Clear,
G22746,Alpha,2025,7,9,9,0,32.02,13.54,10.48,8.0,2.94,30.5,17.0,Clear,
G22746,Alpha,2025,8,3,3,0,12.0,12.0,0.0,0.0,8.35,31.3,23.8,Clear,
G22746,Alpha,2025,9,6,6,0,22.87,8.0,6.87,8.0,6.25,13.9,38.8,Clear,
G22746,Alpha,2025,10,5,5,0,18.759999999999998,4.0,8.0,6.76,4.35,14.8,30.9,Clear,
G22746,Alpha,2025,11,3,3,0,12.0,8.0,4.0,0.0,4.64,14.7,35.0,Cloudy,
G22746,Alpha,2025,12,3,3,0,9.3,1.3,0.0,8.0,7.88,3.9,38.4,Rainy,
G22746,Alpha,2026,1,2,2,0,8.0,4.0,4.0,0.0,4.49,3.1,10.6,Cloudy,
G22746,Alpha,2026,2,2,2,0,8.0,0.0,4.0,4.0,8.68,3.4,7.4,Rainy,
G22746,Alpha,2026,3,3,3,0,12.0,0.0,8.0,4.0,5.97,15.0,37.9,Clear,
G22746,Alpha,2026,4,2,2,0,4.52,4.0,0.52,0.0,5.73,14.4,22.1,Cloudy,
G22746,Alpha,2026,5,5,5,0,15.71,10.3,3.42,1.99,11.13,16.5,10.7,Clear,
G22746,Alpha,2026,6,9,9,0,34.37,12.0,12.0,10.370000000000001,4.81,28.3,40.4,Clear,
G22914,Gamma,2025,6,8,8,0,29.17,5.17,8.0,16.0,5.31,31.1,12.1,Clear,
G22914,Gamma,2025,7,6,6,0,24.0,8.0,12.0,4.0,6.4,29.2,14.3,Clear,
G22914,Gamma,2025,8,8,8,0,29.57,7.640000000000001,9.93,12.0,2.91,29.8,18.7,Clear,
G22914,Gamma,2025,9,8,8,0,28.509999999999998,4.0,17.58,6.93,5.81,13.7,8.8,Rainy,
G22914,Gamma,2025,10,4,4,0,13.55,9.55,0.0,4.0,0.98,15.7,30.1,Cloudy,
G22914,Gamma,2025,11,2,2,0,8.0,4.0,0.0,4.0,5.27,14.3,36.2,Clear,
G22914,Gamma,2025,12,3,3,0,9.75,4.0,0.0,5.75,6.76,2.7,13.7,Cloudy,
G22914,Gamma,2026,1,2,2,0,5.75,5.75,0.0,0.0,4.21,3.3,43.3,Cloudy,
G22914,Gamma,2026,3,3,3,0,11.16,0.0,7.16,4.0,6.58,15.4,29.6,Cloudy,
G22914,Gamma,2026,4,3,3,0,12.0,4.0,0.0,8.0,7.05,15.5,37.3,Clear,
G22914,Gamma,2026,5,6,6,0,24.0,16.0,8.0,0.0,5.62,14.6,20.0,Clear,
G22914,Gamma,2026,6,6,6,0,23.2,11.2,4.0,8.0,4.44,29.9,13.0,Clear,
G22927,Beta,2022,6,20,20,0,78.07,24.0,34.07,20.0,6.3,28.5,23.5,Clear,
G22927,Beta,2022,7,26,26,0,104.0,52.0,24.0,28.0,0.58,29.6,43.8,Clear,
G22927,Beta,2022,8,21,21,0,74.32,29.22,29.1,16.0,7.94,29.6,7.5,Clear,
G22927,Beta,2022,9,14,14,0,54.269999999999996,32.0,12.0,10.27,8.8,14.8,15.0,Clear,
G22927,Beta,2022,10,7,7,0,24.43,12.0,7.45,4.98,6.13,14.9,26.9,Clear,
G22927,Beta,2022,11,3,3,0,12.0,4.0,4.0,4.0,5.45,12.8,8.2,Cloudy,
G22927,Beta,2022,12,6,6,0,18.64,8.11,10.53,0.0,2.12,3.1,29.6,Cloudy,
G22927,Beta,2023,1,8,8,0,30.97,18.97,0.0,12.0,4.08,3.7,7.2,Cloudy,
G22927,Beta,2023,2,11,11,0,40.64,0.97,35.67,4.0,7.15,2.5,28.8,Rainy,
G22927,Beta,2023,3,4,4,0,15.32,4.0,11.32,0.0,5.76,15.6,38.8,Cloudy,
G22927,Beta,2023,4,10,10,0,36.52,16.52,12.0,8.0,4.49,17.0,31.2,Clear,
G22927,Beta,2023,5,10,10,0,39.46,15.46,16.0,8.0,5.82,16.9,5.4,Clear,
G22927,Beta,2023,6,13,13,0,44.65,14.48,20.39,9.78,3.33,30.5,19.6,Clear,
G22927,Beta,2023,7,16,16,0,56.63,17.27,27.36,12.0,3.18,30.2,26.4,Clear,
G22927,Beta,2023,8,8,8,0,28.02,12.02,12.0,4.0,4.09,29.9,15.1,Clear,
G22927,Beta,2023,9,5,5,0,20.0,16.0,4.0,0.0,3.84,14.6,32.1,Cloudy,
G22927,Beta,2023,10,12,12,0,38.23,13.870000000000001,6.3100000000000005,18.05,5.23,12.7,5.9,Clear,
G22927,Beta,2023,11,11,11,0,41.96,23.509999999999998,8.0,10.45,4.17,15.6,9.6,Clear,
G22927,Beta,2023,12,9,9,0,32.98,16.98,8.0,8.0,6.45,1.6,33.5,Clear,
G22927,Beta,2024,1,3,3,0,12.0,0.0,4.0,8.0,4.57,3.1,31.6,Windy,
G22927,Beta,2024,2,1,1,0,4.0,0.0,4.0,0.0,5.11,2.3,8.5,Cloudy,
G22927,Beta,2024,3,4,4,0,15.74,7.74,4.0,4.0,6.35,16.7,11.6,Clear,
G22927,Beta,2024,4,9,9,0,35.71,23.71,4.0,8.0,4.56,17.3,15.2,Clear,
G22927,Beta,2024,5,6,6,0,20.46,4.0,15.02,1.44,6.16,15.8,26.5,Clear,
G22927,Beta,2024,6,5,5,0,10.74,8.51,2.23,0.0,5.74,30.9,40.5,Clear,
G22927,Beta,2024,7,5,5,0,15.23,10.08,4.0,1.15,3.83,31.1,16.3,Clear,
G22927,Beta,2024,8,4,4,0,13.73,4.0,5.73,4.0,3.75,30.1,11.8,Clear,
G22927,Beta,2024,9,7,7,0,28.0,12.0,12.0,4.0,6.3,13.9,8.6,Clear,
G22927,Beta,2024,10,4,4,0,16.0,8.0,4.0,4.0,3.41,13.1,41.0,Clear,
G22927,Beta,2024,11,3,3,0,8.67,8.0,0.0,0.67,8.77,12.6,38.3,Clear,
G22927,Beta,2024,12,1,1,0,4.0,0.0,0.0,4.0,1.96,2.2,19.2,Rainy,
G22927,Beta,2025,1,2,2,0,8.0,4.0,0.0,4.0,1.44,3.7,17.2,Cloudy,
G22927,Beta,2025,2,3,3,0,12.0,12.0,0.0,0.0,2.04,4.0,15.3,Cloudy,
G22927,Beta,2025,3,7,7,0,28.0,20.0,4.0,4.0,7.54,15.5,16.1,Cloudy,
G22927,Beta,2025,4,3,3,0,12.0,0.0,8.0,4.0,7.32,16.6,38.5,Clear,
G22927,Beta,2025,5,3,3,0,9.42,9.42,0.0,0.0,3.97,16.6,22.8,Clear,
G22927,Beta,2025,6,7,7,0,25.02,13.02,12.0,0.0,4.2,31.6,12.5,Clear,
G22927,Beta,2025,7,7,7,0,26.84,18.84,8.0,0.0,6.54,29.2,42.5,Clear,
G22927,Beta,2025,8,5,5,0,12.440000000000001,8.440000000000001,0.0,4.0,5.02,30.2,30.5,Clear,
G22927,Beta,2025,9,3,3,0,12.0,4.0,8.0,0.0,7.58,15.1,39.1,Clear,
G22927,Beta,2025,10,4,4,0,15.96,7.96,4.0,4.0,5.37,14.2,45.0,Clear,
G22927,Beta,2025,11,2,2,0,8.0,4.0,0.0,4.0,5.6,14.2,41.5,Clear,
G22927,Beta,2026,1,2,2,0,8.0,0.0,8.0,0.0,2.61,2.1,38.8,Cloudy,
G22927,Beta,2026,2,2,2,0,8.0,0.0,4.0,4.0,3.28,2.4,31.8,Rainy,
G22927,Beta,2026,4,1,1,0,4.0,0.0,0.0,4.0,4.39,16.3,7.9,Clear,
G22927,Beta,2026,5,6,6,0,21.509999999999998,8.0,5.51,8.0,5.77,16.0,21.1,Clear,
G22927,Beta,2026,6,10,10,0,34.83,13.469999999999999,13.36,8.0,4.92,30.0,27.4,Clear,
G22969,Beta,2023,6,9,9,0,31.990000000000002,3.82,20.18,7.99,1.13,30.5,26.9,Clear,
G22969,Beta,2023,7,13,13,0,46.0,20.0,20.0,6.0,4.74,30.2,8.9,Clear,
G22969,Beta,2023,8,6,6,0,24.0,8.0,8.0,8.0,3.11,29.9,41.5,Clear,
G22969,Beta,2023,9,5,5,0,17.12,12.0,5.12,0.0,4.09,14.6,27.8,Cloudy,
G22969,Beta,2023,10,7,7,0,22.2,8.0,8.0,6.2,5.16,12.7,29.5,Clear,
G22969,Beta,2023,11,2,2,0,8.0,4.0,0.0,4.0,6.14,15.6,8.4,Clear,
G22969,Beta,2023,12,5,5,0,17.33,5.33,8.0,4.0,5.6,1.6,15.6,Clear,
G22969,Beta,2024,1,2,2,0,3.0,1.47,0.0,1.53,5.57,3.1,33.9,Windy,
G22969,Beta,2024,2,3,3,0,10.73,0.0,10.73,0.0,4.27,2.3,12.4,Cloudy,
G22969,Beta,2024,3,5,5,0,17.09,9.09,4.0,4.0,4.18,16.7,16.7,Clear,
G22969,Beta,2024,4,6,6,0,19.93,4.0,4.98,10.95,4.9,17.3,39.4,Clear,
G22969,Beta,2024,5,7,7,0,24.6,8.0,12.6,4.0,6.5,15.8,43.2,Clear,
G22969,Beta,2024,6,4,4,0,16.0,16.0,0.0,0.0,7.24,30.9,16.3,Clear,
G22969,Beta,2024,7,4,4,0,16.0,12.0,4.0,0.0,4.73,31.1,22.9,Clear,
G22969,Beta,2024,8,6,6,0,20.240000000000002,8.24,4.0,8.0,0.86,30.1,10.6,Clear,
G22969,Beta,2024,9,4,4,0,16.0,4.0,4.0,8.0,4.29,13.9,27.9,Clear,
G22969,Beta,2024,10,1,1,0,4.0,4.0,0.0,0.0,8.73,13.1,42.3,Clear,
G22969,Beta,2024,11,4,4,0,14.5,6.5,4.0,4.0,6.7,12.6,35.1,Clear,
G22969,Beta,2024,12,2,2,0,8.0,4.0,0.0,4.0,4.31,2.2,37.6,Rainy,
G22969,Beta,2025,1,3,3,0,12.0,4.0,4.0,4.0,5.51,3.7,32.5,Cloudy,
G22969,Beta,2025,2,1,1,0,1.0,1.0,0.0,0.0,5.99,4.0,12.7,Cloudy,
G22969,Beta,2025,3,3,3,0,9.86,5.86,4.0,0.0,2.82,15.5,9.8,Cloudy,
G22969,Beta,2025,4,5,5,0,17.14,5.14,0.0,12.0,8.03,16.6,32.5,Clear,
G22969,Beta,2025,5,6,6,0,21.34,13.34,8.0,0.0,4.23,16.6,21.6,Clear,
G22969,Beta,2025,6,5,5,0,13.32,4.15,4.0,5.17,5.63,31.6,7.1,Clear,
G22969,Beta,2025,7,3,3,0,12.0,8.0,0.0,4.0,3.58,29.2,43.8,Clear,
G22969,Beta,2025,8,3,3,0,9.06,4.0,5.0600000000000005,0.0,4.15,30.2,9.7,Clear,
G22969,Beta,2025,9,1,1,0,4.0,4.0,0.0,0.0,4.98,15.1,41.7,Clear,
G22969,Beta,2025,10,1,1,0,4.0,0.0,4.0,0.0,2.41,14.2,30.5,Clear,
G22969,Beta,2025,11,2,2,0,8.0,4.0,4.0,0.0,2.79,14.2,9.3,Clear,
G22969,Beta,2025,12,1,1,0,4.0,4.0,0.0,0.0,0.39,1.6,13.0,Cloudy,
G22969,Beta,2026,1,1,1,0,4.0,4.0,0.0,0.0,2.83,2.1,13.8,Cloudy,
G22969,Beta,2026,2,2,2,0,8.0,4.0,0.0,4.0,9.23,2.4,24.8,Rainy,
G22969,Beta,2026,3,3,3,0,8.38,4.0,4.38,0.0,4.43,16.3,31.3,Clear,
G22969,Beta,2026,5,5,5,0,17.08,8.0,4.0,5.08,4.54,16.0,38.9,Clear,
G22969,Beta,2026,6,5,5,0,17.22,10.36,6.859999999999999,0.0,6.85,30.0,17.2,Clear,
G23248,Sigma,2023,2,8,8,0,27.73,19.73,4.0,4.0,8.31,2.6,20.3,Clear,
G23248,Sigma,2023,3,7,7,0,25.47,17.47,8.0,0.0,8.48,16.6,32.0,Cloudy,
G23248,Sigma,2023,4,4,4,0,11.84,3.84,8.0,0.0,9.26,14.6,42.6,Clear,
G23248,Sigma,2023,5,8,8,0,29.48,16.0,13.48,0.0,8.03,15.4,42.2,Clear,
G23248,Sigma,2023,6,8,8,0,27.27,7.57,5.26,14.44,6.15,29.5,31.6,Clear,
G23248,Sigma,2023,7,12,12,0,46.82,15.53,15.29,16.0,3.42,29.9,43.1,Clear,
G23248,Sigma,2023,8,8,8,0,29.66,4.0,12.0,13.66,5.0,30.6,8.8,Clear,
G23248,Sigma,2023,9,5,5,0,19.81,12.0,4.0,3.81,6.55,14.1,41.5,Cloudy,
G23248,Sigma,2023,10,10,10,0,35.95,19.95,12.0,4.0,4.2,14.3,15.7,Cloudy,
G23248,Sigma,2023,11,6,6,0,24.0,16.0,8.0,0.0,5.98,12.8,41.8,Clear,
G23248,Sigma,2023,12,6,6,0,20.57,12.0,4.0,4.57,5.21,4.0,9.8,Clear,
G23248,Sigma,2024,1,2,2,0,8.0,4.0,4.0,0.0,1.32,3.6,20.6,Cloudy,
G23248,Sigma,2024,2,4,4,0,16.0,8.0,4.0,4.0,7.45,3.5,34.1,Cloudy,
G23248,Sigma,2024,3,4,4,0,12.65,4.65,0.0,8.0,1.39,16.3,19.1,Clear,
G23248,Sigma,2024,4,10,10,0,35.41,11.46,15.95,8.0,6.85,16.0,25.5,Clear,
G23248,Sigma,2024,5,8,8,0,29.009999999999998,20.0,4.0,5.01,1.5,16.0,13.5,Clear,
G23248,Sigma,2024,6,6,6,0,23.42,16.0,3.42,4.0,5.36,30.4,42.0,Clear,
G23248,Sigma,2024,7,5,5,0,17.22,12.0,5.22,0.0,4.71,29.4,27.7,Clear,
G23248,Sigma,2024,8,8,8,0,23.880000000000003,6.49,8.1,9.29,3.49,30.9,33.6,Clear,
G23248,Sigma,2024,9,7,7,0,23.78,9.91,5.95,7.92,6.62,13.7,6.1,Clear,
G23248,Sigma,2024,10,5,5,0,14.35,2.35,0.0,12.0,2.08,13.5,24.0,Clear,
G23248,Sigma,2024,11,5,5,0,19.58,8.0,7.58,4.0,4.07,13.4,43.2,Clear,
G23248,Sigma,2024,12,7,7,0,20.68,19.11,1.22,0.35,3.91,4.0,19.1,Rainy,
G23248,Sigma,2025,1,3,3,0,12.0,4.0,8.0,0.0,6.32,3.1,41.2,Windy,
G23248,Sigma,2025,2,7,7,0,26.69,8.0,18.69,0.0,0.0,4.7,10.8,Clear,
G23248,Sigma,2025,3,3,3,0,12.0,12.0,0.0,0.0,5.83,16.4,44.8,Clear,
G23248,Sigma,2025,4,5,5,0,20.0,4.0,8.0,8.0,5.99,16.3,28.8,Clear,
G23248,Sigma,2025,5,4,4,0,16.0,12.0,0.0,4.0,3.02,14.9,9.7,Clear,
G23248,Sigma,2025,6,9,9,0,29.4,11.8,13.6,4.0,4.82,29.6,36.5,Clear,
G23248,Sigma,2025,7,2,2,0,8.0,0.0,4.0,4.0,6.55,30.3,13.9,Clear,
G23248,Sigma,2025,8,8,8,0,30.490000000000002,22.490000000000002,4.0,4.0,3.08,29.6,40.7,Clear,
G23248,Sigma,2025,9,7,7,0,28.0,4.0,12.0,12.0,2.92,14.1,5.9,Cloudy,
G23248,Sigma,2025,10,3,3,0,8.1,0.87,7.23,0.0,5.0,14.5,8.0,Clear,
G23248,Sigma,2025,11,3,3,0,11.69,11.69,0.0,0.0,5.38,13.9,19.5,Clear,
G23248,Sigma,2025,12,5,5,0,13.23,9.23,4.0,0.0,4.68,2.4,12.6,Cloudy,
G23248,Sigma,2026,1,3,3,0,10.83,6.83,0.0,4.0,4.74,3.4,13.1,Cloudy,
G23248,Sigma,2026,3,4,4,0,12.92,0.0,4.92,8.0,7.85,15.9,43.7,Clear,
G23248,Sigma,2026,4,5,5,0,15.129999999999999,2.61,12.52,0.0,3.93,14.9,13.7,Clear,
G23248,Sigma,2026,5,8,8,0,25.34,21.34,0.0,4.0,2.35,16.0,24.5,Clear,
G23248,Sigma,2026,6,7,7,0,28.0,4.0,12.0,12.0,5.69,29.2,5.3,Clear,
G23263,Delta,2024,9,4,4,0,15.16,7.16,8.0,0.0,8.04,14.1,18.2,Cloudy,
G23263,Delta,2024,10,5,5,0,20.0,4.0,4.0,12.0,2.39,13.7,21.3,Cloudy,
G23263,Delta,2024,11,4,4,0,13.870000000000001,11.29,0.0,2.58,7.29,14.5,5.4,Cloudy,
G23263,Delta,2025,1,1,1,0,4.0,0.0,4.0,0.0,6.3,2.8,41.1,Windy,
G23263,Delta,2025,2,3,3,0,9.31,4.0,1.31,4.0,2.93,2.2,14.0,Rainy,
G23263,Delta,2025,3,2,2,0,8.0,4.0,0.0,4.0,9.15,14.4,30.5,Clear,
G23263,Delta,2025,4,4,4,0,12.43,4.0,4.0,4.43,7.13,16.7,22.3,Clear,
G23263,Delta,2025,5,2,2,0,8.0,4.0,4.0,0.0,9.25,15.5,27.8,Clear,
G23263,Delta,2025,6,6,6,0,21.509999999999998,13.51,4.0,4.0,1.4,30.8,23.7,Clear,
G23263,Delta,2025,7,4,4,0,16.0,8.0,4.0,4.0,6.22,30.1,19.7,Clear,
G23263,Delta,2025,8,4,4,0,16.0,12.0,4.0,0.0,4.23,30.5,7.9,Clear,
G23263,Delta,2025,9,4,4,0,16.0,0.0,8.0,8.0,3.94,14.0,29.0,Cloudy,
G23263,Delta,2025,10,4,4,0,16.0,16.0,0.0,0.0,4.67,15.0,32.8,Windy,
G23263,Delta,2025,11,1,1,0,3.49,0.0,3.49,0.0,7.33,12.1,26.9,Clear,
G23263,Delta,2025,12,5,5,0,19.28,8.0,7.279999999999999,4.0,2.38,2.5,22.8,Windy,
G23263,Delta,2026,1,4,4,0,14.84,8.0,6.84,0.0,9.09,2.4,34.0,Cloudy,
G23263,Delta,2026,2,3,3,0,12.0,8.0,0.0,4.0,5.88,4.3,42.5,Windy,
G23263,Delta,2026,3,3,3,0,8.5,4.0,4.5,0.0,8.69,15.9,28.4,Clear,
G23263,Delta,2026,4,1,1,0,4.0,4.0,0.0,0.0,7.79,16.2,32.3,Cloudy,
G23263,Delta,2026,5,14,14,0,48.98,15.44,15.06,18.48,6.24,16.5,41.9,Clear,
G23263,Delta,2026,6,3,3,0,12.0,8.0,0.0,4.0,4.67,30.9,39.0,Clear,
G23268,Beta,2024,2,4,4,0,16.0,0.0,12.0,4.0,6.27,2.3,32.7,Cloudy,
G23268,Beta,2024,3,6,6,0,23.4,16.0,0.0,7.4,0.11,16.7,35.8,Clear,
G23268,Beta,2024,4,7,7,0,28.0,12.0,8.0,8.0,2.74,17.3,12.3,Clear,
G23268,Beta,2024,5,13,13,0,47.82,19.82,20.0,8.0,4.44,15.8,38.2,Clear,
G23268,Beta,2024,6,9,9,0,29.95,13.95,12.0,4.0,3.88,30.9,43.2,Clear,
G23268,Beta,2024,7,7,7,0,25.42,18.39,3.03,4.0,7.66,31.1,20.0,Clear,
G23268,Beta,2024,8,11,11,0,41.57,14.01,19.56,8.0,7.87,30.1,12.8,Clear,
G23268,Beta,2024,9,8,8,0,28.259999999999998,19.15,9.11,0.0,4.35,13.9,38.8,Clear,
G23268,Beta,2024,10,6,6,0,22.62,6.62,4.0,12.0,0.7,13.1,21.4,Clear,
G23268,Beta,2024,11,2,2,0,4.05,0.05,0.0,4.0,5.87,12.6,28.8,Clear,
G23268,Beta,2025,1,4,4,0,16.0,8.0,4.0,4.0,7.46,3.7,22.2,Cloudy,
G23268,Beta,2025,2,2,2,0,8.0,8.0,0.0,0.0,4.31,4.0,15.3,Cloudy,
G23268,Beta,2025,3,3,3,0,10.36,6.359999999999999,0.0,4.0,7.9,15.5,40.6,Cloudy,
G23268,Beta,2025,4,1,1,0,4.0,4.0,0.0,0.0,5.27,16.6,22.2,Clear,
G23268,Beta,2025,5,3,3,0,12.0,12.0,0.0,0.0,8.03,16.6,5.1,Clear,
G23268,Beta,2025,6,5,5,0,17.63,4.0,13.629999999999999,0.0,8.37,31.6,7.4,Clear,
G23268,Beta,2025,7,4,4,0,13.34,13.34,0.0,0.0,5.91,29.2,13.9,Clear,
G23268,Beta,2025,8,7,7,0,28.0,20.0,8.0,0.0,7.25,30.2,22.1,Clear,
G23268,Beta,2025,9,1,1,0,2.13,2.13,0.0,0.0,4.25,15.1,39.8,Clear,
G23268,Beta,2025,10,3,3,0,12.0,4.0,4.0,4.0,3.04,14.2,23.1,Clear,
G23268,Beta,2025,11,4,4,0,12.95,8.0,0.0,4.95,11.62,14.2,6.8,Clear,
G23268,Beta,2025,12,3,3,0,12.0,8.0,4.0,0.0,3.06,1.6,31.0,Cloudy,
G23268,Beta,2026,1,3,3,0,12.0,8.0,4.0,0.0,8.95,2.1,30.0,Cloudy,
G23268,Beta,2026,2,1,1,0,2.37,2.37,0.0,0.0,6.15,2.4,22.5,Rainy,
G23268,Beta,2026,3,5,5,0,17.82,12.0,5.82,0.0,6.92,16.3,37.6,Clear,
G23268,Beta,2026,4,7,7,0,27.21,19.21,0.0,8.0,5.16,16.3,29.9,Clear,
G23268,Beta,2026,5,5,5,0,14.77,5.26,0.0,9.51,6.11,16.0,10.7,Clear,
G23268,Beta,2026,6,8,8,0,18.67,13.86,3.96,0.85,8.91,30.0,8.4,Clear,
G23288,Alpha,2023,9,9,9,0,33.97,26.37,7.6,0.0,7.61,13.9,11.5,Cloudy,
G23288,Alpha,2023,10,3,3,0,8.370000000000001,8.0,0.0,0.37,2.93,15.1,42.4,Cloudy,
G23288,Alpha,2023,11,10,10,0,37.88,8.0,13.879999999999999,16.0,6.24,13.3,27.1,Cloudy,
G23288,Alpha,2023,12,4,4,0,12.77,7.35,1.42,4.0,8.35,3.0,23.5,Rainy,
G23288,Alpha,2024,1,3,3,0,8.15,0.0,4.15,4.0,9.03,3.1,27.0,Clear,
G23288,Alpha,2024,2,3,3,0,12.0,8.0,4.0,0.0,5.76,2.0,9.4,Clear,
G23288,Alpha,2024,3,4,4,0,16.0,8.0,4.0,4.0,6.8,16.4,43.9,Cloudy,
G23288,Alpha,2024,4,15,15,0,53.0,18.16,27.71,7.13,3.75,16.7,44.0,Clear,
G23288,Alpha,2024,5,14,14,0,53.78,24.0,17.78,12.0,2.7,15.8,35.2,Clear,
G23288,Alpha,2024,6,10,10,0,34.05,20.0,5.2,8.85,3.29,30.3,42.3,Clear,
G23288,Alpha,2024,7,12,12,0,46.22,27.88,6.34,12.0,5.93,29.5,14.5,Clear,
G23288,Alpha,2024,8,10,10,0,36.1,23.75,8.35,4.0,5.35,28.6,39.5,Clear,
G23288,Alpha,2024,9,8,8,0,32.0,20.0,12.0,0.0,4.88,13.1,38.2,Cloudy,
G23288,Alpha,2024,10,5,5,0,20.0,8.0,8.0,4.0,3.99,13.6,42.1,Clear,
G23288,Alpha,2024,11,4,4,0,13.65,0.0,9.65,4.0,6.33,14.1,42.2,Rainy,
G23288,Alpha,2024,12,4,4,0,12.1,4.0,4.32,3.78,4.29,4.3,27.3,Clear,
G23288,Alpha,2025,1,3,3,0,12.0,8.0,4.0,0.0,7.93,1.8,5.8,Clear,
G23288,Alpha,2025,2,2,2,0,8.0,4.0,4.0,0.0,3.94,3.1,41.5,Cloudy,
G23288,Alpha,2025,3,3,3,0,11.25,0.0,3.58,7.67,9.92,16.6,27.6,Clear,
G23288,Alpha,2025,4,7,7,0,24.189999999999998,9.99,14.2,0.0,2.64,17.4,21.4,Clear,
G23288,Alpha,2025,5,3,3,0,12.0,0.0,12.0,0.0,10.45,16.4,25.1,Clear,
G23288,Alpha,2025,6,11,11,0,39.36,19.11,16.0,4.25,8.82,31.3,35.4,Clear,
G23288,Alpha,2025,7,11,11,0,44.0,24.0,8.0,12.0,8.14,30.5,9.8,Clear,
G23288,Alpha,2025,8,6,6,0,16.19,4.75,7.4399999999999995,4.0,8.35,31.3,40.5,Clear,
G23288,Alpha,2025,9,5,5,0,16.63,5.63,4.0,7.0,6.52,13.9,18.3,Clear,
G23288,Alpha,2025,10,3,3,0,12.0,0.0,8.0,4.0,6.41,14.8,25.9,Clear,
G23288,Alpha,2025,11,5,5,0,14.469999999999999,10.46,0.0,4.01,7.71,14.7,38.6,Cloudy,
G23288,Alpha,2025,12,5,5,0,15.719999999999999,4.0,7.72,4.0,7.31,3.9,23.4,Rainy,
G23288,Alpha,2026,1,2,2,0,7.3100000000000005,4.0,0.0,3.31,4.67,3.1,5.3,Cloudy,
G23288,Alpha,2026,2,1,1,0,4.0,4.0,0.0,0.0,4.11,3.4,26.9,Rainy,
G23288,Alpha,2026,3,2,2,0,7.08,3.08,4.0,0.0,5.13,15.0,11.0,Clear,
G23288,Alpha,2026,4,2,2,0,8.0,4.0,4.0,0.0,4.73,14.4,25.0,Cloudy,
G23288,Alpha,2026,5,6,6,0,21.06,12.0,9.059999999999999,0.0,5.21,16.5,40.2,Clear,
G23288,Alpha,2026,6,3,3,0,12.0,8.0,0.0,4.0,6.33,28.3,7.3,Clear,
G23314,Delta,2023,2,9,9,0,33.2,9.2,8.0,16.0,2.01,4.7,21.5,Cloudy,
G23314,Delta,2023,3,8,8,0,31.63,15.629999999999999,8.0,8.0,3.82,17.2,34.3,Clear,
G23314,Delta,2023,4,14,14,0,51.49,19.49,16.0,16.0,3.8,14.2,30.1,Clear,
G23314,Delta,2023,5,20,20,0,78.71,34.84,35.87,8.0,3.34,15.4,27.8,Clear,
G23314,Delta,2023,6,21,21,0,80.23,46.89,17.34,16.0,5.95,29.3,27.5,Clear,
G23314,Delta,2023,7,22,22,0,84.07,36.0,36.07,12.0,2.84,28.8,31.6,Clear,
G23314,Delta,2023,8,24,24,0,91.03,51.95,35.08,4.0,3.26,29.4,6.8,Clear,
G23314,Delta,2023,9,9,9,0,32.55,5.39,16.0,11.16,7.64,14.3,29.4,Cloudy,
G23314,Delta,2023,10,14,14,0,54.82,10.82,12.0,32.0,6.0,13.4,41.5,Clear,
G23314,Delta,2023,11,4,4,0,16.0,8.0,4.0,4.0,6.01,16.2,41.1,Clear,
G23314,Delta,2023,12,4,4,0,16.0,4.0,4.0,8.0,5.78,3.9,10.3,Clear,
G23314,Delta,2024,1,2,2,0,8.0,4.0,4.0,0.0,8.4,4.6,22.0,Windy,
G23314,Delta,2024,2,3,3,0,12.0,4.0,4.0,4.0,7.67,1.6,7.2,Cloudy,
G23314,Delta,2024,3,7,7,0,28.0,8.0,12.0,8.0,4.73,14.7,37.0,Clear,
G23314,Delta,2024,4,11,11,0,42.3,14.3,12.0,16.0,3.82,16.0,23.1,Clear,
G23314,Delta,2024,5,4,4,0,16.0,12.0,0.0,4.0,1.94,14.5,9.4,Clear,
G23314,Delta,2024,6,8,8,0,28.65,16.0,6.95,5.7,6.07,31.1,39.4,Clear,
G23314,Delta,2024,7,10,10,0,36.05,24.0,4.0,8.05,5.59,30.4,16.3,Clear,
G23314,Delta,2024,8,7,7,0,22.27,2.27,8.0,12.0,2.36,29.2,32.5,Clear,
G23314,Delta,2024,9,8,8,0,31.78,16.0,12.0,3.78,5.58,14.1,9.0,Cloudy,
G23314,Delta,2024,10,6,6,0,24.0,4.0,4.0,16.0,5.68,13.7,11.9,Cloudy,
G23314,Delta,2024,11,5,5,0,18.52,4.0,2.52,12.0,6.11,14.5,40.4,Cloudy,
G23314,Delta,2024,12,2,2,0,6.890000000000001,0.0,4.0,2.89,2.34,4.4,34.1,Clear,
G23314,Delta,2025,1,2,2,0,5.74,0.0,4.0,1.74,4.05,2.8,8.2,Windy,
G23314,Delta,2025,2,5,5,0,20.0,4.0,8.0,8.0,2.59,2.2,27.4,Rainy,
G23314,Delta,2025,3,4,4,0,13.05,9.05,0.0,4.0,7.59,14.4,25.1,Clear,
G23314,Delta,2025,4,2,2,0,8.0,0.0,8.0,0.0,0.63,16.7,29.6,Clear,
G23314,Delta,2025,5,5,5,0,16.47,4.0,11.35,1.12,6.59,15.5,12.5,Clear,
G23314,Delta,2025,6,4,4,0,16.0,8.0,4.0,4.0,6.14,30.8,12.3,Clear,
G23314,Delta,2025,7,3,3,0,11.22,7.220000000000001,0.0,4.0,6.24,30.1,22.2,Clear,
G23314,Delta,2025,8,6,6,0,20.67,16.67,0.0,4.0,5.18,30.5,5.9,Clear,
G23314,Delta,2025,9,7,7,0,23.31,6.71,16.6,0.0,6.38,14.0,14.9,Cloudy,
G23314,Delta,2025,10,6,6,0,17.28,17.09,0.0,0.19,3.95,15.0,45.0,Windy,
G23314,Delta,2025,11,2,2,0,6.0600000000000005,2.06,0.0,4.0,4.39,12.1,28.9,Clear,
G23314,Delta,2025,12,1,1,0,4.0,0.0,4.0,0.0,5.84,2.5,6.5,Windy,
G23314,Delta,2026,1,4,4,0,12.56,4.0,4.0,4.5600000000000005,5.98,2.4,9.1,Cloudy,
G23314,Delta,2026,2,3,3,0,10.11,2.14,3.97,4.0,7.68,4.3,9.6,Windy,
G23314,Delta,2026,3,6,6,0,21.310000000000002,13.31,8.0,0.0,7.25,15.9,23.7,Clear,
G23314,Delta,2026,4,3,3,0,8.51,0.51,4.0,4.0,4.21,16.2,27.9,Cloudy,
G23314,Delta,2026,5,9,9,0,35.08,4.0,11.08,20.0,6.74,16.5,32.1,Clear,
G23314,Delta,2026,6,2,2,0,8.0,4.0,4.0,0.0,3.47,30.9,32.1,Clear,
G23357,Alpha,2023,7,13,13,0,48.11,35.94,8.17,4.0,5.41,30.4,23.6,Clear,
G23357,Alpha,2023,8,6,6,0,19.54,12.0,7.5,0.04,4.29,28.2,12.1,Clear,
G23357,Alpha,2023,9,2,2,0,8.0,8.0,0.0,0.0,8.72,13.9,42.4,Cloudy,
G23357,Alpha,2023,11,8,8,0,27.759999999999998,7.92,8.0,11.84,4.75,13.3,35.2,Cloudy,
G23357,Alpha,2023,12,3,3,0,10.27,6.27,4.0,0.0,3.28,3.0,23.3,Rainy,
G23357,Alpha,2024,2,1,1,0,4.0,4.0,0.0,0.0,4.44,2.0,19.7,Clear,
G23357,Alpha,2024,3,6,6,0,15.18,10.99,0.19,4.0,3.02,16.4,39.0,Cloudy,
G23357,Alpha,2024,4,8,8,0,26.72,12.0,7.0600000000000005,7.66,4.16,16.7,38.4,Clear,
G23357,Alpha,2024,5,12,12,0,43.519999999999996,30.13,5.39,8.0,4.66,15.8,32.6,Clear,
G23357,Alpha,2024,6,10,10,0,34.58,16.42,6.38,11.78,4.62,30.3,18.9,Clear,
G23357,Alpha,2024,7,10,10,0,38.480000000000004,15.56,12.0,10.92,5.07,29.5,42.9,Clear,
G23357,Alpha,2024,8,3,3,0,10.55,8.0,0.0,2.55,5.75,28.6,40.0,Clear,
G23357,Alpha,2024,9,6,6,0,22.08,6.08,16.0,0.0,4.06,13.1,42.6,Cloudy,
G23357,Alpha,2024,10,5,5,0,17.06,12.0,5.0600000000000005,0.0,6.93,13.6,34.4,Clear,
G23357,Alpha,2024,11,8,8,0,29.41,8.0,17.41,4.0,4.18,14.1,32.1,Rainy,
G23357,Alpha,2024,12,1,1,0,4.0,4.0,0.0,0.0,7.66,4.3,5.5,Clear,
G23357,Alpha,2025,1,2,2,0,8.0,0.0,8.0,0.0,4.75,1.8,21.2,Clear,
G23357,Alpha,2025,2,3,3,0,12.0,4.0,4.0,4.0,4.05,3.1,19.9,Cloudy,
G23357,Alpha,2025,3,3,3,0,12.0,4.0,4.0,4.0,4.17,16.6,9.6,Clear,
G23357,Alpha,2025,4,2,2,0,5.6,0.0,4.0,1.6,1.77,17.4,27.7,Clear,
G23357,Alpha,2025,5,2,2,0,4.4,0.0,4.4,0.0,4.06,16.4,35.3,Clear,
G23357,Alpha,2025,6,8,8,0,26.13,18.13,4.0,4.0,4.14,31.3,36.1,Clear,
G23357,Alpha,2025,7,10,10,0,40.0,32.0,4.0,4.0,4.59,30.5,11.3,Clear,
G23357,Alpha,2025,8,2,2,0,7.92,7.92,0.0,0.0,4.59,31.3,14.5,Clear,
G23357,Alpha,2025,9,6,6,0,24.0,8.0,12.0,4.0,4.42,13.9,30.3,Clear,
G23357,Alpha,2025,10,3,3,0,9.69,5.6899999999999995,0.0,4.0,3.12,14.8,10.7,Clear,
G23357,Alpha,2025,11,1,1,0,1.61,0.0,0.0,1.61,1.18,14.7,10.4,Cloudy,
G23357,Alpha,2025,12,4,4,0,16.0,4.0,8.0,4.0,4.52,3.9,10.7,Rainy,
G23357,Alpha,2026,1,3,3,0,12.0,4.0,4.0,4.0,7.36,3.1,36.8,Cloudy,
G23357,Alpha,2026,2,3,3,0,12.0,12.0,0.0,0.0,6.94,3.4,25.8,Rainy,
G23357,Alpha,2026,3,1,1,0,4.0,4.0,0.0,0.0,7.16,15.0,15.0,Clear,
G23357,Alpha,2026,4,1,1,0,4.0,0.0,0.0,4.0,6.26,14.4,30.0,Cloudy,
G23357,Alpha,2026,5,9,9,0,34.42,10.72,16.0,7.7,3.04,16.5,32.3,Clear,
G23357,Alpha,2026,6,6,6,0,17.03,5.57,10.53,0.93,7.62,28.3,14.5,Clear,
G23402,Alpha,2024,12,2,2,0,6.359999999999999,2.55,3.81,0.0,3.96,4.3,36.8,Clear,
G23402,Alpha,2025,1,2,2,0,8.0,0.0,4.0,4.0,5.25,1.8,15.8,Clear,
G23402,Alpha,2025,2,3,3,0,12.0,8.0,0.0,4.0,2.94,3.1,18.7,Cloudy,
G23402,Alpha,2025,3,4,4,0,16.0,8.0,4.0,4.0,4.36,16.6,38.4,Clear,
G23402,Alpha,2025,4,1,1,0,4.0,0.0,0.0,4.0,3.54,17.4,42.8,Clear,
G23402,Alpha,2025,5,9,9,0,22.27,8.06,1.91,12.3,10.52,16.4,25.6,Clear,
G23402,Alpha,2025,6,7,7,0,21.64,13.64,4.0,4.0,4.57,31.3,23.1,Clear,
G23402,Alpha,2025,7,8,8,0,19.58,15.58,4.0,0.0,8.79,30.5,14.7,Clear,
G23402,Alpha,2025,8,3,3,0,12.0,8.0,0.0,4.0,3.14,31.3,36.8,Clear,
G23402,Alpha,2025,9,5,5,0,16.48,8.0,0.48,8.0,8.59,13.9,40.8,Clear,
G23402,Alpha,2025,10,3,3,0,12.0,4.0,8.0,0.0,7.51,14.8,36.3,Clear,
G23402,Alpha,2025,11,2,2,0,8.0,0.0,4.0,4.0,5.28,14.7,18.8,Cloudy,
G23402,Alpha,2025,12,2,2,0,8.0,0.0,0.0,8.0,5.91,3.9,41.4,Rainy,
G23402,Alpha,2026,1,2,2,0,8.0,4.0,4.0,0.0,4.06,3.1,6.8,Cloudy,
G23402,Alpha,2026,2,2,2,0,5.9,5.9,0.0,0.0,5.42,3.4,43.6,Rainy,
G23402,Alpha,2026,3,1,1,0,3.7,0.0,3.7,0.0,4.62,15.0,30.0,Clear,
G23402,Alpha,2026,4,3,3,0,11.41,3.41,4.0,4.0,4.5,14.4,34.1,Cloudy,
G23402,Alpha,2026,5,5,5,0,20.0,8.0,8.0,4.0,1.06,16.5,29.2,Clear,
G23402,Alpha,2026,6,2,2,0,8.0,0.0,4.0,4.0,5.13,28.3,25.7,Clear,
G23405,Gamma,2023,5,14,14,0,56.0,20.0,8.0,28.0,4.0,14.7,17.3,Clear,
G23405,Gamma,2023,6,12,12,0,43.76,31.759999999999998,4.0,8.0,2.55,30.7,30.8,Clear,
G23405,Gamma,2023,7,18,18,0,67.99,14.59,33.4,20.0,4.34,29.6,10.0,Clear,
G23405,Gamma,2023,8,10,10,0,37.74,12.0,16.0,9.74,6.61,29.7,10.1,Clear,
G23405,Gamma,2023,9,6,6,0,24.0,16.0,8.0,0.0,6.92,14.3,15.7,Cloudy,
G23405,Gamma,2023,10,5,5,0,20.0,8.0,8.0,4.0,0.78,15.1,16.4,Clear,
G23405,Gamma,2023,11,6,6,0,23.82,3.82,8.0,12.0,3.86,15.7,10.6,Clear,
G23405,Gamma,2023,12,3,3,0,10.41,0.0,4.0,6.41,4.01,3.1,39.5,Windy,
G23405,Gamma,2024,1,6,6,0,24.0,8.0,12.0,4.0,6.3,1.5,39.8,Cloudy,
G23405,Gamma,2024,2,3,3,0,11.06,0.0,11.06,0.0,0.67,1.9,15.7,Clear,
G23405,Gamma,2024,3,5,5,0,19.79,11.79,4.0,4.0,2.58,13.7,44.0,Cloudy,
G23405,Gamma,2024,4,8,8,0,31.060000000000002,15.94,11.120000000000001,4.0,4.13,14.4,36.0,Clear,
G23405,Gamma,2024,5,8,8,0,29.08,16.0,5.08,8.0,9.22,17.0,6.7,Clear,
G23405,Gamma,2024,6,5,5,0,14.83,8.59,0.0,6.24,4.51,31.2,15.6,Clear,
G23405,Gamma,2024,7,9,9,0,35.39,16.0,12.0,7.390000000000001,2.75,29.5,33.5,Clear,
G23405,Gamma,2024,8,13,13,0,39.92,15.92,12.0,12.0,3.98,30.1,44.1,Clear,
G23405,Gamma,2024,9,7,7,0,25.14,8.0,13.14,4.0,2.94,14.5,43.3,Cloudy,
G23405,Gamma,2024,10,2,2,0,8.0,4.0,0.0,4.0,6.41,13.6,23.9,Rainy,
G23405,Gamma,2024,11,1,1,0,4.0,4.0,0.0,0.0,6.71,14.5,40.8,Cloudy,
G23405,Gamma,2024,12,3,3,0,12.0,4.0,4.0,4.0,9.27,3.2,9.5,Cloudy,
G23405,Gamma,2025,1,2,2,0,6.970000000000001,0.0,2.97,4.0,6.54,3.0,23.6,Rainy,
G23405,Gamma,2025,2,3,3,0,10.7,6.7,0.0,4.0,3.87,2.3,41.9,Clear,
G23405,Gamma,2025,3,3,3,0,9.74,4.0,4.0,1.74,7.25,17.2,29.0,Rainy,
G23405,Gamma,2025,4,4,4,0,16.0,8.0,4.0,4.0,3.75,15.2,38.3,Clear,
G23405,Gamma,2025,5,10,10,0,33.56,14.29,8.0,11.27,5.78,16.4,34.6,Clear,
G23405,Gamma,2025,6,5,5,0,20.0,4.0,12.0,4.0,7.43,31.1,31.5,Clear,
G23405,Gamma,2025,7,7,7,0,19.23,4.0,7.23,8.0,4.84,29.2,16.2,Clear,
G23405,Gamma,2025,8,5,5,0,16.44,0.0,4.44,12.0,8.12,29.8,28.0,Clear,
G23405,Gamma,2025,9,7,7,0,25.46,9.46,16.0,0.0,4.98,13.7,10.4,Rainy,
G23405,Gamma,2025,10,5,5,0,17.71,9.71,4.0,4.0,4.39,15.7,38.6,Cloudy,
G23405,Gamma,2025,11,5,5,0,17.91,16.0,1.91,0.0,6.01,14.3,19.1,Clear,
G23405,Gamma,2025,12,4,4,0,14.77,2.77,4.0,8.0,8.83,2.7,30.3,Cloudy,
G23405,Gamma,2026,1,1,1,0,4.0,4.0,0.0,0.0,2.42,3.3,28.3,Cloudy,
G23405,Gamma,2026,2,2,2,0,8.0,4.0,0.0,4.0,3.1,3.5,12.5,Windy,
G23405,Gamma,2026,3,4,4,0,16.0,8.0,4.0,4.0,7.54,15.4,12.9,Cloudy,
G23405,Gamma,2026,4,2,2,0,5.37,0.0,0.0,5.37,5.48,15.5,19.2,Clear,
G23405,Gamma,2026,5,5,5,0,20.0,16.0,4.0,0.0,4.22,14.6,43.3,Clear,
G23405,Gamma,2026,6,8,8,0,32.0,8.0,24.0,0.0,7.27,29.9,28.1,Clear,
G23423,Alpha,2023,8,12,12,0,46.89,28.0,8.0,10.89,1.88,28.2,23.9,Clear,
G23423,Alpha,2023,9,6,6,0,17.72,13.72,0.0,4.0,4.31,13.9,25.3,Cloudy,
G23423,Alpha,2023,10,5,5,0,19.09,7.85,4.0,7.24,4.73,15.1,11.1,Cloudy,
G23423,Alpha,2023,11,5,5,0,18.44,8.0,4.0,6.4399999999999995,7.21,13.3,8.7,Cloudy,
G23423,Alpha,2023,12,2,2,0,8.0,0.0,4.0,4.0,3.43,3.0,15.2,Rainy,
G23423,Alpha,2024,1,3,3,0,8.53,4.0,0.53,4.0,4.84,3.1,38.1,Clear,
G23423,Alpha,2024,2,3,3,0,10.81,8.0,2.81,0.0,2.25,2.0,40.5,Clear,
G23423,Alpha,2024,3,9,9,0,36.0,28.0,4.0,4.0,5.62,16.4,14.9,Cloudy,
G23423,Alpha,2024,4,9,9,0,32.09,4.09,12.0,16.0,6.19,16.7,20.4,Clear,
G23423,Alpha,2024,5,9,9,0,28.91,9.06,12.0,7.85,3.78,15.8,25.1,Clear,
G23423,Alpha,2024,6,8,8,0,29.61,9.61,16.0,4.0,6.93,30.3,41.4,Clear,
G23423,Alpha,2024,7,6,6,0,18.240000000000002,5.57,4.79,7.88,6.25,29.5,15.9,Clear,
G23423,Alpha,2024,8,9,9,0,30.6,16.0,10.6,4.0,7.67,28.6,15.6,Clear,
G23423,Alpha,2024,9,4,4,0,16.0,8.0,8.0,0.0,5.41,13.1,42.2,Cloudy,
G23423,Alpha,2024,10,4,4,0,15.71,0.0,4.0,11.71,5.82,13.6,32.4,Clear,
G23423,Alpha,2024,11,9,9,0,31.89,15.18,8.71,8.0,5.65,14.1,13.4,Rainy,
G23423,Alpha,2024,12,2,2,0,8.0,4.0,4.0,0.0,6.17,4.3,9.4,Clear,
G23423,Alpha,2025,1,1,1,0,4.0,0.0,4.0,0.0,5.46,1.8,17.3,Clear,
G23423,Alpha,2025,2,1,1,0,4.0,0.0,0.0,4.0,5.74,3.1,36.9,Cloudy,
G23423,Alpha,2025,3,3,3,0,11.5,3.5,0.0,8.0,5.51,16.6,33.3,Clear,
G23423,Alpha,2025,4,7,7,0,24.5,8.5,8.0,8.0,5.55,17.4,30.1,Clear,
G23423,Alpha,2025,5,7,7,0,26.990000000000002,4.0,14.99,8.0,5.15,16.4,31.9,Clear,
G23423,Alpha,2025,6,4,4,0,12.08,3.68,4.4,4.0,5.23,31.3,16.4,Clear,
G23423,Alpha,2025,7,10,10,0,40.0,20.0,12.0,8.0,3.99,30.5,13.6,Clear,
G23423,Alpha,2025,8,6,6,0,22.63,12.0,0.0,10.629999999999999,5.46,31.3,11.2,Clear,
G23423,Alpha,2025,9,6,6,0,20.98,8.0,8.0,4.98,3.23,13.9,34.2,Clear,
G23423,Alpha,2025,10,6,6,0,24.0,4.0,8.0,12.0,4.81,14.8,43.9,Clear,
G23423,Alpha,2025,11,5,5,0,18.55,4.0,8.0,6.55,8.02,14.7,42.3,Cloudy,
G23423,Alpha,2025,12,2,2,0,5.46,1.46,4.0,0.0,3.48,3.9,26.2,Rainy,
G23423,Alpha,2026,1,2,2,0,8.0,4.0,0.0,4.0,5.84,3.1,15.4,Cloudy,
G23423,Alpha,2026,2,2,2,0,8.0,4.0,0.0,4.0,1.83,3.4,10.9,Rainy,
G23423,Alpha,2026,3,1,1,0,4.0,0.0,4.0,0.0,4.62,15.0,6.4,Clear,
G23423,Alpha,2026,4,2,2,0,1.7400000000000002,0.64,0.0,1.1,4.24,14.4,17.8,Cloudy,
G23423,Alpha,2026,5,6,6,0,24.0,8.0,4.0,12.0,3.21,16.5,39.0,Clear,
G23423,Alpha,2026,6,7,7,0,21.57,4.8,4.0,12.77,2.75,28.3,24.9,Clear,
G23583,Gamma,2024,10,1,1,0,4.0,0.0,4.0,0.0,4.43,13.6,15.1,Rainy,
G23583,Gamma,2024,11,1,1,0,3.31,0.0,3.31,0.0,2.67,14.5,31.8,Cloudy,
G23583,Gamma,2025,1,1,1,0,2.35,2.35,0.0,0.0,2.55,3.0,13.3,Rainy,
G23583,Gamma,2025,2,4,4,0,16.0,0.0,16.0,0.0,5.87,2.3,14.6,Clear,
G23583,Gamma,2025,3,4,4,0,13.99,4.0,8.0,1.99,2.69,17.2,7.3,Rainy,
G23583,Gamma,2025,4,5,5,0,20.0,8.0,12.0,0.0,5.15,15.2,7.3,Clear,
G23583,Gamma,2025,5,5,5,0,20.0,4.0,8.0,8.0,3.89,16.4,30.9,Clear,
G23583,Gamma,2025,6,4,4,0,14.17,4.0,10.17,0.0,5.84,31.1,39.7,Clear,
G23583,Gamma,2025,7,4,4,0,12.91,8.91,4.0,0.0,10.15,29.2,42.3,Clear,
G23583,Gamma,2025,8,3,3,0,9.94,8.0,0.0,1.94,6.54,29.8,10.1,Clear,
G23583,Gamma,2025,9,4,4,0,13.33,9.33,4.0,0.0,2.64,13.7,34.1,Rainy,
G23583,Gamma,2025,10,5,5,0,16.67,8.0,8.0,0.67,5.47,15.7,29.8,Cloudy,
G23583,Gamma,2025,11,2,2,0,5.28,1.28,4.0,0.0,4.63,14.3,17.0,Clear,
G23583,Gamma,2025,12,2,2,0,8.0,4.0,4.0,0.0,5.04,2.7,25.4,Cloudy,
G23583,Gamma,2026,2,2,2,0,8.0,4.0,4.0,0.0,5.28,3.5,22.2,Windy,
G23583,Gamma,2026,3,3,3,0,12.0,8.0,4.0,0.0,8.88,15.4,23.5,Cloudy,
G23583,Gamma,2026,4,6,6,0,22.240000000000002,4.0,4.0,14.24,5.73,15.5,12.8,Clear,
G23583,Gamma,2026,5,2,2,0,4.7,4.7,0.0,0.0,8.71,14.6,39.6,Clear,
G23583,Gamma,2026,6,1,1,0,4.0,0.0,4.0,0.0,8.24,29.9,35.9,Clear,
G23722,Sigma,2023,3,7,7,0,21.759999999999998,13.76,8.0,0.0,3.83,16.6,39.5,Cloudy,
G23722,Sigma,2023,4,5,5,0,20.0,16.0,4.0,0.0,4.28,14.6,15.3,Clear,
G23722,Sigma,2023,5,11,11,0,39.94,20.99,14.95,4.0,3.46,15.4,38.2,Clear,
G23722,Sigma,2023,6,9,9,0,34.98,4.0,20.0,10.98,3.91,29.5,30.5,Clear,
G23722,Sigma,2023,7,12,12,0,42.44,15.49,22.95,4.0,4.92,29.9,6.9,Clear,
G23722,Sigma,2023,8,12,12,0,46.05,16.0,15.29,14.76,4.14,30.6,17.1,Clear,
G23722,Sigma,2023,9,8,8,0,30.310000000000002,8.0,14.31,8.0,7.6,14.1,12.0,Cloudy,
G23722,Sigma,2023,10,7,7,0,22.55,8.0,9.79,4.76,4.4,14.3,8.5,Cloudy,
G23722,Sigma,2023,11,5,5,0,18.240000000000002,10.24,8.0,0.0,0.38,12.8,32.6,Clear,
G23722,Sigma,2023,12,5,5,0,16.3,9.61,2.69,4.0,5.34,4.0,38.1,Clear,
G23722,Sigma,2024,1,4,4,0,16.0,4.0,12.0,0.0,5.07,3.6,12.8,Cloudy,
G23722,Sigma,2024,2,3,3,0,10.49,8.0,2.49,0.0,3.98,3.5,31.5,Cloudy,
G23722,Sigma,2024,3,4,4,0,16.0,12.0,0.0,4.0,6.47,16.3,38.6,Clear,
G23722,Sigma,2024,4,7,7,0,21.1,4.0,8.43,8.67,4.93,16.0,30.5,Clear,
G23722,Sigma,2024,5,9,9,0,32.66,28.0,4.0,0.66,8.4,16.0,13.4,Clear,
G23722,Sigma,2024,6,4,4,0,13.59,11.92,1.67,0.0,4.27,30.4,5.6,Clear,
G23722,Sigma,2024,7,6,6,0,22.740000000000002,12.0,4.0,6.74,4.25,29.4,16.8,Clear,
G23722,Sigma,2024,8,8,8,0,31.02,19.02,8.0,4.0,4.95,30.9,44.2,Clear,
G23722,Sigma,2024,9,5,5,0,20.0,12.0,8.0,0.0,4.87,13.7,12.7,Clear,
G23722,Sigma,2024,10,4,4,0,16.0,8.0,8.0,0.0,6.0,13.5,12.9,Clear,
G23722,Sigma,2024,11,2,2,0,8.0,4.0,4.0,0.0,0.27,13.4,35.5,Clear,
G23722,Sigma,2024,12,7,7,0,24.11,8.44,15.67,0.0,6.41,4.0,36.2,Rainy,
G23722,Sigma,2025,1,3,3,0,12.0,0.0,12.0,0.0,8.52,3.1,14.3,Windy,
G23722,Sigma,2025,2,4,4,0,14.879999999999999,6.88,8.0,0.0,4.66,4.7,16.3,Clear,
G23722,Sigma,2025,3,4,4,0,14.27,4.0,6.27,4.0,6.95,16.4,35.8,Clear,
G23722,Sigma,2025,4,5,5,0,16.27,8.0,4.27,4.0,7.08,16.3,6.4,Clear,
G23722,Sigma,2025,5,3,3,0,5.12,0.0,3.46,1.66,0.32,14.9,42.4,Clear,
G23722,Sigma,2025,6,6,6,0,20.51,10.95,8.0,1.56,6.63,29.6,33.3,Clear,
G23722,Sigma,2025,7,4,4,0,16.0,8.0,8.0,0.0,6.11,30.3,44.0,Clear,
G23722,Sigma,2025,8,5,5,0,20.0,16.0,4.0,0.0,7.26,29.6,22.1,Clear,
G23722,Sigma,2025,9,4,4,0,15.120000000000001,7.12,4.0,4.0,4.17,14.1,6.7,Cloudy,
G23722,Sigma,2025,10,5,5,0,20.0,8.0,4.0,8.0,7.67,14.5,10.3,Clear,
G23722,Sigma,2025,11,5,5,0,19.48,19.48,0.0,0.0,5.76,13.9,33.7,Clear,
G23722,Sigma,2025,12,2,2,0,8.0,4.0,0.0,4.0,2.71,2.4,33.1,Cloudy,
G23722,Sigma,2026,1,2,2,0,6.8,4.0,0.0,2.8,6.45,3.4,16.2,Cloudy,
G23722,Sigma,2026,2,2,2,0,8.0,0.0,0.0,8.0,7.72,2.6,8.8,Rainy,
G23722,Sigma,2026,3,3,3,0,8.5,4.5,4.0,0.0,5.89,15.9,35.5,Clear,
G23722,Sigma,2026,4,5,5,0,20.0,12.0,8.0,0.0,4.55,14.9,44.5,Clear,
G23722,Sigma,2026,5,9,9,0,26.11,9.01,9.86,7.24,0.99,16.0,30.6,Clear,
G23722,Sigma,2026,6,1,1,0,4.0,0.0,4.0,0.0,8.22,29.2,13.0,Clear,
G23726,Delta,2023,10,12,12,0,43.7,18.27,12.0,13.43,6.84,13.4,22.9,Clear,
G23726,Delta,2023,11,2,2,0,4.95,4.0,0.95,0.0,4.62,16.2,45.0,Clear,
G23726,Delta,2023,12,6,6,0,24.0,12.0,8.0,4.0,4.34,3.9,19.2,Clear,
G23726,Delta,2024,1,4,4,0,16.0,12.0,4.0,0.0,7.29,4.6,27.7,Windy,
G23726,Delta,2024,2,6,6,0,23.65,11.65,8.0,4.0,8.64,1.6,11.3,Cloudy,
G23726,Delta,2024,3,5,5,0,20.0,4.0,4.0,12.0,4.69,14.7,6.1,Clear,
G23726,Delta,2024,4,3,3,0,12.0,12.0,0.0,0.0,6.55,16.0,37.9,Clear,
G23726,Delta,2024,5,11,11,0,44.0,20.0,12.0,12.0,6.4,14.5,15.0,Clear,
G23726,Delta,2024,6,17,17,0,61.94,27.39,16.0,18.55,6.42,31.1,37.5,Clear,
G23726,Delta,2024,7,11,11,0,41.09,23.62,12.0,5.47,5.17,30.4,9.4,Clear,
G23726,Delta,2024,8,3,3,0,10.44,8.0,2.44,0.0,11.77,29.2,36.8,Clear,
G23726,Delta,2024,9,4,4,0,13.64,4.0,7.6,2.04,4.86,14.1,38.8,Cloudy,
G23726,Delta,2024,10,8,8,0,31.04,3.04,12.0,16.0,9.02,13.7,28.4,Cloudy,
G23726,Delta,2024,11,6,6,0,23.41,8.0,0.0,15.41,7.49,14.5,26.5,Cloudy,
G23726,Delta,2024,12,3,3,0,11.57,3.57,0.0,8.0,9.31,4.4,40.1,Clear,
G23726,Delta,2025,1,3,3,0,12.0,4.0,4.0,4.0,4.37,2.8,24.1,Windy,
G23726,Delta,2025,2,3,3,0,12.0,4.0,4.0,4.0,6.6,2.2,17.8,Rainy,
G23726,Delta,2025,3,5,5,0,20.0,8.0,4.0,8.0,3.34,14.4,17.6,Clear,
G23726,Delta,2025,4,4,4,0,14.36,0.0,12.0,2.36,4.62,16.7,26.5,Clear,
G23726,Delta,2025,5,9,9,0,33.03,12.0,17.03,4.0,7.81,15.5,17.8,Clear,
G23726,Delta,2025,6,10,10,0,37.1,11.49,14.53,11.08,7.65,30.8,22.9,Clear,
G23726,Delta,2025,7,4,4,0,10.71,4.0,2.71,4.0,7.29,30.1,39.1,Clear,
G23726,Delta,2025,8,5,5,0,16.65,16.65,0.0,0.0,4.72,30.5,7.2,Clear,
G23726,Delta,2025,9,5,5,0,16.259999999999998,0.0,12.26,4.0,6.03,14.0,14.8,Cloudy,
G23726,Delta,2025,10,5,5,0,20.0,8.0,8.0,4.0,4.69,15.0,26.6,Windy,
G23726,Delta,2025,11,1,1,0,4.0,4.0,0.0,0.0,9.96,12.1,20.6,Clear,
G23726,Delta,2025,12,1,1,0,4.0,0.0,4.0,0.0,4.65,2.5,31.1,Windy,
G23726,Delta,2026,1,3,3,0,12.0,4.0,4.0,4.0,5.17,2.4,8.3,Cloudy,
G23726,Delta,2026,2,1,1,0,0.82,0.0,0.0,0.82,8.91,4.3,38.0,Windy,
G23726,Delta,2026,3,3,3,0,8.85,1.03,7.82,0.0,3.74,15.9,39.7,Clear,
G23726,Delta,2026,4,4,4,0,16.0,8.0,8.0,0.0,4.52,16.2,31.2,Cloudy,
G23726,Delta,2026,5,11,11,0,41.68,8.0,24.0,9.68,6.64,16.5,28.6,Clear,
G23726,Delta,2026,6,7,7,0,21.35,12.9,4.45,4.0,4.96,30.9,10.0,Clear,
G23771,Beta,2023,4,11,11,0,44.0,16.0,20.0,8.0,7.47,17.0,26.7,Clear,
G23771,Beta,2023,5,15,15,0,51.269999999999996,19.27,20.0,12.0,2.95,16.9,37.7,Clear,
G23771,Beta,2023,6,12,12,0,43.16,12.0,15.16,16.0,7.91,30.5,11.8,Clear,
G23771,Beta,2023,7,13,13,0,42.5,14.620000000000001,19.88,8.0,3.95,30.2,13.3,Clear,
G23771,Beta,2023,8,11,11,0,31.87,16.3,7.57,8.0,1.59,29.9,13.1,Clear,
G23771,Beta,2023,9,12,12,0,44.48,13.14,27.34,4.0,6.71,14.6,19.6,Cloudy,
G23771,Beta,2023,10,9,9,0,23.44,8.05,2.48,12.91,3.0,12.7,31.1,Clear,
G23771,Beta,2023,11,7,7,0,21.06,8.0,1.06,12.0,3.58,15.6,32.1,Clear,
G23771,Beta,2023,12,8,8,0,32.0,12.0,8.0,12.0,6.33,1.6,34.4,Clear,
G23771,Beta,2024,1,4,4,0,16.0,8.0,8.0,0.0,2.59,3.1,41.7,Windy,
G23771,Beta,2024,2,2,2,0,8.0,0.0,4.0,4.0,2.12,2.3,22.0,Cloudy,
G23771,Beta,2024,3,5,5,0,20.0,16.0,4.0,0.0,3.95,16.7,20.2,Clear,
G23771,Beta,2024,4,11,11,0,41.94,14.85,8.0,19.09,3.99,17.3,24.2,Clear,
G23771,Beta,2024,5,11,11,0,36.6,9.98,16.740000000000002,9.879999999999999,4.64,15.8,24.3,Clear,
G23771,Beta,2024,6,7,7,0,25.77,16.0,9.77,0.0,5.92,30.9,13.7,Clear,
G23771,Beta,2024,7,9,9,0,31.490000000000002,16.5,6.99,8.0,3.63,31.1,17.5,Clear,
G23771,Beta,2024,8,10,10,0,37.97,17.97,12.0,8.0,4.17,30.1,26.0,Clear,
G23771,Beta,2024,9,5,5,0,20.0,4.0,8.0,8.0,8.22,13.9,7.2,Clear,
G23771,Beta,2024,10,4,4,0,16.0,4.0,4.0,8.0,6.2,13.1,22.3,Clear,
G23771,Beta,2024,11,3,3,0,12.0,4.0,8.0,0.0,4.38,12.6,34.9,Clear,
G23771,Beta,2024,12,1,1,0,4.0,0.0,0.0,4.0,3.16,2.2,15.6,Rainy,
G23771,Beta,2025,1,3,3,0,8.56,4.0,0.0,4.5600000000000005,6.1,3.7,14.0,Cloudy,
G23771,Beta,2025,2,2,2,0,8.0,8.0,0.0,0.0,2.83,4.0,18.6,Cloudy,
G23771,Beta,2025,3,4,4,0,11.04,7.04,0.0,4.0,5.16,15.5,27.8,Cloudy,
G23771,Beta,2025,4,4,4,0,14.32,8.0,6.32,0.0,7.13,16.6,35.7,Clear,
G23771,Beta,2025,5,1,1,0,3.6,3.6,0.0,0.0,8.23,16.6,35.5,Clear,
G23771,Beta,2025,6,7,7,0,25.16,5.16,20.0,0.0,5.91,31.6,14.3,Clear,
G23771,Beta,2025,7,3,3,0,8.120000000000001,0.0,8.120000000000001,0.0,7.12,29.2,14.1,Clear,
G23771,Beta,2025,8,6,6,0,23.990000000000002,0.0,12.0,11.99,4.46,30.2,38.6,Clear,
G23771,Beta,2025,9,4,4,0,12.95,12.95,0.0,0.0,7.54,15.1,17.1,Clear,
G23771,Beta,2025,10,2,2,0,8.0,4.0,4.0,0.0,7.81,14.2,10.2,Clear,
G23771,Beta,2025,12,1,1,0,4.0,0.0,0.0,4.0,5.26,1.6,5.8,Cloudy,
G23771,Beta,2026,2,4,4,0,16.0,8.0,4.0,4.0,5.76,2.4,20.8,Rainy,
G23771,Beta,2026,3,3,3,0,12.0,4.0,4.0,4.0,5.85,16.3,21.1,Clear,
G23771,Beta,2026,5,4,4,0,16.0,4.0,4.0,8.0,2.68,16.0,14.5,Clear,
G23771,Beta,2026,6,8,8,0,29.33,13.33,16.0,0.0,2.89,30.0,18.8,Clear,
G23853,Sigma,2023,5,7,7,0,28.0,8.0,12.0,8.0,5.91,15.4,28.8,Clear,
G23853,Sigma,2023,6,3,3,0,12.0,4.0,0.0,8.0,0.07,29.5,19.6,Clear,
G23853,Sigma,2023,7,13,13,0,48.9,19.36,20.0,9.54,7.82,29.9,25.9,Clear,
G23853,Sigma,2023,8,10,10,0,37.86,16.0,9.86,12.0,5.55,30.6,16.8,Clear,
G23853,Sigma,2023,9,4,4,0,15.879999999999999,4.0,0.0,11.879999999999999,6.95,14.1,6.7,Cloudy,
G23853,Sigma,2023,10,7,7,0,24.96,12.96,12.0,0.0,7.7,14.3,16.6,Cloudy,
G23853,Sigma,2023,11,8,8,0,29.009999999999998,16.0,13.01,0.0,3.7,12.8,17.9,Clear,
G23853,Sigma,2023,12,6,6,0,21.1,17.1,0.0,4.0,1.13,4.0,5.7,Clear,
G23853,Sigma,2024,1,5,5,0,20.0,20.0,0.0,0.0,5.25,3.6,34.0,Cloudy,
G23853,Sigma,2024,2,1,1,0,4.0,0.0,4.0,0.0,0.92,3.5,25.6,Cloudy,
G23853,Sigma,2024,3,4,4,0,16.0,0.0,4.0,12.0,6.71,16.3,17.1,Clear,
G23853,Sigma,2024,4,12,12,0,44.89,12.89,12.0,20.0,5.46,16.0,6.4,Clear,
G23853,Sigma,2024,5,10,10,0,29.14,26.84,0.0,2.3,8.69,16.0,14.0,Clear,
G23853,Sigma,2024,6,4,4,0,13.23,5.23,4.0,4.0,6.47,30.4,38.8,Clear,
G23853,Sigma,2024,7,11,11,0,35.269999999999996,11.18,8.09,16.0,7.68,29.4,42.7,Clear,
G23853,Sigma,2024,8,6,6,0,21.5,4.0,5.58,11.92,6.6,30.9,26.9,Clear,
G23853,Sigma,2024,9,4,4,0,15.24,4.0,7.24,4.0,4.85,13.7,24.1,Clear,
G23853,Sigma,2024,10,5,5,0,20.0,12.0,4.0,4.0,1.44,13.5,39.3,Clear,
G23853,Sigma,2024,12,6,6,0,21.47,12.0,9.47,0.0,3.61,4.0,20.9,Rainy,
G23853,Sigma,2025,1,3,3,0,12.0,0.0,8.0,4.0,5.1,3.1,18.0,Windy,
G23853,Sigma,2025,2,5,5,0,16.36,8.0,4.36,4.0,3.87,4.7,41.6,Clear,
G23853,Sigma,2025,3,4,4,0,15.9,7.9,4.0,4.0,5.9,16.4,11.8,Clear,
G23853,Sigma,2025,4,4,4,0,12.52,8.0,4.52,0.0,8.28,16.3,34.0,Clear,
G23853,Sigma,2025,5,10,10,0,34.05,11.25,14.8,8.0,5.26,14.9,40.2,Clear,
G23853,Sigma,2025,6,6,6,0,22.08,10.23,11.85,0.0,5.46,29.6,31.9,Clear,
G23853,Sigma,2025,7,7,7,0,24.38,8.0,12.0,4.38,6.03,30.3,9.5,Clear,
G23853,Sigma,2025,8,3,3,0,8.88,0.0,8.88,0.0,6.68,29.6,12.2,Clear,
G23853,Sigma,2025,9,1,1,0,4.0,4.0,0.0,0.0,4.92,14.1,10.8,Cloudy,
G23853,Sigma,2025,10,5,5,0,17.05,0.0,13.05,4.0,2.93,14.5,30.2,Clear,
G23853,Sigma,2025,11,4,4,0,13.86,9.86,4.0,0.0,2.96,13.9,12.0,Clear,
G23853,Sigma,2025,12,2,2,0,8.0,0.0,0.0,8.0,8.8,2.4,36.9,Cloudy,
G23853,Sigma,2026,1,3,3,0,10.22,10.22,0.0,0.0,6.85,3.4,27.4,Cloudy,
G23853,Sigma,2026,3,6,6,0,24.0,12.0,8.0,4.0,8.72,15.9,44.7,Clear,
G23853,Sigma,2026,4,5,5,0,20.0,12.0,8.0,0.0,3.7,14.9,37.8,Clear,
G23853,Sigma,2026,5,2,2,0,8.0,4.0,4.0,0.0,4.81,16.0,13.0,Clear,
G23853,Sigma,2026,6,6,6,0,23.95,15.95,8.0,0.0,6.12,29.2,12.6,Clear,
G23944,Alpha,2023,4,17,17,0,55.96,31.32,12.64,12.0,6.11,16.2,18.5,Clear,
G23944,Alpha,2023,5,13,13,0,52.0,36.0,8.0,8.0,4.79,16.3,34.7,Clear,
G23944,Alpha,2023,6,21,21,0,78.75,38.8,20.0,19.95,7.14,30.7,5.0,Clear,
G23944,Alpha,2023,7,15,15,0,58.31,34.31,12.0,12.0,5.36,30.4,13.6,Clear,
G23944,Alpha,2023,8,13,13,0,47.57,23.57,12.0,12.0,2.79,28.2,20.8,Clear,
G23944,Alpha,2023,9,4,4,0,14.73,10.73,4.0,0.0,6.56,13.9,19.8,Cloudy,
G23944,Alpha,2023,10,3,3,0,9.24,3.85,5.39,0.0,10.73,15.1,29.6,Cloudy,
G23944,Alpha,2023,11,4,4,0,16.0,0.0,8.0,8.0,4.06,13.3,8.1,Cloudy,
G23944,Alpha,2023,12,4,4,0,16.0,8.0,8.0,0.0,6.3,3.0,18.6,Rainy,
G23944,Alpha,2024,1,3,3,0,11.29,0.0,8.0,3.29,6.02,3.1,35.3,Clear,
G23944,Alpha,2024,2,2,2,0,8.0,4.0,4.0,0.0,5.28,2.0,44.8,Clear,
G23944,Alpha,2024,3,7,7,0,20.19,9.42,6.77,4.0,2.21,16.4,43.1,Cloudy,
G23944,Alpha,2024,4,8,8,0,28.740000000000002,16.74,8.0,4.0,5.05,16.7,7.3,Clear,
G23944,Alpha,2024,5,13,13,0,44.24,28.43,7.8100000000000005,8.0,3.76,15.8,35.8,Clear,
G23944,Alpha,2024,6,4,4,0,14.620000000000001,6.62,8.0,0.0,10.46,30.3,33.3,Clear,
G23944,Alpha,2024,7,7,7,0,28.0,20.0,4.0,4.0,6.05,29.5,28.0,Clear,
G23944,Alpha,2024,8,7,7,0,21.48,16.4,4.0,1.08,4.88,28.6,15.2,Clear,
G23944,Alpha,2024,9,4,4,0,14.06,10.06,4.0,0.0,1.23,13.1,36.3,Cloudy,
G23944,Alpha,2024,10,5,5,0,15.47,11.469999999999999,0.0,4.0,5.99,13.6,14.2,Clear,
G23944,Alpha,2024,11,2,2,0,8.0,4.0,4.0,0.0,9.18,14.1,36.2,Rainy,
G23944,Alpha,2024,12,3,3,0,11.19,3.19,4.0,4.0,5.04,4.3,42.3,Clear,
G23944,Alpha,2025,2,3,3,0,12.0,8.0,0.0,4.0,4.39,3.1,21.1,Cloudy,
G23944,Alpha,2025,3,4,4,0,16.0,0.0,4.0,12.0,2.8,16.6,42.0,Clear,
G23944,Alpha,2025,4,4,4,0,13.16,4.0,9.16,0.0,5.2,17.4,22.8,Clear,
G23944,Alpha,2025,5,7,7,0,25.990000000000002,12.0,9.99,4.0,5.89,16.4,31.8,Clear,
G23944,Alpha,2025,6,9,9,0,36.0,24.0,4.0,8.0,3.38,31.3,31.7,Clear,
G23944,Alpha,2025,7,6,6,0,24.0,20.0,0.0,4.0,3.03,30.5,20.5,Clear,
G23944,Alpha,2025,8,5,5,0,19.98,8.0,7.98,4.0,5.19,31.3,41.3,Clear,
G23944,Alpha,2025,9,4,4,0,11.02,3.02,8.0,0.0,7.01,13.9,40.7,Clear,
G23944,Alpha,2025,10,8,8,0,25.240000000000002,13.53,2.64,9.07,4.82,14.8,7.5,Clear,
G23944,Alpha,2025,11,3,3,0,8.370000000000001,0.37,0.0,8.0,4.78,14.7,38.1,Cloudy,
G23944,Alpha,2025,12,1,1,0,4.0,0.0,0.0,4.0,6.9,3.9,33.0,Rainy,
G23944,Alpha,2026,1,3,3,0,12.0,0.0,8.0,4.0,5.5,3.1,11.0,Cloudy,
G23944,Alpha,2026,2,2,2,0,6.779999999999999,2.78,0.0,4.0,7.22,3.4,19.5,Rainy,
G23944,Alpha,2026,3,3,3,0,11.18,0.0,7.18,4.0,4.22,15.0,27.1,Clear,
G23944,Alpha,2026,4,4,4,0,16.0,4.0,8.0,4.0,4.1,14.4,23.8,Cloudy,
G23944,Alpha,2026,5,2,2,0,5.3,0.0,5.3,0.0,4.6,16.5,39.8,Clear,
G23944,Alpha,2026,6,4,4,0,15.94,0.0,11.94,4.0,4.98,28.3,29.1,Clear,
G23950,Gamma,2023,4,14,14,0,56.0,24.0,8.0,24.0,1.8,16.0,39.3,Clear,
G23950,Gamma,2023,5,16,16,0,55.57,28.12,4.0,23.45,6.54,14.7,29.7,Clear,
G23950,Gamma,2023,6,7,7,0,24.47,16.0,8.0,0.47,5.3,30.7,31.6,Clear,
G23950,Gamma,2023,7,18,18,0,59.42,12.879999999999999,30.98,15.56,4.97,29.6,6.9,Clear,
G23950,Gamma,2023,8,8,8,0,26.29,5.53,14.51,6.25,6.69,29.7,43.6,Clear,
G23950,Gamma,2023,9,6,6,0,18.19,13.15,4.0,1.04,3.82,14.3,20.1,Cloudy,
G23950,Gamma,2023,10,4,4,0,16.0,12.0,4.0,0.0,1.82,15.1,35.9,Clear,
G23950,Gamma,2023,11,7,7,0,24.73,8.73,12.0,4.0,5.36,15.7,8.9,Clear,
G23950,Gamma,2023,12,7,7,0,25.58,17.58,0.0,8.0,8.79,3.1,35.0,Windy,
G23950,Gamma,2024,1,6,6,0,24.0,12.0,12.0,0.0,5.72,1.5,14.7,Cloudy,
G23950,Gamma,2024,2,5,5,0,20.0,0.0,16.0,4.0,6.96,1.9,41.0,Clear,
G23950,Gamma,2024,3,3,3,0,12.0,4.0,4.0,4.0,4.64,13.7,28.3,Cloudy,
G23950,Gamma,2024,4,15,15,0,56.25,36.25,12.0,8.0,4.79,14.4,30.5,Clear,
G23950,Gamma,2024,5,8,8,0,27.18,6.95,12.61,7.62,6.29,17.0,9.9,Clear,
G23950,Gamma,2024,6,8,8,0,28.29,19.9,0.0,8.39,1.42,31.2,14.2,Clear,
G23950,Gamma,2024,7,6,6,0,20.82,16.0,0.0,4.82,2.57,29.5,15.0,Clear,
G23950,Gamma,2024,8,14,14,0,51.07,28.0,19.07,4.0,8.1,30.1,42.9,Clear,
G23950,Gamma,2024,9,4,4,0,13.52,4.0,2.36,7.16,4.71,14.5,13.0,Cloudy,
G23950,Gamma,2024,10,2,2,0,8.0,4.0,4.0,0.0,3.9,13.6,31.9,Rainy,
G23950,Gamma,2024,11,2,2,0,8.0,8.0,0.0,0.0,3.55,14.5,29.5,Cloudy,
G23950,Gamma,2024,12,1,1,0,2.78,0.0,2.78,0.0,2.47,3.2,43.9,Cloudy,
G23950,Gamma,2025,1,4,4,0,16.0,8.0,0.0,8.0,7.4,3.0,37.9,Rainy,
G23950,Gamma,2025,2,6,6,0,23.08,8.0,8.0,7.08,6.78,2.3,28.7,Clear,
G23950,Gamma,2025,3,2,2,0,7.84,7.84,0.0,0.0,7.73,17.2,31.3,Rainy,
G23950,Gamma,2025,4,5,5,0,15.79,7.09,4.0,4.7,6.44,15.2,38.1,Clear,
G23950,Gamma,2025,5,6,6,0,22.62,10.620000000000001,0.0,12.0,4.74,16.4,26.5,Clear,
G23950,Gamma,2025,6,9,9,0,32.06,12.0,6.98,13.08,4.72,31.1,31.5,Clear,
G23950,Gamma,2025,7,11,11,0,37.35,14.96,6.390000000000001,16.0,7.93,29.2,30.4,Clear,
G23950,Gamma,2025,8,4,4,0,16.0,0.0,8.0,8.0,7.36,29.8,26.2,Clear,
G23950,Gamma,2025,9,4,4,0,15.49,8.0,7.49,0.0,3.86,13.7,21.0,Rainy,
G23950,Gamma,2025,10,7,7,0,20.92,8.92,8.0,4.0,5.31,15.7,37.3,Cloudy,
G23950,Gamma,2025,11,4,4,0,13.05,4.0,4.0,5.05,6.94,14.3,13.3,Clear,
G23950,Gamma,2025,12,1,1,0,4.0,0.0,0.0,4.0,2.18,2.7,31.5,Cloudy,
G23950,Gamma,2026,2,2,2,0,8.0,0.0,0.0,8.0,6.68,3.5,31.2,Windy,
G23950,Gamma,2026,3,4,4,0,15.02,4.0,8.0,3.02,5.29,15.4,39.9,Cloudy,
G23950,Gamma,2026,4,7,7,0,23.96,4.0,8.0,11.96,4.59,15.5,23.5,Clear,
G23950,Gamma,2026,5,5,5,0,20.0,16.0,0.0,4.0,6.01,14.6,29.3,Clear,
G23950,Gamma,2026,6,7,7,0,24.939999999999998,4.9399999999999995,12.0,8.0,4.32,29.9,38.7,Clear,
G23967,Sigma,2024,3,1,1,0,4.0,4.0,0.0,0.0,6.59,16.3,18.8,Clear,
G23967,Sigma,2024,4,7,7,0,28.0,8.0,8.0,12.0,5.46,16.0,20.0,Clear,
G23967,Sigma,2024,5,11,11,0,40.1,20.1,8.0,12.0,10.1,16.0,31.6,Clear,
G23967,Sigma,2024,6,3,3,0,12.0,12.0,0.0,0.0,3.56,30.4,41.1,Clear,
G23967,Sigma,2024,7,5,5,0,18.560000000000002,4.0,8.0,6.5600000000000005,5.72,29.4,11.4,Clear,
G23967,Sigma,2024,9,5,5,0,20.0,8.0,4.0,8.0,6.13,13.7,37.9,Clear,
G23967,Sigma,2024,10,4,4,0,16.0,8.0,8.0,0.0,7.8,13.5,11.4,Clear,
G23967,Sigma,2024,11,2,2,0,6.25,2.25,4.0,0.0,1.99,13.4,25.5,Clear,
G23967,Sigma,2024,12,4,4,0,14.68,0.0,11.97,2.71,2.5,4.0,28.7,Rainy,
G23967,Sigma,2025,1,3,3,0,8.280000000000001,0.0,4.28,4.0,3.99,3.1,38.1,Windy,
G23967,Sigma,2025,2,3,3,0,12.0,4.0,4.0,4.0,3.69,4.7,25.0,Clear,
G23967,Sigma,2025,3,6,6,0,24.0,8.0,12.0,4.0,8.28,16.4,13.5,Clear,
G23967,Sigma,2025,4,4,4,0,16.0,8.0,4.0,4.0,2.78,16.3,42.8,Clear,
G23967,Sigma,2025,5,11,11,0,35.65,19.59,13.370000000000001,2.69,8.37,14.9,11.0,Clear,
G23967,Sigma,2025,6,5,5,0,14.11,8.0,2.11,4.0,7.82,29.6,28.5,Clear,
G23967,Sigma,2025,7,8,8,0,26.1,3.8499999999999996,14.25,8.0,5.67,30.3,28.8,Clear,
G23967,Sigma,2025,8,5,5,0,17.41,9.41,4.0,4.0,8.92,29.6,8.5,Clear,
G23967,Sigma,2025,9,4,4,0,16.0,4.0,8.0,4.0,3.04,14.1,25.2,Cloudy,
G23967,Sigma,2025,10,2,2,0,3.51,0.0,3.15,0.36,7.38,14.5,8.9,Clear,
G23967,Sigma,2025,11,3,3,0,12.0,8.0,4.0,0.0,2.92,13.9,44.5,Clear,
G23967,Sigma,2025,12,1,1,0,4.0,4.0,0.0,0.0,7.66,2.4,20.4,Cloudy,
G23967,Sigma,2026,1,2,2,0,4.21,4.0,0.0,0.21,5.5,3.4,34.9,Cloudy,
G23967,Sigma,2026,2,1,1,0,4.0,0.0,4.0,0.0,8.22,2.6,42.3,Rainy,
G23967,Sigma,2026,3,5,5,0,13.379999999999999,4.98,4.0,4.4,5.16,15.9,15.3,Clear,
G23967,Sigma,2026,4,2,2,0,8.0,8.0,0.0,0.0,4.99,14.9,31.8,Clear,
G23967,Sigma,2026,5,5,5,0,19.35,4.0,11.35,4.0,3.3,16.0,17.7,Clear,
G23967,Sigma,2026,6,6,6,0,24.0,12.0,12.0,0.0,0.07,29.2,25.4,Clear,
G24055,Gamma,2024,9,6,6,0,22.07,6.07,8.0,8.0,5.68,14.5,33.8,Cloudy,
G24055,Gamma,2024,10,3,3,0,12.0,4.0,8.0,0.0,7.03,13.6,32.7,Rainy,
G24055,Gamma,2024,11,2,2,0,8.0,0.0,8.0,0.0,4.07,14.5,23.9,Cloudy,
G24055,Gamma,2024,12,4,4,0,12.38,8.0,4.0,0.38,1.21,3.2,10.6,Cloudy,
G24055,Gamma,2025,1,2,2,0,7.279999999999999,7.279999999999999,0.0,0.0,7.5,3.0,5.7,Rainy,
G24055,Gamma,2025,2,4,4,0,16.0,8.0,8.0,0.0,5.77,2.3,9.6,Clear,
G24055,Gamma,2025,3,4,4,0,11.379999999999999,0.0,7.38,4.0,5.85,17.2,25.8,Rainy,
G24055,Gamma,2025,4,3,3,0,8.07,8.0,0.07,0.0,6.87,15.2,44.3,Clear,
G24055,Gamma,2025,5,14,14,0,43.22,27.22,4.0,12.0,9.02,16.4,31.4,Clear,
G24055,Gamma,2025,6,10,10,0,33.92,11.9,7.17,14.85,6.95,31.1,10.6,Clear,
G24055,Gamma,2025,7,6,6,0,20.38,4.38,12.0,4.0,6.52,29.2,38.0,Clear,
G24055,Gamma,2025,8,9,9,0,31.91,8.0,11.91,12.0,3.02,29.8,33.3,Clear,
G24055,Gamma,2025,9,7,7,0,25.58,1.74,12.0,11.84,6.23,13.7,26.7,Rainy,
G24055,Gamma,2025,10,8,8,0,26.18,8.0,8.0,10.18,8.36,15.7,37.9,Cloudy,
G24055,Gamma,2025,11,3,3,0,12.0,8.0,0.0,4.0,6.86,14.3,30.8,Clear,
G24055,Gamma,2025,12,1,1,0,4.0,4.0,0.0,0.0,6.53,2.7,24.3,Cloudy,
G24055,Gamma,2026,1,3,3,0,12.0,8.0,4.0,0.0,6.61,3.3,21.7,Cloudy,
G24055,Gamma,2026,2,1,1,0,4.0,0.0,0.0,4.0,4.42,3.5,26.9,Windy,
G24055,Gamma,2026,3,2,2,0,8.0,0.0,4.0,4.0,6.26,15.4,29.5,Cloudy,
G24055,Gamma,2026,4,2,2,0,4.63,0.63,0.0,4.0,2.99,15.5,11.3,Clear,
G24055,Gamma,2026,5,4,4,0,12.68,4.0,6.02,2.66,6.52,14.6,14.6,Clear,
G24055,Gamma,2026,6,9,9,0,30.77,5.24,16.0,9.530000000000001,6.23,29.9,11.9,Clear,
G24135,Beta,2024,5,8,8,0,27.59,4.0,15.59,8.0,5.78,15.8,33.8,Clear,
G24135,Beta,2024,6,9,9,0,32.93,20.93,8.0,4.0,5.77,30.9,19.8,Clear,
G24135,Beta,2024,7,7,7,0,28.0,20.0,4.0,4.0,5.16,31.1,5.6,Clear,
G24135,Beta,2024,8,12,12,0,42.33,17.04,9.29,16.0,9.69,30.1,9.0,Clear,
G24135,Beta,2024,9,7,7,0,18.56,18.44,0.12,0.0,4.95,13.9,36.0,Clear,
G24135,Beta,2024,10,5,5,0,18.0,8.0,4.0,6.0,9.23,13.1,32.2,Clear,
G24135,Beta,2024,11,5,5,0,20.0,8.0,4.0,8.0,6.17,12.6,31.4,Clear,
G24135,Beta,2025,1,3,3,0,12.0,8.0,0.0,4.0,6.02,3.7,40.9,Cloudy,
G24135,Beta,2025,2,1,1,0,1.38,1.38,0.0,0.0,3.65,4.0,8.4,Cloudy,
G24135,Beta,2025,3,3,3,0,8.08,4.0,0.0,4.08,8.24,15.5,41.2,Cloudy,
G24135,Beta,2025,4,4,4,0,15.66,4.0,7.66,4.0,5.45,16.6,32.3,Clear,
G24135,Beta,2025,5,5,5,0,20.0,8.0,8.0,4.0,5.34,16.6,37.0,Clear,
G24135,Beta,2025,6,4,4,0,16.0,4.0,12.0,0.0,8.05,31.6,34.9,Clear,
G24135,Beta,2025,7,9,9,0,35.79,19.79,12.0,4.0,6.26,29.2,37.4,Clear,
G24135,Beta,2025,8,6,6,0,20.31,8.31,4.0,8.0,5.81,30.2,22.4,Clear,
G24135,Beta,2025,9,4,4,0,15.27,4.0,8.0,3.27,3.16,15.1,38.4,Clear,
G24135,Beta,2025,10,4,4,0,10.57,6.2,0.0,4.37,5.08,14.2,18.9,Clear,
G24135,Beta,2025,11,7,7,0,23.5,12.620000000000001,0.0,10.879999999999999,3.38,14.2,27.1,Clear,
G24135,Beta,2025,12,6,6,0,24.0,8.0,12.0,4.0,3.24,1.6,36.6,Cloudy,
G24135,Beta,2026,2,2,2,0,8.0,0.0,4.0,4.0,5.72,2.4,9.5,Rainy,
G24135,Beta,2026,3,3,3,0,9.73,9.73,0.0,0.0,2.6,16.3,7.7,Clear,
G24135,Beta,2026,4,5,5,0,16.07,12.870000000000001,3.2,0.0,5.82,16.3,35.1,Clear,
G24135,Beta,2026,5,7,7,0,22.48,4.0,8.2,10.28,5.2,16.0,27.4,Clear,
G24135,Beta,2026,6,8,8,0,28.37,16.0,12.370000000000001,0.0,4.3,30.0,43.8,Clear,
G24197,Alpha,2024,9,3,3,0,11.77,4.0,7.77,0.0,6.32,13.1,20.0,Cloudy,
G24197,Alpha,2024,10,5,5,0,18.490000000000002,4.0,6.49,8.0,6.29,13.6,19.9,Clear,
G24197,Alpha,2024,11,7,7,0,24.259999999999998,8.0,8.26,8.0,7.02,14.1,17.2,Rainy,
G24197,Alpha,2024,12,3,3,0,7.029999999999999,0.0,3.03,4.0,8.92,4.3,35.8,Clear,
G24197,Alpha,2025,1,4,4,0,15.26,8.0,7.26,0.0,8.19,1.8,35.3,Clear,
G24197,Alpha,2025,3,3,3,0,12.0,0.0,8.0,4.0,5.44,16.6,39.1,Clear,
G24197,Alpha,2025,4,2,2,0,8.0,4.0,4.0,0.0,8.85,17.4,12.8,Clear,
G24197,Alpha,2025,5,10,10,0,40.0,8.0,16.0,16.0,8.24,16.4,17.8,Clear,
G24197,Alpha,2025,6,6,6,0,20.02,12.02,8.0,0.0,9.19,31.3,22.4,Clear,
G24197,Alpha,2025,7,4,4,0,15.69,12.0,0.0,3.69,4.1,30.5,44.6,Clear,
G24197,Alpha,2025,8,5,5,0,14.82,8.0,4.0,2.82,5.66,31.3,32.8,Clear,
G24197,Alpha,2025,9,8,8,0,26.57,10.77,12.0,3.8,4.56,13.9,40.7,Clear,
G24197,Alpha,2025,10,1,1,0,4.0,0.0,4.0,0.0,6.26,14.8,31.1,Clear,
G24197,Alpha,2025,11,7,7,0,26.54,10.54,8.0,8.0,8.18,14.7,44.4,Cloudy,
G24197,Alpha,2025,12,5,5,0,16.53,8.0,0.0,8.53,2.95,3.9,9.9,Rainy,
G24197,Alpha,2026,1,4,4,0,16.0,8.0,4.0,4.0,4.08,3.1,21.1,Cloudy,
G24197,Alpha,2026,2,1,1,0,4.0,0.0,0.0,4.0,3.71,3.4,17.1,Rainy,
G24197,Alpha,2026,3,3,3,0,12.0,0.0,8.0,4.0,6.15,15.0,27.0,Clear,
G24197,Alpha,2026,4,5,5,0,18.52,8.0,8.0,2.52,9.22,14.4,38.6,Cloudy,
G24197,Alpha,2026,5,6,6,0,21.6,8.0,5.6,8.0,7.29,16.5,22.9,Clear,
G24197,Alpha,2026,6,5,5,0,18.43,0.0,10.43,8.0,6.0,28.3,32.4,Clear,
G24228,Gamma,2024,10,3,3,0,10.16,10.16,0.0,0.0,7.31,13.6,31.9,Rainy,
G24228,Gamma,2024,11,3,3,0,9.89,5.89,4.0,0.0,7.41,14.5,18.0,Cloudy,
G24228,Gamma,2024,12,3,3,0,12.0,0.0,8.0,4.0,4.02,3.2,6.0,Cloudy,
G24228,Gamma,2025,1,2,2,0,8.0,0.0,0.0,8.0,6.2,3.0,24.6,Rainy,
G24228,Gamma,2025,2,5,5,0,20.0,4.0,4.0,12.0,1.44,2.3,29.4,Clear,
G24228,Gamma,2025,3,3,3,0,10.9,0.0,6.9,4.0,5.01,17.2,34.2,Rainy,
G24228,Gamma,2025,4,8,8,0,30.43,8.0,22.43,0.0,6.18,15.2,17.0,Clear,
G24228,Gamma,2025,5,11,11,0,44.0,36.0,4.0,4.0,7.13,16.4,5.1,Clear,
G24228,Gamma,2025,6,7,7,0,24.09,8.0,0.0,16.09,7.18,31.1,39.5,Clear,
G24228,Gamma,2025,7,10,10,0,40.0,20.0,12.0,8.0,10.82,29.2,11.6,Clear,
G24228,Gamma,2025,8,6,6,0,22.16,14.16,4.0,4.0,6.48,29.8,36.4,Clear,
G24228,Gamma,2025,9,11,11,0,44.0,16.0,20.0,8.0,7.83,13.7,22.2,Rainy,
G24228,Gamma,2025,10,5,5,0,15.65,8.0,3.65,4.0,6.44,15.7,36.5,Cloudy,
G24228,Gamma,2025,11,3,3,0,3.6399999999999997,3.6399999999999997,0.0,0.0,7.22,14.3,28.6,Clear,
G24228,Gamma,2025,12,2,2,0,4.84,4.84,0.0,0.0,5.92,2.7,30.9,Cloudy,
G24228,Gamma,2026,2,3,3,0,11.08,4.0,0.0,7.08,6.46,3.5,31.3,Windy,
G24228,Gamma,2026,3,5,5,0,20.0,8.0,8.0,4.0,3.48,15.4,17.0,Cloudy,
G24228,Gamma,2026,4,3,3,0,12.0,0.0,0.0,12.0,7.4,15.5,42.1,Clear,
G24228,Gamma,2026,5,2,2,0,7.1899999999999995,7.1899999999999995,0.0,0.0,6.02,14.6,30.7,Clear,
G24228,Gamma,2026,6,10,10,0,36.08,8.0,22.509999999999998,5.57,7.03,29.9,16.5,Clear,
G24443,Delta,2024,6,10,10,0,39.39,15.39,12.0,12.0,6.65,31.1,37.1,Clear,
G24443,Delta,2024,7,11,11,0,41.39,21.39,20.0,0.0,7.58,30.4,5.9,Clear,
G24443,Delta,2024,8,7,7,0,26.27,12.0,12.0,2.27,2.86,29.2,15.3,Clear,
G24443,Delta,2024,9,3,3,0,9.2,5.2,4.0,0.0,7.59,14.1,15.6,Cloudy,
G24443,Delta,2024,10,5,5,0,17.38,4.0,5.38,8.0,0.07,13.7,40.8,Cloudy,
G24443,Delta,2024,11,5,5,0,15.48,8.33,3.15,4.0,5.63,14.5,19.1,Cloudy,
G24443,Delta,2024,12,1,1,0,4.0,0.0,4.0,0.0,1.25,4.4,33.1,Clear,
G24443,Delta,2025,1,2,2,0,3.94,0.63,0.0,3.31,5.47,2.8,39.4,Windy,
G24443,Delta,2025,2,1,1,0,4.0,0.0,4.0,0.0,8.26,2.2,19.3,Rainy,
G24443,Delta,2025,3,8,8,0,29.78,17.78,4.0,8.0,3.52,14.4,20.0,Clear,
G24443,Delta,2025,4,5,5,0,20.0,12.0,0.0,8.0,3.32,16.7,20.1,Clear,
G24443,Delta,2025,5,4,4,0,13.48,4.0,5.48,4.0,5.16,15.5,5.6,Clear,
G24443,Delta,2025,6,9,9,0,34.9,16.0,8.0,10.9,10.48,30.8,26.5,Clear,
G24443,Delta,2025,7,4,4,0,16.0,12.0,0.0,4.0,5.24,30.1,13.4,Clear,
G24443,Delta,2025,8,9,9,0,28.44,20.16,4.28,4.0,7.03,30.5,31.7,Clear,
G24443,Delta,2025,9,3,3,0,8.15,0.0,4.15,4.0,4.03,14.0,15.6,Cloudy,
G24443,Delta,2025,10,4,4,0,15.46,15.46,0.0,0.0,4.46,15.0,15.5,Windy,
G24443,Delta,2025,11,5,5,0,19.39,11.39,8.0,0.0,8.44,12.1,6.5,Clear,
G24443,Delta,2025,12,6,6,0,24.0,16.0,4.0,4.0,3.66,2.5,20.1,Windy,
G24443,Delta,2026,1,3,3,0,12.0,0.0,8.0,4.0,6.22,2.4,26.4,Cloudy,
G24443,Delta,2026,2,3,3,0,10.05,4.0,0.0,6.05,6.1,4.3,27.3,Windy,
G24443,Delta,2026,3,5,5,0,18.41,8.0,8.0,2.41,8.95,15.9,20.4,Clear,
G24443,Delta,2026,4,6,6,0,24.0,4.0,12.0,8.0,9.57,16.2,28.2,Cloudy,
G24443,Delta,2026,5,9,9,0,36.0,4.0,12.0,20.0,6.4,16.5,22.4,Clear,
G24443,Delta,2026,6,12,12,0,41.28,29.3,3.98,8.0,7.47,30.9,5.5,Clear,
G24483,Beta,2024,12,1,1,0,4.0,4.0,0.0,0.0,10.07,2.2,25.8,Rainy,
G24483,Beta,2025,1,3,3,0,12.0,4.0,4.0,4.0,4.59,3.7,31.5,Cloudy,
G24483,Beta,2025,2,2,2,0,8.0,0.0,8.0,0.0,4.09,4.0,12.0,Cloudy,
G24483,Beta,2025,3,4,4,0,16.0,12.0,4.0,0.0,9.12,15.5,42.3,Cloudy,
G24483,Beta,2025,4,2,2,0,4.19,0.0,0.0,4.19,8.01,16.6,33.9,Clear,
G24483,Beta,2025,5,7,7,0,27.45,20.0,7.45,0.0,8.82,16.6,28.7,Clear,
G24483,Beta,2025,6,3,3,0,11.379999999999999,11.379999999999999,0.0,0.0,3.81,31.6,44.4,Clear,
G24483,Beta,2025,7,8,8,0,27.68,11.68,8.0,8.0,5.99,29.2,7.4,Clear,
G24483,Beta,2025,8,6,6,0,24.0,16.0,4.0,4.0,6.34,30.2,17.6,Clear,
G24483,Beta,2025,9,1,1,0,2.49,0.0,2.49,0.0,6.25,15.1,14.9,Clear,
G24483,Beta,2025,10,4,4,0,13.97,8.0,3.62,2.35,1.12,14.2,44.0,Clear,
G24483,Beta,2025,11,4,4,0,16.0,4.0,8.0,4.0,5.61,14.2,27.5,Clear,
G24483,Beta,2025,12,3,3,0,9.469999999999999,5.47,4.0,0.0,5.6,1.6,30.1,Cloudy,
G24483,Beta,2026,1,9,9,0,35.87,23.87,8.0,4.0,8.05,2.1,28.8,Cloudy,
G24483,Beta,2026,2,5,5,0,17.54,9.54,4.0,4.0,7.48,2.4,22.8,Rainy,
G24483,Beta,2026,3,4,4,0,12.32,10.3,0.0,2.02,2.46,16.3,24.8,Clear,
G24483,Beta,2026,4,5,5,0,15.379999999999999,6.13,8.0,1.25,4.63,16.3,23.1,Clear,
G24483,Beta,2026,5,8,8,0,30.07,14.07,4.0,12.0,6.02,16.0,34.2,Clear,
G24483,Beta,2026,6,6,6,0,24.0,20.0,0.0,4.0,5.53,30.0,31.8,Clear,
G24599,Beta,2024,3,5,5,0,18.73,12.0,0.0,6.73,6.94,16.7,12.7,Clear,
G24599,Beta,2024,4,9,9,0,33.26,9.86,12.0,11.4,3.62,17.3,7.2,Clear,
G24599,Beta,2024,5,9,9,0,32.29,20.0,12.0,0.29,10.04,15.8,24.4,Clear,
G24599,Beta,2024,6,7,7,0,23.29,9.66,12.0,1.63,10.07,30.9,25.8,Clear,
G24599,Beta,2024,7,4,4,0,13.47,8.0,1.47,4.0,2.18,31.1,27.0,Clear,
G24599,Beta,2024,8,13,13,0,44.7,13.41,20.0,11.29,8.88,30.1,26.0,Clear,
G24599,Beta,2024,9,10,10,0,31.24,18.98,4.26,8.0,7.71,13.9,30.1,Clear,
G24599,Beta,2024,10,4,4,0,16.0,4.0,4.0,8.0,6.09,13.1,40.1,Clear,
G24599,Beta,2024,11,4,4,0,15.14,7.140000000000001,4.0,4.0,7.71,12.6,34.3,Clear,
G24599,Beta,2024,12,2,2,0,4.97,2.19,0.0,2.78,6.16,2.2,39.6,Rainy,
G24599,Beta,2025,1,4,4,0,11.629999999999999,6.27,0.0,5.36,4.83,3.7,40.2,Cloudy,
G24599,Beta,2025,2,3,3,0,12.0,8.0,4.0,0.0,7.9,4.0,42.9,Cloudy,
G24599,Beta,2025,3,7,7,0,25.53,17.53,0.0,8.0,5.51,15.5,44.8,Cloudy,
G24599,Beta,2025,4,5,5,0,16.45,0.45,4.0,12.0,8.28,16.6,37.4,Clear,
G24599,Beta,2025,5,10,10,0,32.48,22.17,10.31,0.0,3.74,16.6,25.2,Clear,
G24599,Beta,2025,6,3,3,0,10.77,10.77,0.0,0.0,7.25,31.6,36.9,Clear,
G24599,Beta,2025,7,6,6,0,24.0,20.0,4.0,0.0,8.76,29.2,35.0,Clear,
G24599,Beta,2025,8,4,4,0,16.0,0.0,12.0,4.0,8.36,30.2,29.6,Clear,
G24599,Beta,2025,9,6,6,0,21.45,11.94,9.51,0.0,2.62,15.1,37.4,Clear,
G24599,Beta,2025,10,2,2,0,6.970000000000001,6.970000000000001,0.0,0.0,5.27,14.2,40.3,Clear,
G24599,Beta,2025,11,3,3,0,12.0,4.0,4.0,4.0,7.41,14.2,22.2,Clear,
G24599,Beta,2025,12,1,1,0,4.0,0.0,4.0,0.0,5.65,1.6,30.6,Cloudy,
G24599,Beta,2026,1,7,7,0,26.86,12.0,12.0,2.86,6.8,2.1,38.4,Cloudy,
G24599,Beta,2026,2,4,4,0,16.0,8.0,4.0,4.0,4.75,2.4,14.9,Rainy,
G24599,Beta,2026,3,8,8,0,31.69,23.69,8.0,0.0,6.59,16.3,39.3,Clear,
G24599,Beta,2026,4,5,5,0,15.149999999999999,5.88,1.27,8.0,8.0,16.3,36.3,Clear,
G24599,Beta,2026,5,8,8,0,28.689999999999998,8.69,8.0,12.0,5.51,16.0,15.8,Clear,
G24599,Beta,2026,6,9,9,0,33.519999999999996,24.0,9.52,0.0,8.43,30.0,9.9,Clear,
G24625,Gamma,2024,6,10,10,0,36.18,30.5,3.65,2.03,6.63,31.2,44.3,Clear,
G24625,Gamma,2024,7,10,10,0,34.86,21.27,9.59,4.0,7.24,29.5,25.0,Clear,
G24625,Gamma,2024,8,9,9,0,34.65,12.0,10.65,12.0,6.81,30.1,5.8,Clear,
G24625,Gamma,2024,9,8,8,0,27.48,4.0,16.2,7.279999999999999,7.02,14.5,10.3,Cloudy,
G24625,Gamma,2024,10,5,5,0,19.0,4.0,12.0,3.0,5.76,13.6,41.0,Rainy,
G24625,Gamma,2024,11,1,1,0,4.0,4.0,0.0,0.0,6.28,14.5,8.9,Cloudy,
G24625,Gamma,2024,12,2,2,0,7.1899999999999995,3.19,4.0,0.0,8.05,3.2,31.1,Cloudy,
G24625,Gamma,2025,1,3,3,0,11.870000000000001,0.0,4.0,7.87,3.58,3.0,33.6,Rainy,
G24625,Gamma,2025,2,3,3,0,8.82,4.82,0.0,4.0,9.11,2.3,21.3,Clear,
G24625,Gamma,2025,3,4,4,0,16.0,4.0,8.0,4.0,8.77,17.2,32.8,Rainy,
G24625,Gamma,2025,4,5,5,0,17.509999999999998,4.0,8.0,5.51,3.23,15.2,27.2,Clear,
G24625,Gamma,2025,5,11,11,0,41.05,14.89,14.16,12.0,3.95,16.4,15.1,Clear,
G24625,Gamma,2025,6,7,7,0,23.23,8.0,7.01,8.219999999999999,8.24,31.1,14.7,Clear,
G24625,Gamma,2025,7,4,4,0,10.25,1.02,5.23,4.0,8.73,29.2,27.9,Clear,
G24625,Gamma,2025,8,7,7,0,28.0,12.0,8.0,8.0,7.13,29.8,5.2,Clear,
G24625,Gamma,2025,9,12,12,0,45.22,5.75,27.67,11.8,6.05,13.7,21.4,Rainy,
G24625,Gamma,2025,10,5,5,0,20.0,4.0,12.0,4.0,7.53,15.7,31.3,Cloudy,
G24625,Gamma,2025,11,3,3,0,12.0,4.0,4.0,4.0,7.61,14.3,24.8,Clear,
G24625,Gamma,2025,12,4,4,0,12.629999999999999,8.0,0.63,4.0,3.4,2.7,40.3,Cloudy,
G24625,Gamma,2026,1,2,2,0,8.0,4.0,0.0,4.0,6.82,3.3,12.3,Cloudy,
G24625,Gamma,2026,2,3,3,0,12.0,4.0,0.0,8.0,4.15,3.5,18.4,Windy,
G24625,Gamma,2026,3,6,6,0,24.0,4.0,12.0,8.0,5.33,15.4,17.9,Cloudy,
G24625,Gamma,2026,4,3,3,0,12.0,0.0,4.0,8.0,7.2,15.5,21.4,Clear,
G24625,Gamma,2026,5,3,3,0,12.0,8.0,4.0,0.0,7.62,14.6,28.7,Clear,
G24625,Gamma,2026,6,9,9,0,33.86,4.0,21.86,8.0,5.8,29.9,9.9,Clear,
G24740,Gamma,2024,8,10,10,0,37.17,17.17,20.0,0.0,2.54,30.1,14.9,Clear,
G24740,Gamma,2024,9,10,10,0,34.93,10.8,14.95,9.18,8.76,14.5,25.0,Cloudy,
G24740,Gamma,2024,10,2,2,0,8.0,0.0,8.0,0.0,7.32,13.6,11.3,Rainy,
G24740,Gamma,2024,11,5,5,0,13.32,4.98,4.34,4.0,5.21,14.5,35.4,Cloudy,
G24740,Gamma,2024,12,3,3,0,10.21,4.0,6.21,0.0,6.66,3.2,34.2,Cloudy,
G24740,Gamma,2025,1,1,1,0,4.0,0.0,0.0,4.0,9.07,3.0,10.4,Rainy,
G24740,Gamma,2025,2,4,4,0,16.0,8.0,8.0,0.0,4.89,2.3,18.6,Clear,
G24740,Gamma,2025,3,2,2,0,8.0,0.0,8.0,0.0,3.27,17.2,25.1,Rainy,
G24740,Gamma,2025,4,5,5,0,20.0,16.0,4.0,0.0,6.97,15.2,9.6,Clear,
G24740,Gamma,2025,5,7,7,0,18.46,9.69,6.029999999999999,2.74,4.91,16.4,40.4,Clear,
G24740,Gamma,2025,6,1,1,0,3.61,3.61,0.0,0.0,6.07,31.1,33.5,Clear,
G24740,Gamma,2025,7,3,3,0,10.95,4.0,0.0,6.95,5.84,29.2,7.8,Clear,
G24740,Gamma,2025,8,5,5,0,19.36,8.0,8.0,3.36,2.77,29.8,15.5,Clear,
G24740,Gamma,2025,9,11,11,0,37.66,12.66,23.17,1.83,6.48,13.7,18.0,Rainy,
G24740,Gamma,2025,10,6,6,0,21.74,11.3,4.0,6.4399999999999995,6.75,15.7,7.2,Cloudy,
G24740,Gamma,2025,11,7,7,0,25.9,8.0,5.9,12.0,5.73,14.3,9.1,Clear,
G24740,Gamma,2025,12,4,4,0,14.43,4.0,4.0,6.43,9.81,2.7,37.8,Cloudy,
G24740,Gamma,2026,1,2,2,0,8.0,0.0,4.0,4.0,9.24,3.3,23.5,Cloudy,
G24740,Gamma,2026,2,3,3,0,10.54,0.0,6.54,4.0,8.07,3.5,12.6,Windy,
G24740,Gamma,2026,3,2,2,0,7.390000000000001,0.0,4.0,3.39,3.33,15.4,15.3,Cloudy,
G24740,Gamma,2026,4,10,10,0,38.64,4.0,6.640000000000001,28.0,7.11,15.5,17.9,Clear,
G24740,Gamma,2026,5,7,7,0,26.67,18.67,4.0,4.0,2.85,14.6,37.8,Clear,
G24740,Gamma,2026,6,8,8,0,29.23,6.92,18.31,4.0,10.17,29.9,20.2,Clear,
G24754,Sigma,2024,8,9,9,0,33.64,9.64,12.0,12.0,5.69,30.9,6.7,Clear,
G24754,Sigma,2024,9,6,6,0,16.36,0.0,10.25,6.109999999999999,4.91,13.7,18.5,Clear,
G24754,Sigma,2024,10,2,2,0,8.0,4.0,4.0,0.0,5.08,13.5,31.1,Clear,
G24754,Sigma,2024,11,1,1,0,4.0,4.0,0.0,0.0,6.31,13.4,21.6,Clear,
G24754,Sigma,2024,12,8,8,0,29.009999999999998,14.99,14.02,0.0,9.49,4.0,37.3,Rainy,
G24754,Sigma,2025,1,1,1,0,4.0,0.0,0.0,4.0,3.44,3.1,44.0,Windy,
G24754,Sigma,2025,2,5,5,0,19.41,4.0,11.99,3.42,7.29,4.7,15.8,Clear,
G24754,Sigma,2025,3,4,4,0,12.4,8.0,0.4,4.0,5.29,16.4,13.5,Clear,
G24754,Sigma,2025,4,8,8,0,30.11,10.11,12.0,8.0,5.13,16.3,31.9,Clear,
G24754,Sigma,2025,5,3,3,0,6.96,0.0,5.4,1.56,6.93,14.9,34.8,Clear,
G24754,Sigma,2025,6,7,7,0,27.0,4.0,15.0,8.0,7.18,29.6,27.4,Clear,
G24754,Sigma,2025,7,4,4,0,16.0,4.0,8.0,4.0,5.12,30.3,31.3,Clear,
G24754,Sigma,2025,8,6,6,0,17.81,9.59,4.22,4.0,2.71,29.6,8.6,Clear,
G24754,Sigma,2025,9,7,7,0,25.36,9.36,4.0,12.0,6.8,14.1,6.4,Cloudy,
G24754,Sigma,2025,10,4,4,0,16.0,4.0,8.0,4.0,6.96,14.5,9.8,Clear,
G24754,Sigma,2025,11,5,5,0,17.0,17.0,0.0,0.0,7.53,13.9,23.4,Clear,
G24754,Sigma,2025,12,3,3,0,9.24,9.24,0.0,0.0,8.58,2.4,27.8,Cloudy,
G24754,Sigma,2026,1,3,3,0,10.24,4.0,6.24,0.0,5.3,3.4,12.6,Cloudy,
G24754,Sigma,2026,2,5,5,0,20.0,8.0,8.0,4.0,5.2,2.6,18.0,Rainy,
G24754,Sigma,2026,3,5,5,0,19.3,3.73,12.0,3.57,3.66,15.9,33.7,Clear,
G24754,Sigma,2026,4,6,6,0,21.41,13.41,8.0,0.0,7.0,14.9,6.1,Clear,
G24754,Sigma,2026,5,8,8,0,30.94,18.939999999999998,8.0,4.0,7.16,16.0,23.6,Clear,
G24754,Sigma,2026,6,1,1,0,4.0,4.0,0.0,0.0,4.75,29.2,28.6,Clear,
G24819,Beta,2024,6,3,3,0,12.0,8.0,4.0,0.0,4.44,30.9,39.7,Clear,
G24819,Beta,2024,7,10,10,0,29.81,19.46,2.3499999999999996,8.0,4.75,31.1,10.5,Clear,
G24819,Beta,2024,8,9,9,0,35.44,20.0,8.0,7.4399999999999995,6.06,30.1,28.9,Clear,
G24819,Beta,2024,9,5,5,0,16.62,12.0,0.0,4.62,6.87,13.9,13.1,Clear,
G24819,Beta,2024,10,4,4,0,12.67,4.0,0.67,8.0,8.0,13.1,34.4,Clear,
G24819,Beta,2024,11,4,4,0,16.0,12.0,4.0,0.0,9.36,12.6,42.9,Clear,
G24819,Beta,2024,12,1,1,0,4.0,0.0,0.0,4.0,9.1,2.2,36.9,Rainy,
G24819,Beta,2025,1,2,2,0,8.0,8.0,0.0,0.0,5.17,3.7,6.0,Cloudy,
G24819,Beta,2025,3,2,2,0,8.0,4.0,0.0,4.0,6.75,15.5,19.6,Cloudy,
G24819,Beta,2025,4,6,6,0,20.92,2.57,4.0,14.35,6.78,16.6,30.8,Clear,
G24819,Beta,2025,5,3,3,0,12.0,8.0,4.0,0.0,4.11,16.6,26.1,Clear,
G24819,Beta,2025,6,6,6,0,19.78,8.0,6.12,5.66,6.49,31.6,44.8,Clear,
G24819,Beta,2025,7,5,5,0,20.0,16.0,0.0,4.0,6.32,29.2,12.9,Clear,
G24819,Beta,2025,8,2,2,0,5.45,5.45,0.0,0.0,2.47,30.2,36.3,Clear,
G24819,Beta,2025,9,3,3,0,9.46,9.46,0.0,0.0,5.64,15.1,5.7,Clear,
G24819,Beta,2025,10,5,5,0,17.009999999999998,1.01,8.0,8.0,6.1,14.2,32.1,Clear,
G24819,Beta,2025,11,2,2,0,7.08,4.0,3.08,0.0,7.46,14.2,22.9,Clear,
G24819,Beta,2025,12,4,4,0,14.24,6.24,0.0,8.0,11.41,1.6,37.9,Cloudy,
G24819,Beta,2026,1,4,4,0,16.0,12.0,0.0,4.0,6.8,2.1,28.3,Cloudy,
G24819,Beta,2026,2,4,4,0,7.24,6.8,0.0,0.44,5.51,2.4,22.7,Rainy,
G24819,Beta,2026,3,3,3,0,10.97,0.0,6.970000000000001,4.0,3.44,16.3,11.7,Clear,
G24819,Beta,2026,4,3,3,0,6.46,6.46,0.0,0.0,4.77,16.3,27.1,Clear,
G24819,Beta,2026,5,4,4,0,13.3,4.0,4.0,5.3,7.13,16.0,18.1,Clear,
G24819,Beta,2026,6,7,7,0,24.740000000000002,12.74,8.0,4.0,3.96,30.0,23.0,Clear,
G24868,Delta,2024,1,4,4,0,13.66,9.66,4.0,0.0,3.0,4.6,41.6,Windy,
G24868,Delta,2024,2,5,5,0,18.71,4.0,12.0,2.71,9.07,1.6,31.3,Cloudy,
G24868,Delta,2024,3,6,6,0,22.54,0.0,15.18,7.359999999999999,7.51,14.7,44.6,Clear,
G24868,Delta,2024,4,6,6,0,19.25,0.0,12.0,7.25,2.9,16.0,23.7,Clear,
G24868,Delta,2024,5,7,7,0,20.990000000000002,16.85,4.14,0.0,7.15,14.5,15.4,Clear,
G24868,Delta,2024,6,10,10,0,36.09,11.18,16.0,8.91,5.69,31.1,23.0,Clear,
G24868,Delta,2024,7,14,14,0,53.74,28.0,21.740000000000002,4.0,3.74,30.4,43.7,Clear,
G24868,Delta,2024,8,4,4,0,14.870000000000001,6.87,4.0,4.0,4.82,29.2,31.4,Clear,
G24868,Delta,2024,9,4,4,0,16.0,8.0,4.0,4.0,12.52,14.1,14.2,Cloudy,
G24868,Delta,2024,10,5,5,0,11.48,4.0,3.9,3.58,9.82,13.7,6.6,Cloudy,
G24868,Delta,2024,11,3,3,0,12.0,0.0,0.0,12.0,5.51,14.5,35.5,Cloudy,
G24868,Delta,2024,12,2,2,0,8.0,0.0,4.0,4.0,5.0,4.4,32.0,Clear,
G24868,Delta,2025,1,1,1,0,4.0,0.0,0.0,4.0,4.59,2.8,44.8,Windy,
G24868,Delta,2025,2,4,4,0,16.0,8.0,0.0,8.0,7.34,2.2,34.6,Rainy,
G24868,Delta,2025,3,2,2,0,8.0,4.0,0.0,4.0,4.89,14.4,40.1,Clear,
G24868,Delta,2025,4,5,5,0,20.0,16.0,4.0,0.0,2.57,16.7,44.7,Clear,
G24868,Delta,2025,5,14,14,0,52.78,12.0,23.66,17.12,4.88,15.5,12.0,Clear,
G24868,Delta,2025,6,7,7,0,23.21,4.0,8.82,10.39,4.57,30.8,38.3,Clear,
G24868,Delta,2025,7,7,7,0,22.53,6.529999999999999,8.0,8.0,8.28,30.1,10.6,Clear,
G24868,Delta,2025,8,5,5,0,15.649999999999999,11.65,4.0,0.0,7.6,30.5,36.5,Clear,
G24868,Delta,2025,9,7,7,0,27.509999999999998,8.0,15.51,4.0,4.86,14.0,25.2,Cloudy,
G24868,Delta,2025,10,3,3,0,11.73,4.0,4.0,3.73,3.98,15.0,40.8,Windy,
G24868,Delta,2025,11,3,3,0,12.0,4.0,8.0,0.0,7.62,12.1,42.9,Clear,
G24868,Delta,2025,12,5,5,0,19.48,11.48,8.0,0.0,5.97,2.5,36.0,Windy,
G24868,Delta,2026,1,2,2,0,8.0,0.0,4.0,4.0,3.65,2.4,18.6,Cloudy,
G24868,Delta,2026,2,6,6,0,24.0,12.0,4.0,8.0,7.72,4.3,8.7,Windy,
G24868,Delta,2026,3,4,4,0,16.0,12.0,4.0,0.0,7.42,15.9,6.8,Clear,
G24868,Delta,2026,4,2,2,0,8.0,4.0,0.0,4.0,7.33,16.2,28.6,Cloudy,
G24868,Delta,2026,5,7,7,0,21.3,4.93,12.0,4.37,5.33,16.5,24.6,Clear,
G24868,Delta,2026,6,2,2,0,8.0,4.0,0.0,4.0,1.22,30.9,18.8,Clear,
G24895,Sigma,2025,2,6,6,0,24.0,8.0,8.0,8.0,3.78,4.7,38.1,Clear,
G24895,Sigma,2025,3,6,6,0,21.58,9.7,8.0,3.88,6.48,16.4,44.1,Clear,
G24895,Sigma,2025,4,3,3,0,12.0,12.0,0.0,0.0,7.23,16.3,6.6,Clear,
G24895,Sigma,2025,5,1,1,0,4.0,4.0,0.0,0.0,7.77,14.9,15.9,Clear,
G24895,Sigma,2025,6,5,5,0,20.0,4.0,12.0,4.0,2.76,29.6,5.2,Clear,
G24895,Sigma,2025,7,5,5,0,17.09,4.0,7.96,5.13,3.28,30.3,42.5,Clear,
G24895,Sigma,2025,8,4,4,0,12.16,8.16,4.0,0.0,9.84,29.6,17.3,Clear,
G24895,Sigma,2025,9,6,6,0,20.09,8.0,4.09,8.0,3.54,14.1,43.7,Cloudy,
G24895,Sigma,2025,10,3,3,0,10.01,0.0,4.0,6.01,4.18,14.5,21.9,Clear,
G24895,Sigma,2025,11,3,3,0,12.0,12.0,0.0,0.0,5.95,13.9,41.5,Clear,
G24895,Sigma,2026,1,2,2,0,8.0,4.0,0.0,4.0,9.0,3.4,15.6,Cloudy,
G24895,Sigma,2026,2,2,2,0,7.720000000000001,3.72,4.0,0.0,7.65,2.6,7.1,Rainy,
G24895,Sigma,2026,3,4,4,0,16.0,16.0,0.0,0.0,5.24,15.9,38.1,Clear,
G24895,Sigma,2026,4,6,6,0,24.0,8.0,12.0,4.0,6.36,14.9,29.2,Clear,
G24895,Sigma,2026,5,6,6,0,22.15,10.15,12.0,0.0,4.6,16.0,26.8,Clear,
G24895,Sigma,2026,6,4,4,0,13.39,7.3,6.09,0.0,5.77,29.2,7.4,Clear,
G24918,Sigma,2024,7,13,13,0,47.35,19.13,10.96,17.259999999999998,7.17,29.4,18.6,Clear,
G24918,Sigma,2024,8,3,3,0,12.0,8.0,4.0,0.0,5.54,30.9,29.0,Clear,
G24918,Sigma,2024,9,3,3,0,12.0,4.0,4.0,4.0,1.87,13.7,5.2,Clear,
G24918,Sigma,2024,10,6,6,0,24.0,12.0,8.0,4.0,5.26,13.5,10.4,Clear,
G24918,Sigma,2024,11,3,3,0,6.27,5.1899999999999995,0.0,1.08,4.77,13.4,26.1,Clear,
G24918,Sigma,2024,12,8,8,0,28.27,4.27,16.0,8.0,5.46,4.0,32.2,Rainy,
G24918,Sigma,2025,1,6,6,0,19.9,4.0,13.81,2.09,7.44,3.1,23.2,Windy,
G24918,Sigma,2025,2,4,4,0,13.11,6.05,4.0,3.06,7.41,4.7,8.8,Clear,
G24918,Sigma,2025,3,3,3,0,12.0,4.0,8.0,0.0,9.78,16.4,27.1,Clear,
G24918,Sigma,2025,4,4,4,0,12.88,4.88,4.0,4.0,4.22,16.3,32.5,Clear,
G24918,Sigma,2025,5,6,6,0,23.72,15.72,4.0,4.0,6.77,14.9,40.9,Clear,
G24918,Sigma,2025,6,7,7,0,28.0,12.0,16.0,0.0,9.2,29.6,21.2,Clear,
G24918,Sigma,2025,7,3,3,0,12.0,4.0,4.0,4.0,4.3,30.3,27.1,Clear,
G24918,Sigma,2025,8,8,8,0,26.78,17.2,5.58,4.0,6.81,29.6,8.8,Clear,
G24918,Sigma,2025,9,5,5,0,17.96,9.96,8.0,0.0,10.92,14.1,10.2,Cloudy,
G24918,Sigma,2025,10,6,6,0,24.0,0.0,20.0,4.0,4.33,14.5,25.0,Clear,
G24918,Sigma,2025,11,6,6,0,23.46,19.46,4.0,0.0,5.61,13.9,34.7,Clear,
G24918,Sigma,2025,12,5,5,0,18.65,16.0,2.65,0.0,7.53,2.4,37.4,Cloudy,
G24918,Sigma,2026,1,6,6,0,23.57,8.0,4.0,11.57,3.16,3.4,36.6,Cloudy,
G24918,Sigma,2026,2,2,2,0,8.0,4.0,4.0,0.0,7.52,2.6,9.3,Rainy,
G24918,Sigma,2026,3,3,3,0,12.0,12.0,0.0,0.0,7.05,15.9,31.7,Clear,
G24918,Sigma,2026,4,9,9,0,36.0,24.0,8.0,4.0,5.16,14.9,32.1,Clear,
G24918,Sigma,2026,5,9,9,0,36.0,12.0,16.0,8.0,8.51,16.0,21.9,Clear,
G24918,Sigma,2026,6,11,11,0,40.230000000000004,8.0,21.88,10.35,4.05,29.2,21.4,Clear,
G25106,Beta,2025,5,4,4,0,12.39,8.0,0.39,4.0,6.93,16.6,33.0,Clear,
G25106,Beta,2025,6,6,6,0,22.259999999999998,18.259999999999998,0.0,4.0,9.37,31.6,19.3,Clear,
G25106,Beta,2025,7,5,5,0,15.91,11.91,4.0,0.0,10.74,29.2,19.9,Clear,
G25106,Beta,2025,8,9,9,0,32.9,24.0,4.9,4.0,6.32,30.2,39.6,Clear,
G25106,Beta,2025,9,5,5,0,20.0,12.0,8.0,0.0,3.72,15.1,42.5,Clear,
G25106,Beta,2025,10,2,2,0,8.0,4.0,0.0,4.0,6.34,14.2,9.2,Clear,
G25106,Beta,2025,11,4,4,0,10.59,3.8,4.93,1.86,5.13,14.2,13.1,Clear,
G25106,Beta,2025,12,5,5,0,16.38,8.379999999999999,4.0,4.0,8.4,1.6,39.0,Cloudy,
G25106,Beta,2026,1,3,3,0,8.56,4.5600000000000005,4.0,0.0,8.16,2.1,8.0,Cloudy,
G25106,Beta,2026,2,2,2,0,8.0,8.0,0.0,0.0,3.42,2.4,15.6,Rainy,
G25106,Beta,2026,3,1,1,0,4.0,4.0,0.0,0.0,4.77,16.3,34.0,Clear,
G25106,Beta,2026,4,6,6,0,20.88,16.88,0.0,4.0,7.28,16.3,24.3,Clear,
G25106,Beta,2026,5,6,6,0,18.35,4.78,8.0,5.57,4.51,16.0,38.7,Clear,
G25106,Beta,2026,6,5,5,0,18.29,4.0,14.29,0.0,5.29,30.0,36.9,Clear,
G25161,Beta,2025,4,5,5,0,20.0,4.0,8.0,8.0,5.56,16.6,9.7,Clear,
G25161,Beta,2025,5,8,8,0,32.0,24.0,8.0,0.0,7.49,16.6,42.5,Clear,
G25161,Beta,2025,6,4,4,0,16.0,8.0,4.0,4.0,6.64,31.6,20.2,Clear,
G25161,Beta,2025,7,5,5,0,16.09,8.0,4.09,4.0,7.25,29.2,18.6,Clear,
G25161,Beta,2025,8,2,2,0,4.71,4.0,0.0,0.71,8.54,30.2,23.0,Clear,
G25161,Beta,2025,9,7,7,0,28.0,20.0,8.0,0.0,7.06,15.1,17.4,Clear,
G25161,Beta,2025,10,3,3,0,12.0,4.0,4.0,4.0,4.71,14.2,43.0,Clear,
G25161,Beta,2025,11,1,1,0,4.0,0.0,4.0,0.0,6.37,14.2,44.7,Clear,
G25161,Beta,2025,12,2,2,0,8.0,4.0,0.0,4.0,5.5,1.6,27.3,Cloudy,
G25161,Beta,2026,1,2,2,0,8.0,8.0,0.0,0.0,5.95,2.1,29.9,Cloudy,
G25161,Beta,2026,2,3,3,0,8.55,4.0,4.0,0.55,7.06,2.4,34.3,Rainy,
G25161,Beta,2026,3,2,2,0,8.0,4.0,4.0,0.0,8.85,16.3,23.7,Clear,
G25161,Beta,2026,4,3,3,0,12.0,12.0,0.0,0.0,7.05,16.3,20.5,Clear,
G25161,Beta,2026,5,8,8,0,30.98,11.26,7.720000000000001,12.0,9.19,16.0,24.1,Clear,
G25161,Beta,2026,6,11,11,0,37.33,15.969999999999999,13.36,8.0,6.33,30.0,10.8,Clear,
G25334,Sigma,2025,5,7,7,0,24.32,8.32,8.0,8.0,4.64,14.9,38.2,Clear,
G25334,Sigma,2025,6,7,7,0,26.560000000000002,4.0,14.56,8.0,3.98,29.6,10.8,Clear,
G25334,Sigma,2025,7,6,6,0,19.87,8.0,11.56,0.31,6.05,30.3,37.7,Clear,
G25334,Sigma,2025,8,5,5,0,18.15,12.0,2.15,4.0,4.61,29.6,43.4,Clear,
G25334,Sigma,2025,9,6,6,0,19.66,0.2,8.0,11.46,7.04,14.1,17.9,Cloudy,
G25334,Sigma,2025,10,6,6,0,24.0,4.0,12.0,8.0,8.71,14.5,40.3,Clear,
G25334,Sigma,2025,11,6,6,0,22.310000000000002,16.0,6.3100000000000005,0.0,6.51,13.9,31.4,Clear,
G25334,Sigma,2025,12,3,3,0,12.0,8.0,0.0,4.0,6.61,2.4,35.2,Cloudy,
G25334,Sigma,2026,1,7,7,0,25.4,16.0,0.0,9.4,3.6,3.4,43.0,Cloudy,
G25334,Sigma,2026,2,4,4,0,9.57,1.0,8.0,0.57,5.85,2.6,35.6,Rainy,
G25334,Sigma,2026,3,5,5,0,20.0,12.0,4.0,4.0,4.85,15.9,5.8,Clear,
G25334,Sigma,2026,4,5,5,0,18.66,4.0,14.66,0.0,5.17,14.9,16.9,Clear,
G25334,Sigma,2026,5,3,3,0,9.280000000000001,5.28,4.0,0.0,4.92,16.0,17.9,Clear,
G25334,Sigma,2026,6,5,5,0,20.0,8.0,8.0,4.0,3.61,29.2,38.7,Clear,
G25596,Alpha,2025,5,6,6,0,21.21,4.0,9.21,8.0,1.97,16.4,12.3,Clear,
G25596,Alpha,2025,6,7,7,0,26.9,8.0,10.9,8.0,6.03,31.3,17.1,Clear,
G25596,Alpha,2025,7,9,9,0,28.96,27.67,0.0,1.29,7.49,30.5,38.8,Clear,
G25596,Alpha,2025,8,3,3,0,12.0,4.0,0.0,8.0,8.17,31.3,21.2,Clear,
G25596,Alpha,2025,9,3,3,0,11.98,8.0,0.0,3.98,6.42,13.9,18.6,Clear,
G25596,Alpha,2025,10,4,4,0,13.7,4.0,0.0,9.7,4.92,14.8,27.1,Clear,
G25596,Alpha,2025,11,2,2,0,8.0,4.0,0.0,4.0,6.95,14.7,31.8,Cloudy,
G25596,Alpha,2025,12,4,4,0,14.49,4.0,0.0,10.49,9.41,3.9,42.3,Rainy,
G25596,Alpha,2026,1,4,4,0,11.82,0.0,6.42,5.4,5.86,3.1,37.8,Cloudy,
G25596,Alpha,2026,2,2,2,0,8.0,8.0,0.0,0.0,9.82,3.4,14.6,Rainy,
G25596,Alpha,2026,3,2,2,0,8.0,4.0,4.0,0.0,7.1,15.0,38.6,Clear,
G25596,Alpha,2026,4,4,4,0,15.53,7.529999999999999,4.0,4.0,2.96,14.4,19.1,Cloudy,
G25596,Alpha,2026,5,7,7,0,20.880000000000003,4.5600000000000005,12.0,4.32,5.81,16.5,7.4,Clear,
G25596,Alpha,2026,6,4,4,0,14.21,4.0,6.21,4.0,6.86,28.3,14.0,Clear,
G25878,Alpha,2025,1,1,1,0,2.93,2.93,0.0,0.0,5.62,1.8,15.7,Clear,
G25878,Alpha,2025,2,1,1,0,4.0,0.0,4.0,0.0,7.86,3.1,29.0,Cloudy,
G25878,Alpha,2025,3,2,2,0,7.63,0.0,7.63,0.0,3.95,16.6,19.4,Clear,
G25878,Alpha,2025,4,6,6,0,20.63,4.63,16.0,0.0,4.77,17.4,30.6,Clear,
G25878,Alpha,2025,5,5,5,0,18.89,0.0,10.89,8.0,8.68,16.4,8.7,Clear,
G25878,Alpha,2025,6,4,4,0,16.0,8.0,4.0,4.0,6.97,31.3,28.6,Clear,
G25878,Alpha,2025,7,13,13,0,42.45,20.55,13.21,8.69,3.53,30.5,27.3,Clear,
G25878,Alpha,2025,8,1,1,0,2.78,2.78,0.0,0.0,7.69,31.3,37.2,Clear,
G25878,Alpha,2025,9,4,4,0,16.0,4.0,12.0,0.0,4.39,13.9,38.6,Clear,
G25878,Alpha,2025,10,6,6,0,24.0,0.0,16.0,8.0,6.25,14.8,44.6,Clear,
G25878,Alpha,2025,11,2,2,0,7.140000000000001,3.14,4.0,0.0,6.31,14.7,44.3,Cloudy,
G25878,Alpha,2025,12,6,6,0,23.740000000000002,8.0,7.74,8.0,5.63,3.9,30.8,Rainy,
G25878,Alpha,2026,1,5,5,0,16.63,10.23,6.4,0.0,6.29,3.1,19.9,Cloudy,
G25878,Alpha,2026,2,1,1,0,4.0,4.0,0.0,0.0,3.68,3.4,42.2,Rainy,
G25878,Alpha,2026,3,4,4,0,16.0,8.0,8.0,0.0,6.73,15.0,39.5,Clear,
G25878,Alpha,2026,4,7,7,0,21.71,5.63,8.0,8.08,8.63,14.4,32.7,Cloudy,
G25878,Alpha,2026,5,9,9,0,29.69,4.4,16.0,9.29,4.43,16.5,29.4,Clear,
G25878,Alpha,2026,6,6,6,0,22.33,12.0,4.0,6.33,3.63,28.3,39.5,Clear,
G25956,Alpha,2025,3,2,2,0,8.0,4.0,4.0,0.0,8.63,16.6,43.7,Clear,
G25956,Alpha,2025,4,4,4,0,14.32,0.0,7.109999999999999,7.21,8.04,17.4,20.2,Clear,
G25956,Alpha,2025,5,9,9,0,33.51,8.0,16.0,9.51,7.17,16.4,14.4,Clear,
G25956,Alpha,2025,6,6,6,0,17.759999999999998,8.45,0.0,9.31,6.45,31.3,23.4,Clear,
G25956,Alpha,2025,7,11,11,0,42.54,10.54,16.0,16.0,5.19,30.5,16.4,Clear,
G25956,Alpha,2025,8,2,2,0,8.0,4.0,4.0,0.0,4.04,31.3,26.3,Clear,
G25956,Alpha,2025,9,3,3,0,12.0,8.0,0.0,4.0,4.04,13.9,14.2,Clear,
G25956,Alpha,2025,10,5,5,0,18.89,8.0,6.890000000000001,4.0,4.54,14.8,36.5,Clear,
G25956,Alpha,2025,11,2,2,0,8.0,0.0,0.0,8.0,1.7,14.7,26.0,Cloudy,
G25956,Alpha,2025,12,5,5,0,16.32,6.35,8.0,1.97,2.88,3.9,7.5,Rainy,
G25956,Alpha,2026,1,3,3,0,9.42,5.42,4.0,0.0,5.62,3.1,29.8,Cloudy,
G25956,Alpha,2026,2,2,2,0,8.0,4.0,4.0,0.0,7.07,3.4,42.7,Rainy,
G25956,Alpha,2026,3,2,2,0,8.0,8.0,0.0,0.0,6.32,15.0,42.1,Clear,
G25956,Alpha,2026,4,7,7,0,28.0,8.0,12.0,8.0,3.57,14.4,15.4,Cloudy,
G25956,Alpha,2026,5,13,13,0,50.15,24.0,10.15,16.0,6.76,16.5,29.2,Clear,
G25956,Alpha,2026,6,6,6,0,20.64,10.64,6.0,4.0,4.78,28.3,6.8,Clear,
G25990,Beta,2025,5,8,8,0,29.62,17.62,12.0,0.0,8.57,16.6,33.7,Clear,
G25990,Beta,2025,6,5,5,0,19.61,7.609999999999999,12.0,0.0,7.11,31.6,7.2,Clear,
G25990,Beta,2025,7,5,5,0,20.0,16.0,4.0,0.0,6.99,29.2,7.2,Clear,
G25990,Beta,2025,8,6,6,0,24.0,8.0,16.0,0.0,7.12,30.2,31.8,Clear,
G25990,Beta,2025,9,2,2,0,6.029999999999999,4.0,2.03,0.0,5.87,15.1,21.2,Clear,
G25990,Beta,2025,10,3,3,0,8.33,8.0,0.33,0.0,6.05,14.2,31.8,Clear,
G25990,Beta,2025,11,4,4,0,13.23,8.0,5.23,0.0,7.55,14.2,32.8,Clear,
G25990,Beta,2025,12,2,2,0,4.57,4.0,0.0,0.57,5.16,1.6,37.8,Cloudy,
G25990,Beta,2026,1,4,4,0,13.97,5.97,4.0,4.0,5.23,2.1,24.4,Cloudy,
G25990,Beta,2026,2,3,3,0,12.0,8.0,4.0,0.0,5.29,2.4,37.4,Rainy,
G25990,Beta,2026,3,2,2,0,8.0,4.0,0.0,4.0,6.24,16.3,14.4,Clear,
G25990,Beta,2026,4,4,4,0,16.0,12.0,4.0,0.0,6.01,16.3,18.0,Clear,
G25990,Beta,2026,5,5,5,0,20.0,4.0,4.0,12.0,5.82,16.0,25.9,Clear,
G25990,Beta,2026,6,7,7,0,25.42,13.42,12.0,0.0,4.3,30.0,33.6,Clear,
