mission_id,aircraft_id,department,year,month,mission_date,aircraft_age_years,planned_duration_hours,actual_duration_hours,hours_returned_early,pre_flight_check_minutes,pre_flight_issue_found,post_flight_check_minutes,had_inflight_technical_problem,problem_type,problem_duration_minutes,effective_condition_score
MSN00001,TB2-A03,Alpha,2021,1,2021-01-14,1,15.5,15.5,0.0,76.7,False,80.7,False,,0.0,89.4
MSN00003,TB2-A03,Alpha,2021,1,2021-01-13,1,19.12,19.12,0.0,97.6,False,90.5,False,,0.0,89.4
MSN00005,TB2-A03,Alpha,2021,1,2021-01-02,1,17.7,17.7,0.0,57.7,False,76.0,False,,0.0,89.4
MSN00006,TB2-A03,Alpha,2021,1,2021-01-25,1,16.82,16.82,0.0,128.3,True,77.2,False,,0.0,89.4
MSN00007,TB2-A03,Alpha,2021,1,2021-01-24,1,17.1,17.1,0.0,77.2,False,49.3,False,,0.0,89.4
MSN00008,TB2-A03,Alpha,2021,1,2021-01-05,1,17.81,17.81,0.0,64.8,False,53.0,False,,0.0,89.4
MSN00010,TB2-A03,Alpha,2021,1,2021-01-18,1,17.06,17.06,0.0,89.0,False,75.6,False,,0.0,89.4
MSN00011,TB2-A03,Alpha,2021,1,2021-01-27,1,17.01,17.01,0.0,82.2,False,76.1,False,,0.0,89.4
MSN00012,TB2-A03,Alpha,2021,1,2021-01-05,1,16.6,16.6,0.0,67.1,False,59.5,False,,0.0,89.4
MSN00013,TB2-A03,Alpha,2021,1,2021-01-09,1,17.5,17.5,0.0,84.0,False,59.2,False,,0.0,89.4
MSN00014,TB2-A03,Alpha,2021,1,2021-01-27,1,11.85,10.99,0.86,80.1,False,64.5,True,Communication Link,51.6,89.4
MSN00015,TB2-A03,Alpha,2021,2,2021-02-26,1,19.41,19.41,0.0,58.9,False,71.9,False,,0.0,97.8
MSN00016,TB2-A03,Alpha,2021,2,2021-02-18,1,20.0,20.0,0.0,81.6,False,59.3,False,,0.0,97.8
MSN00017,TB2-A03,Alpha,2021,2,2021-02-15,1,13.72,13.72,0.0,51.4,False,68.5,False,,0.0,97.8
MSN00018,TB2-A03,Alpha,2021,2,2021-02-24,1,18.48,17.29,1.19,76.8,False,69.3,True,Control Surface,71.4,97.8
MSN00019,TB2-A03,Alpha,2021,2,2021-02-09,1,15.27,15.27,0.0,54.6,False,83.6,False,,0.0,97.8
MSN00021,TB2-A03,Alpha,2021,2,2021-02-13,1,17.21,17.21,0.0,60.4,False,70.7,False,,0.0,97.8
MSN00022,TB2-A03,Alpha,2021,2,2021-02-22,1,18.83,18.83,0.0,70.3,False,77.3,False,,0.0,97.8
MSN00023,TB2-A03,Alpha,2021,2,2021-02-01,1,18.64,18.64,0.0,75.4,False,56.5,False,,0.0,97.8
MSN00024,TB2-A03,Alpha,2021,3,2021-03-13,1,15.91,15.91,0.0,73.7,False,91.9,False,,0.0,87.0
MSN00026,TB2-A03,Alpha,2021,3,2021-03-27,1,18.44,18.44,0.0,80.5,False,71.8,True,Communication Link,34.3,87.0
MSN00028,TB2-A03,Alpha,2021,3,2021-03-27,1,16.73,7.14,9.59,67.4,False,82.2,True,Sensor/Payload,575.4,87.0
MSN00029,TB2-A03,Alpha,2021,3,2021-03-06,1,18.73,18.73,0.0,70.6,False,43.7,False,,0.0,87.0
MSN00030,TB2-A03,Alpha,2021,3,2021-03-26,1,16.72,16.72,0.0,76.1,False,77.9,False,,0.0,87.0
MSN00031,TB2-A03,Alpha,2021,3,2021-03-23,1,20.0,20.0,0.0,80.7,False,70.9,False,,0.0,87.0
MSN00033,TB2-A03,Alpha,2021,3,2021-03-04,1,17.07,15.93,1.14,70.1,False,60.2,True,Communication Link,68.4,87.0
MSN00034,TB2-A03,Alpha,2021,3,2021-03-11,1,17.76,17.76,0.0,50.7,False,59.3,False,,0.0,87.0
MSN00035,TB2-A03,Alpha,2021,3,2021-03-02,1,18.38,18.38,0.0,84.1,True,67.5,False,,0.0,87.0
MSN00036,TB2-A03,Alpha,2021,4,2021-04-06,1,16.35,16.35,0.0,61.1,False,55.5,False,,0.0,89.9
MSN00037,TB2-A03,Alpha,2021,4,2021-04-15,1,18.97,18.97,0.0,69.2,False,75.0,False,,0.0,89.9
MSN00038,TB2-A03,Alpha,2021,4,2021-04-01,1,18.35,18.35,0.0,124.5,True,81.9,False,,0.0,89.9
MSN00039,TB2-A03,Alpha,2021,4,2021-04-15,1,18.19,18.19,0.0,83.3,False,62.5,False,,0.0,89.9
MSN00040,TB2-A03,Alpha,2021,4,2021-04-24,1,16.09,16.09,0.0,92.3,False,59.8,False,,0.0,89.9
MSN00041,TB2-A03,Alpha,2021,4,2021-04-18,1,15.02,15.02,0.0,88.9,True,88.0,False,,0.0,89.9
MSN00042,TB2-A03,Alpha,2021,4,2021-04-07,1,20.0,20.0,0.0,71.4,False,75.8,False,,0.0,89.9
MSN00044,TB2-A03,Alpha,2021,4,2021-04-13,1,13.0,11.41,1.59,80.9,False,85.3,True,Communication Link,95.4,89.9
MSN00045,TB2-A03,Alpha,2021,4,2021-04-01,1,20.0,20.0,0.0,70.6,False,41.6,False,,0.0,89.9
MSN00046,TB2-A03,Alpha,2021,4,2021-04-02,1,17.96,17.96,0.0,86.0,False,66.8,False,,0.0,89.9
MSN00047,TB2-A03,Alpha,2021,4,2021-04-16,1,16.12,16.12,0.0,84.3,True,71.3,False,,0.0,89.9
MSN00048,TB2-A03,Alpha,2021,4,2021-04-10,1,19.58,19.58,0.0,63.4,False,67.4,False,,0.0,89.9
MSN00049,TB2-A03,Alpha,2021,4,2021-04-10,1,15.31,15.31,0.0,73.6,False,71.3,False,,0.0,89.9
MSN00050,TB2-A03,Alpha,2021,4,2021-04-03,1,18.38,18.38,0.0,55.5,False,59.8,False,,0.0,89.9
MSN00051,TB2-A03,Alpha,2021,4,2021-04-18,1,17.56,17.56,0.0,70.5,False,56.9,False,,0.0,89.9
MSN00052,TB2-A03,Alpha,2021,4,2021-04-10,1,12.09,12.09,0.0,82.4,False,75.6,False,,0.0,89.9
MSN00053,TB2-A03,Alpha,2021,4,2021-04-02,1,16.1,16.1,0.0,53.6,False,70.0,False,,0.0,89.9
MSN00054,TB2-A03,Alpha,2021,4,2021-04-21,1,17.05,17.05,0.0,54.0,False,59.5,False,,0.0,89.9
MSN00055,TB2-A03,Alpha,2021,4,2021-04-24,1,18.82,18.82,0.0,63.2,False,89.9,False,,0.0,89.9
MSN00056,TB2-A03,Alpha,2021,4,2021-04-21,1,15.2,15.2,0.0,57.3,False,79.8,False,,0.0,89.9
MSN00057,TB2-A03,Alpha,2021,5,2021-05-07,1,15.59,15.59,0.0,30.0,False,67.4,False,,0.0,94.9
MSN00058,TB2-A03,Alpha,2021,5,2021-05-03,1,18.34,18.34,0.0,77.1,False,64.8,False,,0.0,94.9
MSN00059,TB2-A03,Alpha,2021,5,2021-05-15,1,16.74,16.74,0.0,65.4,False,78.4,False,,0.0,94.9
MSN00060,TB2-A03,Alpha,2021,5,2021-05-01,1,15.2,15.2,0.0,83.7,False,97.0,False,,0.0,94.9
MSN00061,TB2-A03,Alpha,2021,5,2021-05-20,1,13.16,13.16,0.0,150.0,True,85.5,False,,0.0,94.9
MSN00062,TB2-A03,Alpha,2021,5,2021-05-06,1,15.46,15.46,0.0,84.9,False,63.6,False,,0.0,94.9
MSN00063,TB2-A03,Alpha,2021,5,2021-05-02,1,19.92,19.92,0.0,70.2,False,71.5,False,,0.0,94.9
MSN00064,TB2-A03,Alpha,2021,5,2021-05-01,1,17.0,17.0,0.0,75.0,False,86.3,False,,0.0,94.9
MSN00065,TB2-A03,Alpha,2021,5,2021-05-18,1,16.63,16.63,0.0,61.8,False,44.2,False,,0.0,94.9
MSN00066,TB2-A03,Alpha,2021,5,2021-05-24,1,18.02,18.02,0.0,96.1,False,73.4,True,Electrical System,19.4,94.9
MSN00067,TB2-A03,Alpha,2021,5,2021-05-03,1,16.07,16.07,0.0,82.8,False,68.4,False,,0.0,94.9
MSN00068,TB2-A03,Alpha,2021,5,2021-05-25,1,16.26,16.26,0.0,85.0,False,76.1,False,,0.0,94.9
MSN00069,TB2-A03,Alpha,2021,5,2021-05-11,1,20.0,20.0,0.0,69.6,False,84.1,False,,0.0,94.9
MSN00070,TB2-A03,Alpha,2021,5,2021-05-01,1,17.03,17.03,0.0,97.9,True,86.3,False,,0.0,94.9
MSN00071,TB2-A03,Alpha,2021,5,2021-05-24,1,17.44,17.44,0.0,71.6,False,55.2,False,,0.0,94.9
MSN00072,TB2-A03,Alpha,2021,5,2021-05-24,1,20.0,20.0,0.0,77.0,False,61.1,False,,0.0,94.9
MSN00073,TB2-A03,Alpha,2021,5,2021-05-09,1,15.03,15.03,0.0,67.2,False,85.5,False,,0.0,94.9
MSN00074,TB2-A03,Alpha,2021,5,2021-05-21,1,15.39,15.39,0.0,62.6,False,66.1,False,,0.0,94.9
MSN00075,TB2-A03,Alpha,2021,5,2021-05-06,1,15.09,15.09,0.0,64.9,False,74.2,False,,0.0,94.9
MSN00076,TB2-A03,Alpha,2021,5,2021-05-05,1,16.75,16.75,0.0,73.2,False,79.9,False,,0.0,94.9
MSN00077,TB2-A03,Alpha,2021,5,2021-05-28,1,18.46,18.46,0.0,85.2,True,76.2,False,,0.0,94.9
MSN00078,TB2-A03,Alpha,2021,5,2021-05-24,1,18.57,18.57,0.0,92.1,False,65.8,False,,0.0,94.9
MSN00079,TB2-A03,Alpha,2021,5,2021-05-09,1,16.61,16.61,0.0,65.9,False,73.9,False,,0.0,94.9
MSN00080,TB2-A03,Alpha,2021,5,2021-05-27,1,19.63,19.63,0.0,102.5,True,66.8,False,,0.0,94.9
MSN00081,TB2-A03,Alpha,2021,5,2021-05-14,1,15.18,15.18,0.0,66.6,False,76.3,False,,0.0,94.9
MSN00082,TB2-A03,Alpha,2021,5,2021-05-19,1,15.62,15.62,0.0,67.5,False,67.2,False,,0.0,94.9
MSN00083,TB2-A03,Alpha,2021,6,2021-06-16,1,16.89,16.89,0.0,63.0,False,85.0,False,,0.0,86.6
MSN00084,TB2-A03,Alpha,2021,6,2021-06-28,1,19.04,19.04,0.0,73.5,False,55.8,False,,0.0,86.6
MSN00085,TB2-A03,Alpha,2021,6,2021-06-05,1,17.77,17.77,0.0,54.2,False,64.2,False,,0.0,86.6
MSN00086,TB2-A03,Alpha,2021,6,2021-06-02,1,19.99,19.99,0.0,77.2,False,75.0,False,,0.0,86.6
MSN00087,TB2-A03,Alpha,2021,6,2021-06-25,1,16.29,16.29,0.0,74.3,False,40.8,False,,0.0,86.6
MSN00088,TB2-A03,Alpha,2021,6,2021-06-06,1,17.61,17.61,0.0,42.5,False,79.6,False,,0.0,86.6
MSN00089,TB2-A03,Alpha,2021,6,2021-06-03,1,20.0,20.0,0.0,69.2,False,88.7,False,,0.0,86.6
MSN00090,TB2-A03,Alpha,2021,6,2021-06-18,1,14.34,14.34,0.0,117.2,True,81.4,False,,0.0,86.6
MSN00091,TB2-A03,Alpha,2021,6,2021-06-13,1,18.59,18.59,0.0,70.7,False,70.1,True,Navigation/GPS,31.5,86.6
MSN00092,TB2-A03,Alpha,2021,6,2021-06-05,1,18.04,18.04,0.0,77.1,False,63.0,False,,0.0,86.6
MSN00093,TB2-A03,Alpha,2021,6,2021-06-03,1,15.25,15.25,0.0,70.0,False,58.1,False,,0.0,86.6
MSN00094,TB2-A03,Alpha,2021,6,2021-06-25,1,16.39,16.39,0.0,51.5,False,88.8,False,,0.0,86.6
MSN00095,TB2-A03,Alpha,2021,6,2021-06-22,1,18.48,18.48,0.0,89.7,False,55.4,False,,0.0,86.6
MSN00096,TB2-A03,Alpha,2021,6,2021-06-10,1,16.81,16.81,0.0,76.6,False,85.9,False,,0.0,86.6
MSN00097,TB2-A03,Alpha,2021,6,2021-06-03,1,19.47,19.47,0.0,69.1,False,86.1,False,,0.0,86.6
MSN00098,TB2-A03,Alpha,2021,6,2021-06-08,1,14.96,14.96,0.0,75.0,False,64.7,False,,0.0,86.6
MSN00099,TB2-A03,Alpha,2021,6,2021-06-11,1,12.89,12.89,0.0,76.9,False,46.0,False,,0.0,86.6
MSN00100,TB2-A03,Alpha,2021,6,2021-06-20,1,17.05,17.05,0.0,55.3,False,81.0,True,Engine,28.2,86.6
MSN00101,TB2-A03,Alpha,2021,6,2021-06-01,1,20.0,20.0,0.0,82.9,True,68.7,False,,0.0,86.6
MSN00102,TB2-A03,Alpha,2021,6,2021-06-26,1,18.06,18.06,0.0,53.5,False,67.5,False,,0.0,86.6
MSN00103,TB2-A03,Alpha,2021,7,2021-07-18,1,16.61,16.61,0.0,61.1,False,91.1,False,,0.0,84.5
MSN00104,TB2-A03,Alpha,2021,7,2021-07-11,1,15.73,15.73,0.0,64.9,False,68.5,False,,0.0,84.5
MSN00105,TB2-A03,Alpha,2021,7,2021-07-25,1,16.66,16.66,0.0,40.0,False,84.9,False,,0.0,84.5
MSN00106,TB2-A03,Alpha,2021,7,2021-07-16,1,19.35,19.35,0.0,136.9,True,72.4,False,,0.0,84.5
MSN00107,TB2-A03,Alpha,2021,7,2021-07-19,1,15.72,15.72,0.0,86.9,False,74.0,False,,0.0,84.5
MSN00108,TB2-A03,Alpha,2021,7,2021-07-04,1,19.98,19.98,0.0,79.9,False,69.4,False,,0.0,84.5
MSN00109,TB2-A03,Alpha,2021,7,2021-07-01,1,18.39,18.39,0.0,72.2,False,86.2,True,Control Surface,35.8,84.5
MSN00110,TB2-A03,Alpha,2021,7,2021-07-03,1,20.0,20.0,0.0,55.2,False,58.6,False,,0.0,84.5
MSN00111,TB2-A03,Alpha,2021,7,2021-07-20,1,14.61,14.61,0.0,87.5,True,65.1,False,,0.0,84.5
MSN00112,TB2-A03,Alpha,2021,7,2021-07-05,1,19.96,19.96,0.0,78.9,True,71.0,False,,0.0,84.5
MSN00113,TB2-A03,Alpha,2021,7,2021-07-28,1,18.79,18.79,0.0,70.3,False,76.9,False,,0.0,84.5
MSN00114,TB2-A03,Alpha,2021,7,2021-07-11,1,18.4,18.4,0.0,61.4,False,76.2,False,,0.0,84.5
MSN00115,TB2-A03,Alpha,2021,7,2021-07-09,1,16.35,16.35,0.0,51.6,False,70.7,False,,0.0,84.5
MSN00116,TB2-A03,Alpha,2021,7,2021-07-23,1,15.9,11.36,4.54,76.5,False,73.0,True,Control Surface,272.4,84.5
MSN00117,TB2-A03,Alpha,2021,7,2021-07-02,1,16.59,16.59,0.0,121.2,True,44.9,False,,0.0,84.5
MSN00118,TB2-A03,Alpha,2021,7,2021-07-17,1,17.9,17.9,0.0,68.5,False,57.9,False,,0.0,84.5
MSN00119,TB2-A03,Alpha,2021,7,2021-07-02,1,13.58,13.58,0.0,73.9,False,63.1,False,,0.0,84.5
MSN00120,TB2-A03,Alpha,2021,7,2021-07-04,1,13.07,13.07,0.0,70.0,False,76.0,False,,0.0,84.5
MSN00122,TB2-A03,Alpha,2021,7,2021-07-24,1,15.93,15.93,0.0,70.7,False,91.8,False,,0.0,84.5
MSN00123,TB2-A03,Alpha,2021,8,2021-08-04,1,20.0,20.0,0.0,62.9,False,68.6,False,,0.0,93.0
MSN00124,TB2-A03,Alpha,2021,8,2021-08-22,1,15.38,15.38,0.0,61.4,False,80.0,False,,0.0,93.0
MSN00125,TB2-A03,Alpha,2021,8,2021-08-28,1,16.94,16.94,0.0,56.1,False,62.3,False,,0.0,93.0
MSN00126,TB2-A03,Alpha,2021,8,2021-08-03,1,16.11,16.11,0.0,84.4,False,60.5,False,,0.0,93.0
MSN00127,TB2-A03,Alpha,2021,8,2021-08-24,1,19.49,19.49,0.0,72.9,False,61.0,False,,0.0,93.0
MSN00128,TB2-A03,Alpha,2021,8,2021-08-21,1,18.8,18.8,0.0,79.2,False,57.0,False,,0.0,93.0
MSN00129,TB2-A03,Alpha,2021,8,2021-08-06,1,15.27,15.27,0.0,67.3,False,77.1,False,,0.0,93.0
MSN00130,TB2-A03,Alpha,2021,8,2021-08-17,1,19.57,19.57,0.0,48.0,False,78.0,False,,0.0,93.0
MSN00131,TB2-A03,Alpha,2021,8,2021-08-04,1,17.97,17.97,0.0,57.6,False,96.2,False,,0.0,93.0
MSN00132,TB2-A03,Alpha,2021,8,2021-08-10,1,17.7,17.7,0.0,49.5,False,55.0,False,,0.0,93.0
MSN00133,TB2-A03,Alpha,2021,8,2021-08-08,1,18.67,18.67,0.0,70.1,False,69.6,False,,0.0,93.0
MSN00134,TB2-A03,Alpha,2021,8,2021-08-04,1,16.55,16.55,0.0,55.2,False,64.0,False,,0.0,93.0
MSN00135,TB2-A03,Alpha,2021,8,2021-08-18,1,16.96,16.96,0.0,70.7,False,65.8,False,,0.0,93.0
MSN00136,TB2-A03,Alpha,2021,8,2021-08-10,1,16.17,16.17,0.0,76.1,False,58.7,False,,0.0,93.0
MSN00137,TB2-A03,Alpha,2021,8,2021-08-11,1,14.25,14.25,0.0,70.1,False,69.6,False,,0.0,93.0
MSN00138,TB2-A03,Alpha,2021,8,2021-08-07,1,17.67,17.67,0.0,86.6,False,80.9,False,,0.0,93.0
MSN00139,TB2-A03,Alpha,2021,8,2021-08-17,1,16.22,16.22,0.0,36.9,False,63.1,False,,0.0,93.0
MSN00140,TB2-A03,Alpha,2021,8,2021-08-23,1,15.18,15.18,0.0,85.3,False,50.8,False,,0.0,93.0
MSN00141,TB2-A03,Alpha,2021,8,2021-08-07,1,18.16,18.16,0.0,78.8,False,73.2,False,,0.0,93.0
MSN00142,TB2-A03,Alpha,2021,8,2021-08-10,1,12.83,12.83,0.0,54.6,False,82.3,True,Electrical System,17.8,93.0
MSN00143,TB2-A03,Alpha,2021,8,2021-08-26,1,12.76,12.76,0.0,62.8,False,86.4,False,,0.0,93.0
MSN00144,TB2-A03,Alpha,2021,8,2021-08-26,1,14.92,14.92,0.0,82.1,False,52.8,False,,0.0,93.0
MSN00145,TB2-A03,Alpha,2021,8,2021-08-03,1,17.9,17.9,0.0,64.6,False,68.2,False,,0.0,93.0
MSN00146,TB2-A03,Alpha,2021,8,2021-08-19,1,17.32,17.32,0.0,67.1,False,72.1,False,,0.0,93.0
MSN00147,TB2-A03,Alpha,2021,8,2021-08-19,1,17.12,17.12,0.0,65.0,False,75.6,False,,0.0,93.0
MSN00148,TB2-A03,Alpha,2021,8,2021-08-12,1,16.84,16.84,0.0,65.2,False,66.6,False,,0.0,93.0
MSN00150,TB2-A03,Alpha,2021,9,2021-09-07,1,16.98,16.98,0.0,125.5,True,81.0,False,,0.0,93.3
MSN00151,TB2-A03,Alpha,2021,9,2021-09-09,1,19.2,19.2,0.0,37.3,False,72.0,False,,0.0,93.3
MSN00152,TB2-A03,Alpha,2021,9,2021-09-25,1,18.51,18.51,0.0,76.8,False,61.6,False,,0.0,93.3
MSN00153,TB2-A03,Alpha,2021,9,2021-09-14,1,17.18,17.18,0.0,68.8,False,83.5,False,,0.0,93.3
MSN00154,TB2-A03,Alpha,2021,9,2021-09-06,1,17.35,17.35,0.0,48.2,False,62.6,False,,0.0,93.3
MSN00155,TB2-A03,Alpha,2021,9,2021-09-08,1,18.04,18.04,0.0,58.7,False,64.2,False,,0.0,93.3
MSN00156,TB2-A03,Alpha,2021,9,2021-09-08,1,19.44,19.44,0.0,70.8,False,81.1,True,Engine,21.9,93.3
MSN00158,TB2-A03,Alpha,2021,9,2021-09-24,1,15.88,15.88,0.0,60.6,False,68.8,False,,0.0,93.3
MSN00159,TB2-A03,Alpha,2021,9,2021-09-10,1,18.06,18.06,0.0,75.3,False,58.1,False,,0.0,93.3
MSN00161,TB2-A03,Alpha,2021,9,2021-09-10,1,18.54,18.54,0.0,118.0,True,56.0,False,,0.0,93.3
MSN00162,TB2-A03,Alpha,2021,9,2021-09-12,1,18.89,18.89,0.0,77.2,False,41.5,False,,0.0,93.3
MSN00163,TB2-A03,Alpha,2021,9,2021-09-21,1,17.15,17.15,0.0,74.6,False,62.0,False,,0.0,93.3
MSN00164,TB2-A03,Alpha,2021,10,2021-10-19,1,16.55,16.55,0.0,39.8,False,81.5,True,Electrical System,21.1,84.6
MSN00165,TB2-A03,Alpha,2021,10,2021-10-15,1,16.85,16.85,0.0,148.2,True,40.5,False,,0.0,84.6
MSN00166,TB2-A03,Alpha,2021,10,2021-10-12,1,13.4,13.4,0.0,69.7,False,70.0,False,,0.0,84.6
MSN00167,TB2-A03,Alpha,2021,10,2021-10-13,1,12.49,12.49,0.0,75.6,False,76.4,False,,0.0,84.6
MSN00168,TB2-A03,Alpha,2021,10,2021-10-07,1,17.43,17.43,0.0,62.3,False,76.1,False,,0.0,84.6
MSN00169,TB2-A03,Alpha,2021,10,2021-10-27,1,18.89,18.89,0.0,73.0,False,56.1,False,,0.0,84.6
MSN00170,TB2-A03,Alpha,2021,10,2021-10-21,1,17.02,17.02,0.0,123.0,True,60.9,False,,0.0,84.6
MSN00171,TB2-A03,Alpha,2021,10,2021-10-10,1,15.26,15.26,0.0,136.2,True,89.9,False,,0.0,84.6
MSN00172,TB2-A03,Alpha,2021,10,2021-10-04,1,16.33,16.33,0.0,70.1,False,80.7,False,,0.0,84.6
MSN00173,TB2-A03,Alpha,2021,10,2021-10-17,1,18.79,18.79,0.0,70.6,False,69.3,False,,0.0,84.6
MSN00174,TB2-A03,Alpha,2021,10,2021-10-03,1,14.88,14.88,0.0,46.3,False,44.0,False,,0.0,84.6
MSN00175,TB2-A03,Alpha,2021,10,2021-10-07,1,15.89,15.89,0.0,47.8,False,64.1,False,,0.0,84.6
MSN00176,TB2-A03,Alpha,2021,10,2021-10-26,1,18.07,18.07,0.0,61.7,False,71.3,False,,0.0,84.6
MSN00177,TB2-A03,Alpha,2021,10,2021-10-06,1,18.19,18.19,0.0,79.1,False,54.4,True,Communication Link,35.0,84.6
MSN00179,TB2-A03,Alpha,2021,10,2021-10-16,1,15.72,15.72,0.0,93.7,True,40.6,False,,0.0,84.6
MSN00180,TB2-A03,Alpha,2021,10,2021-10-09,1,14.25,14.25,0.0,45.4,False,74.4,False,,0.0,84.6
MSN00181,TB2-A03,Alpha,2021,10,2021-10-11,1,15.15,15.15,0.0,68.9,False,86.2,False,,0.0,84.6
MSN00182,TB2-A03,Alpha,2021,11,2021-11-22,1,20.0,20.0,0.0,119.6,True,61.9,False,,0.0,93.8
MSN00183,TB2-A03,Alpha,2021,11,2021-11-25,1,16.13,16.13,0.0,55.6,False,33.6,False,,0.0,93.8
MSN00184,TB2-A03,Alpha,2021,11,2021-11-16,1,17.99,17.99,0.0,63.0,False,70.6,False,,0.0,93.8
MSN00185,TB2-A03,Alpha,2021,11,2021-11-21,1,15.25,15.25,0.0,79.4,False,65.4,True,Navigation/GPS,8.7,93.8
MSN00186,TB2-A03,Alpha,2021,11,2021-11-10,1,17.69,17.69,0.0,67.8,False,55.2,False,,0.0,93.8
MSN00187,TB2-A03,Alpha,2021,11,2021-11-22,1,16.91,16.91,0.0,84.0,False,61.0,False,,0.0,93.8
MSN00188,TB2-A03,Alpha,2021,11,2021-11-18,1,14.69,14.69,0.0,54.0,False,65.7,False,,0.0,93.8
MSN00189,TB2-A03,Alpha,2021,11,2021-11-15,1,14.17,14.17,0.0,76.7,False,63.9,False,,0.0,93.8
MSN00190,TB2-A03,Alpha,2021,11,2021-11-02,1,16.94,16.94,0.0,84.1,False,71.2,False,,0.0,93.8
MSN00192,TB2-A03,Alpha,2021,11,2021-11-19,1,14.99,14.99,0.0,63.8,False,74.7,False,,0.0,93.8
MSN00193,TB2-A03,Alpha,2021,11,2021-11-26,1,15.74,15.74,0.0,103.7,False,89.8,False,,0.0,93.8
MSN00194,TB2-A03,Alpha,2021,11,2021-11-09,1,18.43,18.43,0.0,97.3,False,49.6,False,,0.0,93.8
MSN00195,TB2-A03,Alpha,2021,11,2021-11-25,1,15.91,15.91,0.0,41.4,False,89.0,False,,0.0,93.8
MSN00196,TB2-A03,Alpha,2021,11,2021-11-23,1,16.38,16.38,0.0,79.0,False,74.6,False,,0.0,93.8
MSN00197,TB2-A03,Alpha,2021,11,2021-11-10,1,13.34,13.34,0.0,69.9,False,76.1,False,,0.0,93.8
MSN00198,TB2-A03,Alpha,2021,12,2021-12-02,1,17.64,17.64,0.0,67.3,False,76.4,False,,0.0,91.6
MSN00199,TB2-A03,Alpha,2021,12,2021-12-09,1,18.85,18.85,0.0,86.5,False,101.0,False,,0.0,91.6
MSN00201,TB2-A03,Alpha,2021,12,2021-12-18,1,17.23,17.23,0.0,73.1,False,81.2,False,,0.0,91.6
MSN00202,TB2-A03,Alpha,2021,12,2021-12-06,1,20.0,20.0,0.0,77.0,False,74.7,False,,0.0,91.6
MSN00203,TB2-A03,Alpha,2021,12,2021-12-27,1,15.2,15.2,0.0,111.8,True,71.9,False,,0.0,91.6
MSN00205,TB2-A03,Alpha,2021,12,2021-12-06,1,20.0,20.0,0.0,73.9,False,82.8,False,,0.0,91.6
MSN00206,TB2-A03,Alpha,2021,12,2021-12-28,1,15.06,15.06,0.0,69.8,False,56.4,False,,0.0,91.6
MSN00207,TB2-A03,Alpha,2021,12,2021-12-02,1,17.17,17.17,0.0,67.0,False,57.9,False,,0.0,91.6
MSN00208,TB2-A03,Alpha,2021,12,2021-12-16,1,14.19,14.19,0.0,61.1,False,49.2,False,,0.0,91.6
MSN00209,TB2-A03,Alpha,2021,12,2021-12-28,1,17.96,17.96,0.0,69.5,False,65.3,False,,0.0,91.6
MSN00210,TB2-A03,Alpha,2021,12,2021-12-24,1,15.66,15.66,0.0,63.9,False,67.2,False,,0.0,91.6
MSN00211,TB2-A03,Alpha,2021,12,2021-12-28,1,16.2,16.2,0.0,55.2,False,83.5,False,,0.0,91.6
MSN00212,TB2-A01,Alpha,2022,1,2022-01-06,0,18.42,18.42,0.0,96.0,True,61.8,False,,0.0,98.7
MSN00214,TB2-A01,Alpha,2022,1,2022-01-16,0,16.41,16.41,0.0,69.4,False,69.7,False,,0.0,98.7
MSN00215,TB2-A01,Alpha,2022,1,2022-01-19,0,16.58,16.58,0.0,55.9,False,53.9,False,,0.0,98.7
MSN00216,TB2-A01,Alpha,2022,1,2022-01-05,0,16.46,16.46,0.0,74.0,False,63.4,False,,0.0,98.7
MSN00217,TB2-A03,Alpha,2022,1,2022-01-19,2,17.25,17.25,0.0,70.3,False,82.6,False,,0.0,90.0
MSN00218,TB2-A03,Alpha,2022,1,2022-01-14,2,17.02,17.02,0.0,87.8,False,72.7,False,,0.0,90.0
MSN00219,TB2-A03,Alpha,2022,1,2022-01-05,2,15.38,15.38,0.0,108.4,False,68.7,False,,0.0,90.0
MSN00220,TB2-A01,Alpha,2022,2,2022-02-23,0,14.49,14.49,0.0,45.8,False,47.5,False,,0.0,97.0
MSN00221,TB2-A01,Alpha,2022,2,2022-02-14,0,19.91,19.91,0.0,113.4,True,60.5,False,,0.0,97.0
MSN00223,TB2-A03,Alpha,2022,2,2022-02-20,2,18.68,18.68,0.0,42.6,False,60.1,False,,0.0,89.3
MSN00226,TB2-A03,Alpha,2022,2,2022-02-12,2,19.62,19.62,0.0,74.6,False,67.9,True,Engine,33.7,89.3
MSN00227,TB2-A03,Alpha,2022,3,2022-03-02,2,19.58,19.58,0.0,85.6,False,72.3,False,,0.0,90.9
MSN00228,TB2-A01,Alpha,2022,3,2022-03-07,0,14.06,14.06,0.0,82.4,True,66.0,False,,0.0,89.0
MSN00229,TB2-A03,Alpha,2022,3,2022-03-09,2,20.0,20.0,0.0,65.3,False,71.1,False,,0.0,90.9
MSN00230,TB2-A03,Alpha,2022,3,2022-03-28,2,17.78,17.78,0.0,56.4,False,101.7,False,,0.0,90.9
MSN00231,TB2-A03,Alpha,2022,3,2022-03-11,2,17.96,17.96,0.0,55.4,False,55.1,False,,0.0,90.9
MSN00234,TB2-A01,Alpha,2022,3,2022-03-08,0,19.89,19.89,0.0,72.1,False,62.1,False,,0.0,89.0
MSN00235,TB2-A01,Alpha,2022,3,2022-03-24,0,19.27,19.27,0.0,70.0,False,58.5,False,,0.0,89.0
MSN00236,TB2-A03,Alpha,2022,3,2022-03-19,2,15.9,15.9,0.0,84.6,False,74.5,False,,0.0,90.9
MSN00237,TB2-A01,Alpha,2022,3,2022-03-16,0,18.78,18.78,0.0,63.3,False,57.6,False,,0.0,89.0
MSN00238,TB2-A01,Alpha,2022,4,2022-04-19,0,14.31,14.31,0.0,42.6,False,54.7,False,,0.0,97.2
MSN00239,TB2-A03,Alpha,2022,4,2022-04-01,2,14.58,14.58,0.0,80.7,False,74.1,False,,0.0,89.5
MSN00240,TB2-A01,Alpha,2022,4,2022-04-11,0,18.07,18.07,0.0,52.8,False,74.7,False,,0.0,97.2
MSN00241,TB2-A03,Alpha,2022,4,2022-04-27,2,16.89,16.89,0.0,81.6,False,87.7,False,,0.0,89.5
MSN00242,TB2-A03,Alpha,2022,4,2022-04-13,2,17.13,17.13,0.0,97.8,False,73.7,False,,0.0,89.5
MSN00243,TB2-A03,Alpha,2022,4,2022-04-14,2,18.19,18.19,0.0,72.2,False,78.0,False,,0.0,89.5
MSN00244,TB2-A03,Alpha,2022,4,2022-04-24,2,18.74,18.74,0.0,156.8,True,93.4,False,,0.0,89.5
MSN00245,TB2-A03,Alpha,2022,4,2022-04-01,2,14.13,14.13,0.0,91.1,False,72.6,False,,0.0,89.5
MSN00246,TB2-A01,Alpha,2022,4,2022-04-25,0,20.0,20.0,0.0,63.5,False,91.2,False,,0.0,97.2
MSN00247,TB2-A01,Alpha,2022,4,2022-04-27,0,16.72,16.72,0.0,70.4,False,48.5,False,,0.0,97.2
MSN00248,TB2-A01,Alpha,2022,4,2022-04-17,0,16.82,16.82,0.0,58.6,False,81.5,False,,0.0,97.2
MSN00249,TB2-A03,Alpha,2022,4,2022-04-14,2,19.22,19.22,0.0,81.9,False,102.6,False,,0.0,89.5
MSN00250,TB2-A01,Alpha,2022,4,2022-04-27,0,14.72,14.72,0.0,48.4,False,58.9,False,,0.0,97.2
MSN00251,TB2-A03,Alpha,2022,4,2022-04-10,2,17.94,17.94,0.0,96.1,False,78.7,False,,0.0,89.5
MSN00252,TB2-A03,Alpha,2022,4,2022-04-05,2,17.46,17.46,0.0,71.9,False,86.2,False,,0.0,89.5
MSN00253,TB2-A01,Alpha,2022,4,2022-04-16,0,15.93,15.93,0.0,61.1,False,59.1,False,,0.0,97.2
MSN00254,TB2-A01,Alpha,2022,4,2022-04-14,0,20.0,20.0,0.0,52.1,False,30.0,False,,0.0,97.2
MSN00255,TB2-A01,Alpha,2022,4,2022-04-27,0,15.23,15.23,0.0,60.4,False,59.8,False,,0.0,97.2
MSN00256,TB2-A01,Alpha,2022,4,2022-04-17,0,14.68,14.68,0.0,73.8,False,45.7,False,,0.0,97.2
MSN00257,TB2-A03,Alpha,2022,4,2022-04-21,2,15.3,15.3,0.0,85.2,False,68.1,True,Electrical System,22.0,89.5
MSN00258,TB2-A03,Alpha,2022,5,2022-05-11,2,17.22,17.22,0.0,89.0,False,77.5,False,,0.0,87.9
MSN00259,TB2-A03,Alpha,2022,5,2022-05-18,2,19.46,19.46,0.0,73.7,False,69.7,False,,0.0,87.9
MSN00260,TB2-A01,Alpha,2022,5,2022-05-13,0,17.02,17.02,0.0,59.6,False,76.4,False,,0.0,89.4
MSN00261,TB2-A03,Alpha,2022,5,2022-05-11,2,19.99,19.99,0.0,75.9,False,54.2,False,,0.0,87.9
MSN00262,TB2-A01,Alpha,2022,5,2022-05-09,0,16.21,16.21,0.0,57.5,False,51.6,False,,0.0,89.4
MSN00263,TB2-A01,Alpha,2022,5,2022-05-24,0,15.56,15.56,0.0,57.9,False,36.0,False,,0.0,89.4
MSN00264,TB2-A01,Alpha,2022,5,2022-05-11,0,16.74,16.74,0.0,60.4,False,55.4,False,,0.0,89.4
MSN00265,TB2-A01,Alpha,2022,5,2022-05-10,0,17.7,17.7,0.0,53.3,False,60.9,False,,0.0,89.4
MSN00266,TB2-A03,Alpha,2022,5,2022-05-22,2,20.0,20.0,0.0,75.8,False,69.4,False,,0.0,87.9
MSN00267,TB2-A01,Alpha,2022,5,2022-05-11,0,15.1,15.1,0.0,65.1,False,55.6,False,,0.0,89.4
MSN00268,TB2-A03,Alpha,2022,5,2022-05-23,2,18.14,18.14,0.0,139.6,True,70.5,False,,0.0,87.9
MSN00269,TB2-A03,Alpha,2022,5,2022-05-26,2,16.94,16.94,0.0,105.7,False,50.9,False,,0.0,87.9
MSN00270,TB2-A03,Alpha,2022,5,2022-05-13,2,14.05,14.05,0.0,59.7,False,65.4,False,,0.0,87.9
MSN00271,TB2-A01,Alpha,2022,5,2022-05-02,0,14.18,14.18,0.0,63.3,False,71.1,True,Navigation/GPS,33.8,89.4
MSN00272,TB2-A03,Alpha,2022,5,2022-05-02,2,20.0,20.0,0.0,73.5,False,92.6,False,,0.0,87.9
MSN00273,TB2-A03,Alpha,2022,5,2022-05-13,2,18.6,18.6,0.0,146.6,True,72.3,False,,0.0,87.9
MSN00274,TB2-A03,Alpha,2022,5,2022-05-22,2,14.79,14.79,0.0,102.8,False,103.3,False,,0.0,87.9
MSN00275,TB2-A03,Alpha,2022,5,2022-05-07,2,16.06,16.06,0.0,101.1,False,72.9,False,,0.0,87.9
MSN00276,TB2-A03,Alpha,2022,5,2022-05-28,2,16.77,16.77,0.0,86.7,False,86.8,False,,0.0,87.9
MSN00277,TB2-A03,Alpha,2022,5,2022-05-24,2,18.18,18.18,0.0,86.5,False,72.5,False,,0.0,87.9
MSN00278,TB2-A01,Alpha,2022,5,2022-05-16,0,18.68,18.68,0.0,69.5,False,63.8,False,,0.0,89.4
MSN00279,TB2-A03,Alpha,2022,5,2022-05-21,2,17.83,17.83,0.0,87.4,False,62.1,False,,0.0,87.9
MSN00280,TB2-A01,Alpha,2022,5,2022-05-08,0,20.0,20.0,0.0,59.1,False,78.3,False,,0.0,89.4
MSN00281,TB2-A01,Alpha,2022,5,2022-05-10,0,18.65,18.65,0.0,85.0,False,62.2,False,,0.0,89.4
MSN00282,TB2-A01,Alpha,2022,5,2022-05-19,0,15.05,15.05,0.0,53.2,False,57.7,False,,0.0,89.4
MSN00283,TB2-A01,Alpha,2022,5,2022-05-22,0,15.04,15.04,0.0,46.5,False,52.2,False,,0.0,89.4
MSN00284,TB2-A01,Alpha,2022,5,2022-05-18,0,18.2,18.2,0.0,52.9,False,40.3,False,,0.0,89.4
MSN00285,TB2-A03,Alpha,2022,6,2022-06-17,2,17.76,17.76,0.0,83.3,False,68.6,False,,0.0,87.2
MSN00286,TB2-A01,Alpha,2022,6,2022-06-16,0,19.75,19.75,0.0,80.6,False,61.6,False,,0.0,94.7
MSN00287,TB2-A01,Alpha,2022,6,2022-06-22,0,20.0,20.0,0.0,57.8,False,34.6,False,,0.0,94.7
MSN00288,TB2-A01,Alpha,2022,6,2022-06-17,0,13.8,13.8,0.0,55.8,False,63.0,False,,0.0,94.7
MSN00289,TB2-A01,Alpha,2022,6,2022-06-24,0,14.17,14.17,0.0,51.5,False,60.4,False,,0.0,94.7
MSN00290,TB2-A03,Alpha,2022,6,2022-06-03,2,15.0,15.0,0.0,96.2,True,62.3,False,,0.0,87.2
MSN00291,TB2-A03,Alpha,2022,6,2022-06-08,2,17.63,17.63,0.0,79.0,False,100.4,False,,0.0,87.2
MSN00292,TB2-A01,Alpha,2022,6,2022-06-23,0,18.47,18.47,0.0,69.1,False,80.6,False,,0.0,94.7
MSN00293,TB2-A01,Alpha,2022,6,2022-06-12,0,13.22,13.22,0.0,55.9,False,88.3,False,,0.0,94.7
MSN00294,TB2-A03,Alpha,2022,6,2022-06-13,2,16.55,16.55,0.0,60.6,False,82.7,False,,0.0,87.2
MSN00295,TB2-A01,Alpha,2022,6,2022-06-27,0,16.87,16.87,0.0,55.4,False,65.6,False,,0.0,94.7
MSN00296,TB2-A01,Alpha,2022,6,2022-06-04,0,14.91,14.91,0.0,58.3,False,48.7,False,,0.0,94.7
MSN00297,TB2-A01,Alpha,2022,6,2022-06-16,0,16.66,16.66,0.0,61.2,False,62.2,False,,0.0,94.7
MSN00299,TB2-A03,Alpha,2022,6,2022-06-26,2,15.18,15.18,0.0,84.3,False,79.8,True,Electrical System,18.5,87.2
MSN00300,TB2-A03,Alpha,2022,6,2022-06-01,2,16.22,16.22,0.0,64.6,False,81.3,False,,0.0,87.2
MSN00301,TB2-A01,Alpha,2022,6,2022-06-03,0,15.16,15.16,0.0,39.1,False,64.7,False,,0.0,94.7
MSN00302,TB2-A03,Alpha,2022,6,2022-06-28,2,16.21,16.21,0.0,70.8,False,95.8,False,,0.0,87.2
MSN00303,TB2-A03,Alpha,2022,6,2022-06-10,2,16.74,16.74,0.0,100.5,False,83.8,False,,0.0,87.2
MSN00304,TB2-A01,Alpha,2022,6,2022-06-02,0,14.11,14.11,0.0,49.9,False,71.8,False,,0.0,94.7
MSN00306,TB2-A03,Alpha,2022,6,2022-06-22,2,13.59,13.59,0.0,85.5,False,69.9,False,,0.0,87.2
MSN00307,TB2-A03,Alpha,2022,6,2022-06-02,2,16.69,16.69,0.0,83.8,False,71.3,False,,0.0,87.2
MSN00308,TB2-A01,Alpha,2022,7,2022-07-17,0,18.03,18.03,0.0,68.7,False,58.4,False,,0.0,94.1
MSN00309,TB2-A01,Alpha,2022,7,2022-07-09,0,13.3,13.3,0.0,68.9,False,63.2,False,,0.0,94.1
MSN00310,TB2-A01,Alpha,2022,7,2022-07-17,0,17.28,17.28,0.0,71.3,False,58.4,False,,0.0,94.1
MSN00311,TB2-A03,Alpha,2022,7,2022-07-16,2,15.07,15.07,0.0,76.9,False,90.1,False,,0.0,95.2
MSN00312,TB2-A03,Alpha,2022,7,2022-07-22,2,15.72,15.72,0.0,87.9,False,91.1,False,,0.0,95.2
MSN00313,TB2-A03,Alpha,2022,7,2022-07-06,2,17.88,17.88,0.0,79.3,False,73.5,False,,0.0,95.2
MSN00314,TB2-A03,Alpha,2022,7,2022-07-11,2,18.66,18.66,0.0,61.6,False,71.8,False,,0.0,95.2
MSN00315,TB2-A03,Alpha,2022,7,2022-07-25,2,14.84,14.84,0.0,69.3,False,78.3,False,,0.0,95.2
MSN00316,TB2-A01,Alpha,2022,7,2022-07-06,0,13.46,13.46,0.0,104.3,True,57.7,False,,0.0,94.1
MSN00317,TB2-A01,Alpha,2022,7,2022-07-07,0,19.57,19.57,0.0,74.3,False,65.2,False,,0.0,94.1
MSN00318,TB2-A01,Alpha,2022,7,2022-07-08,0,18.22,18.22,0.0,50.6,False,30.0,False,,0.0,94.1
MSN00319,TB2-A03,Alpha,2022,7,2022-07-17,2,17.3,17.3,0.0,73.6,False,79.4,False,,0.0,95.2
MSN00320,TB2-A01,Alpha,2022,7,2022-07-18,0,17.1,17.1,0.0,41.5,False,74.4,False,,0.0,94.1
MSN00321,TB2-A01,Alpha,2022,7,2022-07-10,0,15.99,15.99,0.0,65.7,False,59.2,False,,0.0,94.1
MSN00322,TB2-A01,Alpha,2022,7,2022-07-28,0,15.09,15.09,0.0,58.3,False,50.8,False,,0.0,94.1
MSN00323,TB2-A03,Alpha,2022,7,2022-07-11,2,16.6,16.6,0.0,106.8,False,76.4,False,,0.0,95.2
MSN00324,TB2-A01,Alpha,2022,8,2022-08-03,0,18.12,18.12,0.0,61.2,False,44.0,False,,0.0,100.0
MSN00325,TB2-A01,Alpha,2022,8,2022-08-21,0,15.79,15.79,0.0,65.6,False,80.6,False,,0.0,100.0
MSN00326,TB2-A03,Alpha,2022,8,2022-08-22,2,18.29,18.29,0.0,66.0,False,74.5,False,,0.0,93.3
MSN00327,TB2-A03,Alpha,2022,8,2022-08-12,2,19.01,19.01,0.0,84.6,False,72.6,False,,0.0,93.3
MSN00328,TB2-A03,Alpha,2022,8,2022-08-08,2,14.13,14.13,0.0,61.2,False,62.7,False,,0.0,93.3
MSN00329,TB2-A01,Alpha,2022,8,2022-08-15,0,20.0,20.0,0.0,66.5,False,80.3,False,,0.0,100.0
MSN00330,TB2-A03,Alpha,2022,8,2022-08-16,2,18.07,18.07,0.0,81.3,False,85.5,True,Control Surface,30.4,93.3
MSN00331,TB2-A01,Alpha,2022,8,2022-08-24,0,18.75,18.75,0.0,57.2,False,40.2,False,,0.0,100.0
MSN00332,TB2-A03,Alpha,2022,8,2022-08-15,2,17.21,16.67,0.54,80.1,False,80.4,True,Electrical System,32.4,93.3
MSN00333,TB2-A01,Alpha,2022,8,2022-08-11,0,16.18,16.18,0.0,46.5,False,47.2,False,,0.0,100.0
MSN00334,TB2-A01,Alpha,2022,8,2022-08-18,0,15.46,15.46,0.0,61.7,False,40.6,False,,0.0,100.0
MSN00335,TB2-A01,Alpha,2022,8,2022-08-08,0,16.02,16.02,0.0,73.3,False,57.6,False,,0.0,100.0
MSN00336,TB2-A03,Alpha,2022,8,2022-08-04,2,17.82,17.82,0.0,77.5,False,74.2,False,,0.0,93.3
MSN00337,TB2-A03,Alpha,2022,8,2022-08-22,2,16.65,16.65,0.0,61.8,False,71.3,False,,0.0,93.3
MSN00338,TB2-A03,Alpha,2022,8,2022-08-08,2,18.89,15.26,3.63,83.8,False,60.7,True,Electrical System,217.8,93.3
MSN00339,TB2-A01,Alpha,2022,8,2022-08-02,0,17.3,17.3,0.0,92.4,True,49.9,False,,0.0,100.0
MSN00340,TB2-A03,Alpha,2022,8,2022-08-18,2,14.41,14.41,0.0,82.0,False,66.2,False,,0.0,93.3
MSN00341,TB2-A01,Alpha,2022,9,2022-09-06,0,17.65,17.65,0.0,71.6,False,60.1,True,Communication Link,27.1,95.6
MSN00342,TB2-A03,Alpha,2022,9,2022-09-03,2,17.55,17.55,0.0,70.5,False,83.1,False,,0.0,86.5
MSN00343,TB2-A01,Alpha,2022,9,2022-09-02,0,16.25,16.25,0.0,48.4,False,66.0,False,,0.0,95.6
MSN00344,TB2-A01,Alpha,2022,9,2022-09-04,0,12.43,12.43,0.0,72.0,False,67.1,False,,0.0,95.6
MSN00345,TB2-A03,Alpha,2022,9,2022-09-25,2,15.43,15.43,0.0,70.4,False,73.8,False,,0.0,86.5
MSN00347,TB2-A03,Alpha,2022,9,2022-09-08,2,17.58,17.58,0.0,146.7,True,69.0,False,,0.0,86.5
MSN00348,TB2-A03,Alpha,2022,9,2022-09-24,2,13.98,13.98,0.0,71.3,False,65.5,False,,0.0,86.5
MSN00349,TB2-A03,Alpha,2022,9,2022-09-28,2,16.9,16.9,0.0,80.3,False,72.9,False,,0.0,86.5
MSN00350,TB2-A01,Alpha,2022,9,2022-09-27,0,20.0,20.0,0.0,39.2,False,54.6,False,,0.0,95.6
MSN00351,TB2-A03,Alpha,2022,9,2022-09-13,2,16.88,16.88,0.0,79.0,False,74.5,False,,0.0,86.5
MSN00352,TB2-A03,Alpha,2022,9,2022-09-01,2,14.46,14.46,0.0,69.2,False,83.1,False,,0.0,86.5
MSN00353,TB2-A03,Alpha,2022,9,2022-09-06,2,15.7,15.7,0.0,63.9,False,75.0,True,Communication Link,27.4,86.5
MSN00354,TB2-A03,Alpha,2022,9,2022-09-11,2,17.41,17.41,0.0,93.4,False,72.9,False,,0.0,86.5
MSN00357,TB2-A03,Alpha,2022,9,2022-09-09,2,19.53,19.53,0.0,90.1,False,95.0,False,,0.0,86.5
MSN00358,TB2-A03,Alpha,2022,9,2022-09-06,2,16.5,16.5,0.0,71.0,False,84.4,False,,0.0,86.5
MSN00359,TB2-A03,Alpha,2022,9,2022-09-21,2,15.96,15.96,0.0,97.0,False,72.2,False,,0.0,86.5
MSN00360,TB2-A01,Alpha,2022,9,2022-09-20,0,18.47,18.47,0.0,55.3,False,83.9,False,,0.0,95.6
MSN00361,TB2-A03,Alpha,2022,9,2022-09-02,2,17.35,17.35,0.0,176.2,True,69.8,False,,0.0,86.5
MSN00362,TB2-A01,Alpha,2022,9,2022-09-09,0,17.77,17.77,0.0,59.8,False,43.1,False,,0.0,95.6
MSN00363,TB2-A03,Alpha,2022,9,2022-09-18,2,17.48,17.48,0.0,86.8,False,77.0,False,,0.0,86.5
MSN00364,TB2-A01,Alpha,2022,9,2022-09-25,0,15.64,15.64,0.0,72.3,False,63.0,False,,0.0,95.6
MSN00366,TB2-A03,Alpha,2022,10,2022-10-24,2,18.47,18.47,0.0,78.5,False,67.3,False,,0.0,90.7
MSN00367,TB2-A03,Alpha,2022,10,2022-10-28,2,15.03,15.03,0.0,70.1,False,93.2,False,,0.0,90.7
MSN00368,TB2-A01,Alpha,2022,10,2022-10-17,0,19.98,19.98,0.0,59.3,False,48.3,False,,0.0,95.2
MSN00369,TB2-A01,Alpha,2022,10,2022-10-13,0,16.29,16.29,0.0,101.7,True,67.3,False,,0.0,95.2
MSN00370,TB2-A03,Alpha,2022,10,2022-10-15,2,16.78,16.78,0.0,74.2,False,49.5,False,,0.0,90.7
MSN00371,TB2-A03,Alpha,2022,10,2022-10-25,2,14.63,14.63,0.0,76.2,False,101.6,False,,0.0,90.7
MSN00372,TB2-A01,Alpha,2022,10,2022-10-21,0,19.29,19.29,0.0,70.8,False,48.5,False,,0.0,95.2
MSN00373,TB2-A03,Alpha,2022,10,2022-10-20,2,16.23,16.23,0.0,65.2,False,100.9,False,,0.0,90.7
MSN00374,TB2-A01,Alpha,2022,10,2022-10-07,0,13.82,13.82,0.0,58.6,False,54.5,False,,0.0,95.2
MSN00375,TB2-A01,Alpha,2022,10,2022-10-02,0,20.0,20.0,0.0,50.4,False,56.5,False,,0.0,95.2
MSN00376,TB2-A01,Alpha,2022,10,2022-10-17,0,17.14,17.14,0.0,57.6,False,52.3,False,,0.0,95.2
MSN00377,TB2-A01,Alpha,2022,10,2022-10-02,0,20.0,20.0,0.0,58.3,False,55.6,False,,0.0,95.2
MSN00378,TB2-A03,Alpha,2022,10,2022-10-22,2,18.97,18.97,0.0,85.7,False,61.9,False,,0.0,90.7
MSN00380,TB2-A01,Alpha,2022,10,2022-10-24,0,19.57,19.57,0.0,42.6,False,85.6,False,,0.0,95.2
MSN00381,TB2-A01,Alpha,2022,11,2022-11-19,0,11.62,11.62,0.0,53.7,False,63.2,False,,0.0,93.7
MSN00382,TB2-A01,Alpha,2022,11,2022-11-05,0,15.11,15.11,0.0,47.4,False,58.2,False,,0.0,93.7
MSN00384,TB2-A03,Alpha,2022,11,2022-11-13,2,19.12,18.92,0.2,87.9,False,93.5,True,Sensor/Payload,12.0,87.8
MSN00385,TB2-A01,Alpha,2022,11,2022-11-12,0,15.1,15.1,0.0,55.5,False,54.5,False,,0.0,93.7
MSN00386,TB2-A01,Alpha,2022,11,2022-11-20,0,16.91,16.91,0.0,75.0,False,53.1,False,,0.0,93.7
MSN00387,TB2-A01,Alpha,2022,11,2022-11-10,0,17.78,17.78,0.0,86.2,False,41.5,False,,0.0,93.7
MSN00388,TB2-A03,Alpha,2022,11,2022-11-02,2,16.73,16.73,0.0,68.4,False,84.1,False,,0.0,87.8
MSN00389,TB2-A03,Alpha,2022,11,2022-11-10,2,17.9,17.9,0.0,91.9,False,84.1,False,,0.0,87.8
MSN00390,TB2-A03,Alpha,2022,11,2022-11-17,2,12.92,12.92,0.0,74.0,False,80.2,False,,0.0,87.8
MSN00391,TB2-A01,Alpha,2022,11,2022-11-24,0,18.66,18.66,0.0,45.0,False,55.4,False,,0.0,93.7
MSN00392,TB2-A03,Alpha,2022,11,2022-11-27,2,19.56,19.56,0.0,80.1,False,88.0,False,,0.0,87.8
MSN00394,TB2-A03,Alpha,2022,12,2022-12-14,2,18.62,18.62,0.0,118.9,True,78.0,False,,0.0,86.0
MSN00395,TB2-A01,Alpha,2022,12,2022-12-06,0,15.93,15.93,0.0,64.3,False,52.0,False,,0.0,93.3
MSN00396,TB2-A01,Alpha,2022,12,2022-12-18,0,16.96,16.96,0.0,72.2,False,60.4,False,,0.0,93.3
MSN00398,TB2-A01,Alpha,2022,12,2022-12-07,0,15.16,14.96,0.2,51.0,False,61.6,True,Navigation/GPS,12.0,93.3
MSN00399,TB2-A01,Alpha,2022,12,2022-12-28,0,16.46,16.46,0.0,59.3,False,40.5,False,,0.0,93.3
MSN00400,TB2-A01,Alpha,2022,12,2022-12-19,0,16.76,16.76,0.0,36.6,False,52.0,False,,0.0,93.3
MSN00401,TB2-A03,Alpha,2022,12,2022-12-10,2,17.31,17.31,0.0,62.5,False,93.8,False,,0.0,86.0
MSN00403,TB2-A03,Alpha,2022,12,2022-12-15,2,14.84,14.84,0.0,77.3,False,80.7,False,,0.0,86.0
MSN00404,TB2-A01,Alpha,2022,12,2022-12-19,0,17.91,17.91,0.0,58.3,False,64.0,False,,0.0,93.3
MSN00405,TB2-A01,Alpha,2022,12,2022-12-23,0,16.31,16.31,0.0,58.3,False,61.0,False,,0.0,93.3
MSN00406,TB2-A03,Alpha,2022,12,2022-12-22,2,15.03,15.03,0.0,83.0,False,77.9,False,,0.0,86.0
MSN00407,TB2-A01,Alpha,2022,12,2022-12-06,0,15.53,15.53,0.0,56.7,False,75.1,False,,0.0,93.3
MSN00410,TB2-A03,Alpha,2023,1,2023-01-01,3,14.89,14.89,0.0,69.3,False,97.0,False,,0.0,96.4
MSN00411,TB2-A01,Alpha,2023,1,2023-01-06,1,19.19,19.19,0.0,117.8,True,78.0,True,Communication Link,30.2,89.0
MSN00412,TB2-A01,Alpha,2023,1,2023-01-12,1,16.17,16.17,0.0,69.8,False,47.1,False,,0.0,89.0
MSN00413,TB2-A01,Alpha,2023,1,2023-01-06,1,16.76,16.0,0.76,76.2,False,78.0,True,Communication Link,45.6,89.0
MSN00414,TB2-A03,Alpha,2023,1,2023-01-09,3,14.05,14.05,0.0,91.8,False,75.0,False,,0.0,96.4
MSN00415,TB2-A03,Alpha,2023,1,2023-01-24,3,20.0,20.0,0.0,88.4,False,103.2,False,,0.0,96.4
MSN00417,TB2-A01,Alpha,2023,1,2023-01-01,1,15.73,15.73,0.0,63.2,False,41.2,False,,0.0,89.0
MSN00419,TB2-A03,Alpha,2023,2,2023-02-10,3,16.97,16.97,0.0,90.6,False,79.8,False,,0.0,94.4
MSN00420,TB2-A01,Alpha,2023,2,2023-02-02,1,17.97,17.97,0.0,41.6,False,58.1,False,,0.0,87.1
MSN00421,TB2-A01,Alpha,2023,2,2023-02-13,1,16.26,16.26,0.0,54.4,False,41.6,False,,0.0,87.1
MSN00423,TB2-A03,Alpha,2023,2,2023-02-25,3,20.0,20.0,0.0,78.4,False,73.0,False,,0.0,94.4
MSN00424,TB2-A01,Alpha,2023,2,2023-02-07,1,14.93,14.93,0.0,83.7,False,62.0,False,,0.0,87.1
MSN00425,TB2-A01,Alpha,2023,2,2023-02-01,1,18.14,18.14,0.0,71.1,False,74.1,False,,0.0,87.1
MSN00427,TB2-A03,Alpha,2023,2,2023-02-01,3,16.06,16.06,0.0,94.8,False,106.3,False,,0.0,94.4
MSN00428,TB2-A03,Alpha,2023,2,2023-02-24,3,18.37,18.37,0.0,99.9,False,80.6,False,,0.0,94.4
MSN00429,TB2-A01,Alpha,2023,2,2023-02-16,1,19.01,19.01,0.0,69.3,False,91.7,False,,0.0,87.1
MSN00430,TB2-A01,Alpha,2023,2,2023-02-13,1,14.11,14.11,0.0,82.3,False,75.4,False,,0.0,87.1
MSN00431,TB2-A04,Alpha,2023,3,2023-03-03,0,15.16,15.16,0.0,56.5,False,47.6,False,,0.0,89.0
MSN00433,TB2-A03,Alpha,2023,3,2023-03-27,3,18.74,18.74,0.0,156.3,True,84.8,False,,0.0,83.2
MSN00434,TB2-A03,Alpha,2023,3,2023-03-22,3,16.01,16.01,0.0,100.1,False,77.9,False,,0.0,83.2
MSN00435,TB2-A04,Alpha,2023,3,2023-03-25,0,16.02,16.02,0.0,47.3,False,51.3,False,,0.0,89.0
MSN00436,TB2-A01,Alpha,2023,3,2023-03-11,1,18.5,18.5,0.0,67.0,False,66.9,False,,0.0,92.7
MSN00437,TB2-A04,Alpha,2023,3,2023-03-19,0,13.8,13.8,0.0,73.9,False,52.4,False,,0.0,89.0
MSN00438,TB2-A03,Alpha,2023,3,2023-03-18,3,17.29,13.69,3.6,84.1,False,68.4,True,Communication Link,216.0,83.2
MSN00440,TB2-A03,Alpha,2023,3,2023-03-01,3,17.38,17.38,0.0,91.9,False,85.6,False,,0.0,83.2
MSN00442,TB2-A03,Alpha,2023,3,2023-03-19,3,16.34,16.34,0.0,96.4,False,100.9,False,,0.0,83.2
MSN00443,TB2-A04,Alpha,2023,4,2023-04-15,0,16.52,16.52,0.0,53.8,False,43.9,False,,0.0,84.8
MSN00444,TB2-A03,Alpha,2023,4,2023-04-13,3,17.16,17.16,0.0,78.0,False,89.4,False,,0.0,89.1
MSN00445,TB2-A01,Alpha,2023,4,2023-04-09,1,18.45,18.45,0.0,83.6,False,58.1,False,,0.0,92.9
MSN00446,TB2-A04,Alpha,2023,4,2023-04-04,0,18.39,18.39,0.0,101.1,True,64.0,False,,0.0,84.8
MSN00447,TB2-A01,Alpha,2023,4,2023-04-15,1,18.63,16.91,1.72,73.7,False,75.4,True,Engine,103.2,92.9
MSN00448,TB2-A01,Alpha,2023,4,2023-04-19,1,17.66,17.66,0.0,85.6,False,58.1,False,,0.0,92.9
MSN00449,TB2-A01,Alpha,2023,4,2023-04-25,1,14.35,14.35,0.0,58.7,False,64.2,False,,0.0,92.9
MSN00450,TB2-A01,Alpha,2023,4,2023-04-28,1,16.95,16.95,0.0,67.5,False,70.7,False,,0.0,92.9
MSN00451,TB2-A04,Alpha,2023,4,2023-04-28,0,14.49,14.49,0.0,61.2,False,54.1,False,,0.0,84.8
MSN00452,TB2-A03,Alpha,2023,4,2023-04-12,3,14.97,14.97,0.0,97.3,False,66.9,False,,0.0,89.1
MSN00454,TB2-A04,Alpha,2023,4,2023-04-23,0,16.11,13.99,2.12,81.7,False,66.6,True,Electrical System,127.2,84.8
MSN00455,TB2-A04,Alpha,2023,4,2023-04-13,0,18.0,18.0,0.0,30.5,False,63.0,False,,0.0,84.8
MSN00456,TB2-A03,Alpha,2023,4,2023-04-26,3,20.0,20.0,0.0,87.1,False,84.5,False,,0.0,89.1
MSN00457,TB2-A04,Alpha,2023,4,2023-04-16,0,16.24,16.24,0.0,56.6,False,55.5,False,,0.0,84.8
MSN00458,TB2-A04,Alpha,2023,4,2023-04-02,0,14.25,14.25,0.0,45.5,False,58.1,False,,0.0,84.8
MSN00459,TB2-A04,Alpha,2023,4,2023-04-05,0,16.4,16.4,0.0,59.1,False,61.9,False,,0.0,84.8
MSN00460,TB2-A04,Alpha,2023,4,2023-04-16,0,19.64,19.64,0.0,51.0,False,69.9,False,,0.0,84.8
MSN00461,TB2-A04,Alpha,2023,4,2023-04-28,0,16.26,16.26,0.0,51.0,False,59.0,False,,0.0,84.8
MSN00462,TB2-A01,Alpha,2023,4,2023-04-16,1,18.66,18.66,0.0,88.1,False,97.6,False,,0.0,92.9
MSN00463,TB2-A03,Alpha,2023,4,2023-04-04,3,16.97,16.97,0.0,99.7,False,118.6,False,,0.0,89.1
MSN00464,TB2-A04,Alpha,2023,5,2023-05-24,0,14.57,14.57,0.0,55.7,False,55.6,False,,0.0,87.9
MSN00465,TB2-A03,Alpha,2023,5,2023-05-06,3,18.98,18.98,0.0,99.5,False,108.9,False,,0.0,82.9
MSN00466,TB2-A03,Alpha,2023,5,2023-05-19,3,15.08,15.08,0.0,78.9,False,87.4,False,,0.0,82.9
MSN00467,TB2-A03,Alpha,2023,5,2023-05-11,3,14.61,14.61,0.0,97.7,False,74.0,False,,0.0,82.9
MSN00468,TB2-A03,Alpha,2023,5,2023-05-28,3,16.94,16.94,0.0,81.5,False,116.4,False,,0.0,82.9
MSN00469,TB2-A01,Alpha,2023,5,2023-05-07,1,11.9,11.9,0.0,77.1,False,61.7,False,,0.0,93.9
MSN00471,TB2-A04,Alpha,2023,5,2023-05-06,0,16.01,16.01,0.0,61.1,False,56.8,False,,0.0,87.9
MSN00472,TB2-A04,Alpha,2023,5,2023-05-22,0,14.35,14.35,0.0,49.1,False,72.6,False,,0.0,87.9
MSN00474,TB2-A04,Alpha,2023,5,2023-05-22,0,20.0,20.0,0.0,59.7,False,61.9,False,,0.0,87.9
MSN00475,TB2-A04,Alpha,2023,5,2023-05-21,0,19.88,19.88,0.0,70.3,False,60.5,False,,0.0,87.9
MSN00476,TB2-A01,Alpha,2023,5,2023-05-05,1,18.51,18.51,0.0,68.6,False,80.9,False,,0.0,93.9
MSN00477,TB2-A01,Alpha,2023,5,2023-05-15,1,17.01,17.01,0.0,64.6,False,66.9,False,,0.0,93.9
MSN00478,TB2-A04,Alpha,2023,5,2023-05-16,0,17.95,17.95,0.0,65.2,False,46.8,False,,0.0,87.9
MSN00479,TB2-A01,Alpha,2023,5,2023-05-20,1,13.64,13.64,0.0,60.1,False,73.3,False,,0.0,93.9
MSN00480,TB2-A04,Alpha,2023,5,2023-05-10,0,13.67,13.67,0.0,141.2,True,65.0,False,,0.0,87.9
MSN00481,TB2-A04,Alpha,2023,5,2023-05-28,0,18.05,18.05,0.0,52.0,False,70.3,True,Communication Link,14.5,87.9
MSN00482,TB2-A04,Alpha,2023,5,2023-05-04,0,17.72,17.72,0.0,74.2,False,59.8,False,,0.0,87.9
MSN00483,TB2-A01,Alpha,2023,6,2023-06-07,1,19.38,19.38,0.0,67.9,False,72.4,False,,0.0,94.9
MSN00484,TB2-A01,Alpha,2023,6,2023-06-07,1,16.47,16.47,0.0,69.0,False,68.6,False,,0.0,94.9
MSN00485,TB2-A04,Alpha,2023,6,2023-06-12,0,20.0,20.0,0.0,40.6,False,59.6,False,,0.0,84.2
MSN00486,TB2-A01,Alpha,2023,6,2023-06-12,1,16.25,16.25,0.0,78.0,False,82.0,False,,0.0,94.9
MSN00487,TB2-A02,Alpha,2023,6,2023-06-23,0,15.88,15.88,0.0,53.6,False,37.6,False,,0.0,88.7
MSN00488,TB2-A01,Alpha,2023,6,2023-06-14,1,15.37,15.37,0.0,62.9,False,66.9,False,,0.0,94.9
MSN00489,TB2-A02,Alpha,2023,6,2023-06-01,0,20.0,20.0,0.0,63.6,False,68.5,False,,0.0,88.7
MSN00490,TB2-A03,Alpha,2023,6,2023-06-21,3,16.37,16.37,0.0,90.0,True,84.8,False,,0.0,86.3
MSN00491,TB2-A01,Alpha,2023,6,2023-06-04,1,17.85,17.85,0.0,77.2,False,92.2,False,,0.0,94.9
MSN00492,TB2-A03,Alpha,2023,6,2023-06-05,3,16.02,16.02,0.0,89.5,False,84.0,False,,0.0,86.3
MSN00493,TB2-A04,Alpha,2023,6,2023-06-14,0,16.58,16.58,0.0,59.2,False,69.3,False,,0.0,84.2
MSN00495,TB2-A04,Alpha,2023,6,2023-06-18,0,18.51,18.51,0.0,74.2,False,68.1,False,,0.0,84.2
MSN00496,TB2-A01,Alpha,2023,6,2023-06-07,1,17.02,17.02,0.0,67.0,False,56.6,False,,0.0,94.9
MSN00497,TB2-A03,Alpha,2023,6,2023-06-09,3,18.69,18.69,0.0,117.8,True,93.6,False,,0.0,86.3
MSN00498,TB2-A02,Alpha,2023,6,2023-06-26,0,19.49,19.49,0.0,62.9,False,54.0,False,,0.0,88.7
MSN00499,TB2-A04,Alpha,2023,6,2023-06-19,0,17.47,17.47,0.0,137.3,True,44.3,False,,0.0,84.2
MSN00500,TB2-A01,Alpha,2023,6,2023-06-15,1,18.8,18.8,0.0,45.4,False,71.1,False,,0.0,94.9
MSN00501,TB2-A02,Alpha,2023,6,2023-06-22,0,16.51,16.51,0.0,63.7,False,58.1,False,,0.0,88.7
MSN00502,TB2-A01,Alpha,2023,6,2023-06-20,1,18.47,15.48,2.99,51.7,False,71.9,True,Navigation/GPS,179.4,94.9
MSN00503,TB2-A01,Alpha,2023,6,2023-06-23,1,17.83,17.83,0.0,69.2,False,61.8,False,,0.0,94.9
MSN00504,TB2-A03,Alpha,2023,6,2023-06-07,3,18.34,18.34,0.0,125.4,False,98.3,False,,0.0,86.3
MSN00505,TB2-A04,Alpha,2023,6,2023-06-04,0,17.03,17.03,0.0,70.2,False,52.4,False,,0.0,84.2
MSN00506,TB2-A01,Alpha,2023,6,2023-06-17,1,16.09,16.09,0.0,70.1,False,83.9,False,,0.0,94.9
MSN00507,TB2-A03,Alpha,2023,6,2023-06-28,3,17.51,17.51,0.0,93.5,False,87.5,False,,0.0,86.3
MSN00508,TB2-A02,Alpha,2023,6,2023-06-16,0,14.77,14.77,0.0,62.2,False,56.6,False,,0.0,88.7
MSN00509,TB2-A03,Alpha,2023,7,2023-07-11,3,20.0,20.0,0.0,78.9,True,100.1,False,,0.0,86.3
MSN00510,TB2-A04,Alpha,2023,7,2023-07-26,0,17.52,17.52,0.0,85.0,False,67.3,False,,0.0,88.9
MSN00511,TB2-A02,Alpha,2023,7,2023-07-04,0,17.82,17.82,0.0,49.7,False,60.2,False,,0.0,80.2
MSN00512,TB2-A01,Alpha,2023,7,2023-07-03,1,20.0,20.0,0.0,85.2,False,77.0,False,,0.0,98.6
MSN00513,TB2-A04,Alpha,2023,7,2023-07-06,0,15.93,15.93,0.0,115.3,True,64.3,False,,0.0,88.9
MSN00514,TB2-A01,Alpha,2023,7,2023-07-01,1,19.89,19.89,0.0,54.6,False,74.7,False,,0.0,98.6
MSN00515,TB2-A01,Alpha,2023,7,2023-07-06,1,16.99,16.99,0.0,78.1,False,67.0,False,,0.0,98.6
MSN00516,TB2-A04,Alpha,2023,7,2023-07-17,0,18.52,18.52,0.0,70.4,False,56.5,False,,0.0,88.9
MSN00517,TB2-A03,Alpha,2023,7,2023-07-27,3,16.99,16.99,0.0,93.8,False,72.8,False,,0.0,86.3
MSN00518,TB2-A03,Alpha,2023,7,2023-07-01,3,18.86,18.5,0.36,103.7,False,96.0,True,Engine,21.6,86.3
MSN00519,TB2-A03,Alpha,2023,7,2023-07-01,3,15.65,15.65,0.0,109.5,False,87.0,False,,0.0,86.3
MSN00520,TB2-A01,Alpha,2023,7,2023-07-10,1,15.94,15.94,0.0,78.6,False,67.6,False,,0.0,98.6
MSN00521,TB2-A01,Alpha,2023,7,2023-07-10,1,15.43,15.43,0.0,75.8,False,70.9,False,,0.0,98.6
MSN00522,TB2-A04,Alpha,2023,7,2023-07-04,0,18.41,18.41,0.0,48.9,False,65.6,False,,0.0,88.9
MSN00523,TB2-A02,Alpha,2023,7,2023-07-06,0,17.53,11.44,6.09,125.1,True,73.2,True,Electrical System,365.4,80.2
MSN00524,TB2-A03,Alpha,2023,7,2023-07-02,3,16.79,16.79,0.0,102.7,False,80.7,True,Navigation/GPS,36.9,86.3
MSN00525,TB2-A04,Alpha,2023,7,2023-07-14,0,18.66,18.66,0.0,62.4,False,66.7,False,,0.0,88.9
MSN00526,TB2-A01,Alpha,2023,7,2023-07-06,1,16.8,16.8,0.0,67.0,False,75.2,False,,0.0,98.6
MSN00527,TB2-A02,Alpha,2023,7,2023-07-05,0,14.91,14.91,0.0,89.7,True,58.7,False,,0.0,80.2
MSN00528,TB2-A03,Alpha,2023,7,2023-07-28,3,16.17,16.17,0.0,80.7,False,90.8,False,,0.0,86.3
MSN00529,TB2-A04,Alpha,2023,7,2023-07-11,0,17.73,17.73,0.0,65.4,False,50.0,False,,0.0,88.9
MSN00530,TB2-A02,Alpha,2023,7,2023-07-09,0,16.37,16.37,0.0,72.5,False,46.8,False,,0.0,80.2
MSN00531,TB2-A03,Alpha,2023,8,2023-08-03,3,17.74,17.74,0.0,93.2,False,98.5,False,,0.0,91.2
MSN00532,TB2-A04,Alpha,2023,8,2023-08-21,0,14.55,14.55,0.0,71.6,False,75.7,False,,0.0,88.6
MSN00533,TB2-A02,Alpha,2023,8,2023-08-11,0,15.55,15.55,0.0,60.0,False,43.8,False,,0.0,82.8
MSN00534,TB2-A02,Alpha,2023,8,2023-08-05,0,16.22,16.22,0.0,46.2,False,54.2,False,,0.0,82.8
MSN00536,TB2-A04,Alpha,2023,8,2023-08-08,0,18.94,18.94,0.0,102.9,True,70.6,False,,0.0,88.6
MSN00537,TB2-A01,Alpha,2023,8,2023-08-11,1,12.33,12.33,0.0,80.6,False,66.3,False,,0.0,92.7
MSN00538,TB2-A03,Alpha,2023,8,2023-08-10,3,15.16,15.16,0.0,89.8,False,71.4,False,,0.0,91.2
MSN00539,TB2-A02,Alpha,2023,8,2023-08-06,0,16.83,16.83,0.0,60.4,False,63.2,False,,0.0,82.8
MSN00540,TB2-A01,Alpha,2023,8,2023-08-14,1,16.98,16.98,0.0,60.5,False,63.4,False,,0.0,92.7
MSN00541,TB2-A03,Alpha,2023,8,2023-08-21,3,19.24,19.24,0.0,99.1,False,106.8,False,,0.0,91.2
MSN00542,TB2-A01,Alpha,2023,8,2023-08-09,1,18.26,18.26,0.0,40.7,False,94.6,False,,0.0,92.7
MSN00543,TB2-A02,Alpha,2023,8,2023-08-09,0,19.5,19.5,0.0,81.5,True,67.7,False,,0.0,82.8
MSN00544,TB2-A02,Alpha,2023,8,2023-08-15,0,17.95,17.95,0.0,61.9,False,41.2,False,,0.0,82.8
MSN00545,TB2-A03,Alpha,2023,8,2023-08-08,3,17.9,17.53,0.37,86.1,False,104.7,True,Control Surface,22.2,91.2
MSN00546,TB2-A03,Alpha,2023,8,2023-08-12,3,14.96,14.96,0.0,85.7,False,96.1,False,,0.0,91.2
MSN00547,TB2-A04,Alpha,2023,8,2023-08-08,0,12.73,12.73,0.0,73.1,False,50.7,False,,0.0,88.6
MSN00548,TB2-A02,Alpha,2023,8,2023-08-02,0,14.22,14.22,0.0,116.0,True,74.5,False,,0.0,82.8
MSN00549,TB2-A03,Alpha,2023,8,2023-08-15,3,16.04,16.04,0.0,76.6,False,108.6,False,,0.0,91.2
MSN00550,TB2-A04,Alpha,2023,8,2023-08-07,0,14.24,14.24,0.0,69.9,True,70.7,False,,0.0,88.6
MSN00551,TB2-A01,Alpha,2023,8,2023-08-01,1,14.89,14.89,0.0,117.6,True,84.7,False,,0.0,92.7
MSN00552,TB2-A01,Alpha,2023,8,2023-08-18,1,14.71,14.71,0.0,82.5,False,65.6,False,,0.0,92.7
MSN00553,TB2-A02,Alpha,2023,8,2023-08-07,0,15.69,15.69,0.0,70.0,False,48.6,False,,0.0,82.8
MSN00554,TB2-A04,Alpha,2023,8,2023-08-08,0,20.0,20.0,0.0,69.5,False,43.1,False,,0.0,88.6
MSN00555,TB2-A03,Alpha,2023,8,2023-08-24,3,20.0,20.0,0.0,88.0,False,84.4,False,,0.0,91.2
MSN00556,TB2-A03,Alpha,2023,9,2023-09-01,3,18.37,18.37,0.0,104.7,False,77.6,False,,0.0,85.1
MSN00557,TB2-A03,Alpha,2023,9,2023-09-18,3,18.99,18.99,0.0,83.5,False,64.8,True,Sensor/Payload,24.2,85.1
MSN00558,TB2-A03,Alpha,2023,9,2023-09-02,3,19.03,19.03,0.0,74.7,False,99.1,False,,0.0,85.1
MSN00559,TB2-A03,Alpha,2023,9,2023-09-21,3,13.95,13.95,0.0,71.1,False,84.0,False,,0.0,85.1
MSN00560,TB2-A02,Alpha,2023,9,2023-09-26,0,16.21,16.21,0.0,65.2,False,72.4,False,,0.0,82.5
MSN00561,TB2-A02,Alpha,2023,9,2023-09-01,0,14.94,14.94,0.0,48.4,False,75.4,False,,0.0,82.5
MSN00562,TB2-A02,Alpha,2023,9,2023-09-20,0,16.33,16.33,0.0,44.8,False,55.0,False,,0.0,82.5
MSN00563,TB2-A04,Alpha,2023,9,2023-09-27,0,17.17,17.17,0.0,42.6,False,58.8,False,,0.0,90.5
MSN00564,TB2-A04,Alpha,2023,9,2023-09-11,0,15.56,15.56,0.0,74.1,False,40.5,False,,0.0,90.5
MSN00565,TB2-A01,Alpha,2023,9,2023-09-24,1,13.64,13.64,0.0,68.0,False,52.1,False,,0.0,91.5
MSN00566,TB2-A03,Alpha,2023,9,2023-09-26,3,15.6,15.6,0.0,94.8,False,86.5,False,,0.0,85.1
MSN00567,TB2-A03,Alpha,2023,9,2023-09-04,3,19.7,19.7,0.0,94.6,False,94.0,False,,0.0,85.1
MSN00568,TB2-A04,Alpha,2023,9,2023-09-26,0,16.82,16.82,0.0,69.6,False,71.0,False,,0.0,90.5
MSN00569,TB2-A03,Alpha,2023,10,2023-10-04,3,16.25,16.25,0.0,124.9,True,89.9,False,,0.0,87.8
MSN00570,TB2-A03,Alpha,2023,10,2023-10-15,3,19.64,19.64,0.0,86.9,False,88.5,True,Electrical System,20.0,87.8
MSN00571,TB2-A02,Alpha,2023,10,2023-10-10,0,16.37,16.37,0.0,82.5,True,58.0,False,,0.0,83.8
MSN00572,TB2-A01,Alpha,2023,10,2023-10-25,1,19.06,19.06,0.0,90.5,False,53.2,False,,0.0,95.2
MSN00573,TB2-A03,Alpha,2023,10,2023-10-25,3,20.0,20.0,0.0,88.7,False,81.8,False,,0.0,87.8
MSN00574,TB2-A01,Alpha,2023,10,2023-10-15,1,16.06,16.06,0.0,81.3,False,66.2,False,,0.0,95.2
MSN00575,TB2-A01,Alpha,2023,10,2023-10-28,1,15.85,15.85,0.0,78.8,False,65.3,False,,0.0,95.2
MSN00576,TB2-A01,Alpha,2023,10,2023-10-01,1,15.7,15.7,0.0,63.5,False,65.7,False,,0.0,95.2
MSN00577,TB2-A01,Alpha,2023,10,2023-10-21,1,15.52,8.32,7.2,47.5,False,53.3,True,Engine,432.0,95.2
MSN00579,TB2-A04,Alpha,2023,10,2023-10-20,0,17.39,17.39,0.0,57.8,False,68.8,False,,0.0,88.7
MSN00580,TB2-A01,Alpha,2023,10,2023-10-11,1,15.85,15.85,0.0,72.5,False,82.2,False,,0.0,95.2
MSN00581,TB2-A01,Alpha,2023,10,2023-10-07,1,15.24,15.24,0.0,58.4,False,65.2,False,,0.0,95.2
MSN00582,TB2-A01,Alpha,2023,11,2023-11-23,1,20.0,18.04,1.96,79.5,False,51.3,True,Sensor/Payload,117.6,100.0
MSN00583,TB2-A04,Alpha,2023,11,2023-11-19,0,16.6,16.6,0.0,45.6,False,63.5,False,,0.0,88.1
MSN00584,TB2-A03,Alpha,2023,11,2023-11-01,3,19.97,19.97,0.0,113.2,True,86.1,False,,0.0,88.8
MSN00585,TB2-A02,Alpha,2023,11,2023-11-12,0,15.76,15.76,0.0,91.5,True,68.7,False,,0.0,90.8
MSN00586,TB2-A04,Alpha,2023,11,2023-11-09,0,13.88,13.88,0.0,65.2,False,74.6,False,,0.0,88.1
MSN00587,TB2-A03,Alpha,2023,11,2023-11-09,3,16.61,16.61,0.0,79.5,False,84.7,False,,0.0,88.8
MSN00588,TB2-A02,Alpha,2023,11,2023-11-04,0,18.12,18.12,0.0,50.3,False,58.0,False,,0.0,90.8
MSN00589,TB2-A03,Alpha,2023,11,2023-11-08,3,16.16,16.16,0.0,99.0,False,90.3,False,,0.0,88.8
MSN00590,TB2-A03,Alpha,2023,11,2023-11-06,3,13.81,13.81,0.0,99.0,False,115.4,False,,0.0,88.8
MSN00591,TB2-A01,Alpha,2023,11,2023-11-08,1,16.35,16.35,0.0,50.3,False,85.4,False,,0.0,100.0
MSN00592,TB2-A02,Alpha,2023,11,2023-11-03,0,19.84,19.84,0.0,63.4,False,50.1,False,,0.0,90.8
MSN00593,TB2-A01,Alpha,2023,11,2023-11-08,1,16.72,16.72,0.0,80.6,True,61.0,False,,0.0,100.0
MSN00594,TB2-A04,Alpha,2023,11,2023-11-07,0,15.52,15.52,0.0,100.2,True,39.1,True,Control Surface,24.8,88.1
MSN00595,TB2-A01,Alpha,2023,11,2023-11-02,1,16.87,16.87,0.0,55.2,False,67.5,False,,0.0,100.0
MSN00596,TB2-A02,Alpha,2023,11,2023-11-04,0,14.44,14.44,0.0,70.3,False,70.1,False,,0.0,90.8
MSN00597,TB2-A03,Alpha,2023,11,2023-11-10,3,17.2,17.2,0.0,89.3,False,121.7,False,,0.0,88.8
MSN00598,TB2-A02,Alpha,2023,12,2023-12-07,0,18.27,18.27,0.0,83.4,False,69.9,False,,0.0,81.5
MSN00599,TB2-A03,Alpha,2023,12,2023-12-26,3,17.56,17.56,0.0,99.6,False,102.4,False,,0.0,82.0
MSN00600,TB2-A04,Alpha,2023,12,2023-12-18,0,17.42,17.42,0.0,62.8,False,73.6,False,,0.0,86.7
MSN00601,TB2-A03,Alpha,2023,12,2023-12-16,3,15.94,15.94,0.0,96.6,False,80.0,False,,0.0,82.0
MSN00602,TB2-A03,Alpha,2023,12,2023-12-16,3,19.35,19.35,0.0,94.6,False,86.5,False,,0.0,82.0
MSN00603,TB2-A02,Alpha,2023,12,2023-12-02,0,18.54,18.54,0.0,73.6,False,73.0,False,,0.0,81.5
MSN00604,TB2-A01,Alpha,2023,12,2023-12-23,1,15.12,15.12,0.0,75.6,False,76.4,False,,0.0,88.0
MSN00605,TB2-A01,Alpha,2023,12,2023-12-28,1,16.85,16.85,0.0,88.5,False,63.7,False,,0.0,88.0
MSN00608,TB2-A01,Alpha,2024,1,2024-01-05,2,16.15,16.15,0.0,94.8,True,75.6,False,,0.0,94.4
MSN00609,TB2-A01,Alpha,2024,1,2024-01-02,2,17.53,17.53,0.0,71.1,False,73.5,False,,0.0,94.4
MSN00611,TB2-A03,Alpha,2024,1,2024-01-14,4,12.13,8.92,3.21,98.4,False,116.8,True,Communication Link,192.6,88.2
MSN00612,TB2-A02,Alpha,2024,1,2024-01-03,1,16.39,16.39,0.0,67.3,False,61.9,False,,0.0,84.3
MSN00613,TB2-A04,Alpha,2024,1,2024-01-25,1,15.29,15.29,0.0,75.0,False,64.3,False,,0.0,86.4
MSN00614,TB2-A02,Alpha,2024,1,2024-01-01,1,16.53,16.53,0.0,116.1,True,69.4,False,,0.0,84.3
MSN00615,TB2-A03,Alpha,2024,2,2024-02-02,4,17.07,17.07,0.0,81.6,False,94.6,False,,0.0,85.5
MSN00616,TB2-A04,Alpha,2024,2,2024-02-16,1,16.18,16.18,0.0,119.3,True,68.6,True,Engine,22.5,77.7
MSN00617,TB2-A04,Alpha,2024,2,2024-02-03,1,17.56,17.56,0.0,65.3,False,67.0,False,,0.0,77.7
MSN00618,TB2-A01,Alpha,2024,2,2024-02-07,2,18.81,18.81,0.0,55.8,False,82.5,False,,0.0,93.1
MSN00619,TB2-A02,Alpha,2024,2,2024-02-15,1,16.47,16.47,0.0,63.8,False,64.4,False,,0.0,86.9
MSN00620,TB2-A03,Alpha,2024,3,2024-03-12,4,17.31,17.31,0.0,97.1,False,95.1,False,,0.0,90.6
MSN00621,TB2-A04,Alpha,2024,3,2024-03-04,1,20.0,20.0,0.0,54.8,False,77.0,False,,0.0,86.5
MSN00623,TB2-A04,Alpha,2024,3,2024-03-04,1,15.69,15.69,0.0,87.3,False,70.8,False,,0.0,86.5
MSN00624,TB2-A02,Alpha,2024,3,2024-03-21,1,16.44,16.44,0.0,107.3,True,70.1,False,,0.0,84.2
MSN00625,TB2-A01,Alpha,2024,3,2024-03-13,2,13.02,13.02,0.0,65.4,False,79.4,False,,0.0,93.1
MSN00626,TB2-A04,Alpha,2024,3,2024-03-11,1,14.77,14.77,0.0,85.3,False,67.6,False,,0.0,86.5
MSN00627,TB2-A03,Alpha,2024,3,2024-03-18,4,14.16,14.16,0.0,106.8,False,90.5,False,,0.0,90.6
MSN00628,TB2-A04,Alpha,2024,3,2024-03-13,1,20.0,20.0,0.0,65.6,False,70.4,False,,0.0,86.5
MSN00629,TB2-A03,Alpha,2024,3,2024-03-12,4,16.99,16.99,0.0,119.3,False,96.3,False,,0.0,90.6
MSN00630,TB2-A01,Alpha,2024,3,2024-03-21,2,12.97,12.97,0.0,81.2,False,84.4,False,,0.0,93.1
MSN00631,TB2-A03,Alpha,2024,3,2024-03-24,4,16.09,16.09,0.0,102.8,False,113.6,False,,0.0,90.6
MSN00632,TB2-A02,Alpha,2024,3,2024-03-09,1,17.64,17.64,0.0,68.0,False,77.2,False,,0.0,84.2
MSN00633,TB2-A02,Alpha,2024,3,2024-03-07,1,17.97,17.97,0.0,86.5,False,78.5,False,,0.0,84.2
MSN00636,TB2-A02,Alpha,2024,3,2024-03-27,1,15.08,15.08,0.0,67.6,False,77.2,False,,0.0,84.2
MSN00637,TB2-A02,Alpha,2024,3,2024-03-17,1,16.19,15.2,0.99,51.5,False,61.7,True,Electrical System,59.4,84.2
MSN00638,TB2-A04,Alpha,2024,4,2024-04-25,1,16.09,16.09,0.0,63.2,False,70.8,False,,0.0,85.7
MSN00639,TB2-A04,Alpha,2024,4,2024-04-08,1,16.67,16.67,0.0,52.9,False,57.0,False,,0.0,85.7
MSN00640,TB2-A03,Alpha,2024,4,2024-04-06,4,17.44,17.44,0.0,87.7,False,102.2,False,,0.0,91.2
MSN00641,TB2-A01,Alpha,2024,4,2024-04-09,2,15.23,15.23,0.0,55.6,False,72.0,False,,0.0,89.0
MSN00642,TB2-A01,Alpha,2024,4,2024-04-10,2,18.18,18.18,0.0,129.7,True,87.9,False,,0.0,89.0
MSN00643,TB2-A04,Alpha,2024,4,2024-04-09,1,16.69,16.69,0.0,64.3,False,66.8,True,Sensor/Payload,12.5,85.7
MSN00644,TB2-A03,Alpha,2024,4,2024-04-17,4,16.76,16.76,0.0,98.2,False,92.0,False,,0.0,91.2
MSN00645,TB2-A01,Alpha,2024,4,2024-04-23,2,15.14,15.14,0.0,81.9,False,78.4,False,,0.0,89.0
MSN00646,TB2-A03,Alpha,2024,4,2024-04-06,4,17.62,17.62,0.0,105.6,False,118.6,False,,0.0,91.2
MSN00647,TB2-A04,Alpha,2024,4,2024-04-04,1,16.7,16.7,0.0,98.3,True,81.3,False,,0.0,85.7
MSN00648,TB2-A03,Alpha,2024,4,2024-04-21,4,20.0,20.0,0.0,108.2,False,94.5,False,,0.0,91.2
MSN00649,TB2-A04,Alpha,2024,4,2024-04-21,1,19.5,19.5,0.0,73.1,False,58.0,False,,0.0,85.7
MSN00650,TB2-A04,Alpha,2024,4,2024-04-09,1,15.71,15.71,0.0,66.7,False,77.5,False,,0.0,85.7
MSN00651,TB2-A02,Alpha,2024,4,2024-04-07,1,15.87,15.87,0.0,143.7,True,87.2,False,,0.0,83.5
MSN00652,TB2-A04,Alpha,2024,4,2024-04-02,1,16.97,16.97,0.0,76.9,False,62.5,False,,0.0,85.7
MSN00653,TB2-A02,Alpha,2024,4,2024-04-28,1,17.52,17.52,0.0,71.6,False,60.8,False,,0.0,83.5
MSN00654,TB2-A01,Alpha,2024,4,2024-04-23,2,16.74,16.74,0.0,99.6,True,71.1,False,,0.0,89.0
MSN00655,TB2-A01,Alpha,2024,4,2024-04-14,2,17.11,17.11,0.0,84.2,False,70.3,False,,0.0,89.0
MSN00656,TB2-A03,Alpha,2024,4,2024-04-05,4,15.66,15.66,0.0,161.2,True,114.2,False,,0.0,91.2
MSN00657,TB2-A01,Alpha,2024,4,2024-04-22,2,17.47,17.47,0.0,94.6,False,95.8,False,,0.0,89.0
MSN00658,TB2-A04,Alpha,2024,4,2024-04-27,1,15.27,15.27,0.0,72.5,False,73.7,False,,0.0,85.7
MSN00659,TB2-A01,Alpha,2024,4,2024-04-05,2,19.13,19.13,0.0,63.7,False,92.2,False,,0.0,89.0
MSN00660,TB2-A02,Alpha,2024,5,2024-05-26,1,17.72,17.72,0.0,60.9,False,88.2,False,,0.0,83.4
MSN00661,TB2-A02,Alpha,2024,5,2024-05-17,1,17.1,17.1,0.0,48.5,False,78.6,False,,0.0,83.4
MSN00662,TB2-A04,Alpha,2024,5,2024-05-26,1,16.48,15.64,0.84,81.7,False,77.9,True,Control Surface,50.4,85.3
MSN00663,TB2-A02,Alpha,2024,5,2024-05-25,1,16.06,16.06,0.0,137.0,True,59.7,False,,0.0,83.4
MSN00664,TB2-A04,Alpha,2024,5,2024-05-07,1,15.2,15.2,0.0,73.2,False,63.1,False,,0.0,85.3
MSN00665,TB2-A02,Alpha,2024,5,2024-05-27,1,14.73,14.73,0.0,84.1,False,80.3,False,,0.0,83.4
MSN00666,TB2-A01,Alpha,2024,5,2024-05-14,2,16.89,16.89,0.0,86.2,False,84.0,False,,0.0,89.6
MSN00667,TB2-A01,Alpha,2024,5,2024-05-27,2,15.23,15.23,0.0,63.7,False,99.1,False,,0.0,89.6
MSN00668,TB2-A01,Alpha,2024,5,2024-05-08,2,18.0,18.0,0.0,93.4,False,113.6,False,,0.0,89.6
MSN00669,TB2-A03,Alpha,2024,5,2024-05-19,4,18.9,18.9,0.0,131.8,True,104.3,False,,0.0,87.0
MSN00670,TB2-A03,Alpha,2024,5,2024-05-08,4,17.71,17.71,0.0,109.0,False,77.9,False,,0.0,87.0
MSN00671,TB2-A03,Alpha,2024,5,2024-05-01,4,18.58,18.58,0.0,111.1,False,110.0,False,,0.0,87.0
MSN00672,TB2-A04,Alpha,2024,5,2024-05-10,1,17.05,17.05,0.0,64.1,False,54.9,True,Electrical System,40.1,85.3
MSN00673,TB2-A02,Alpha,2024,5,2024-05-17,1,20.0,20.0,0.0,70.5,False,64.6,True,Navigation/GPS,5.0,83.4
MSN00674,TB2-A02,Alpha,2024,5,2024-05-26,1,16.43,16.43,0.0,71.0,False,78.6,False,,0.0,83.4
MSN00675,TB2-A04,Alpha,2024,5,2024-05-02,1,13.77,13.77,0.0,75.6,False,71.8,False,,0.0,85.3
MSN00676,TB2-A04,Alpha,2024,5,2024-05-14,1,15.44,15.44,0.0,82.6,False,70.5,False,,0.0,85.3
MSN00677,TB2-A02,Alpha,2024,5,2024-05-12,1,17.39,17.39,0.0,64.3,False,64.6,False,,0.0,83.4
MSN00678,TB2-A02,Alpha,2024,5,2024-05-06,1,14.75,14.75,0.0,48.4,False,69.9,False,,0.0,83.4
MSN00679,TB2-A04,Alpha,2024,5,2024-05-26,1,13.4,13.4,0.0,94.5,False,69.2,False,,0.0,85.3
MSN00680,TB2-A02,Alpha,2024,5,2024-05-27,1,13.99,13.99,0.0,86.9,False,85.8,False,,0.0,83.4
MSN00681,TB2-A01,Alpha,2024,5,2024-05-11,2,18.63,18.63,0.0,77.0,False,52.0,True,Control Surface,18.8,89.6
MSN00682,TB2-A04,Alpha,2024,5,2024-05-27,1,17.06,17.06,0.0,88.7,False,45.8,False,,0.0,85.3
MSN00683,TB2-A01,Alpha,2024,5,2024-05-14,2,16.61,16.61,0.0,73.2,False,72.6,False,,0.0,89.6
MSN00684,TB2-A01,Alpha,2024,5,2024-05-05,2,17.79,17.79,0.0,89.9,False,89.6,False,,0.0,89.6
MSN00685,TB2-A03,Alpha,2024,5,2024-05-09,4,17.78,17.78,0.0,110.7,False,86.5,False,,0.0,87.0
MSN00686,TB2-A04,Alpha,2024,5,2024-05-11,1,19.51,19.51,0.0,45.3,False,63.5,False,,0.0,85.3
MSN00688,TB2-A02,Alpha,2024,6,2024-06-18,1,18.62,17.59,1.03,60.8,False,46.3,True,Engine,61.8,77.7
MSN00689,TB2-A03,Alpha,2024,6,2024-06-15,4,15.84,15.84,0.0,85.0,False,85.0,False,,0.0,84.4
MSN00690,TB2-A04,Alpha,2024,6,2024-06-19,1,15.83,15.83,0.0,92.0,False,74.6,True,Engine,14.1,92.4
MSN00691,TB2-A04,Alpha,2024,6,2024-06-28,1,16.42,16.42,0.0,38.8,False,78.6,False,,0.0,92.4
MSN00692,TB2-A01,Alpha,2024,6,2024-06-02,2,17.2,17.2,0.0,79.7,False,68.6,False,,0.0,92.0
MSN00693,TB2-A01,Alpha,2024,6,2024-06-07,2,17.68,17.68,0.0,75.1,False,79.6,False,,0.0,92.0
MSN00694,TB2-A02,Alpha,2024,6,2024-06-25,1,15.14,15.14,0.0,106.4,True,80.8,False,,0.0,77.7
MSN00695,TB2-A04,Alpha,2024,6,2024-06-10,1,17.45,17.45,0.0,109.7,True,71.0,False,,0.0,92.4
MSN00696,TB2-A03,Alpha,2024,6,2024-06-28,4,16.95,16.95,0.0,129.4,True,104.0,False,,0.0,84.4
MSN00697,TB2-A04,Alpha,2024,6,2024-06-17,1,13.13,13.13,0.0,75.5,False,84.5,False,,0.0,92.4
MSN00698,TB2-A03,Alpha,2024,6,2024-06-06,4,16.85,16.85,0.0,111.9,True,100.9,False,,0.0,84.4
MSN00699,TB2-A03,Alpha,2024,6,2024-06-07,4,18.38,18.38,0.0,88.6,False,89.0,False,,0.0,84.4
MSN00700,TB2-A04,Alpha,2024,6,2024-06-26,1,14.72,14.72,0.0,82.5,False,63.0,False,,0.0,92.4
MSN00701,TB2-A04,Alpha,2024,6,2024-06-17,1,15.42,15.42,0.0,66.0,False,83.0,False,,0.0,92.4
MSN00702,TB2-A04,Alpha,2024,6,2024-06-06,1,17.61,17.61,0.0,61.8,False,77.0,False,,0.0,92.4
MSN00703,TB2-A02,Alpha,2024,6,2024-06-10,1,19.78,19.78,0.0,68.0,False,79.6,False,,0.0,77.7
MSN00704,TB2-A02,Alpha,2024,6,2024-06-13,1,15.23,15.23,0.0,85.9,True,52.6,False,,0.0,77.7
MSN00705,TB2-A01,Alpha,2024,6,2024-06-12,2,19.63,19.63,0.0,50.1,False,66.6,False,,0.0,92.0
MSN00706,TB2-A01,Alpha,2024,6,2024-06-28,2,16.23,16.23,0.0,55.3,False,57.9,True,Communication Link,11.4,92.0
MSN00707,TB2-A01,Alpha,2024,6,2024-06-06,2,14.27,14.27,0.0,67.8,False,82.7,False,,0.0,92.0
MSN00708,TB2-A04,Alpha,2024,7,2024-07-19,1,17.15,15.66,1.49,105.4,True,48.9,True,Control Surface,89.4,91.5
MSN00709,TB2-A04,Alpha,2024,7,2024-07-01,1,17.55,17.55,0.0,69.0,False,55.2,False,,0.0,91.5
MSN00710,TB2-A04,Alpha,2024,7,2024-07-21,1,16.79,16.79,0.0,79.4,False,71.8,False,,0.0,91.5
MSN00711,TB2-A03,Alpha,2024,7,2024-07-17,4,15.87,15.87,0.0,222.5,True,114.2,False,,0.0,91.5
MSN00712,TB2-A02,Alpha,2024,7,2024-07-09,1,15.88,15.88,0.0,97.0,False,52.6,False,,0.0,88.7
MSN00713,TB2-A01,Alpha,2024,7,2024-07-14,2,15.45,15.45,0.0,92.2,False,82.6,False,,0.0,93.3
MSN00714,TB2-A01,Alpha,2024,7,2024-07-14,2,17.57,17.57,0.0,95.6,False,96.1,False,,0.0,93.3
MSN00715,TB2-A01,Alpha,2024,7,2024-07-12,2,17.06,17.06,0.0,95.8,True,71.4,False,,0.0,93.3
MSN00716,TB2-A04,Alpha,2024,7,2024-07-01,1,17.46,17.46,0.0,57.5,False,75.9,False,,0.0,91.5
MSN00717,TB2-A03,Alpha,2024,7,2024-07-13,4,14.34,14.34,0.0,153.6,True,90.1,False,,0.0,91.5
MSN00718,TB2-A03,Alpha,2024,7,2024-07-20,4,10.87,10.87,0.0,170.7,True,98.7,False,,0.0,91.5
MSN00719,TB2-A01,Alpha,2024,7,2024-07-27,2,15.58,15.58,0.0,73.4,False,85.6,False,,0.0,93.3
MSN00720,TB2-A03,Alpha,2024,7,2024-07-25,4,14.92,14.92,0.0,127.0,False,124.6,False,,0.0,91.5
MSN00722,TB2-A02,Alpha,2024,7,2024-07-07,1,19.72,19.72,0.0,93.4,False,83.7,False,,0.0,88.7
MSN00723,TB2-A01,Alpha,2024,7,2024-07-12,2,15.9,15.9,0.0,82.8,False,84.5,False,,0.0,93.3
MSN00724,TB2-A03,Alpha,2024,7,2024-07-18,4,19.31,19.31,0.0,71.0,False,95.7,False,,0.0,91.5
MSN00725,TB2-A01,Alpha,2024,7,2024-07-08,2,15.56,15.56,0.0,77.5,False,93.8,False,,0.0,93.3
MSN00726,TB2-A01,Alpha,2024,7,2024-07-11,2,19.04,19.04,0.0,70.4,False,109.1,False,,0.0,93.3
MSN00727,TB2-A01,Alpha,2024,7,2024-07-21,2,18.42,18.42,0.0,181.3,True,91.8,False,,0.0,93.3
MSN00728,TB2-A01,Alpha,2024,7,2024-07-05,2,15.88,15.88,0.0,69.9,False,76.2,False,,0.0,93.3
MSN00729,TB2-A04,Alpha,2024,7,2024-07-15,1,19.17,19.17,0.0,74.8,False,72.9,False,,0.0,91.5
MSN00730,TB2-A03,Alpha,2024,7,2024-07-12,4,20.0,20.0,0.0,108.5,False,86.9,False,,0.0,91.5
MSN00731,TB2-A01,Alpha,2024,8,2024-08-10,2,16.55,16.55,0.0,138.8,True,99.8,False,,0.0,90.2
MSN00732,TB2-A04,Alpha,2024,8,2024-08-25,1,19.57,19.57,0.0,83.5,False,76.4,False,,0.0,87.9
MSN00733,TB2-A03,Alpha,2024,8,2024-08-26,4,17.08,17.08,0.0,102.3,False,98.6,False,,0.0,94.6
MSN00734,TB2-A02,Alpha,2024,8,2024-08-26,1,18.23,18.23,0.0,71.5,False,94.9,False,,0.0,82.8
MSN00735,TB2-A01,Alpha,2024,8,2024-08-28,2,20.0,20.0,0.0,135.0,True,62.6,False,,0.0,90.2
MSN00736,TB2-A01,Alpha,2024,8,2024-08-14,2,16.35,16.35,0.0,80.4,False,89.2,False,,0.0,90.2
MSN00737,TB2-A03,Alpha,2024,8,2024-08-17,4,18.78,18.78,0.0,110.8,False,103.2,False,,0.0,94.6
MSN00738,TB2-A03,Alpha,2024,8,2024-08-04,4,15.75,15.75,0.0,104.9,False,83.3,False,,0.0,94.6
MSN00739,TB2-A02,Alpha,2024,8,2024-08-11,1,16.33,16.33,0.0,75.8,False,81.7,False,,0.0,82.8
MSN00740,TB2-A04,Alpha,2024,8,2024-08-07,1,17.48,17.48,0.0,69.9,False,71.6,False,,0.0,87.9
MSN00741,TB2-A01,Alpha,2024,8,2024-08-24,2,18.31,18.31,0.0,104.9,True,89.8,False,,0.0,90.2
MSN00742,TB2-A01,Alpha,2024,8,2024-08-23,2,16.4,16.4,0.0,83.8,False,88.1,False,,0.0,90.2
MSN00743,TB2-A02,Alpha,2024,8,2024-08-05,1,14.64,14.64,0.0,78.3,False,67.2,False,,0.0,82.8
MSN00744,TB2-A03,Alpha,2024,8,2024-08-21,4,15.78,15.78,0.0,100.1,False,93.8,False,,0.0,94.6
MSN00745,TB2-A03,Alpha,2024,8,2024-08-13,4,16.69,16.69,0.0,105.9,False,101.0,False,,0.0,94.6
MSN00746,TB2-A03,Alpha,2024,8,2024-08-19,4,17.35,17.35,0.0,103.6,False,95.5,False,,0.0,94.6
MSN00747,TB2-A04,Alpha,2024,8,2024-08-27,1,18.27,18.27,0.0,81.9,False,65.9,False,,0.0,87.9
MSN00748,TB2-A01,Alpha,2024,8,2024-08-27,2,18.55,18.55,0.0,148.2,True,101.1,False,,0.0,90.2
MSN00749,TB2-A02,Alpha,2024,9,2024-09-25,1,17.47,17.47,0.0,52.5,False,73.5,False,,0.0,88.0
MSN00750,TB2-A04,Alpha,2024,9,2024-09-18,1,15.2,15.2,0.0,56.7,False,88.0,False,,0.0,84.4
MSN00751,TB2-A04,Alpha,2024,9,2024-09-23,1,15.67,15.67,0.0,59.4,False,75.2,True,Communication Link,12.7,84.4
MSN00753,TB2-A01,Alpha,2024,9,2024-09-23,2,17.85,17.85,0.0,86.1,False,111.4,False,,0.0,89.9
MSN00754,TB2-A04,Alpha,2024,9,2024-09-22,1,17.19,17.19,0.0,78.1,False,59.4,False,,0.0,84.4
MSN00755,TB2-A01,Alpha,2024,9,2024-09-02,2,14.06,14.06,0.0,64.6,False,48.5,False,,0.0,89.9
MSN00756,TB2-A03,Alpha,2024,9,2024-09-25,4,18.08,18.08,0.0,119.5,True,108.5,False,,0.0,90.7
MSN00757,TB2-A02,Alpha,2024,9,2024-09-05,1,19.37,19.37,0.0,50.1,False,80.4,False,,0.0,88.0
MSN00758,TB2-A01,Alpha,2024,9,2024-09-27,2,16.88,16.88,0.0,64.6,False,99.5,False,,0.0,89.9
MSN00759,TB2-A04,Alpha,2024,9,2024-09-21,1,15.77,15.77,0.0,82.9,False,63.3,False,,0.0,84.4
MSN00760,TB2-A01,Alpha,2024,9,2024-09-23,2,14.03,14.03,0.0,87.6,False,74.3,False,,0.0,89.9
MSN00761,TB2-A03,Alpha,2024,9,2024-09-24,4,14.55,14.55,0.0,107.6,False,84.1,False,,0.0,90.7
MSN00762,TB2-A02,Alpha,2024,9,2024-09-01,1,16.88,16.88,0.0,67.2,False,58.5,False,,0.0,88.0
MSN00763,TB2-A03,Alpha,2024,10,2024-10-13,4,15.83,13.42,2.41,91.1,False,100.8,True,Navigation/GPS,144.6,90.6
MSN00764,TB2-A01,Alpha,2024,10,2024-10-26,2,15.76,15.76,0.0,78.7,False,101.0,False,,0.0,92.2
MSN00765,TB2-A04,Alpha,2024,10,2024-10-25,1,18.23,18.23,0.0,59.3,False,67.7,False,,0.0,86.8
MSN00767,TB2-A03,Alpha,2024,10,2024-10-03,4,14.5,14.5,0.0,162.4,True,81.9,False,,0.0,90.6
MSN00768,TB2-A03,Alpha,2024,10,2024-10-03,4,15.24,15.04,0.2,109.6,False,93.9,True,Control Surface,12.0,90.6
MSN00769,TB2-A02,Alpha,2024,10,2024-10-20,1,15.88,15.88,0.0,107.7,True,69.6,False,,0.0,83.5
MSN00770,TB2-A02,Alpha,2024,10,2024-10-21,1,16.46,16.46,0.0,50.5,False,70.1,False,,0.0,83.5
MSN00771,TB2-A02,Alpha,2024,10,2024-10-26,1,18.49,18.49,0.0,66.5,False,73.4,False,,0.0,83.5
MSN00772,TB2-A02,Alpha,2024,10,2024-10-26,1,17.24,17.24,0.0,88.4,False,83.2,False,,0.0,83.5
MSN00773,TB2-A02,Alpha,2024,10,2024-10-20,1,17.77,17.77,0.0,62.7,False,83.7,False,,0.0,83.5
MSN00774,TB2-A02,Alpha,2024,10,2024-10-21,1,18.55,18.55,0.0,54.2,False,56.6,False,,0.0,83.5
MSN00775,TB2-A01,Alpha,2024,10,2024-10-11,2,17.06,17.06,0.0,85.4,False,77.0,False,,0.0,92.2
MSN00776,TB2-A03,Alpha,2024,11,2024-11-23,4,14.9,14.9,0.0,102.3,False,90.2,False,,0.0,92.3
MSN00777,TB2-A01,Alpha,2024,11,2024-11-24,2,15.69,15.69,0.0,110.6,True,93.2,False,,0.0,83.7
MSN00779,TB2-A03,Alpha,2024,11,2024-11-26,4,17.72,17.72,0.0,85.9,False,122.4,False,,0.0,92.3
MSN00780,TB2-A03,Alpha,2024,11,2024-11-05,4,14.85,14.85,0.0,102.4,False,120.5,False,,0.0,92.3
MSN00781,TB2-A01,Alpha,2024,11,2024-11-04,2,16.71,16.71,0.0,144.0,True,78.0,False,,0.0,83.7
MSN00782,TB2-A01,Alpha,2024,11,2024-11-01,2,19.75,19.75,0.0,166.3,True,84.5,False,,0.0,83.7
MSN00783,TB2-A04,Alpha,2024,11,2024-11-04,1,12.26,12.26,0.0,84.4,True,75.5,False,,0.0,76.9
MSN00784,TB2-A04,Alpha,2024,11,2024-11-13,1,16.87,16.87,0.0,138.2,True,78.7,False,,0.0,76.9
MSN00785,TB2-A04,Alpha,2024,11,2024-11-01,1,15.18,15.18,0.0,152.9,True,70.8,False,,0.0,76.9
MSN00787,TB2-A01,Alpha,2024,11,2024-11-13,2,15.27,15.27,0.0,70.4,False,56.3,False,,0.0,83.7
MSN00788,TB2-A03,Alpha,2024,11,2024-11-14,4,20.0,20.0,0.0,101.6,False,96.6,False,,0.0,92.3
MSN00789,TB2-A01,Alpha,2024,11,2024-11-26,2,17.65,17.65,0.0,83.5,False,57.5,False,,0.0,83.7
MSN00790,TB2-A01,Alpha,2024,11,2024-11-14,2,18.06,18.06,0.0,78.4,False,89.9,False,,0.0,83.7
MSN00791,TB2-A03,Alpha,2024,11,2024-11-05,4,16.87,16.87,0.0,99.5,False,82.8,False,,0.0,92.3
MSN00793,TB2-A03,Alpha,2024,12,2024-12-19,4,15.19,15.19,0.0,177.3,True,114.9,False,,0.0,87.0
MSN00795,TB2-A04,Alpha,2024,12,2024-12-26,1,16.42,16.42,0.0,79.2,False,75.6,False,,0.0,85.5
MSN00796,TB2-A02,Alpha,2024,12,2024-12-14,1,18.55,18.55,0.0,70.3,False,60.5,True,Control Surface,28.1,79.9
MSN00797,TB2-A01,Alpha,2024,12,2024-12-02,2,19.78,19.78,0.0,87.2,False,87.6,False,,0.0,95.4
MSN00798,TB2-A03,Alpha,2024,12,2024-12-15,4,16.32,16.32,0.0,102.2,False,107.3,False,,0.0,87.0
MSN00799,TB2-A04,Alpha,2024,12,2024-12-12,1,16.46,16.46,0.0,43.3,False,71.4,False,,0.0,85.5
MSN00802,TB2-A01,Alpha,2024,12,2024-12-13,2,18.57,18.57,0.0,60.0,False,81.2,False,,0.0,95.4
MSN00803,TB2-A01,Alpha,2024,12,2024-12-18,2,15.81,15.81,0.0,88.4,False,84.6,False,,0.0,95.4
MSN00804,TB2-A03,Alpha,2025,1,2025-01-04,5,15.26,15.26,0.0,80.0,False,88.6,True,Navigation/GPS,25.3,86.8
MSN00805,TB2-A03,Alpha,2025,1,2025-01-17,5,18.93,18.93,0.0,128.7,False,111.5,False,,0.0,86.8
MSN00806,TB2-A03,Alpha,2025,1,2025-01-02,5,14.36,14.36,0.0,92.8,False,101.2,False,,0.0,86.8
MSN00807,TB2-A02,Alpha,2025,1,2025-01-22,2,20.0,20.0,0.0,69.4,False,80.6,False,,0.0,90.0
MSN00808,TB2-A04,Alpha,2025,1,2025-01-27,2,18.89,18.89,0.0,64.6,False,77.7,False,,0.0,80.9
MSN00810,TB2-A01,Alpha,2025,2,2025-02-14,3,17.58,17.58,0.0,104.0,False,96.6,False,,0.0,86.7
MSN00811,TB2-A04,Alpha,2025,2,2025-02-01,2,20.0,20.0,0.0,75.3,False,78.4,False,,0.0,89.2
MSN00812,TB2-A02,Alpha,2025,2,2025-02-18,2,15.89,15.89,0.0,87.1,False,71.9,False,,0.0,79.0
MSN00813,TB2-A02,Alpha,2025,2,2025-02-16,2,13.12,13.12,0.0,113.4,True,81.2,False,,0.0,79.0
MSN00814,TB2-A01,Alpha,2025,2,2025-02-01,3,16.08,16.08,0.0,91.0,False,89.6,False,,0.0,86.7
MSN00815,TB2-A01,Alpha,2025,2,2025-02-13,3,17.86,17.86,0.0,98.9,False,109.8,False,,0.0,86.7
MSN00816,TB2-A02,Alpha,2025,3,2025-03-27,2,15.5,15.5,0.0,86.5,False,62.9,False,,0.0,88.2
MSN00817,TB2-A03,Alpha,2025,3,2025-03-22,5,18.69,18.69,0.0,98.8,False,135.8,False,,0.0,82.7
MSN00819,TB2-A01,Alpha,2025,3,2025-03-12,3,19.6,19.6,0.0,91.7,False,90.7,False,,0.0,93.5
MSN00820,TB2-A02,Alpha,2025,3,2025-03-16,2,20.0,20.0,0.0,86.5,False,91.2,False,,0.0,88.2
MSN00821,TB2-A02,Alpha,2025,3,2025-03-22,2,16.39,16.39,0.0,81.9,False,74.4,False,,0.0,88.2
MSN00822,TB2-A02,Alpha,2025,3,2025-03-12,2,15.48,15.48,0.0,124.2,True,59.0,False,,0.0,88.2
MSN00823,TB2-A01,Alpha,2025,3,2025-03-17,3,16.87,16.87,0.0,86.2,False,91.3,False,,0.0,93.5
MSN00824,TB2-A04,Alpha,2025,3,2025-03-09,2,18.58,18.58,0.0,87.9,False,59.8,False,,0.0,89.7
MSN00825,TB2-A04,Alpha,2025,3,2025-03-13,2,19.67,19.67,0.0,91.1,False,74.8,False,,0.0,89.7
MSN00826,TB2-A03,Alpha,2025,3,2025-03-02,5,17.66,17.66,0.0,105.4,False,107.4,False,,0.0,82.7
MSN00827,TB2-A03,Alpha,2025,3,2025-03-17,5,19.58,17.41,2.17,103.1,False,142.3,True,Communication Link,130.2,82.7
MSN00828,TB2-A02,Alpha,2025,3,2025-03-28,2,19.63,19.63,0.0,75.9,False,67.2,False,,0.0,88.2
MSN00829,TB2-A02,Alpha,2025,4,2025-04-05,2,17.6,17.6,0.0,66.0,False,63.0,False,,0.0,85.4
MSN00830,TB2-A03,Alpha,2025,4,2025-04-03,5,16.14,15.94,0.2,104.8,False,111.5,True,Engine,12.0,92.2
MSN00831,TB2-A04,Alpha,2025,4,2025-04-22,2,16.63,16.63,0.0,133.2,True,83.1,False,,0.0,79.5
MSN00832,TB2-A02,Alpha,2025,4,2025-04-11,2,18.14,18.14,0.0,82.4,False,63.4,False,,0.0,85.4
MSN00833,TB2-A03,Alpha,2025,4,2025-04-02,5,15.86,15.86,0.0,94.5,False,113.1,False,,0.0,92.2
MSN00834,TB2-A03,Alpha,2025,4,2025-04-03,5,19.11,19.11,0.0,109.0,False,85.5,False,,0.0,92.2
MSN00835,TB2-A02,Alpha,2025,4,2025-04-27,2,17.04,17.04,0.0,86.7,False,80.5,False,,0.0,85.4
MSN00836,TB2-A02,Alpha,2025,4,2025-04-02,2,17.52,17.52,0.0,56.3,False,89.0,False,,0.0,85.4
MSN00837,TB2-A02,Alpha,2025,4,2025-04-10,2,15.21,14.54,0.67,81.3,False,80.2,True,Control Surface,40.2,85.4
MSN00838,TB2-A03,Alpha,2025,4,2025-04-26,5,17.16,17.16,0.0,120.1,False,124.2,False,,0.0,92.2
MSN00839,TB2-A02,Alpha,2025,4,2025-04-19,2,18.64,18.64,0.0,63.4,False,76.0,False,,0.0,85.4
MSN00840,TB2-A01,Alpha,2025,4,2025-04-06,3,15.7,15.7,0.0,116.3,False,87.0,False,,0.0,89.8
MSN00841,TB2-A01,Alpha,2025,4,2025-04-15,3,16.5,16.5,0.0,95.6,False,91.3,False,,0.0,89.8
MSN00842,TB2-A02,Alpha,2025,4,2025-04-07,2,17.99,17.99,0.0,65.8,False,92.0,False,,0.0,85.4
MSN00844,TB2-A01,Alpha,2025,4,2025-04-21,3,14.74,14.74,0.0,84.1,False,105.2,False,,0.0,89.8
MSN00845,TB2-A03,Alpha,2025,4,2025-04-16,5,16.06,16.06,0.0,112.5,False,112.3,False,,0.0,92.2
MSN00846,TB2-A01,Alpha,2025,5,2025-05-03,3,16.3,16.3,0.0,93.5,False,97.7,False,,0.0,91.9
MSN00847,TB2-A04,Alpha,2025,5,2025-05-01,2,19.49,19.49,0.0,89.0,False,78.9,False,,0.0,84.8
MSN00848,TB2-A02,Alpha,2025,5,2025-05-15,2,16.4,16.4,0.0,85.8,False,80.4,False,,0.0,84.8
MSN00849,TB2-A02,Alpha,2025,5,2025-05-10,2,17.23,17.23,0.0,60.0,False,65.4,False,,0.0,84.8
MSN00850,TB2-A01,Alpha,2025,5,2025-05-09,3,16.85,16.85,0.0,72.6,False,76.3,False,,0.0,91.9
MSN00851,TB2-A04,Alpha,2025,5,2025-05-20,2,17.4,17.4,0.0,70.6,False,78.2,True,Control Surface,39.6,84.8
MSN00852,TB2-A04,Alpha,2025,5,2025-05-15,2,13.99,13.99,0.0,79.0,False,69.2,False,,0.0,84.8
MSN00853,TB2-A03,Alpha,2025,5,2025-05-21,5,20.0,20.0,0.0,110.1,False,120.0,False,,0.0,88.6
MSN00854,TB2-A04,Alpha,2025,5,2025-05-22,2,17.91,17.91,0.0,67.7,False,94.7,False,,0.0,84.8
MSN00855,TB2-A02,Alpha,2025,5,2025-05-12,2,19.35,19.35,0.0,88.1,False,88.1,False,,0.0,84.8
MSN00856,TB2-A04,Alpha,2025,5,2025-05-10,2,18.41,18.41,0.0,87.5,False,64.4,False,,0.0,84.8
MSN00857,TB2-A02,Alpha,2025,5,2025-05-02,2,18.02,18.02,0.0,103.1,False,86.5,False,,0.0,84.8
MSN00858,TB2-A01,Alpha,2025,5,2025-05-20,3,20.0,20.0,0.0,102.3,False,81.6,False,,0.0,91.9
MSN00859,TB2-A03,Alpha,2025,5,2025-05-28,5,16.15,16.15,0.0,103.0,False,116.4,True,Communication Link,13.6,88.6
MSN00860,TB2-A01,Alpha,2025,5,2025-05-14,3,17.2,17.2,0.0,85.7,False,87.2,False,,0.0,91.9
MSN00861,TB2-A01,Alpha,2025,5,2025-05-26,3,16.93,16.93,0.0,93.0,False,100.2,False,,0.0,91.9
MSN00862,TB2-A03,Alpha,2025,5,2025-05-09,5,17.21,17.21,0.0,101.2,False,110.5,False,,0.0,88.6
MSN00863,TB2-A01,Alpha,2025,5,2025-05-25,3,18.99,18.99,0.0,84.2,False,96.9,False,,0.0,91.9
MSN00864,TB2-A03,Alpha,2025,5,2025-05-17,5,18.98,18.98,0.0,104.5,False,115.2,False,,0.0,88.6
MSN00865,TB2-A02,Alpha,2025,5,2025-05-20,2,20.0,20.0,0.0,136.2,True,78.3,True,Navigation/GPS,28.4,84.8
MSN00866,TB2-A04,Alpha,2025,5,2025-05-02,2,18.52,16.36,2.16,114.1,True,78.5,True,Navigation/GPS,129.6,84.8
MSN00867,TB2-A03,Alpha,2025,5,2025-05-08,5,19.15,18.68,0.47,106.7,False,94.9,True,Navigation/GPS,28.2,88.6
MSN00868,TB2-A03,Alpha,2025,5,2025-05-27,5,18.89,18.89,0.0,104.7,False,138.9,False,,0.0,88.6
MSN00869,TB2-A01,Alpha,2025,6,2025-06-28,3,18.24,18.24,0.0,82.2,False,55.5,False,,0.0,91.9
MSN00870,TB2-A03,Alpha,2025,6,2025-06-27,5,17.71,17.71,0.0,113.0,False,126.3,False,,0.0,85.9
MSN00871,TB2-A04,Alpha,2025,6,2025-06-09,2,17.39,17.39,0.0,79.8,False,59.9,False,,0.0,88.3
MSN00872,TB2-A01,Alpha,2025,6,2025-06-10,3,17.96,17.96,0.0,100.8,False,70.9,False,,0.0,91.9
MSN00873,TB2-A03,Alpha,2025,6,2025-06-27,5,16.02,16.02,0.0,94.9,False,110.9,True,Electrical System,19.5,85.9
MSN00874,TB2-A04,Alpha,2025,6,2025-06-24,2,16.82,16.82,0.0,80.7,False,76.1,False,,0.0,88.3
MSN00875,TB2-A02,Alpha,2025,6,2025-06-07,2,16.45,16.45,0.0,98.3,False,92.5,False,,0.0,81.7
MSN00876,TB2-A04,Alpha,2025,6,2025-06-26,2,15.68,15.68,0.0,83.6,False,80.9,False,,0.0,88.3
MSN00877,TB2-A04,Alpha,2025,6,2025-06-13,2,13.62,13.62,0.0,100.4,False,80.4,False,,0.0,88.3
MSN00878,TB2-A04,Alpha,2025,6,2025-06-23,2,16.82,16.82,0.0,105.2,True,84.7,False,,0.0,88.3
MSN00879,TB2-A01,Alpha,2025,6,2025-06-09,3,16.25,16.25,0.0,93.4,False,91.5,True,Engine,30.3,91.9
MSN00880,TB2-A01,Alpha,2025,6,2025-06-05,3,19.11,19.11,0.0,86.2,False,86.3,False,,0.0,91.9
MSN00881,TB2-A02,Alpha,2025,6,2025-06-10,2,15.35,15.35,0.0,73.2,False,68.9,False,,0.0,81.7
MSN00882,TB2-A04,Alpha,2025,6,2025-06-06,2,15.59,15.59,0.0,100.5,False,86.0,False,,0.0,88.3
MSN00883,TB2-A03,Alpha,2025,6,2025-06-12,5,14.79,14.79,0.0,95.0,False,110.6,False,,0.0,85.9
MSN00884,TB2-A03,Alpha,2025,6,2025-06-25,5,17.72,17.72,0.0,91.3,False,125.8,False,,0.0,85.9
MSN00885,TB2-A03,Alpha,2025,6,2025-06-14,5,16.68,16.68,0.0,145.6,True,127.0,False,,0.0,85.9
MSN00886,TB2-A04,Alpha,2025,6,2025-06-10,2,16.71,16.71,0.0,114.8,True,66.2,False,,0.0,88.3
MSN00887,TB2-A01,Alpha,2025,6,2025-06-17,3,13.87,13.87,0.0,85.4,False,99.8,False,,0.0,91.9
MSN00888,TB2-A02,Alpha,2025,6,2025-06-14,2,14.32,14.32,0.0,85.6,False,82.7,False,,0.0,81.7
MSN00889,TB2-A04,Alpha,2025,6,2025-06-28,2,18.9,18.9,0.0,93.5,False,91.1,False,,0.0,88.3
MSN00890,TB2-A04,Alpha,2025,6,2025-06-09,2,15.69,15.69,0.0,81.9,True,63.7,False,,0.0,88.3
MSN00891,TB2-A01,Alpha,2025,6,2025-06-28,3,17.5,17.5,0.0,98.6,False,111.8,False,,0.0,91.9
MSN00892,TB2-A01,Alpha,2025,7,2025-07-26,3,17.58,17.58,0.0,79.3,False,83.5,False,,0.0,91.8
MSN00893,TB2-A01,Alpha,2025,7,2025-07-08,3,16.51,16.51,0.0,96.3,False,83.7,False,,0.0,91.8
MSN00894,TB2-A01,Alpha,2025,7,2025-07-05,3,14.75,14.75,0.0,111.5,False,99.7,False,,0.0,91.8
MSN00895,TB2-A03,Alpha,2025,7,2025-07-09,5,15.63,15.63,0.0,126.3,False,100.5,False,,0.0,86.2
MSN00896,TB2-A04,Alpha,2025,7,2025-07-17,2,15.64,15.64,0.0,101.5,False,75.2,False,,0.0,88.2
MSN00897,TB2-A02,Alpha,2025,7,2025-07-05,2,20.0,20.0,0.0,78.7,False,70.1,False,,0.0,82.9
MSN00898,TB2-A02,Alpha,2025,7,2025-07-07,2,17.54,17.54,0.0,76.4,False,97.1,True,Navigation/GPS,33.5,82.9
MSN00899,TB2-A02,Alpha,2025,7,2025-07-17,2,20.0,20.0,0.0,103.7,False,91.7,False,,0.0,82.9
MSN00900,TB2-A03,Alpha,2025,7,2025-07-20,5,16.55,16.55,0.0,110.5,False,110.0,False,,0.0,86.2
MSN00901,TB2-A02,Alpha,2025,7,2025-07-06,2,16.43,16.43,0.0,77.2,False,87.7,False,,0.0,82.9
MSN00902,TB2-A03,Alpha,2025,7,2025-07-06,5,15.95,15.95,0.0,92.7,False,98.3,True,Sensor/Payload,8.4,86.2
MSN00903,TB2-A03,Alpha,2025,7,2025-07-12,5,15.49,15.49,0.0,123.7,False,120.6,False,,0.0,86.2
MSN00904,TB2-A03,Alpha,2025,7,2025-07-05,5,16.33,16.33,0.0,119.8,False,106.1,False,,0.0,86.2
MSN00905,TB2-A01,Alpha,2025,7,2025-07-26,3,14.87,14.87,0.0,89.1,False,91.6,False,,0.0,91.8
MSN00906,TB2-A02,Alpha,2025,7,2025-07-24,2,18.18,18.18,0.0,84.3,False,88.0,False,,0.0,82.9
MSN00907,TB2-A04,Alpha,2025,7,2025-07-03,2,17.51,17.51,0.0,75.9,False,99.6,False,,0.0,88.2
MSN00908,TB2-A03,Alpha,2025,7,2025-07-02,5,14.54,14.54,0.0,100.4,False,105.3,False,,0.0,86.2
MSN00909,TB2-A04,Alpha,2025,7,2025-07-17,2,15.23,15.23,0.0,78.4,False,59.1,True,Electrical System,14.6,88.2
MSN00910,TB2-A02,Alpha,2025,7,2025-07-23,2,15.52,15.52,0.0,137.4,True,70.0,False,,0.0,82.9
MSN00911,TB2-A04,Alpha,2025,7,2025-07-21,2,18.19,18.19,0.0,83.3,False,68.7,False,,0.0,88.2
MSN00912,TB2-A01,Alpha,2025,7,2025-07-02,3,18.97,18.97,0.0,117.5,True,64.7,False,,0.0,91.8
MSN00913,TB2-A04,Alpha,2025,7,2025-07-06,2,19.34,19.34,0.0,75.6,False,86.2,True,Communication Link,25.3,88.2
MSN00914,TB2-A04,Alpha,2025,7,2025-07-14,2,12.69,12.69,0.0,93.0,False,70.7,False,,0.0,88.2
MSN00915,TB2-A02,Alpha,2025,7,2025-07-08,2,20.0,20.0,0.0,133.7,True,78.2,False,,0.0,82.9
MSN00916,TB2-A03,Alpha,2025,7,2025-07-11,5,17.98,17.98,0.0,125.2,False,100.7,False,,0.0,86.2
MSN00917,TB2-A03,Alpha,2025,7,2025-07-10,5,15.61,15.61,0.0,96.0,False,87.8,True,Sensor/Payload,32.6,86.2
MSN00918,TB2-A03,Alpha,2025,7,2025-07-20,5,20.0,20.0,0.0,122.9,False,113.1,False,,0.0,86.2
MSN00919,TB2-A03,Alpha,2025,7,2025-07-21,5,19.69,19.69,0.0,139.3,False,136.8,False,,0.0,86.2
MSN00920,TB2-A02,Alpha,2025,7,2025-07-08,2,17.29,17.29,0.0,77.0,False,91.1,False,,0.0,82.9
MSN00921,TB2-A01,Alpha,2025,7,2025-07-17,3,18.25,18.25,0.0,90.0,False,91.9,False,,0.0,91.8
MSN00922,TB2-A01,Alpha,2025,7,2025-07-09,3,15.81,15.81,0.0,98.5,False,66.8,False,,0.0,91.8
MSN00923,TB2-A02,Alpha,2025,7,2025-07-24,2,14.74,14.74,0.0,102.5,True,88.0,False,,0.0,82.9
MSN00924,TB2-A02,Alpha,2025,7,2025-07-06,2,17.57,17.57,0.0,85.0,False,54.8,False,,0.0,82.9
MSN00925,TB2-A02,Alpha,2025,8,2025-08-27,2,15.98,15.98,0.0,82.5,False,99.4,False,,0.0,83.3
MSN00926,TB2-A02,Alpha,2025,8,2025-08-17,2,17.45,17.45,0.0,73.4,False,81.7,False,,0.0,83.3
MSN00927,TB2-A04,Alpha,2025,8,2025-08-12,2,15.44,15.44,0.0,94.7,False,71.6,False,,0.0,88.9
MSN00928,TB2-A04,Alpha,2025,8,2025-08-08,2,13.81,13.81,0.0,69.3,False,88.8,False,,0.0,88.9
MSN00929,TB2-A02,Alpha,2025,8,2025-08-22,2,20.0,20.0,0.0,91.3,False,75.5,False,,0.0,83.3
MSN00930,TB2-A04,Alpha,2025,8,2025-08-18,2,19.92,16.96,2.96,86.3,False,63.4,True,Navigation/GPS,177.6,88.9
MSN00931,TB2-A04,Alpha,2025,8,2025-08-13,2,13.43,13.43,0.0,79.9,False,79.3,False,,0.0,88.9
MSN00932,TB2-A01,Alpha,2025,8,2025-08-10,3,18.29,18.29,0.0,81.0,False,94.7,True,Navigation/GPS,26.8,89.3
MSN00933,TB2-A04,Alpha,2025,8,2025-08-28,2,18.88,18.88,0.0,93.6,False,83.7,False,,0.0,88.9
MSN00934,TB2-A04,Alpha,2025,8,2025-08-20,2,18.78,18.78,0.0,84.9,False,67.0,False,,0.0,88.9
MSN00935,TB2-A04,Alpha,2025,8,2025-08-15,2,17.39,17.39,0.0,83.3,False,55.6,False,,0.0,88.9
MSN00936,TB2-A02,Alpha,2025,8,2025-08-24,2,20.0,20.0,0.0,93.1,False,75.5,False,,0.0,83.3
MSN00937,TB2-A03,Alpha,2025,8,2025-08-19,5,18.63,18.63,0.0,106.7,False,119.1,True,Control Surface,57.0,82.8
MSN00938,TB2-A03,Alpha,2025,8,2025-08-21,5,13.01,13.01,0.0,90.6,False,109.5,False,,0.0,82.8
MSN00939,TB2-A02,Alpha,2025,8,2025-08-06,2,16.32,16.32,0.0,97.0,True,81.8,False,,0.0,83.3
MSN00940,TB2-A03,Alpha,2025,9,2025-09-20,5,20.0,20.0,0.0,154.8,True,110.0,False,,0.0,85.5
MSN00941,TB2-A02,Alpha,2025,9,2025-09-04,2,17.52,17.52,0.0,65.3,False,80.3,False,,0.0,78.0
MSN00942,TB2-A02,Alpha,2025,9,2025-09-21,2,14.87,14.87,0.0,75.7,False,85.4,False,,0.0,78.0
MSN00943,TB2-A02,Alpha,2025,9,2025-09-23,2,20.0,20.0,0.0,77.8,False,94.0,False,,0.0,78.0
MSN00944,TB2-A02,Alpha,2025,9,2025-09-16,2,17.63,17.63,0.0,114.0,True,70.4,False,,0.0,78.0
MSN00945,TB2-A02,Alpha,2025,9,2025-09-02,2,16.14,16.14,0.0,91.8,False,106.3,False,,0.0,78.0
MSN00946,TB2-A03,Alpha,2025,9,2025-09-15,5,15.98,15.98,0.0,129.0,False,90.5,False,,0.0,85.5
MSN00947,TB2-A04,Alpha,2025,9,2025-09-06,2,16.98,16.98,0.0,146.2,True,69.5,False,,0.0,82.6
MSN00948,TB2-A02,Alpha,2025,9,2025-09-20,2,16.43,16.43,0.0,80.3,False,67.9,False,,0.0,78.0
MSN00950,TB2-A02,Alpha,2025,9,2025-09-19,2,13.53,13.53,0.0,86.9,False,80.2,False,,0.0,78.0
MSN00951,TB2-A01,Alpha,2025,9,2025-09-02,3,18.63,18.63,0.0,94.5,False,94.4,False,,0.0,97.6
MSN00953,TB2-A01,Alpha,2025,9,2025-09-04,3,19.8,19.8,0.0,103.7,False,83.0,False,,0.0,97.6
MSN00954,TB2-A01,Alpha,2025,9,2025-09-25,3,15.0,15.0,0.0,81.0,False,105.0,False,,0.0,97.6
MSN00955,TB2-A03,Alpha,2025,9,2025-09-13,5,17.64,17.4,0.24,91.9,False,106.2,True,Control Surface,14.4,85.5
MSN00956,TB2-A04,Alpha,2025,9,2025-09-02,2,18.9,18.9,0.0,83.6,False,65.9,False,,0.0,82.6
MSN00957,TB2-A01,Alpha,2025,9,2025-09-16,3,16.48,16.48,0.0,87.4,False,67.6,False,,0.0,97.6
MSN00958,TB2-A04,Alpha,2025,9,2025-09-20,2,15.62,15.62,0.0,89.3,True,78.3,False,,0.0,82.6
MSN00959,TB2-A04,Alpha,2025,9,2025-09-03,2,17.24,17.24,0.0,77.6,False,63.3,True,Communication Link,49.1,82.6
MSN00960,TB2-A01,Alpha,2025,9,2025-09-04,3,17.5,17.5,0.0,79.9,False,75.3,False,,0.0,97.6
MSN00961,TB2-A03,Alpha,2025,10,2025-10-14,5,15.36,15.36,0.0,112.8,False,99.6,False,,0.0,83.2
MSN00962,TB2-A02,Alpha,2025,10,2025-10-11,2,17.7,17.7,0.0,92.8,False,55.7,False,,0.0,80.7
MSN00963,TB2-A03,Alpha,2025,10,2025-10-07,5,17.07,16.47,0.6,115.5,False,127.1,True,Control Surface,36.0,83.2
MSN00964,TB2-A01,Alpha,2025,10,2025-10-01,3,18.68,18.68,0.0,84.7,False,76.9,False,,0.0,88.4
MSN00965,TB2-A04,Alpha,2025,10,2025-10-15,2,17.69,17.69,0.0,92.0,False,75.6,False,,0.0,83.7
MSN00966,TB2-A03,Alpha,2025,10,2025-10-23,5,18.62,18.62,0.0,101.0,False,108.7,False,,0.0,83.2
MSN00967,TB2-A02,Alpha,2025,10,2025-10-06,2,17.0,17.0,0.0,69.1,False,58.8,False,,0.0,80.7
MSN00968,TB2-A01,Alpha,2025,10,2025-10-07,3,18.42,17.06,1.36,95.1,False,111.6,True,Communication Link,81.6,88.4
MSN00969,TB2-A03,Alpha,2025,10,2025-10-27,5,18.89,18.89,0.0,119.4,False,115.7,True,Navigation/GPS,31.2,83.2
MSN00970,TB2-A02,Alpha,2025,10,2025-10-23,2,18.64,18.64,0.0,80.1,False,73.4,False,,0.0,80.7
MSN00971,TB2-A02,Alpha,2025,10,2025-10-17,2,14.78,14.78,0.0,107.4,False,69.9,False,,0.0,80.7
MSN00972,TB2-A01,Alpha,2025,10,2025-10-07,3,18.76,18.76,0.0,103.5,False,118.5,True,Sensor/Payload,31.5,88.4
MSN00973,TB2-A03,Alpha,2025,10,2025-10-21,5,20.0,20.0,0.0,179.9,True,103.7,False,,0.0,83.2
MSN00974,TB2-A04,Alpha,2025,10,2025-10-18,2,15.64,14.39,1.25,78.3,False,84.1,True,Communication Link,75.0,83.7
MSN00975,TB2-A04,Alpha,2025,10,2025-10-07,2,17.53,17.53,0.0,91.2,False,87.6,False,,0.0,83.7
MSN00976,TB2-A04,Alpha,2025,11,2025-11-08,2,17.61,17.61,0.0,82.5,False,85.7,False,,0.0,85.8
MSN00977,TB2-A02,Alpha,2025,11,2025-11-07,2,14.54,14.54,0.0,89.7,False,93.6,False,,0.0,85.3
MSN00978,TB2-A04,Alpha,2025,11,2025-11-03,2,16.44,16.44,0.0,128.2,True,65.5,False,,0.0,85.8
MSN00980,TB2-A02,Alpha,2025,11,2025-11-08,2,12.99,12.99,0.0,75.4,False,70.2,False,,0.0,85.3
MSN00982,TB2-A04,Alpha,2025,11,2025-11-22,2,16.01,16.01,0.0,107.8,False,73.0,False,,0.0,85.8
MSN00983,TB2-A02,Alpha,2025,11,2025-11-26,2,16.68,16.68,0.0,70.0,False,70.4,False,,0.0,85.3
MSN00984,TB2-A01,Alpha,2025,11,2025-11-16,3,15.85,15.85,0.0,121.9,True,101.2,False,,0.0,90.8
MSN00985,TB2-A03,Alpha,2025,11,2025-11-24,5,19.14,19.14,0.0,100.9,False,126.7,True,Engine,15.4,91.4
MSN00986,TB2-A04,Alpha,2025,11,2025-11-22,2,14.46,14.46,0.0,76.3,False,95.1,False,,0.0,85.8
MSN00987,TB2-A02,Alpha,2025,11,2025-11-28,2,20.0,20.0,0.0,83.3,True,92.3,False,,0.0,85.3
MSN00988,TB2-A02,Alpha,2025,11,2025-11-09,2,16.37,16.37,0.0,78.0,False,64.5,True,Sensor/Payload,35.8,85.3
MSN00989,TB2-A02,Alpha,2025,11,2025-11-07,2,14.3,14.3,0.0,68.3,False,56.5,False,,0.0,85.3
MSN00990,TB2-A03,Alpha,2025,11,2025-11-08,5,18.55,18.55,0.0,112.0,False,103.1,False,,0.0,91.4
MSN00991,TB2-A01,Alpha,2025,12,2025-12-28,3,14.49,14.49,0.0,73.8,False,76.1,False,,0.0,90.9
MSN00992,TB2-A04,Alpha,2025,12,2025-12-24,2,18.25,18.25,0.0,46.1,False,53.5,False,,0.0,85.2
MSN00993,TB2-A02,Alpha,2025,12,2025-12-24,2,17.46,17.46,0.0,72.5,False,47.5,False,,0.0,85.2
MSN00994,TB2-A04,Alpha,2025,12,2025-12-25,2,20.0,20.0,0.0,88.6,False,70.3,False,,0.0,85.2
MSN00995,TB2-A04,Alpha,2025,12,2025-12-10,2,18.75,18.75,0.0,125.5,True,85.2,False,,0.0,85.2
MSN00997,TB2-A03,Alpha,2025,12,2025-12-18,5,15.74,15.74,0.0,111.0,False,90.5,False,,0.0,96.4
MSN00998,TB2-A03,Alpha,2025,12,2025-12-23,5,16.53,16.53,0.0,103.0,False,116.9,False,,0.0,96.4
MSN00999,TB2-A04,Alpha,2025,12,2025-12-10,2,20.0,20.0,0.0,115.0,True,94.0,False,,0.0,85.2
MSN01001,TB2-A04,Alpha,2025,12,2025-12-17,2,16.19,16.19,0.0,88.7,False,82.1,False,,0.0,85.2
MSN01002,TB2-A02,Alpha,2025,12,2025-12-11,2,17.97,17.97,0.0,88.9,False,92.1,False,,0.0,85.2
MSN01003,TB2-A02,Alpha,2025,12,2025-12-22,2,15.53,15.53,0.0,80.5,False,105.2,False,,0.0,85.2
MSN01004,TB2-A04,Alpha,2025,12,2025-12-10,2,20.0,20.0,0.0,116.8,True,86.0,False,,0.0,85.2
MSN01005,TB2-A02,Alpha,2025,12,2025-12-24,2,18.35,18.35,0.0,83.8,False,97.6,False,,0.0,85.2
MSN01006,TB2-A02,Alpha,2025,12,2025-12-19,2,17.3,17.3,0.0,95.6,False,104.0,False,,0.0,85.2
MSN01007,TB2-A02,Alpha,2026,1,2026-01-03,3,14.27,14.27,0.0,185.1,True,113.4,False,,0.0,85.1
MSN01008,TB2-A03,Alpha,2026,1,2026-01-19,6,18.4,18.4,0.0,154.1,True,122.7,False,,0.0,85.2
MSN01009,TB2-A04,Alpha,2026,1,2026-01-02,3,14.23,14.23,0.0,73.6,False,100.1,False,,0.0,88.7
MSN01010,TB2-A02,Alpha,2026,1,2026-01-24,3,17.42,17.42,0.0,108.5,False,104.7,False,,0.0,85.1
MSN01012,TB2-A01,Alpha,2026,1,2026-01-11,4,16.93,16.93,0.0,116.5,False,104.4,False,,0.0,93.0
MSN01013,TB2-A02,Alpha,2026,1,2026-01-13,3,17.37,17.37,0.0,71.0,False,78.5,False,,0.0,85.1
MSN01014,TB2-A01,Alpha,2026,1,2026-01-17,4,18.42,18.42,0.0,102.7,False,100.9,False,,0.0,93.0
MSN01015,TB2-A03,Alpha,2026,1,2026-01-18,6,17.4,17.4,0.0,126.2,False,129.2,False,,0.0,85.2
MSN01017,TB2-A01,Alpha,2026,1,2026-01-27,4,18.46,18.46,0.0,93.1,False,100.0,False,,0.0,93.0
MSN01018,TB2-A02,Alpha,2026,1,2026-01-24,3,19.31,19.31,0.0,151.6,True,94.5,False,,0.0,85.1
MSN01022,TB2-A04,Alpha,2026,2,2026-02-11,3,17.29,17.29,0.0,109.5,False,80.7,False,,0.0,86.3
MSN01023,TB2-A01,Alpha,2026,2,2026-02-15,4,18.78,18.78,0.0,83.6,False,91.7,False,,0.0,91.7
MSN01024,TB2-A03,Alpha,2026,2,2026-02-28,6,15.98,15.98,0.0,111.4,False,127.5,False,,0.0,88.1
MSN01025,TB2-A01,Alpha,2026,2,2026-02-06,4,15.1,15.1,0.0,84.8,False,100.1,False,,0.0,91.7
MSN01026,TB2-A01,Alpha,2026,2,2026-02-16,4,16.36,16.36,0.0,164.8,True,115.8,False,,0.0,91.7
MSN01027,TB2-A01,Alpha,2026,2,2026-02-16,4,14.8,14.8,0.0,79.3,False,110.9,False,,0.0,91.7
MSN01028,TB2-A01,Alpha,2026,2,2026-02-26,4,18.79,18.79,0.0,106.4,False,104.4,False,,0.0,91.7
MSN01029,TB2-A01,Alpha,2026,3,2026-03-20,4,19.7,19.7,0.0,108.8,False,96.1,False,,0.0,87.4
MSN01030,TB2-A03,Alpha,2026,3,2026-03-27,6,13.37,13.37,0.0,150.6,True,102.3,False,,0.0,84.9
MSN01031,TB2-A04,Alpha,2026,3,2026-03-10,3,15.01,15.01,0.0,92.4,False,112.0,True,Electrical System,33.4,84.8
MSN01032,TB2-A04,Alpha,2026,3,2026-03-08,3,20.0,20.0,0.0,77.0,False,55.5,False,,0.0,84.8
MSN01033,TB2-A04,Alpha,2026,3,2026-03-25,3,17.56,17.56,0.0,94.9,False,101.3,False,,0.0,84.8
MSN01034,TB2-A03,Alpha,2026,3,2026-03-13,6,15.18,15.18,0.0,112.6,False,109.3,False,,0.0,84.9
MSN01035,TB2-A03,Alpha,2026,3,2026-03-11,6,14.56,14.56,0.0,122.1,False,144.0,False,,0.0,84.9
MSN01036,TB2-A01,Alpha,2026,3,2026-03-03,4,16.18,16.18,0.0,132.7,True,107.3,False,,0.0,87.4
MSN01039,TB2-A02,Alpha,2026,3,2026-03-01,3,19.08,19.08,0.0,67.5,False,86.2,True,Navigation/GPS,27.7,83.9
MSN01040,TB2-A01,Alpha,2026,4,2026-04-23,4,11.49,11.49,0.0,119.1,False,96.3,False,,0.0,87.3
MSN01041,TB2-A03,Alpha,2026,4,2026-04-11,6,16.64,16.64,0.0,118.7,False,107.0,False,,0.0,86.2
MSN01042,TB2-A04,Alpha,2026,4,2026-04-20,3,16.52,16.52,0.0,104.7,False,55.1,False,,0.0,80.5
MSN01043,TB2-A04,Alpha,2026,4,2026-04-26,3,15.91,15.91,0.0,70.6,False,89.6,False,,0.0,80.5
MSN01044,TB2-A04,Alpha,2026,4,2026-04-03,3,19.19,19.19,0.0,141.3,True,72.2,False,,0.0,80.5
MSN01045,TB2-A04,Alpha,2026,4,2026-04-02,3,16.48,16.48,0.0,83.3,False,85.0,False,,0.0,80.5
MSN01046,TB2-A01,Alpha,2026,4,2026-04-20,4,12.08,12.08,0.0,92.1,False,105.7,False,,0.0,87.3
MSN01047,TB2-A04,Alpha,2026,4,2026-04-13,3,15.98,15.98,0.0,85.8,False,99.8,False,,0.0,80.5
MSN01048,TB2-A02,Alpha,2026,4,2026-04-19,3,18.52,18.52,0.0,76.9,False,79.6,False,,0.0,78.7
MSN01049,TB2-A04,Alpha,2026,4,2026-04-27,3,15.53,15.53,0.0,91.5,False,112.6,False,,0.0,80.5
MSN01050,TB2-A03,Alpha,2026,4,2026-04-05,6,17.1,17.1,0.0,104.3,False,132.2,False,,0.0,86.2
MSN01051,TB2-A03,Alpha,2026,4,2026-04-27,6,15.41,15.41,0.0,131.3,False,128.9,False,,0.0,86.2
MSN01052,TB2-A04,Alpha,2026,4,2026-04-25,3,13.63,13.63,0.0,82.9,False,102.5,True,Control Surface,22.0,80.5
MSN01053,TB2-A01,Alpha,2026,4,2026-04-15,4,16.22,16.22,0.0,148.5,True,98.0,False,,0.0,87.3
MSN01054,TB2-A03,Alpha,2026,5,2026-05-27,6,19.7,19.7,0.0,123.4,False,109.5,False,,0.0,87.0
MSN01055,TB2-A01,Alpha,2026,5,2026-05-01,4,15.92,15.92,0.0,100.9,False,96.4,True,Communication Link,15.9,92.9
MSN01056,TB2-A03,Alpha,2026,5,2026-05-15,6,16.56,16.56,0.0,150.0,False,102.2,False,,0.0,87.0
MSN01057,TB2-A01,Alpha,2026,5,2026-05-04,4,14.64,14.64,0.0,91.2,False,97.5,False,,0.0,92.9
MSN01058,TB2-A02,Alpha,2026,5,2026-05-09,3,20.0,20.0,0.0,73.0,False,78.4,False,,0.0,82.5
MSN01059,TB2-A01,Alpha,2026,5,2026-05-12,4,18.09,18.09,0.0,65.8,False,114.8,False,,0.0,92.9
MSN01060,TB2-A01,Alpha,2026,5,2026-05-14,4,19.89,19.89,0.0,102.3,False,86.0,False,,0.0,92.9
MSN01061,TB2-A03,Alpha,2026,5,2026-05-28,6,17.86,17.86,0.0,136.8,False,118.3,False,,0.0,87.0
MSN01062,TB2-A02,Alpha,2026,5,2026-05-13,3,17.99,13.62,4.37,90.3,False,107.1,True,Sensor/Payload,262.2,82.5
MSN01063,TB2-A04,Alpha,2026,5,2026-05-17,3,18.43,18.43,0.0,79.7,False,95.7,False,,0.0,86.3
MSN01064,TB2-A02,Alpha,2026,5,2026-05-10,3,17.14,17.14,0.0,165.3,True,107.1,False,,0.0,82.5
MSN01065,TB2-A01,Alpha,2026,5,2026-05-02,4,18.64,18.64,0.0,85.3,False,96.6,True,Navigation/GPS,27.1,92.9
MSN01066,TB2-A03,Alpha,2026,5,2026-05-08,6,18.15,18.15,0.0,116.0,False,140.9,False,,0.0,87.0
MSN01067,TB2-A03,Alpha,2026,5,2026-05-10,6,17.3,17.3,0.0,119.1,False,131.4,False,,0.0,87.0
MSN01068,TB2-A01,Alpha,2026,5,2026-05-06,4,19.7,19.7,0.0,99.3,False,88.2,False,,0.0,92.9
MSN01069,TB2-A04,Alpha,2026,5,2026-05-02,3,19.87,19.87,0.0,125.5,True,105.6,False,,0.0,86.3
MSN01070,TB2-A01,Alpha,2026,5,2026-05-18,4,20.0,20.0,0.0,106.3,False,94.3,False,,0.0,92.9
MSN01071,TB2-A01,Alpha,2026,5,2026-05-19,4,14.85,14.85,0.0,101.9,False,118.1,False,,0.0,92.9
MSN01072,TB2-A01,Alpha,2026,5,2026-05-15,4,16.32,16.32,0.0,85.3,False,89.0,False,,0.0,92.9
MSN01073,TB2-A02,Alpha,2026,5,2026-05-11,3,15.42,15.42,0.0,72.9,False,72.2,False,,0.0,82.5
MSN01074,TB2-A04,Alpha,2026,5,2026-05-09,3,18.3,18.3,0.0,85.5,False,81.6,False,,0.0,86.3
MSN01075,TB2-A01,Alpha,2026,5,2026-05-15,4,16.4,16.4,0.0,90.1,False,116.1,True,Electrical System,28.6,92.9
MSN01076,TB2-A02,Alpha,2026,5,2026-05-03,3,17.6,17.6,0.0,84.9,False,88.5,False,,0.0,82.5
MSN01077,TB2-A04,Alpha,2026,5,2026-05-04,3,17.29,17.29,0.0,149.9,True,88.1,False,,0.0,86.3
MSN01078,TB2-A04,Alpha,2026,5,2026-05-08,3,17.8,17.8,0.0,95.5,False,84.0,False,,0.0,86.3
MSN01079,TB2-A02,Alpha,2026,5,2026-05-18,3,14.24,13.69,0.55,111.8,True,102.2,True,Engine,33.0,82.5
MSN01080,TB2-A03,Alpha,2026,6,2026-06-07,6,18.53,18.53,0.0,110.3,False,99.8,True,Control Surface,18.0,77.1
MSN01081,TB2-A02,Alpha,2026,6,2026-06-14,3,14.33,14.33,0.0,83.4,False,83.4,True,Sensor/Payload,33.9,82.8
MSN01082,TB2-A02,Alpha,2026,6,2026-06-05,3,12.93,12.93,0.0,83.1,False,88.4,False,,0.0,82.8
MSN01083,TB2-A01,Alpha,2026,6,2026-06-25,4,18.37,18.37,0.0,110.9,False,96.4,False,,0.0,88.6
MSN01084,TB2-A01,Alpha,2026,6,2026-06-07,4,20.0,20.0,0.0,99.0,False,95.6,False,,0.0,88.6
MSN01085,TB2-A04,Alpha,2026,6,2026-06-09,3,18.21,18.21,0.0,96.8,False,94.7,False,,0.0,84.7
MSN01086,TB2-A02,Alpha,2026,6,2026-06-08,3,17.7,17.7,0.0,92.9,False,84.4,True,Engine,20.8,82.8
MSN01087,TB2-A01,Alpha,2026,6,2026-06-18,4,14.64,14.64,0.0,97.6,False,83.5,False,,0.0,88.6
MSN01088,TB2-A04,Alpha,2026,6,2026-06-14,3,16.77,16.77,0.0,104.9,False,85.7,False,,0.0,84.7
MSN01089,TB2-A03,Alpha,2026,6,2026-06-21,6,16.8,16.8,0.0,158.1,True,111.7,False,,0.0,77.1
MSN01090,TB2-A03,Alpha,2026,6,2026-06-15,6,17.78,17.78,0.0,124.8,False,122.9,False,,0.0,77.1
MSN01091,TB2-A02,Alpha,2026,6,2026-06-25,3,17.57,17.57,0.0,110.4,False,103.0,False,,0.0,82.8
MSN01092,TB2-A01,Alpha,2026,6,2026-06-23,4,17.26,17.26,0.0,101.1,False,77.5,False,,0.0,88.6
MSN01093,TB2-A01,Alpha,2026,6,2026-06-18,4,18.43,18.43,0.0,89.2,False,107.3,False,,0.0,88.6
MSN01094,TB2-A01,Alpha,2026,6,2026-06-03,4,14.23,14.23,0.0,96.5,False,102.7,False,,0.0,88.6
MSN01095,TB2-A02,Alpha,2026,6,2026-06-03,3,15.94,15.94,0.0,95.0,False,78.4,False,,0.0,82.8
MSN01096,TB2-A02,Alpha,2026,6,2026-06-15,3,15.37,15.37,0.0,135.3,True,92.1,False,,0.0,82.8
MSN01097,TB2-A04,Alpha,2026,6,2026-06-20,3,18.0,18.0,0.0,113.8,False,97.4,False,,0.0,84.7
MSN01098,TB2-B04,Beta,2021,1,2021-01-15,1,20.0,20.0,0.0,62.9,False,69.4,False,,0.0,92.8
MSN01100,TB2-B02,Beta,2021,1,2021-01-22,1,14.73,14.73,0.0,75.6,False,71.4,False,,0.0,90.6
MSN01101,TB2-B02,Beta,2021,1,2021-01-25,1,18.73,18.73,0.0,59.3,False,61.5,False,,0.0,90.6
MSN01102,TB2-B04,Beta,2021,1,2021-01-22,1,18.36,18.36,0.0,56.9,False,63.0,False,,0.0,92.8
MSN01103,TB2-B02,Beta,2021,1,2021-01-14,1,15.65,15.65,0.0,71.4,False,63.2,False,,0.0,90.6
MSN01104,TB2-B02,Beta,2021,1,2021-01-23,1,16.59,16.59,0.0,65.7,False,60.4,False,,0.0,90.6
MSN01105,TB2-B02,Beta,2021,1,2021-01-08,1,15.31,15.31,0.0,47.4,False,59.9,False,,0.0,90.6
MSN01106,TB2-B04,Beta,2021,1,2021-01-23,1,16.81,16.81,0.0,66.0,False,66.8,False,,0.0,92.8
MSN01108,TB2-B04,Beta,2021,2,2021-02-13,1,20.0,20.0,0.0,153.6,True,92.7,False,,0.0,92.4
MSN01109,TB2-B04,Beta,2021,2,2021-02-28,1,13.54,13.54,0.0,66.0,False,57.1,False,,0.0,92.4
MSN01110,TB2-B02,Beta,2021,2,2021-02-22,1,15.54,15.54,0.0,86.5,True,69.5,False,,0.0,91.7
MSN01111,TB2-B02,Beta,2021,2,2021-02-20,1,16.69,16.69,0.0,62.9,False,70.1,False,,0.0,91.7
MSN01112,TB2-B04,Beta,2021,2,2021-02-25,1,15.25,15.25,0.0,59.8,False,59.2,False,,0.0,92.4
MSN01113,TB2-B04,Beta,2021,2,2021-02-03,1,18.09,18.09,0.0,49.1,False,74.8,False,,0.0,92.4
MSN01114,TB2-B02,Beta,2021,2,2021-02-09,1,13.32,13.32,0.0,51.3,False,69.3,False,,0.0,91.7
MSN01115,TB2-B04,Beta,2021,2,2021-02-19,1,17.65,17.65,0.0,54.1,False,77.0,False,,0.0,92.4
MSN01117,TB2-B02,Beta,2021,2,2021-02-02,1,15.9,15.9,0.0,72.9,True,71.3,False,,0.0,91.7
MSN01118,TB2-B04,Beta,2021,2,2021-02-15,1,19.38,19.38,0.0,67.2,False,65.0,False,,0.0,92.4
MSN01119,TB2-B02,Beta,2021,2,2021-02-06,1,16.72,16.72,0.0,54.9,False,71.3,False,,0.0,91.7
MSN01121,TB2-B02,Beta,2021,3,2021-03-05,1,16.63,16.63,0.0,138.6,True,76.0,False,,0.0,87.0
MSN01122,TB2-B02,Beta,2021,3,2021-03-05,1,17.74,17.74,0.0,76.1,False,68.7,False,,0.0,87.0
MSN01123,TB2-B04,Beta,2021,3,2021-03-15,1,17.44,17.44,0.0,54.1,False,68.3,False,,0.0,90.0
MSN01124,TB2-B04,Beta,2021,3,2021-03-05,1,16.17,16.17,0.0,60.0,False,71.3,False,,0.0,90.0
MSN01125,TB2-B02,Beta,2021,3,2021-03-28,1,19.86,19.86,0.0,58.8,False,80.8,False,,0.0,87.0
MSN01126,TB2-B02,Beta,2021,3,2021-03-28,1,17.5,17.5,0.0,60.0,False,73.4,False,,0.0,87.0
MSN01128,TB2-B02,Beta,2021,3,2021-03-26,1,17.28,17.28,0.0,131.6,True,73.2,False,,0.0,87.0
MSN01129,TB2-B04,Beta,2021,3,2021-03-11,1,16.53,16.53,0.0,74.4,False,53.6,False,,0.0,90.0
MSN01130,TB2-B02,Beta,2021,3,2021-03-23,1,15.89,15.89,0.0,58.6,False,69.6,False,,0.0,87.0
MSN01131,TB2-B02,Beta,2021,3,2021-03-08,1,16.76,16.76,0.0,68.4,False,86.8,False,,0.0,87.0
MSN01132,TB2-B04,Beta,2021,3,2021-03-26,1,15.9,15.9,0.0,77.9,True,87.2,False,,0.0,90.0
MSN01134,TB2-B04,Beta,2021,4,2021-04-27,1,17.57,17.57,0.0,81.4,False,60.9,False,,0.0,94.4
MSN01135,TB2-B02,Beta,2021,4,2021-04-12,1,16.76,16.76,0.0,81.4,False,62.9,False,,0.0,92.8
MSN01136,TB2-B02,Beta,2021,4,2021-04-20,1,16.27,15.01,1.26,66.2,False,68.8,True,Sensor/Payload,75.6,92.8
MSN01137,TB2-B04,Beta,2021,4,2021-04-05,1,16.76,16.76,0.0,64.5,False,71.9,False,,0.0,94.4
MSN01138,TB2-B02,Beta,2021,4,2021-04-18,1,15.52,15.52,0.0,65.9,False,78.3,False,,0.0,92.8
MSN01139,TB2-B04,Beta,2021,4,2021-04-28,1,13.92,13.92,0.0,64.7,False,60.7,False,,0.0,94.4
MSN01140,TB2-B04,Beta,2021,4,2021-04-25,1,19.5,19.5,0.0,83.5,False,48.6,True,Engine,35.7,94.4
MSN01141,TB2-B04,Beta,2021,4,2021-04-11,1,18.26,18.26,0.0,71.8,False,66.9,False,,0.0,94.4
MSN01142,TB2-B04,Beta,2021,4,2021-04-19,1,16.5,16.5,0.0,71.5,False,78.3,False,,0.0,94.4
MSN01143,TB2-B02,Beta,2021,4,2021-04-04,1,17.28,17.28,0.0,77.2,False,71.4,False,,0.0,92.8
MSN01144,TB2-B02,Beta,2021,4,2021-04-07,1,16.97,16.97,0.0,59.3,False,68.2,False,,0.0,92.8
MSN01145,TB2-B02,Beta,2021,4,2021-04-14,1,15.31,15.31,0.0,57.9,False,57.1,True,Engine,10.2,92.8
MSN01146,TB2-B04,Beta,2021,4,2021-04-26,1,16.69,16.69,0.0,76.5,False,65.5,True,Engine,16.8,94.4
MSN01147,TB2-B04,Beta,2021,4,2021-04-13,1,17.61,12.26,5.35,76.6,False,72.6,True,Sensor/Payload,321.0,94.4
MSN01148,TB2-B02,Beta,2021,4,2021-04-19,1,18.33,18.33,0.0,83.7,False,78.4,False,,0.0,92.8
MSN01150,TB2-B04,Beta,2021,4,2021-04-28,1,13.58,13.58,0.0,119.7,True,71.7,False,,0.0,94.4
MSN01151,TB2-B02,Beta,2021,4,2021-04-07,1,15.33,15.33,0.0,71.5,False,52.8,False,,0.0,92.8
MSN01152,TB2-B02,Beta,2021,4,2021-04-14,1,13.36,13.36,0.0,74.9,False,91.9,False,,0.0,92.8
MSN01153,TB2-B04,Beta,2021,4,2021-04-26,1,17.91,17.91,0.0,89.9,False,81.6,False,,0.0,94.4
MSN01155,TB2-B04,Beta,2021,5,2021-05-12,1,17.35,17.35,0.0,67.5,False,51.6,False,,0.0,91.7
MSN01156,TB2-B04,Beta,2021,5,2021-05-27,1,16.11,16.11,0.0,87.4,False,66.3,False,,0.0,91.7
MSN01157,TB2-B02,Beta,2021,5,2021-05-15,1,18.77,18.77,0.0,72.0,False,69.1,False,,0.0,88.5
MSN01158,TB2-B04,Beta,2021,5,2021-05-20,1,18.0,18.0,0.0,49.4,False,80.0,False,,0.0,91.7
MSN01159,TB2-B02,Beta,2021,5,2021-05-18,1,15.2,15.2,0.0,61.1,False,67.3,False,,0.0,88.5
MSN01160,TB2-B02,Beta,2021,5,2021-05-17,1,16.48,16.48,0.0,93.6,True,81.8,False,,0.0,88.5
MSN01161,TB2-B04,Beta,2021,5,2021-05-13,1,18.82,18.82,0.0,93.8,False,73.3,False,,0.0,91.7
MSN01162,TB2-B02,Beta,2021,5,2021-05-17,1,16.56,16.56,0.0,63.8,False,60.6,False,,0.0,88.5
MSN01163,TB2-B04,Beta,2021,5,2021-05-08,1,14.24,14.24,0.0,72.4,False,55.0,False,,0.0,91.7
MSN01164,TB2-B02,Beta,2021,5,2021-05-25,1,17.36,17.36,0.0,55.3,False,77.2,False,,0.0,88.5
MSN01165,TB2-B02,Beta,2021,5,2021-05-13,1,16.32,16.32,0.0,76.2,False,62.7,False,,0.0,88.5
MSN01166,TB2-B02,Beta,2021,5,2021-05-22,1,14.51,14.51,0.0,87.1,False,73.4,False,,0.0,88.5
MSN01167,TB2-B02,Beta,2021,5,2021-05-02,1,16.01,16.01,0.0,79.3,False,59.9,False,,0.0,88.5
MSN01168,TB2-B02,Beta,2021,5,2021-05-13,1,16.34,16.34,0.0,84.0,False,56.1,False,,0.0,88.5
MSN01169,TB2-B02,Beta,2021,5,2021-05-21,1,18.01,18.01,0.0,74.7,False,59.4,False,,0.0,88.5
MSN01170,TB2-B04,Beta,2021,5,2021-05-15,1,18.68,18.68,0.0,59.3,False,70.0,False,,0.0,91.7
MSN01171,TB2-B02,Beta,2021,5,2021-05-20,1,17.17,17.17,0.0,89.4,True,60.9,False,,0.0,88.5
MSN01172,TB2-B02,Beta,2021,5,2021-05-17,1,19.67,19.67,0.0,71.1,False,72.4,False,,0.0,88.5
MSN01173,TB2-B02,Beta,2021,5,2021-05-07,1,18.63,18.63,0.0,60.0,False,77.0,False,,0.0,88.5
MSN01174,TB2-B02,Beta,2021,5,2021-05-10,1,17.05,17.05,0.0,75.5,False,72.7,False,,0.0,88.5
MSN01176,TB2-B02,Beta,2021,5,2021-05-24,1,20.0,20.0,0.0,90.3,False,70.9,False,,0.0,88.5
MSN01177,TB2-B04,Beta,2021,5,2021-05-03,1,17.48,17.48,0.0,69.3,False,59.2,False,,0.0,91.7
MSN01178,TB2-B04,Beta,2021,5,2021-05-12,1,15.84,15.84,0.0,55.7,False,66.5,False,,0.0,91.7
MSN01179,TB2-B04,Beta,2021,5,2021-05-04,1,15.0,15.0,0.0,86.5,False,58.2,False,,0.0,91.7
MSN01180,TB2-B02,Beta,2021,5,2021-05-09,1,15.1,15.1,0.0,84.0,False,66.8,False,,0.0,88.5
MSN01181,TB2-B04,Beta,2021,5,2021-05-04,1,15.54,15.54,0.0,84.4,False,68.7,False,,0.0,91.7
MSN01182,TB2-B02,Beta,2021,5,2021-05-26,1,14.86,14.86,0.0,87.8,False,75.1,False,,0.0,88.5
MSN01183,TB2-B04,Beta,2021,5,2021-05-22,1,20.0,20.0,0.0,70.2,False,59.5,False,,0.0,91.7
MSN01184,TB2-B02,Beta,2021,5,2021-05-09,1,14.83,14.83,0.0,75.4,False,67.7,False,,0.0,88.5
MSN01185,TB2-B04,Beta,2021,5,2021-05-10,1,15.56,15.56,0.0,81.6,False,79.4,False,,0.0,91.7
MSN01186,TB2-B02,Beta,2021,5,2021-05-23,1,15.0,15.0,0.0,65.9,False,71.4,False,,0.0,88.5
MSN01187,TB2-B04,Beta,2021,6,2021-06-11,1,15.62,15.62,0.0,62.2,False,75.7,False,,0.0,91.1
MSN01188,TB2-B04,Beta,2021,6,2021-06-24,1,19.04,19.04,0.0,42.5,False,63.2,False,,0.0,91.1
MSN01189,TB2-B04,Beta,2021,6,2021-06-03,1,15.52,15.52,0.0,73.1,False,67.2,False,,0.0,91.1
MSN01190,TB2-B02,Beta,2021,6,2021-06-11,1,13.54,13.54,0.0,50.5,False,80.2,False,,0.0,88.6
MSN01191,TB2-B04,Beta,2021,6,2021-06-16,1,15.08,15.08,0.0,140.4,True,77.1,False,,0.0,91.1
MSN01192,TB2-B02,Beta,2021,6,2021-06-26,1,14.53,14.53,0.0,104.0,True,74.1,False,,0.0,88.6
MSN01193,TB2-B02,Beta,2021,6,2021-06-20,1,17.75,17.75,0.0,87.9,False,63.8,False,,0.0,88.6
MSN01194,TB2-B04,Beta,2021,6,2021-06-24,1,16.09,16.09,0.0,120.0,True,55.6,True,Engine,18.0,91.1
MSN01195,TB2-B02,Beta,2021,6,2021-06-01,1,19.9,19.9,0.0,79.5,False,77.8,False,,0.0,88.6
MSN01196,TB2-B04,Beta,2021,6,2021-06-08,1,20.0,20.0,0.0,76.5,False,70.8,True,Sensor/Payload,28.1,91.1
MSN01197,TB2-B04,Beta,2021,6,2021-06-15,1,16.88,16.88,0.0,84.7,False,69.7,False,,0.0,91.1
MSN01198,TB2-B04,Beta,2021,6,2021-06-17,1,19.08,19.08,0.0,72.2,False,56.9,False,,0.0,91.1
MSN01199,TB2-B02,Beta,2021,6,2021-06-21,1,14.82,14.82,0.0,62.2,False,73.0,False,,0.0,88.6
MSN01200,TB2-B02,Beta,2021,6,2021-06-14,1,15.21,15.21,0.0,80.0,False,62.3,False,,0.0,88.6
MSN01201,TB2-B04,Beta,2021,6,2021-06-13,1,12.87,12.87,0.0,66.6,False,60.3,False,,0.0,91.1
MSN01202,TB2-B02,Beta,2021,6,2021-06-11,1,13.48,13.48,0.0,81.3,False,67.6,False,,0.0,88.6
MSN01203,TB2-B02,Beta,2021,6,2021-06-27,1,16.89,16.89,0.0,58.3,False,52.2,True,Control Surface,33.5,88.6
MSN01204,TB2-B04,Beta,2021,6,2021-06-03,1,14.59,14.59,0.0,82.9,False,67.8,False,,0.0,91.1
MSN01205,TB2-B04,Beta,2021,6,2021-06-18,1,19.73,19.73,0.0,81.1,False,51.3,False,,0.0,91.1
MSN01206,TB2-B02,Beta,2021,6,2021-06-21,1,17.09,17.09,0.0,68.0,False,90.2,False,,0.0,88.6
MSN01207,TB2-B02,Beta,2021,6,2021-06-21,1,19.42,19.42,0.0,70.6,False,86.6,False,,0.0,88.6
MSN01208,TB2-B02,Beta,2021,7,2021-07-14,1,17.93,17.93,0.0,84.0,False,53.9,False,,0.0,89.3
MSN01209,TB2-B02,Beta,2021,7,2021-07-15,1,15.37,15.37,0.0,51.2,False,58.5,False,,0.0,89.3
MSN01210,TB2-B04,Beta,2021,7,2021-07-20,1,16.32,16.32,0.0,52.3,False,91.7,False,,0.0,87.3
MSN01211,TB2-B04,Beta,2021,7,2021-07-10,1,15.3,15.3,0.0,102.3,True,99.9,True,Control Surface,27.6,87.3
MSN01212,TB2-B04,Beta,2021,7,2021-07-21,1,14.44,14.44,0.0,76.4,False,75.8,False,,0.0,87.3
MSN01213,TB2-B02,Beta,2021,7,2021-07-12,1,18.81,18.81,0.0,63.9,False,60.5,False,,0.0,89.3
MSN01214,TB2-B02,Beta,2021,7,2021-07-20,1,18.03,18.03,0.0,85.7,False,63.3,False,,0.0,89.3
MSN01215,TB2-B04,Beta,2021,7,2021-07-22,1,17.58,17.58,0.0,49.4,False,44.9,False,,0.0,87.3
MSN01216,TB2-B02,Beta,2021,7,2021-07-11,1,16.13,16.13,0.0,53.8,False,60.3,False,,0.0,89.3
MSN01217,TB2-B02,Beta,2021,7,2021-07-01,1,17.07,17.07,0.0,66.7,False,71.1,False,,0.0,89.3
MSN01218,TB2-B02,Beta,2021,7,2021-07-26,1,17.81,17.81,0.0,69.0,False,82.9,True,Electrical System,25.5,89.3
MSN01219,TB2-B02,Beta,2021,7,2021-07-20,1,19.09,19.09,0.0,81.7,False,73.7,False,,0.0,89.3
MSN01220,TB2-B02,Beta,2021,7,2021-07-19,1,16.44,16.44,0.0,75.1,False,62.1,False,,0.0,89.3
MSN01221,TB2-B02,Beta,2021,7,2021-07-18,1,18.51,18.51,0.0,58.3,False,75.7,False,,0.0,89.3
MSN01222,TB2-B04,Beta,2021,7,2021-07-18,1,16.71,16.71,0.0,69.1,False,70.7,False,,0.0,87.3
MSN01223,TB2-B02,Beta,2021,7,2021-07-15,1,17.12,17.12,0.0,59.5,False,56.7,False,,0.0,89.3
MSN01224,TB2-B04,Beta,2021,8,2021-08-10,1,18.44,18.44,0.0,61.2,False,71.6,False,,0.0,88.3
MSN01225,TB2-B02,Beta,2021,8,2021-08-11,1,13.39,13.39,0.0,75.8,False,78.9,False,,0.0,94.0
MSN01226,TB2-B02,Beta,2021,8,2021-08-16,1,15.1,11.42,3.68,74.9,False,70.3,True,Electrical System,220.8,94.0
MSN01227,TB2-B04,Beta,2021,8,2021-08-23,1,20.0,20.0,0.0,67.7,False,64.8,False,,0.0,88.3
MSN01228,TB2-B04,Beta,2021,8,2021-08-03,1,17.61,17.61,0.0,61.5,False,76.3,False,,0.0,88.3
MSN01229,TB2-B04,Beta,2021,8,2021-08-05,1,17.98,17.98,0.0,56.0,False,64.0,False,,0.0,88.3
MSN01230,TB2-B04,Beta,2021,8,2021-08-14,1,18.49,18.49,0.0,100.0,True,52.7,False,,0.0,88.3
MSN01231,TB2-B02,Beta,2021,8,2021-08-27,1,17.84,17.84,0.0,75.5,False,63.9,False,,0.0,94.0
MSN01232,TB2-B02,Beta,2021,8,2021-08-03,1,20.0,20.0,0.0,70.6,False,67.9,False,,0.0,94.0
MSN01233,TB2-B04,Beta,2021,8,2021-08-23,1,14.63,14.63,0.0,72.2,False,61.8,False,,0.0,88.3
MSN01234,TB2-B04,Beta,2021,8,2021-08-27,1,16.2,16.2,0.0,75.0,False,86.0,False,,0.0,88.3
MSN01235,TB2-B04,Beta,2021,8,2021-08-25,1,15.15,15.15,0.0,69.8,False,78.2,False,,0.0,88.3
MSN01236,TB2-B04,Beta,2021,8,2021-08-14,1,16.25,16.25,0.0,72.1,False,67.5,False,,0.0,88.3
MSN01237,TB2-B02,Beta,2021,8,2021-08-25,1,13.93,13.93,0.0,79.6,False,48.6,False,,0.0,94.0
MSN01238,TB2-B04,Beta,2021,8,2021-08-05,1,19.32,19.32,0.0,60.4,False,73.9,False,,0.0,88.3
MSN01239,TB2-B02,Beta,2021,8,2021-08-03,1,14.25,14.25,0.0,75.8,False,55.3,False,,0.0,94.0
MSN01240,TB2-B02,Beta,2021,8,2021-08-27,1,18.4,18.4,0.0,70.9,False,84.9,False,,0.0,94.0
MSN01241,TB2-B04,Beta,2021,8,2021-08-11,1,19.55,19.55,0.0,74.1,False,90.3,False,,0.0,88.3
MSN01242,TB2-B04,Beta,2021,9,2021-09-10,1,15.7,15.7,0.0,75.1,False,68.5,False,,0.0,88.1
MSN01243,TB2-B04,Beta,2021,9,2021-09-12,1,19.72,19.72,0.0,99.9,False,68.6,True,Communication Link,17.5,88.1
MSN01244,TB2-B04,Beta,2021,9,2021-09-21,1,19.85,19.85,0.0,55.5,False,52.4,False,,0.0,88.1
MSN01245,TB2-B04,Beta,2021,9,2021-09-09,1,18.94,18.74,0.2,78.0,False,67.8,True,Electrical System,12.0,88.1
MSN01246,TB2-B02,Beta,2021,9,2021-09-13,1,14.11,14.11,0.0,63.5,False,66.7,False,,0.0,85.0
MSN01247,TB2-B02,Beta,2021,9,2021-09-05,1,14.06,14.06,0.0,73.6,False,47.9,True,Navigation/GPS,24.4,85.0
MSN01249,TB2-B04,Beta,2021,9,2021-09-21,1,17.2,17.2,0.0,75.4,False,75.9,False,,0.0,88.1
MSN01250,TB2-B02,Beta,2021,9,2021-09-11,1,15.46,15.46,0.0,41.2,False,70.4,False,,0.0,85.0
MSN01251,TB2-B04,Beta,2021,9,2021-09-22,1,17.88,17.88,0.0,58.9,False,98.0,False,,0.0,88.1
MSN01252,TB2-B04,Beta,2021,9,2021-09-10,1,17.66,17.66,0.0,65.4,False,73.6,False,,0.0,88.1
MSN01253,TB2-B04,Beta,2021,9,2021-09-05,1,18.28,18.28,0.0,83.6,False,78.1,False,,0.0,88.1
MSN01254,TB2-B04,Beta,2021,9,2021-09-07,1,19.11,19.11,0.0,84.7,False,65.8,False,,0.0,88.1
MSN01255,TB2-B04,Beta,2021,9,2021-09-14,1,15.51,15.51,0.0,64.3,False,65.9,False,,0.0,88.1
MSN01256,TB2-B04,Beta,2021,9,2021-09-03,1,14.5,14.5,0.0,70.6,False,71.8,False,,0.0,88.1
MSN01258,TB2-B04,Beta,2021,9,2021-09-19,1,12.79,12.79,0.0,76.3,False,65.1,False,,0.0,88.1
MSN01259,TB2-B04,Beta,2021,10,2021-10-23,1,18.2,18.2,0.0,74.4,False,82.4,False,,0.0,89.8
MSN01260,TB2-B04,Beta,2021,10,2021-10-02,1,16.63,16.63,0.0,59.8,False,59.7,False,,0.0,89.8
MSN01262,TB2-B02,Beta,2021,10,2021-10-13,1,18.48,18.48,0.0,75.2,False,62.6,False,,0.0,83.1
MSN01263,TB2-B04,Beta,2021,10,2021-10-06,1,15.05,15.05,0.0,81.5,False,64.9,False,,0.0,89.8
MSN01264,TB2-B04,Beta,2021,10,2021-10-21,1,16.67,16.67,0.0,76.4,True,55.9,False,,0.0,89.8
MSN01266,TB2-B04,Beta,2021,10,2021-10-05,1,19.07,19.07,0.0,87.5,False,82.4,False,,0.0,89.8
MSN01267,TB2-B04,Beta,2021,10,2021-10-10,1,18.93,18.93,0.0,71.2,False,55.9,False,,0.0,89.8
MSN01268,TB2-B02,Beta,2021,10,2021-10-06,1,20.0,20.0,0.0,66.0,False,67.5,False,,0.0,83.1
MSN01269,TB2-B04,Beta,2021,10,2021-10-13,1,18.93,18.93,0.0,66.8,False,65.5,False,,0.0,89.8
MSN01270,TB2-B02,Beta,2021,10,2021-10-25,1,18.58,18.58,0.0,79.5,False,72.6,False,,0.0,83.1
MSN01271,TB2-B02,Beta,2021,10,2021-10-11,1,19.18,19.18,0.0,77.0,False,49.7,False,,0.0,83.1
MSN01272,TB2-B02,Beta,2021,10,2021-10-07,1,20.0,20.0,0.0,96.5,False,87.7,False,,0.0,83.1
MSN01273,TB2-B04,Beta,2021,10,2021-10-20,1,20.0,20.0,0.0,76.1,False,64.4,False,,0.0,89.8
MSN01274,TB2-B04,Beta,2021,10,2021-10-25,1,16.56,16.56,0.0,60.6,False,68.3,False,,0.0,89.8
MSN01275,TB2-B04,Beta,2021,10,2021-10-03,1,19.94,19.94,0.0,135.7,True,62.3,False,,0.0,89.8
MSN01276,TB2-B02,Beta,2021,11,2021-11-24,1,15.42,15.42,0.0,65.4,False,75.3,False,,0.0,94.2
MSN01278,TB2-B04,Beta,2021,11,2021-11-16,1,15.22,15.22,0.0,57.9,False,71.3,False,,0.0,88.3
MSN01279,TB2-B02,Beta,2021,11,2021-11-20,1,18.63,18.63,0.0,65.6,False,94.1,False,,0.0,94.2
MSN01281,TB2-B02,Beta,2021,11,2021-11-04,1,16.6,16.6,0.0,73.5,False,70.2,False,,0.0,94.2
MSN01282,TB2-B04,Beta,2021,11,2021-11-10,1,20.0,20.0,0.0,61.9,False,70.2,False,,0.0,88.3
MSN01283,TB2-B04,Beta,2021,11,2021-11-08,1,17.85,17.85,0.0,71.6,False,47.8,False,,0.0,88.3
MSN01284,TB2-B04,Beta,2021,11,2021-11-02,1,14.43,14.43,0.0,60.3,False,65.9,True,Communication Link,25.7,88.3
MSN01285,TB2-B04,Beta,2021,11,2021-11-15,1,12.12,12.12,0.0,91.9,False,66.3,False,,0.0,88.3
MSN01286,TB2-B02,Beta,2021,11,2021-11-14,1,17.17,17.17,0.0,72.3,False,74.4,False,,0.0,94.2
MSN01287,TB2-B02,Beta,2021,12,2021-12-17,1,17.25,17.25,0.0,62.3,False,72.5,False,,0.0,88.7
MSN01288,TB2-B04,Beta,2021,12,2021-12-27,1,18.49,18.49,0.0,49.9,False,74.6,False,,0.0,94.9
MSN01289,TB2-B02,Beta,2021,12,2021-12-04,1,17.82,17.82,0.0,62.4,False,84.2,False,,0.0,88.7
MSN01290,TB2-B02,Beta,2021,12,2021-12-09,1,18.49,18.49,0.0,83.1,False,66.3,False,,0.0,88.7
MSN01291,TB2-B02,Beta,2021,12,2021-12-02,1,18.31,18.31,0.0,97.8,False,75.7,False,,0.0,88.7
MSN01292,TB2-B02,Beta,2021,12,2021-12-28,1,17.74,17.74,0.0,68.6,False,88.4,False,,0.0,88.7
MSN01293,TB2-B02,Beta,2022,1,2022-01-05,2,13.88,13.88,0.0,119.8,True,106.9,False,,0.0,94.3
MSN01295,TB2-B02,Beta,2022,1,2022-01-05,2,16.01,16.01,0.0,73.6,False,63.1,False,,0.0,94.3
MSN01296,TB2-B02,Beta,2022,1,2022-01-26,2,14.22,14.22,0.0,78.8,False,84.3,False,,0.0,94.3
MSN01297,TB2-B02,Beta,2022,1,2022-01-02,2,17.61,17.61,0.0,75.8,False,63.0,False,,0.0,94.3
MSN01298,TB2-B02,Beta,2022,1,2022-01-23,2,17.91,17.91,0.0,47.5,False,78.1,False,,0.0,94.3
MSN01300,TB2-B02,Beta,2022,1,2022-01-11,2,16.63,16.63,0.0,84.8,False,81.3,False,,0.0,94.3
MSN01301,TB2-B04,Beta,2022,1,2022-01-11,2,17.62,17.62,0.0,62.9,False,66.8,False,,0.0,83.2
MSN01302,TB2-B04,Beta,2022,1,2022-01-25,2,19.15,19.15,0.0,79.0,False,85.8,False,,0.0,83.2
MSN01303,TB2-B04,Beta,2022,1,2022-01-23,2,17.34,17.34,0.0,173.9,True,68.5,False,,0.0,83.2
MSN01304,TB2-B02,Beta,2022,2,2022-02-10,2,13.05,13.05,0.0,80.5,False,83.7,False,,0.0,82.4
MSN01305,TB2-B02,Beta,2022,2,2022-02-13,2,15.62,15.62,0.0,85.3,False,103.6,False,,0.0,82.4
MSN01306,TB2-B04,Beta,2022,2,2022-02-15,2,19.19,19.19,0.0,68.6,False,83.8,False,,0.0,88.1
MSN01307,TB2-B02,Beta,2022,2,2022-02-15,2,13.85,13.85,0.0,65.8,False,65.9,False,,0.0,82.4
MSN01308,TB2-B04,Beta,2022,2,2022-02-07,2,15.91,11.12,4.79,89.8,False,76.4,True,Sensor/Payload,287.4,88.1
MSN01309,TB2-B02,Beta,2022,2,2022-02-26,2,20.0,18.58,1.42,71.3,False,69.0,True,Control Surface,85.2,82.4
MSN01310,TB2-B02,Beta,2022,2,2022-02-20,2,18.43,18.43,0.0,61.9,False,76.6,False,,0.0,82.4
MSN01311,TB2-B04,Beta,2022,2,2022-02-23,2,17.84,17.84,0.0,95.7,False,109.2,False,,0.0,88.1
MSN01312,TB2-B02,Beta,2022,2,2022-02-19,2,18.46,18.46,0.0,117.3,True,72.5,False,,0.0,82.4
MSN01313,TB2-B02,Beta,2022,2,2022-02-21,2,16.62,16.62,0.0,85.1,False,75.9,False,,0.0,82.4
MSN01314,TB2-B02,Beta,2022,3,2022-03-20,2,13.84,13.84,0.0,80.5,False,91.5,False,,0.0,86.2
MSN01315,TB2-B04,Beta,2022,3,2022-03-13,2,16.55,16.55,0.0,47.2,False,70.1,False,,0.0,88.6
MSN01316,TB2-B02,Beta,2022,3,2022-03-05,2,19.26,19.26,0.0,89.9,False,97.0,False,,0.0,86.2
MSN01317,TB2-B04,Beta,2022,3,2022-03-15,2,16.44,16.44,0.0,107.3,True,63.0,False,,0.0,88.6
MSN01318,TB2-B02,Beta,2022,3,2022-03-10,2,20.0,18.63,1.37,56.5,False,74.9,True,Engine,82.2,86.2
MSN01319,TB2-B04,Beta,2022,3,2022-03-14,2,19.68,19.68,0.0,94.4,False,80.7,False,,0.0,88.6
MSN01320,TB2-B02,Beta,2022,3,2022-03-20,2,19.08,19.08,0.0,77.9,False,77.4,False,,0.0,86.2
MSN01321,TB2-B04,Beta,2022,3,2022-03-10,2,13.07,13.07,0.0,111.4,True,88.6,False,,0.0,88.6
MSN01322,TB2-B02,Beta,2022,3,2022-03-16,2,18.37,18.37,0.0,82.9,False,68.4,False,,0.0,86.2
MSN01323,TB2-B02,Beta,2022,3,2022-03-10,2,15.18,15.18,0.0,70.2,False,87.9,False,,0.0,86.2
MSN01324,TB2-B02,Beta,2022,3,2022-03-15,2,17.03,17.03,0.0,97.0,True,89.6,False,,0.0,86.2
MSN01326,TB2-B02,Beta,2022,4,2022-04-14,2,15.65,15.65,0.0,77.4,False,84.6,False,,0.0,83.0
MSN01328,TB2-B04,Beta,2022,4,2022-04-10,2,19.62,19.62,0.0,88.1,False,86.7,False,,0.0,89.0
MSN01329,TB2-B04,Beta,2022,4,2022-04-07,2,16.53,16.53,0.0,77.8,False,91.7,False,,0.0,89.0
MSN01331,TB2-B02,Beta,2022,4,2022-04-14,2,16.5,16.5,0.0,122.7,True,89.2,False,,0.0,83.0
MSN01332,TB2-B04,Beta,2022,4,2022-04-17,2,19.5,19.5,0.0,102.5,True,85.2,False,,0.0,89.0
MSN01333,TB2-B02,Beta,2022,4,2022-04-08,2,14.82,14.82,0.0,148.2,True,82.4,False,,0.0,83.0
MSN01334,TB2-B02,Beta,2022,4,2022-04-04,2,17.39,17.39,0.0,77.0,False,90.7,False,,0.0,83.0
MSN01335,TB2-B02,Beta,2022,4,2022-04-07,2,14.38,14.38,0.0,71.4,False,87.2,False,,0.0,83.0
MSN01336,TB2-B04,Beta,2022,4,2022-04-17,2,20.0,20.0,0.0,90.4,False,78.8,True,Control Surface,22.2,89.0
MSN01337,TB2-B04,Beta,2022,4,2022-04-14,2,16.26,16.26,0.0,70.8,False,63.7,False,,0.0,89.0
MSN01338,TB2-B04,Beta,2022,4,2022-04-07,2,18.63,18.63,0.0,66.9,False,77.1,False,,0.0,89.0
MSN01339,TB2-B02,Beta,2022,5,2022-05-24,2,14.93,14.93,0.0,78.0,False,86.9,False,,0.0,89.1
MSN01340,TB2-B04,Beta,2022,5,2022-05-11,2,17.07,17.07,0.0,60.2,False,81.2,False,,0.0,91.0
MSN01341,TB2-B04,Beta,2022,5,2022-05-20,2,20.0,20.0,0.0,89.5,False,83.1,False,,0.0,91.0
MSN01342,TB2-B02,Beta,2022,5,2022-05-04,2,17.21,17.21,0.0,86.7,False,91.8,False,,0.0,89.1
MSN01343,TB2-B02,Beta,2022,5,2022-05-12,2,18.79,15.39,3.4,86.8,False,68.5,True,Communication Link,204.0,89.1
MSN01344,TB2-B02,Beta,2022,5,2022-05-09,2,18.29,18.29,0.0,65.2,False,75.9,False,,0.0,89.1
MSN01345,TB2-B02,Beta,2022,5,2022-05-11,2,15.99,14.53,1.46,70.3,False,88.3,True,Navigation/GPS,87.6,89.1
MSN01346,TB2-B02,Beta,2022,5,2022-05-26,2,19.59,19.59,0.0,72.6,False,70.9,False,,0.0,89.1
MSN01347,TB2-B02,Beta,2022,5,2022-05-05,2,17.92,17.92,0.0,70.2,False,75.2,False,,0.0,89.1
MSN01349,TB2-B02,Beta,2022,5,2022-05-05,2,14.9,14.9,0.0,83.4,False,88.2,True,Navigation/GPS,19.9,89.1
MSN01350,TB2-B02,Beta,2022,5,2022-05-14,2,18.43,18.43,0.0,75.0,False,88.3,False,,0.0,89.1
MSN01351,TB2-B04,Beta,2022,5,2022-05-09,2,16.17,16.17,0.0,155.3,True,75.2,False,,0.0,91.0
MSN01352,TB2-B04,Beta,2022,5,2022-05-17,2,18.05,18.05,0.0,53.4,False,66.5,False,,0.0,91.0
MSN01353,TB2-B04,Beta,2022,5,2022-05-03,2,17.12,17.12,0.0,77.3,False,81.3,False,,0.0,91.0
MSN01354,TB2-B04,Beta,2022,5,2022-05-08,2,16.33,16.33,0.0,95.9,False,91.4,True,Control Surface,14.9,91.0
MSN01355,TB2-B04,Beta,2022,5,2022-05-07,2,15.8,15.8,0.0,66.5,False,97.6,False,,0.0,91.0
MSN01356,TB2-B02,Beta,2022,5,2022-05-09,2,20.0,20.0,0.0,78.3,False,75.7,False,,0.0,89.1
MSN01357,TB2-B04,Beta,2022,5,2022-05-07,2,18.38,18.38,0.0,87.3,False,83.6,False,,0.0,91.0
MSN01358,TB2-B04,Beta,2022,5,2022-05-28,2,14.75,14.75,0.0,89.7,False,89.5,False,,0.0,91.0
MSN01359,TB2-B04,Beta,2022,5,2022-05-20,2,16.25,16.25,0.0,96.3,False,84.4,False,,0.0,91.0
MSN01360,TB2-B04,Beta,2022,5,2022-05-27,2,15.91,15.91,0.0,71.9,False,85.4,False,,0.0,91.0
MSN01361,TB2-B04,Beta,2022,6,2022-06-25,2,20.0,20.0,0.0,89.3,False,50.2,False,,0.0,90.9
MSN01362,TB2-B04,Beta,2022,6,2022-06-15,2,18.07,18.07,0.0,125.6,True,59.6,False,,0.0,90.9
MSN01363,TB2-B02,Beta,2022,6,2022-06-20,2,19.29,19.29,0.0,93.2,False,72.8,False,,0.0,87.9
MSN01364,TB2-B04,Beta,2022,6,2022-06-05,2,19.76,19.76,0.0,62.4,False,77.0,False,,0.0,90.9
MSN01365,TB2-B04,Beta,2022,6,2022-06-06,2,19.82,19.82,0.0,85.6,False,67.6,False,,0.0,90.9
MSN01366,TB2-B04,Beta,2022,6,2022-06-10,2,14.41,14.41,0.0,75.8,False,74.7,False,,0.0,90.9
MSN01367,TB2-B02,Beta,2022,6,2022-06-24,2,15.09,15.09,0.0,64.6,False,91.2,False,,0.0,87.9
MSN01368,TB2-B02,Beta,2022,6,2022-06-18,2,18.96,18.96,0.0,74.0,False,91.2,False,,0.0,87.9
MSN01369,TB2-B02,Beta,2022,6,2022-06-20,2,16.56,16.56,0.0,85.7,False,82.3,False,,0.0,87.9
MSN01370,TB2-B04,Beta,2022,6,2022-06-24,2,14.89,14.89,0.0,79.8,False,63.1,False,,0.0,90.9
MSN01371,TB2-B02,Beta,2022,6,2022-06-02,2,15.74,15.74,0.0,98.3,False,75.8,False,,0.0,87.9
MSN01372,TB2-B02,Beta,2022,6,2022-06-23,2,15.99,15.99,0.0,79.1,False,79.8,False,,0.0,87.9
MSN01373,TB2-B04,Beta,2022,6,2022-06-17,2,17.48,17.48,0.0,109.7,True,98.1,False,,0.0,90.9
MSN01374,TB2-B02,Beta,2022,6,2022-06-01,2,20.0,20.0,0.0,86.2,False,83.5,False,,0.0,87.9
MSN01375,TB2-B02,Beta,2022,6,2022-06-26,2,16.93,16.93,0.0,87.4,False,84.8,False,,0.0,87.9
MSN01376,TB2-B02,Beta,2022,6,2022-06-20,2,15.25,15.25,0.0,76.7,False,64.9,False,,0.0,87.9
MSN01377,TB2-B02,Beta,2022,6,2022-06-19,2,16.64,14.5,2.14,101.4,False,83.9,True,Navigation/GPS,128.4,87.9
MSN01379,TB2-B04,Beta,2022,6,2022-06-22,2,13.96,13.96,0.0,83.3,False,86.4,False,,0.0,90.9
MSN01380,TB2-B04,Beta,2022,6,2022-06-16,2,16.42,16.42,0.0,55.4,False,98.2,False,,0.0,90.9
MSN01381,TB2-B02,Beta,2022,6,2022-06-27,2,16.58,16.58,0.0,66.7,False,70.1,False,,0.0,87.9
MSN01382,TB2-B04,Beta,2022,7,2022-07-03,2,19.04,19.04,0.0,86.7,False,77.6,False,,0.0,83.7
MSN01383,TB2-B04,Beta,2022,7,2022-07-28,2,14.8,14.8,0.0,74.2,False,93.2,False,,0.0,83.7
MSN01384,TB2-B02,Beta,2022,7,2022-07-01,2,14.53,14.53,0.0,71.8,False,91.5,False,,0.0,91.2
MSN01385,TB2-B02,Beta,2022,7,2022-07-26,2,20.0,20.0,0.0,93.9,False,91.3,False,,0.0,91.2
MSN01386,TB2-B02,Beta,2022,7,2022-07-02,2,20.0,20.0,0.0,83.6,False,82.3,True,Communication Link,15.8,91.2
MSN01387,TB2-B02,Beta,2022,7,2022-07-25,2,20.0,20.0,0.0,86.4,False,102.2,False,,0.0,91.2
MSN01388,TB2-B04,Beta,2022,7,2022-07-11,2,18.57,18.57,0.0,92.5,True,59.9,False,,0.0,83.7
MSN01389,TB2-B04,Beta,2022,7,2022-07-14,2,15.44,15.44,0.0,91.0,False,68.6,False,,0.0,83.7
MSN01390,TB2-B04,Beta,2022,7,2022-07-16,2,15.47,15.47,0.0,134.7,True,75.8,False,,0.0,83.7
MSN01391,TB2-B02,Beta,2022,7,2022-07-07,2,17.39,17.39,0.0,76.7,False,88.7,False,,0.0,91.2
MSN01392,TB2-B04,Beta,2022,7,2022-07-11,2,14.67,14.67,0.0,127.3,True,84.3,False,,0.0,83.7
MSN01393,TB2-B04,Beta,2022,7,2022-07-03,2,15.71,15.71,0.0,77.3,False,85.3,True,Communication Link,22.1,83.7
MSN01394,TB2-B02,Beta,2022,7,2022-07-02,2,15.29,13.78,1.51,139.5,True,73.4,True,Control Surface,90.6,91.2
MSN01395,TB2-B04,Beta,2022,7,2022-07-25,2,13.87,13.87,0.0,151.6,True,73.5,False,,0.0,83.7
MSN01396,TB2-B04,Beta,2022,7,2022-07-03,2,16.28,16.28,0.0,92.9,False,80.8,False,,0.0,83.7
MSN01397,TB2-B04,Beta,2022,7,2022-07-16,2,20.0,20.0,0.0,70.4,False,82.1,False,,0.0,83.7
MSN01398,TB2-B04,Beta,2022,7,2022-07-27,2,16.0,16.0,0.0,110.0,True,99.6,False,,0.0,83.7
MSN01399,TB2-B02,Beta,2022,7,2022-07-02,2,17.0,17.0,0.0,72.6,False,87.3,False,,0.0,91.2
MSN01400,TB2-B04,Beta,2022,7,2022-07-19,2,13.29,13.29,0.0,69.5,False,66.7,False,,0.0,83.7
MSN01401,TB2-B02,Beta,2022,7,2022-07-17,2,16.1,16.1,0.0,87.5,False,67.3,False,,0.0,91.2
MSN01402,TB2-B04,Beta,2022,7,2022-07-05,2,19.65,19.65,0.0,70.2,False,70.8,False,,0.0,83.7
MSN01403,TB2-B04,Beta,2022,7,2022-07-02,2,14.85,14.85,0.0,62.2,False,71.3,False,,0.0,83.7
MSN01404,TB2-B04,Beta,2022,7,2022-07-28,2,17.01,17.01,0.0,92.1,False,65.1,False,,0.0,83.7
MSN01405,TB2-B02,Beta,2022,7,2022-07-25,2,13.75,13.75,0.0,74.4,False,88.0,False,,0.0,91.2
MSN01406,TB2-B02,Beta,2022,7,2022-07-10,2,14.59,14.59,0.0,88.1,False,95.5,False,,0.0,91.2
MSN01407,TB2-B02,Beta,2022,7,2022-07-26,2,17.26,17.26,0.0,71.8,False,85.5,False,,0.0,91.2
MSN01408,TB2-B04,Beta,2022,7,2022-07-13,2,17.13,17.13,0.0,60.4,False,83.5,False,,0.0,83.7
MSN01409,TB2-B02,Beta,2022,7,2022-07-02,2,17.41,17.41,0.0,82.7,False,79.9,False,,0.0,91.2
MSN01410,TB2-B04,Beta,2022,7,2022-07-27,2,18.06,18.06,0.0,86.8,False,79.3,False,,0.0,83.7
MSN01411,TB2-B04,Beta,2022,7,2022-07-11,2,13.96,13.96,0.0,159.3,True,62.1,False,,0.0,83.7
MSN01412,TB2-B04,Beta,2022,8,2022-08-13,2,16.53,16.53,0.0,79.5,False,71.2,False,,0.0,83.5
MSN01413,TB2-B04,Beta,2022,8,2022-08-08,2,18.6,18.6,0.0,85.1,False,78.2,False,,0.0,83.5
MSN01414,TB2-B02,Beta,2022,8,2022-08-03,2,17.74,17.74,0.0,56.2,False,88.4,False,,0.0,88.2
MSN01415,TB2-B04,Beta,2022,8,2022-08-02,2,16.86,16.86,0.0,90.6,False,65.4,False,,0.0,83.5
MSN01416,TB2-B02,Beta,2022,8,2022-08-11,2,17.22,17.22,0.0,102.6,True,97.5,False,,0.0,88.2
MSN01417,TB2-B04,Beta,2022,8,2022-08-24,2,16.01,16.01,0.0,108.9,True,82.3,True,Navigation/GPS,30.6,83.5
MSN01418,TB2-B04,Beta,2022,8,2022-08-15,2,17.83,17.83,0.0,94.9,False,99.0,True,Control Surface,35.2,83.5
MSN01419,TB2-B02,Beta,2022,8,2022-08-11,2,14.27,14.27,0.0,81.8,True,95.6,False,,0.0,88.2
MSN01420,TB2-B04,Beta,2022,8,2022-08-16,2,19.29,19.29,0.0,109.0,True,78.5,False,,0.0,83.5
MSN01421,TB2-B04,Beta,2022,8,2022-08-08,2,17.09,17.09,0.0,82.3,False,79.3,False,,0.0,83.5
MSN01422,TB2-B04,Beta,2022,8,2022-08-26,2,17.41,17.41,0.0,83.7,False,87.7,False,,0.0,83.5
MSN01423,TB2-B04,Beta,2022,8,2022-08-13,2,16.01,16.01,0.0,92.2,False,80.8,False,,0.0,83.5
MSN01424,TB2-B04,Beta,2022,8,2022-08-08,2,17.29,17.29,0.0,77.8,False,69.6,False,,0.0,83.5
MSN01425,TB2-B04,Beta,2022,8,2022-08-28,2,16.25,16.25,0.0,95.2,False,102.1,False,,0.0,83.5
MSN01426,TB2-B04,Beta,2022,8,2022-08-11,2,18.07,18.07,0.0,65.2,False,63.1,False,,0.0,83.5
MSN01427,TB2-B04,Beta,2022,8,2022-08-04,2,17.38,17.38,0.0,83.9,False,74.3,False,,0.0,83.5
MSN01428,TB2-B02,Beta,2022,8,2022-08-06,2,20.0,20.0,0.0,70.5,False,61.1,False,,0.0,88.2
MSN01429,TB2-B02,Beta,2022,8,2022-08-11,2,16.22,16.22,0.0,77.0,False,63.8,False,,0.0,88.2
MSN01430,TB2-B04,Beta,2022,8,2022-08-06,2,17.75,17.75,0.0,80.2,False,101.2,False,,0.0,83.5
MSN01431,TB2-B02,Beta,2022,8,2022-08-14,2,20.0,20.0,0.0,68.1,False,72.5,False,,0.0,88.2
MSN01432,TB2-B04,Beta,2022,8,2022-08-20,2,16.96,16.96,0.0,81.5,False,87.8,True,Electrical System,24.3,83.5
MSN01433,TB2-B04,Beta,2022,8,2022-08-05,2,18.32,18.32,0.0,79.1,False,89.0,False,,0.0,83.5
MSN01434,TB2-B04,Beta,2022,8,2022-08-07,2,17.79,17.79,0.0,103.6,False,102.2,False,,0.0,83.5
MSN01435,TB2-B04,Beta,2022,9,2022-09-21,2,14.49,14.49,0.0,67.6,False,80.0,False,,0.0,86.5
MSN01436,TB2-B04,Beta,2022,9,2022-09-18,2,18.62,18.62,0.0,98.0,False,92.6,True,Control Surface,30.7,86.5
MSN01437,TB2-B04,Beta,2022,9,2022-09-12,2,13.63,13.63,0.0,76.5,False,75.0,False,,0.0,86.5
MSN01438,TB2-B04,Beta,2022,9,2022-09-12,2,16.11,16.11,0.0,84.9,False,72.1,True,Communication Link,32.7,86.5
MSN01439,TB2-B04,Beta,2022,9,2022-09-12,2,12.6,12.6,0.0,62.5,False,70.9,False,,0.0,86.5
MSN01440,TB2-B02,Beta,2022,9,2022-09-17,2,15.04,15.04,0.0,91.2,False,94.1,False,,0.0,89.6
MSN01441,TB2-B04,Beta,2022,9,2022-09-16,2,17.2,17.2,0.0,85.9,False,72.9,False,,0.0,86.5
MSN01442,TB2-B04,Beta,2022,9,2022-09-16,2,15.82,15.82,0.0,77.7,False,70.3,False,,0.0,86.5
MSN01443,TB2-B04,Beta,2022,9,2022-09-26,2,18.7,18.7,0.0,77.5,False,101.3,False,,0.0,86.5
MSN01444,TB2-B02,Beta,2022,9,2022-09-08,2,16.67,16.67,0.0,66.0,False,97.4,False,,0.0,89.6
MSN01445,TB2-B02,Beta,2022,9,2022-09-22,2,19.11,19.11,0.0,63.8,False,87.7,False,,0.0,89.6
MSN01446,TB2-B04,Beta,2022,9,2022-09-05,2,18.27,18.27,0.0,67.1,False,74.0,False,,0.0,86.5
MSN01447,TB2-B04,Beta,2022,9,2022-09-27,2,18.93,18.93,0.0,76.1,False,93.6,False,,0.0,86.5
MSN01448,TB2-B04,Beta,2022,9,2022-09-08,2,18.77,18.77,0.0,89.7,False,81.0,False,,0.0,86.5
MSN01449,TB2-B04,Beta,2022,9,2022-09-12,2,18.93,18.93,0.0,70.0,False,89.5,False,,0.0,86.5
MSN01450,TB2-B02,Beta,2022,9,2022-09-12,2,15.68,15.68,0.0,83.0,False,96.6,True,Communication Link,29.9,89.6
MSN01451,TB2-B02,Beta,2022,9,2022-09-14,2,15.23,12.06,3.17,103.4,True,67.9,True,Electrical System,190.2,89.6
MSN01452,TB2-B04,Beta,2022,9,2022-09-07,2,16.02,16.02,0.0,89.2,False,59.9,False,,0.0,86.5
MSN01453,TB2-B04,Beta,2022,9,2022-09-15,2,16.4,16.4,0.0,69.1,False,103.1,False,,0.0,86.5
MSN01454,TB2-B04,Beta,2022,9,2022-09-06,2,15.6,15.6,0.0,93.9,False,85.8,False,,0.0,86.5
MSN01455,TB2-B04,Beta,2022,9,2022-09-27,2,18.9,18.9,0.0,69.5,False,75.0,False,,0.0,86.5
MSN01456,TB2-B02,Beta,2022,10,2022-10-26,2,13.39,13.39,0.0,86.3,False,74.2,False,,0.0,95.6
MSN01457,TB2-B04,Beta,2022,10,2022-10-12,2,16.56,16.56,0.0,80.3,False,71.1,True,Sensor/Payload,18.1,86.8
MSN01459,TB2-B02,Beta,2022,10,2022-10-20,2,13.01,13.01,0.0,81.4,False,93.6,False,,0.0,95.6
MSN01460,TB2-B02,Beta,2022,10,2022-10-09,2,19.45,19.45,0.0,83.5,False,80.1,False,,0.0,95.6
MSN01461,TB2-B02,Beta,2022,10,2022-10-23,2,16.98,16.98,0.0,105.4,False,91.6,False,,0.0,95.6
MSN01462,TB2-B02,Beta,2022,10,2022-10-24,2,16.02,16.02,0.0,64.6,False,85.9,False,,0.0,95.6
MSN01463,TB2-B02,Beta,2022,10,2022-10-26,2,15.72,15.52,0.2,77.1,False,77.0,True,Control Surface,12.0,95.6
MSN01464,TB2-B02,Beta,2022,10,2022-10-18,2,14.32,14.32,0.0,74.5,False,75.2,False,,0.0,95.6
MSN01465,TB2-B02,Beta,2022,10,2022-10-16,2,20.0,20.0,0.0,75.1,False,86.3,False,,0.0,95.6
MSN01466,TB2-B02,Beta,2022,10,2022-10-19,2,14.09,14.09,0.0,134.4,True,66.7,False,,0.0,95.6
MSN01467,TB2-B04,Beta,2022,11,2022-11-13,2,19.28,19.28,0.0,86.9,False,83.7,False,,0.0,82.5
MSN01468,TB2-B02,Beta,2022,11,2022-11-21,2,14.88,14.88,0.0,57.6,False,74.0,False,,0.0,91.5
MSN01469,TB2-B02,Beta,2022,11,2022-11-13,2,18.82,18.82,0.0,93.4,False,70.8,False,,0.0,91.5
MSN01470,TB2-B02,Beta,2022,11,2022-11-28,2,18.03,18.03,0.0,87.1,False,85.1,False,,0.0,91.5
MSN01472,TB2-B04,Beta,2022,11,2022-11-27,2,11.86,11.86,0.0,113.3,False,87.1,True,Engine,16.7,82.5
MSN01473,TB2-B04,Beta,2022,12,2022-12-04,2,14.82,14.82,0.0,78.8,False,80.1,False,,0.0,87.4
MSN01474,TB2-B02,Beta,2022,12,2022-12-22,2,19.46,19.46,0.0,92.0,True,87.9,False,,0.0,91.1
MSN01475,TB2-B02,Beta,2022,12,2022-12-04,2,15.07,15.07,0.0,82.5,False,82.5,False,,0.0,91.1
MSN01476,TB2-B02,Beta,2022,12,2022-12-18,2,16.11,16.11,0.0,115.6,True,89.9,True,Sensor/Payload,31.8,91.1
MSN01477,TB2-B04,Beta,2022,12,2022-12-22,2,13.82,13.82,0.0,63.8,False,69.1,False,,0.0,87.4
MSN01479,TB2-B02,Beta,2022,12,2022-12-14,2,14.85,14.85,0.0,83.9,False,60.5,False,,0.0,91.1
MSN01480,TB2-B02,Beta,2022,12,2022-12-12,2,20.0,20.0,0.0,71.2,False,73.1,False,,0.0,91.1
MSN01483,TB2-B02,Beta,2023,1,2023-01-01,3,14.97,14.97,0.0,90.1,False,93.3,False,,0.0,87.3
MSN01484,TB2-B04,Beta,2023,1,2023-01-24,3,16.0,16.0,0.0,153.9,True,98.6,False,,0.0,88.1
MSN01485,TB2-B03,Beta,2023,1,2023-01-11,0,20.0,20.0,0.0,69.2,False,64.2,False,,0.0,90.2
MSN01486,TB2-B03,Beta,2023,1,2023-01-08,0,14.26,14.26,0.0,50.3,False,64.9,False,,0.0,90.2
MSN01487,TB2-B02,Beta,2023,1,2023-01-09,3,14.84,14.84,0.0,91.0,False,107.6,False,,0.0,87.3
MSN01489,TB2-B03,Beta,2023,1,2023-01-10,0,16.95,16.95,0.0,46.9,False,69.2,False,,0.0,90.2
MSN01491,TB2-B04,Beta,2023,1,2023-01-18,3,14.88,14.88,0.0,82.1,False,100.7,True,Control Surface,26.9,88.1
MSN01492,TB2-B04,Beta,2023,1,2023-01-07,3,17.78,17.78,0.0,74.7,False,97.5,False,,0.0,88.1
MSN01493,TB2-B04,Beta,2023,1,2023-01-25,3,15.66,15.66,0.0,84.8,False,92.4,False,,0.0,88.1
MSN01494,TB2-B03,Beta,2023,1,2023-01-12,0,13.72,13.72,0.0,62.7,False,58.8,False,,0.0,90.2
MSN01495,TB2-B02,Beta,2023,1,2023-01-16,3,14.12,14.12,0.0,85.5,False,79.1,True,Sensor/Payload,34.7,87.3
MSN01496,TB2-B04,Beta,2023,1,2023-01-05,3,19.03,19.03,0.0,88.6,False,98.1,False,,0.0,88.1
MSN01497,TB2-B04,Beta,2023,2,2023-02-15,3,20.0,20.0,0.0,99.8,False,94.5,False,,0.0,88.2
MSN01498,TB2-B04,Beta,2023,2,2023-02-02,3,15.67,15.67,0.0,91.2,False,90.1,False,,0.0,88.2
MSN01499,TB2-B02,Beta,2023,2,2023-02-03,3,16.24,16.24,0.0,96.7,False,97.1,False,,0.0,81.6
MSN01500,TB2-B02,Beta,2023,2,2023-02-06,3,17.03,17.03,0.0,100.7,False,95.0,False,,0.0,81.6
MSN01501,TB2-B03,Beta,2023,2,2023-02-17,0,14.94,14.94,0.0,44.3,False,49.0,False,,0.0,86.3
MSN01502,TB2-B02,Beta,2023,2,2023-02-06,3,20.0,20.0,0.0,108.2,False,101.0,False,,0.0,81.6
MSN01503,TB2-B02,Beta,2023,2,2023-02-13,3,19.07,19.07,0.0,87.0,False,99.8,False,,0.0,81.6
MSN01504,TB2-B04,Beta,2023,2,2023-02-28,3,13.76,13.76,0.0,98.8,False,101.5,False,,0.0,88.2
MSN01505,TB2-B04,Beta,2023,2,2023-02-18,3,14.47,14.47,0.0,68.7,False,97.4,True,Sensor/Payload,20.0,88.2
MSN01506,TB2-B04,Beta,2023,2,2023-02-14,3,16.97,16.97,0.0,82.8,False,79.9,False,,0.0,88.2
MSN01507,TB2-B04,Beta,2023,2,2023-02-03,3,18.58,10.82,7.76,79.7,False,100.1,True,Navigation/GPS,465.6,88.2
MSN01510,TB2-B04,Beta,2023,2,2023-02-06,3,14.92,14.92,0.0,83.7,False,80.0,False,,0.0,88.2
MSN01511,TB2-B04,Beta,2023,2,2023-02-20,3,16.98,16.98,0.0,128.2,True,99.2,False,,0.0,88.2
MSN01512,TB2-B02,Beta,2023,3,2023-03-03,3,16.46,16.46,0.0,91.2,False,69.8,False,,0.0,83.7
MSN01514,TB2-B04,Beta,2023,3,2023-03-27,3,15.27,15.27,0.0,120.0,False,92.4,False,,0.0,90.8
MSN01515,TB2-B04,Beta,2023,3,2023-03-15,3,15.32,15.32,0.0,69.4,False,82.8,False,,0.0,90.8
MSN01516,TB2-B02,Beta,2023,3,2023-03-12,3,15.27,15.27,0.0,70.1,False,96.6,False,,0.0,83.7
MSN01517,TB2-B02,Beta,2023,3,2023-03-05,3,16.8,16.8,0.0,88.7,False,90.5,False,,0.0,83.7
MSN01518,TB2-B02,Beta,2023,3,2023-03-05,3,14.87,14.87,0.0,96.2,False,73.8,False,,0.0,83.7
MSN01519,TB2-B02,Beta,2023,4,2023-04-05,3,16.48,16.48,0.0,147.7,True,78.7,False,,0.0,85.5
MSN01520,TB2-B03,Beta,2023,4,2023-04-23,0,18.42,18.42,0.0,50.7,False,41.7,False,,0.0,96.0
MSN01521,TB2-B02,Beta,2023,4,2023-04-06,3,20.0,20.0,0.0,76.9,False,72.7,False,,0.0,85.5
MSN01522,TB2-B03,Beta,2023,4,2023-04-01,0,20.0,20.0,0.0,71.1,True,40.9,False,,0.0,96.0
MSN01523,TB2-B04,Beta,2023,4,2023-04-23,3,20.0,20.0,0.0,66.4,False,85.5,False,,0.0,87.3
MSN01524,TB2-B04,Beta,2023,4,2023-04-26,3,17.41,17.41,0.0,75.5,False,108.1,False,,0.0,87.3
MSN01525,TB2-B02,Beta,2023,4,2023-04-12,3,18.12,18.12,0.0,95.3,False,117.1,False,,0.0,85.5
MSN01526,TB2-B04,Beta,2023,4,2023-04-24,3,18.26,18.26,0.0,131.5,True,98.5,False,,0.0,87.3
MSN01527,TB2-B03,Beta,2023,4,2023-04-24,0,18.82,18.82,0.0,52.7,False,65.3,False,,0.0,96.0
MSN01528,TB2-B04,Beta,2023,4,2023-04-08,3,19.14,19.14,0.0,86.8,False,95.7,False,,0.0,87.3
MSN01529,TB2-B02,Beta,2023,4,2023-04-06,3,15.96,15.96,0.0,64.4,False,81.2,False,,0.0,85.5
MSN01530,TB2-B03,Beta,2023,4,2023-04-22,0,19.62,19.62,0.0,72.5,False,66.7,False,,0.0,96.0
MSN01531,TB2-B03,Beta,2023,4,2023-04-02,0,18.61,18.61,0.0,83.1,False,56.5,False,,0.0,96.0
MSN01532,TB2-B03,Beta,2023,4,2023-04-18,0,16.52,16.52,0.0,61.9,False,69.0,False,,0.0,96.0
MSN01533,TB2-B03,Beta,2023,4,2023-04-16,0,16.41,16.41,0.0,56.6,False,46.2,False,,0.0,96.0
MSN01535,TB2-B04,Beta,2023,5,2023-05-02,3,19.39,18.33,1.06,94.6,False,87.7,True,Electrical System,63.6,81.2
MSN01536,TB2-B03,Beta,2023,5,2023-05-22,0,16.45,16.45,0.0,82.4,False,65.6,False,,0.0,97.7
MSN01537,TB2-B04,Beta,2023,5,2023-05-14,3,18.72,18.72,0.0,93.2,False,107.3,False,,0.0,81.2
MSN01538,TB2-B03,Beta,2023,5,2023-05-12,0,15.61,15.61,0.0,78.6,False,36.7,False,,0.0,97.7
MSN01539,TB2-B03,Beta,2023,5,2023-05-23,0,17.09,17.09,0.0,58.8,False,69.9,False,,0.0,97.7
MSN01540,TB2-B02,Beta,2023,5,2023-05-02,3,17.13,17.13,0.0,133.5,True,94.1,False,,0.0,92.7
MSN01541,TB2-B03,Beta,2023,5,2023-05-19,0,17.0,17.0,0.0,76.1,False,41.6,False,,0.0,97.7
MSN01542,TB2-B02,Beta,2023,5,2023-05-13,3,18.27,18.27,0.0,104.9,False,73.4,False,,0.0,92.7
MSN01543,TB2-B03,Beta,2023,5,2023-05-02,0,12.3,12.3,0.0,51.7,False,52.9,False,,0.0,97.7
MSN01544,TB2-B02,Beta,2023,5,2023-05-16,3,18.35,18.35,0.0,95.4,False,113.2,False,,0.0,92.7
MSN01545,TB2-B02,Beta,2023,5,2023-05-24,3,15.49,15.49,0.0,80.7,False,86.9,False,,0.0,92.7
MSN01546,TB2-B03,Beta,2023,5,2023-05-14,0,19.75,19.75,0.0,66.5,False,66.7,False,,0.0,97.7
MSN01547,TB2-B03,Beta,2023,5,2023-05-11,0,20.0,20.0,0.0,87.2,True,55.2,False,,0.0,97.7
MSN01548,TB2-B03,Beta,2023,5,2023-05-22,0,19.46,19.46,0.0,57.3,False,82.5,False,,0.0,97.7
MSN01549,TB2-B03,Beta,2023,5,2023-05-25,0,16.98,16.98,0.0,56.1,False,64.1,False,,0.0,97.7
MSN01550,TB2-B04,Beta,2023,5,2023-05-07,3,17.89,17.89,0.0,85.4,False,96.5,False,,0.0,81.2
MSN01551,TB2-B04,Beta,2023,5,2023-05-08,3,15.79,15.79,0.0,94.7,False,91.7,False,,0.0,81.2
MSN01552,TB2-B04,Beta,2023,5,2023-05-14,3,20.0,20.0,0.0,90.2,False,87.5,False,,0.0,81.2
MSN01553,TB2-B02,Beta,2023,5,2023-05-11,3,17.88,17.88,0.0,79.1,False,85.2,False,,0.0,92.7
MSN01554,TB2-B04,Beta,2023,5,2023-05-28,3,15.96,15.96,0.0,103.3,False,90.5,False,,0.0,81.2
MSN01555,TB2-B04,Beta,2023,6,2023-06-08,3,19.75,19.75,0.0,76.9,False,83.6,False,,0.0,88.7
MSN01556,TB2-B02,Beta,2023,6,2023-06-03,3,17.32,17.32,0.0,96.5,False,90.2,False,,0.0,83.9
MSN01557,TB2-B04,Beta,2023,6,2023-06-20,3,15.34,15.34,0.0,82.9,False,92.6,False,,0.0,88.7
MSN01558,TB2-B04,Beta,2023,6,2023-06-24,3,18.63,18.63,0.0,82.7,False,83.8,False,,0.0,88.7
MSN01559,TB2-B02,Beta,2023,6,2023-06-19,3,12.63,12.63,0.0,79.9,False,78.0,False,,0.0,83.9
MSN01560,TB2-B03,Beta,2023,6,2023-06-01,0,19.82,19.82,0.0,72.2,False,68.6,False,,0.0,100.0
MSN01561,TB2-B02,Beta,2023,6,2023-06-01,3,15.99,15.99,0.0,97.1,False,106.6,False,,0.0,83.9
MSN01562,TB2-B02,Beta,2023,6,2023-06-28,3,18.46,18.46,0.0,138.6,True,121.7,False,,0.0,83.9
MSN01563,TB2-B02,Beta,2023,6,2023-06-24,3,16.39,16.39,0.0,80.4,False,94.4,False,,0.0,83.9
MSN01564,TB2-B03,Beta,2023,6,2023-06-25,0,18.48,18.48,0.0,57.5,False,49.9,False,,0.0,100.0
MSN01565,TB2-B03,Beta,2023,6,2023-06-27,0,15.34,15.34,0.0,81.6,False,48.2,False,,0.0,100.0
MSN01566,TB2-B04,Beta,2023,6,2023-06-24,3,15.57,15.57,0.0,75.6,False,111.5,False,,0.0,88.7
MSN01567,TB2-B04,Beta,2023,6,2023-06-15,3,13.0,13.0,0.0,81.5,False,92.9,False,,0.0,88.7
MSN01568,TB2-B02,Beta,2023,6,2023-06-17,3,15.81,15.81,0.0,100.6,False,83.9,False,,0.0,83.9
MSN01569,TB2-B02,Beta,2023,6,2023-06-12,3,14.37,14.37,0.0,87.4,False,92.8,False,,0.0,83.9
MSN01570,TB2-B02,Beta,2023,6,2023-06-23,3,14.27,13.7,0.57,85.8,False,102.6,True,Electrical System,34.2,83.9
MSN01571,TB2-B03,Beta,2023,6,2023-06-07,0,17.8,17.8,0.0,57.6,False,61.3,False,,0.0,100.0
MSN01572,TB2-B02,Beta,2023,6,2023-06-01,3,16.18,16.18,0.0,140.4,True,73.3,False,,0.0,83.9
MSN01574,TB2-B02,Beta,2023,6,2023-06-28,3,16.79,16.79,0.0,73.3,False,90.7,False,,0.0,83.9
MSN01575,TB2-B03,Beta,2023,6,2023-06-24,0,16.83,16.83,0.0,53.7,False,55.2,False,,0.0,100.0
MSN01576,TB2-B02,Beta,2023,6,2023-06-16,3,16.22,16.22,0.0,96.8,True,90.3,False,,0.0,83.9
MSN01577,TB2-B04,Beta,2023,6,2023-06-17,3,14.33,14.33,0.0,131.8,True,63.0,False,,0.0,88.7
MSN01578,TB2-B04,Beta,2023,7,2023-07-13,3,17.87,17.87,0.0,87.3,False,88.9,False,,0.0,85.7
MSN01579,TB2-B04,Beta,2023,7,2023-07-26,3,18.2,18.2,0.0,105.2,False,91.8,False,,0.0,85.7
MSN01580,TB2-B03,Beta,2023,7,2023-07-26,0,16.35,16.35,0.0,68.3,False,66.4,False,,0.0,91.4
MSN01581,TB2-B03,Beta,2023,7,2023-07-26,0,13.68,13.68,0.0,52.5,False,47.0,False,,0.0,91.4
MSN01582,TB2-B03,Beta,2023,7,2023-07-17,0,20.0,20.0,0.0,91.3,True,48.6,False,,0.0,91.4
MSN01583,TB2-B04,Beta,2023,7,2023-07-12,3,18.98,18.98,0.0,90.2,False,77.3,False,,0.0,85.7
MSN01584,TB2-B04,Beta,2023,7,2023-07-05,3,15.59,15.59,0.0,74.5,False,86.9,False,,0.0,85.7
MSN01585,TB2-B03,Beta,2023,7,2023-07-05,0,17.5,17.5,0.0,83.4,False,54.6,False,,0.0,91.4
MSN01586,TB2-B03,Beta,2023,7,2023-07-24,0,20.0,20.0,0.0,52.5,False,71.9,False,,0.0,91.4
MSN01587,TB2-B02,Beta,2023,7,2023-07-09,3,17.36,17.36,0.0,96.0,False,93.5,False,,0.0,84.3
MSN01588,TB2-B03,Beta,2023,7,2023-07-19,0,18.04,18.04,0.0,176.7,True,67.1,False,,0.0,91.4
MSN01589,TB2-B03,Beta,2023,7,2023-07-12,0,16.13,16.13,0.0,42.8,False,56.4,False,,0.0,91.4
MSN01590,TB2-B03,Beta,2023,7,2023-07-03,0,18.06,18.06,0.0,39.7,False,63.2,False,,0.0,91.4
MSN01591,TB2-B04,Beta,2023,7,2023-07-24,3,19.36,19.36,0.0,184.4,True,91.0,False,,0.0,85.7
MSN01592,TB2-B02,Beta,2023,7,2023-07-28,3,15.25,15.25,0.0,83.0,False,99.5,False,,0.0,84.3
MSN01593,TB2-B04,Beta,2023,7,2023-07-07,3,16.79,16.79,0.0,82.4,False,86.9,False,,0.0,85.7
MSN01594,TB2-B03,Beta,2023,7,2023-07-21,0,15.16,15.16,0.0,47.9,False,74.0,False,,0.0,91.4
MSN01595,TB2-B04,Beta,2023,7,2023-07-27,3,16.38,16.38,0.0,73.1,False,85.5,False,,0.0,85.7
MSN01596,TB2-B04,Beta,2023,7,2023-07-11,3,18.62,16.85,1.77,99.0,False,102.9,True,Sensor/Payload,106.2,85.7
MSN01597,TB2-B04,Beta,2023,7,2023-07-14,3,18.26,18.26,0.0,113.8,False,95.2,True,Navigation/GPS,46.1,85.7
MSN01598,TB2-B04,Beta,2023,7,2023-07-19,3,16.67,16.67,0.0,90.2,False,83.7,True,Control Surface,12.6,85.7
MSN01599,TB2-B04,Beta,2023,7,2023-07-09,3,17.88,17.88,0.0,123.8,True,83.7,False,,0.0,85.7
MSN01600,TB2-B03,Beta,2023,7,2023-07-24,0,14.73,14.73,0.0,64.7,False,64.2,False,,0.0,91.4
MSN01601,TB2-B02,Beta,2023,8,2023-08-12,3,18.95,18.95,0.0,109.9,False,87.6,False,,0.0,84.3
MSN01602,TB2-B04,Beta,2023,8,2023-08-01,3,13.66,13.66,0.0,85.0,False,108.4,False,,0.0,85.3
MSN01603,TB2-B04,Beta,2023,8,2023-08-26,3,18.89,18.89,0.0,102.9,False,82.4,False,,0.0,85.3
MSN01604,TB2-B02,Beta,2023,8,2023-08-16,3,16.34,16.34,0.0,79.1,False,65.4,False,,0.0,84.3
MSN01605,TB2-B03,Beta,2023,8,2023-08-02,0,16.08,16.08,0.0,44.3,False,61.9,False,,0.0,97.4
MSN01606,TB2-B04,Beta,2023,8,2023-08-26,3,12.66,12.66,0.0,102.1,True,104.4,False,,0.0,85.3
MSN01607,TB2-B03,Beta,2023,8,2023-08-07,0,16.7,16.7,0.0,70.5,False,45.6,False,,0.0,97.4
MSN01608,TB2-B04,Beta,2023,8,2023-08-03,3,15.55,15.55,0.0,90.1,False,81.5,False,,0.0,85.3
MSN01609,TB2-B03,Beta,2023,8,2023-08-20,0,17.1,16.62,0.48,73.2,False,66.0,True,Navigation/GPS,28.8,97.4
MSN01610,TB2-B03,Beta,2023,8,2023-08-11,0,16.02,16.02,0.0,34.0,False,38.2,False,,0.0,97.4
MSN01611,TB2-B02,Beta,2023,8,2023-08-11,3,14.91,14.91,0.0,80.2,False,79.5,False,,0.0,84.3
MSN01612,TB2-B04,Beta,2023,8,2023-08-07,3,19.32,19.32,0.0,119.8,False,78.7,False,,0.0,85.3
MSN01613,TB2-B04,Beta,2023,8,2023-08-07,3,14.38,14.38,0.0,85.1,False,110.4,True,Control Surface,16.9,85.3
MSN01614,TB2-B04,Beta,2023,8,2023-08-23,3,18.64,18.64,0.0,126.2,True,90.1,True,Sensor/Payload,18.1,85.3
MSN01615,TB2-B02,Beta,2023,9,2023-09-28,3,19.34,17.36,1.98,72.4,False,100.9,True,Control Surface,118.8,84.7
MSN01616,TB2-B03,Beta,2023,9,2023-09-24,0,20.0,17.73,2.27,53.2,False,46.8,True,Communication Link,136.2,94.3
MSN01617,TB2-B02,Beta,2023,9,2023-09-26,3,15.07,15.07,0.0,95.5,False,94.2,False,,0.0,84.7
MSN01618,TB2-B04,Beta,2023,9,2023-09-16,3,19.94,19.94,0.0,85.3,False,84.9,False,,0.0,90.9
MSN01619,TB2-B04,Beta,2023,9,2023-09-24,3,17.12,17.12,0.0,116.0,False,91.8,False,,0.0,90.9
MSN01620,TB2-B03,Beta,2023,9,2023-09-04,0,17.14,17.14,0.0,40.4,False,53.9,False,,0.0,94.3
MSN01621,TB2-B04,Beta,2023,9,2023-09-06,3,16.2,16.2,0.0,115.3,True,86.2,False,,0.0,90.9
MSN01622,TB2-B03,Beta,2023,9,2023-09-01,0,17.7,17.7,0.0,55.8,False,60.1,False,,0.0,94.3
MSN01623,TB2-B04,Beta,2023,9,2023-09-14,3,16.33,16.33,0.0,78.8,False,104.5,False,,0.0,90.9
MSN01625,TB2-B02,Beta,2023,9,2023-09-17,3,15.05,15.05,0.0,66.6,False,80.9,False,,0.0,84.7
MSN01626,TB2-B04,Beta,2023,9,2023-09-14,3,18.13,18.13,0.0,94.4,False,81.2,False,,0.0,90.9
MSN01627,TB2-B04,Beta,2023,9,2023-09-04,3,20.0,20.0,0.0,87.2,False,87.2,False,,0.0,90.9
MSN01628,TB2-B04,Beta,2023,9,2023-09-12,3,15.29,15.29,0.0,87.4,False,96.0,False,,0.0,90.9
MSN01629,TB2-B03,Beta,2023,9,2023-09-07,0,17.02,17.02,0.0,86.8,True,59.9,False,,0.0,94.3
MSN01630,TB2-B03,Beta,2023,9,2023-09-12,0,12.74,12.74,0.0,59.1,False,63.7,False,,0.0,94.3
MSN01631,TB2-B04,Beta,2023,10,2023-10-05,3,18.11,18.11,0.0,98.2,False,82.1,False,,0.0,89.7
MSN01632,TB2-B04,Beta,2023,10,2023-10-05,3,18.31,18.31,0.0,87.5,False,103.1,False,,0.0,89.7
MSN01633,TB2-B02,Beta,2023,10,2023-10-03,3,13.87,13.87,0.0,108.1,False,102.7,False,,0.0,86.9
MSN01634,TB2-B03,Beta,2023,10,2023-10-27,0,17.86,17.86,0.0,43.2,False,66.0,False,,0.0,95.5
MSN01635,TB2-B02,Beta,2023,10,2023-10-27,3,17.25,17.25,0.0,91.6,False,106.6,False,,0.0,86.9
MSN01636,TB2-B03,Beta,2023,10,2023-10-05,0,15.18,15.18,0.0,73.9,False,47.1,False,,0.0,95.5
MSN01637,TB2-B03,Beta,2023,10,2023-10-13,0,16.05,16.05,0.0,43.6,False,55.3,False,,0.0,95.5
MSN01638,TB2-B03,Beta,2023,10,2023-10-04,0,18.5,18.5,0.0,57.4,False,52.1,False,,0.0,95.5
MSN01639,TB2-B02,Beta,2023,10,2023-10-15,3,18.7,18.7,0.0,92.9,False,120.7,False,,0.0,86.9
MSN01640,TB2-B03,Beta,2023,10,2023-10-20,0,14.21,13.85,0.36,51.7,False,53.9,True,Engine,21.6,95.5
MSN01641,TB2-B03,Beta,2023,10,2023-10-11,0,19.24,19.24,0.0,83.8,True,77.5,False,,0.0,95.5
MSN01642,TB2-B02,Beta,2023,10,2023-10-10,3,18.48,18.48,0.0,81.1,False,88.5,False,,0.0,86.9
MSN01643,TB2-B03,Beta,2023,10,2023-10-01,0,14.4,14.4,0.0,118.0,True,46.3,False,,0.0,95.5
MSN01644,TB2-B04,Beta,2023,10,2023-10-03,3,16.75,16.75,0.0,79.6,False,83.4,False,,0.0,89.7
MSN01645,TB2-B02,Beta,2023,10,2023-10-16,3,17.3,17.3,0.0,83.0,False,99.8,False,,0.0,86.9
MSN01646,TB2-B02,Beta,2023,10,2023-10-28,3,17.58,17.58,0.0,86.9,False,94.3,False,,0.0,86.9
MSN01647,TB2-B02,Beta,2023,10,2023-10-21,3,12.01,12.01,0.0,113.8,True,99.7,False,,0.0,86.9
MSN01648,TB2-B02,Beta,2023,10,2023-10-21,3,16.34,16.34,0.0,108.6,True,96.1,False,,0.0,86.9
MSN01649,TB2-B04,Beta,2023,11,2023-11-06,3,14.45,14.45,0.0,69.0,False,106.1,True,Engine,51.5,81.0
MSN01650,TB2-B01,Beta,2023,11,2023-11-24,0,17.39,17.39,0.0,45.7,False,55.7,False,,0.0,89.8
MSN01651,TB2-B01,Beta,2023,11,2023-11-11,0,16.58,16.58,0.0,74.3,False,63.6,False,,0.0,89.8
MSN01652,TB2-B02,Beta,2023,11,2023-11-28,3,15.51,15.51,0.0,68.9,False,96.5,False,,0.0,92.2
MSN01653,TB2-B04,Beta,2023,11,2023-11-10,3,14.0,14.0,0.0,90.8,False,89.3,False,,0.0,81.0
MSN01654,TB2-B03,Beta,2023,11,2023-11-06,0,20.0,20.0,0.0,35.0,False,58.1,False,,0.0,95.3
MSN01655,TB2-B04,Beta,2023,11,2023-11-27,3,17.7,17.7,0.0,101.2,False,75.8,False,,0.0,81.0
MSN01656,TB2-B01,Beta,2023,11,2023-11-09,0,15.61,15.61,0.0,30.0,False,67.6,False,,0.0,89.8
MSN01657,TB2-B02,Beta,2023,11,2023-11-17,3,14.72,14.72,0.0,99.9,False,83.3,False,,0.0,92.2
MSN01658,TB2-B04,Beta,2023,11,2023-11-13,3,16.63,13.12,3.51,104.7,False,98.2,True,Electrical System,210.6,81.0
MSN01659,TB2-B04,Beta,2023,11,2023-11-15,3,15.86,15.86,0.0,92.6,False,92.8,False,,0.0,81.0
MSN01660,TB2-B04,Beta,2023,11,2023-11-05,3,16.48,15.31,1.17,83.5,False,100.5,True,Electrical System,70.2,81.0
MSN01661,TB2-B03,Beta,2023,11,2023-11-21,0,15.33,15.33,0.0,49.6,False,60.1,False,,0.0,95.3
MSN01662,TB2-B02,Beta,2023,12,2023-12-04,3,17.47,17.47,0.0,92.2,False,81.2,False,,0.0,88.4
MSN01663,TB2-B03,Beta,2023,12,2023-12-04,0,17.23,17.23,0.0,113.9,True,65.5,False,,0.0,95.7
MSN01664,TB2-B02,Beta,2023,12,2023-12-11,3,17.94,17.94,0.0,89.7,False,87.0,False,,0.0,88.4
MSN01665,TB2-B01,Beta,2023,12,2023-12-26,0,17.33,17.33,0.0,57.3,False,64.7,False,,0.0,90.7
MSN01666,TB2-B02,Beta,2023,12,2023-12-07,3,16.98,16.98,0.0,94.6,False,73.2,False,,0.0,88.4
MSN01667,TB2-B03,Beta,2023,12,2023-12-05,0,20.0,20.0,0.0,74.1,False,51.9,False,,0.0,95.7
MSN01668,TB2-B01,Beta,2023,12,2023-12-07,0,20.0,20.0,0.0,55.2,False,59.0,False,,0.0,90.7
MSN01669,TB2-B01,Beta,2023,12,2023-12-03,0,20.0,20.0,0.0,64.9,False,69.3,False,,0.0,90.7
MSN01670,TB2-B01,Beta,2023,12,2023-12-05,0,16.34,16.34,0.0,63.8,False,71.4,False,,0.0,90.7
MSN01671,TB2-B03,Beta,2023,12,2023-12-22,0,20.0,20.0,0.0,62.6,False,68.9,True,Control Surface,22.3,95.7
MSN01672,TB2-B01,Beta,2023,12,2023-12-04,0,17.92,17.92,0.0,141.2,True,64.6,False,,0.0,90.7
MSN01673,TB2-B01,Beta,2024,1,2024-01-01,1,17.47,17.47,0.0,65.8,False,60.3,False,,0.0,86.4
MSN01675,TB2-B03,Beta,2024,1,2024-01-22,1,18.82,18.82,0.0,70.9,False,74.4,False,,0.0,93.2
MSN01676,TB2-B02,Beta,2024,1,2024-01-25,4,15.55,15.55,0.0,166.8,True,94.3,False,,0.0,81.5
MSN01677,TB2-B02,Beta,2024,1,2024-01-02,4,17.29,17.29,0.0,88.4,False,115.7,False,,0.0,81.5
MSN01678,TB2-B04,Beta,2024,1,2024-01-24,4,17.13,17.13,0.0,105.0,False,74.5,False,,0.0,83.7
MSN01679,TB2-B01,Beta,2024,1,2024-01-04,1,17.53,17.53,0.0,95.3,True,51.5,False,,0.0,86.4
MSN01680,TB2-B03,Beta,2024,1,2024-01-16,1,14.68,14.68,0.0,81.7,False,63.1,False,,0.0,93.2
MSN01681,TB2-B03,Beta,2024,1,2024-01-12,1,18.04,18.04,0.0,81.2,False,63.2,False,,0.0,93.2
MSN01684,TB2-B04,Beta,2024,2,2024-02-02,4,19.31,19.31,0.0,119.6,False,95.9,False,,0.0,86.7
MSN01685,TB2-B03,Beta,2024,2,2024-02-14,1,19.28,19.28,0.0,73.7,False,76.6,False,,0.0,93.1
MSN01686,TB2-B02,Beta,2024,2,2024-02-15,4,16.68,16.68,0.0,107.2,False,82.1,False,,0.0,91.1
MSN01687,TB2-B03,Beta,2024,2,2024-02-17,1,19.42,19.42,0.0,78.9,False,59.1,False,,0.0,93.1
MSN01688,TB2-B03,Beta,2024,2,2024-02-04,1,16.55,16.55,0.0,62.5,False,59.9,False,,0.0,93.1
MSN01690,TB2-B01,Beta,2024,3,2024-03-12,1,17.18,17.18,0.0,76.6,False,42.3,False,,0.0,96.2
MSN01691,TB2-B01,Beta,2024,3,2024-03-22,1,19.4,19.4,0.0,65.2,False,76.6,False,,0.0,96.2
MSN01692,TB2-B01,Beta,2024,3,2024-03-18,1,19.17,19.17,0.0,91.0,False,59.3,False,,0.0,96.2
MSN01693,TB2-B04,Beta,2024,3,2024-03-04,4,19.74,19.74,0.0,95.9,False,100.3,False,,0.0,80.9
MSN01695,TB2-B01,Beta,2024,3,2024-03-21,1,17.47,17.47,0.0,60.4,False,54.9,False,,0.0,96.2
MSN01696,TB2-B02,Beta,2024,3,2024-03-16,4,19.33,19.33,0.0,161.8,True,107.9,False,,0.0,86.7
MSN01697,TB2-B04,Beta,2024,3,2024-03-15,4,16.62,16.62,0.0,96.4,False,129.5,False,,0.0,80.9
MSN01698,TB2-B03,Beta,2024,3,2024-03-27,1,16.33,16.33,0.0,77.3,False,65.4,False,,0.0,93.0
MSN01700,TB2-B02,Beta,2024,3,2024-03-15,4,16.89,16.89,0.0,89.5,False,104.2,False,,0.0,86.7
MSN01701,TB2-B04,Beta,2024,3,2024-03-15,4,18.73,18.73,0.0,92.8,False,132.9,False,,0.0,80.9
MSN01702,TB2-B01,Beta,2024,3,2024-03-06,1,17.09,17.09,0.0,54.2,False,70.1,False,,0.0,96.2
MSN01703,TB2-B04,Beta,2024,4,2024-04-11,4,17.28,17.28,0.0,117.4,False,116.0,False,,0.0,87.7
MSN01704,TB2-B04,Beta,2024,4,2024-04-25,4,18.85,18.85,0.0,89.1,False,113.5,False,,0.0,87.7
MSN01705,TB2-B04,Beta,2024,4,2024-04-20,4,19.09,19.09,0.0,152.6,True,90.6,False,,0.0,87.7
MSN01706,TB2-B04,Beta,2024,4,2024-04-23,4,16.95,16.95,0.0,103.1,False,83.2,False,,0.0,87.7
MSN01707,TB2-B04,Beta,2024,4,2024-04-05,4,20.0,20.0,0.0,71.7,False,114.8,False,,0.0,87.7
MSN01708,TB2-B04,Beta,2024,4,2024-04-25,4,15.37,15.37,0.0,162.8,True,114.5,False,,0.0,87.7
MSN01709,TB2-B02,Beta,2024,4,2024-04-25,4,16.14,16.14,0.0,105.0,False,96.2,False,,0.0,84.8
MSN01710,TB2-B04,Beta,2024,4,2024-04-19,4,16.49,16.49,0.0,91.3,False,105.4,False,,0.0,87.7
MSN01711,TB2-B01,Beta,2024,4,2024-04-23,1,16.03,16.03,0.0,73.9,False,72.5,False,,0.0,86.1
MSN01712,TB2-B03,Beta,2024,4,2024-04-11,1,15.71,15.71,0.0,61.4,False,62.9,False,,0.0,93.2
MSN01713,TB2-B02,Beta,2024,4,2024-04-20,4,17.71,17.71,0.0,83.0,False,89.4,False,,0.0,84.8
MSN01714,TB2-B04,Beta,2024,4,2024-04-28,4,15.98,15.98,0.0,106.6,False,82.5,False,,0.0,87.7
MSN01715,TB2-B02,Beta,2024,4,2024-04-21,4,17.86,17.86,0.0,120.6,False,89.7,False,,0.0,84.8
MSN01716,TB2-B03,Beta,2024,4,2024-04-24,1,14.95,14.95,0.0,77.4,False,64.8,False,,0.0,93.2
MSN01717,TB2-B01,Beta,2024,4,2024-04-23,1,18.27,18.27,0.0,61.9,False,62.6,False,,0.0,86.1
MSN01718,TB2-B01,Beta,2024,4,2024-04-20,1,15.4,15.4,0.0,83.0,False,71.8,False,,0.0,86.1
MSN01719,TB2-B01,Beta,2024,4,2024-04-05,1,16.79,16.79,0.0,79.1,False,65.6,False,,0.0,86.1
MSN01721,TB2-B03,Beta,2024,4,2024-04-12,1,16.98,16.98,0.0,84.3,False,78.3,False,,0.0,93.2
MSN01722,TB2-B03,Beta,2024,5,2024-05-14,1,14.3,12.21,2.09,91.7,True,73.5,True,Sensor/Payload,125.4,91.1
MSN01723,TB2-B04,Beta,2024,5,2024-05-07,4,17.44,17.44,0.0,95.8,False,109.9,False,,0.0,86.8
MSN01724,TB2-B02,Beta,2024,5,2024-05-19,4,17.88,17.88,0.0,124.7,False,95.9,False,,0.0,84.9
MSN01725,TB2-B04,Beta,2024,5,2024-05-06,4,15.84,15.84,0.0,75.4,False,96.7,False,,0.0,86.8
MSN01726,TB2-B04,Beta,2024,5,2024-05-27,4,20.0,20.0,0.0,117.6,False,106.2,False,,0.0,86.8
MSN01727,TB2-B02,Beta,2024,5,2024-05-28,4,15.22,15.22,0.0,83.4,False,98.6,False,,0.0,84.9
MSN01728,TB2-B02,Beta,2024,5,2024-05-23,4,17.12,17.12,0.0,82.4,False,89.8,False,,0.0,84.9
MSN01729,TB2-B04,Beta,2024,5,2024-05-12,4,19.08,19.08,0.0,78.3,False,113.6,False,,0.0,86.8
MSN01730,TB2-B02,Beta,2024,5,2024-05-15,4,14.7,14.7,0.0,168.7,True,95.2,False,,0.0,84.9
MSN01731,TB2-B01,Beta,2024,5,2024-05-04,1,18.5,18.5,0.0,77.9,False,81.6,False,,0.0,84.1
MSN01732,TB2-B01,Beta,2024,5,2024-05-02,1,17.87,17.87,0.0,63.3,False,59.4,False,,0.0,84.1
MSN01733,TB2-B01,Beta,2024,5,2024-05-04,1,16.74,16.74,0.0,71.8,False,48.2,False,,0.0,84.1
MSN01735,TB2-B03,Beta,2024,5,2024-05-10,1,16.29,16.29,0.0,81.5,False,65.3,False,,0.0,91.1
MSN01736,TB2-B03,Beta,2024,5,2024-05-13,1,19.02,19.02,0.0,66.9,False,84.5,False,,0.0,91.1
MSN01737,TB2-B04,Beta,2024,5,2024-05-18,4,17.59,17.59,0.0,102.2,False,86.2,False,,0.0,86.8
MSN01738,TB2-B02,Beta,2024,5,2024-05-05,4,19.54,19.54,0.0,90.4,False,105.2,False,,0.0,84.9
MSN01739,TB2-B02,Beta,2024,5,2024-05-13,4,19.58,19.58,0.0,101.0,False,88.1,False,,0.0,84.9
MSN01740,TB2-B03,Beta,2024,5,2024-05-21,1,17.98,17.98,0.0,59.1,False,67.6,False,,0.0,91.1
MSN01741,TB2-B02,Beta,2024,5,2024-05-14,4,19.43,19.23,0.2,120.2,False,93.5,True,Electrical System,12.0,84.9
MSN01742,TB2-B02,Beta,2024,5,2024-05-08,4,18.79,14.95,3.84,105.6,False,85.9,True,Communication Link,230.4,84.9
MSN01743,TB2-B02,Beta,2024,5,2024-05-10,4,15.46,15.46,0.0,93.7,False,108.6,False,,0.0,84.9
MSN01744,TB2-B04,Beta,2024,6,2024-06-26,4,17.63,17.63,0.0,101.9,False,86.5,False,,0.0,82.8
MSN01745,TB2-B01,Beta,2024,6,2024-06-24,1,13.77,13.77,0.0,85.5,False,68.7,False,,0.0,87.0
MSN01746,TB2-B04,Beta,2024,6,2024-06-21,4,16.25,16.25,0.0,145.3,True,106.1,False,,0.0,82.8
MSN01747,TB2-B04,Beta,2024,6,2024-06-24,4,17.18,17.18,0.0,88.9,False,89.8,False,,0.0,82.8
MSN01748,TB2-B01,Beta,2024,6,2024-06-01,1,17.7,17.7,0.0,65.9,False,73.0,False,,0.0,87.0
MSN01749,TB2-B01,Beta,2024,6,2024-06-06,1,16.78,16.78,0.0,61.1,False,85.6,False,,0.0,87.0
MSN01750,TB2-B04,Beta,2024,6,2024-06-09,4,17.44,17.44,0.0,102.7,False,94.1,False,,0.0,82.8
MSN01751,TB2-B01,Beta,2024,6,2024-06-20,1,17.66,17.66,0.0,65.1,False,75.9,False,,0.0,87.0
MSN01752,TB2-B02,Beta,2024,6,2024-06-04,4,17.36,17.36,0.0,75.1,False,99.7,False,,0.0,87.4
MSN01753,TB2-B04,Beta,2024,6,2024-06-14,4,15.73,15.73,0.0,77.1,False,107.9,False,,0.0,82.8
MSN01754,TB2-B02,Beta,2024,6,2024-06-26,4,17.48,17.48,0.0,113.1,False,99.4,False,,0.0,87.4
MSN01755,TB2-B01,Beta,2024,6,2024-06-26,1,15.57,15.57,0.0,67.3,False,62.0,False,,0.0,87.0
MSN01756,TB2-B04,Beta,2024,6,2024-06-23,4,16.75,16.75,0.0,120.5,False,101.5,True,Engine,20.8,82.8
MSN01758,TB2-B02,Beta,2024,6,2024-06-02,4,18.02,18.02,0.0,103.0,False,94.5,False,,0.0,87.4
MSN01759,TB2-B04,Beta,2024,6,2024-06-26,4,16.94,16.71,0.23,87.3,False,115.9,True,Engine,13.8,82.8
MSN01760,TB2-B01,Beta,2024,7,2024-07-23,1,14.39,14.39,0.0,85.6,False,57.1,False,,0.0,91.7
MSN01761,TB2-B02,Beta,2024,7,2024-07-12,4,16.32,16.32,0.0,115.5,False,101.9,False,,0.0,81.2
MSN01762,TB2-B01,Beta,2024,7,2024-07-12,1,18.08,18.08,0.0,67.6,False,65.1,True,Communication Link,20.7,91.7
MSN01763,TB2-B02,Beta,2024,7,2024-07-25,4,14.99,14.99,0.0,95.3,False,98.6,True,Electrical System,27.6,81.2
MSN01764,TB2-B02,Beta,2024,7,2024-07-03,4,15.03,15.03,0.0,101.5,False,92.8,False,,0.0,81.2
MSN01765,TB2-B03,Beta,2024,7,2024-07-06,1,15.8,14.61,1.19,91.3,False,59.8,True,Sensor/Payload,71.4,90.2
MSN01766,TB2-B01,Beta,2024,7,2024-07-10,1,16.5,16.5,0.0,68.2,False,68.6,False,,0.0,91.7
MSN01767,TB2-B02,Beta,2024,7,2024-07-06,4,14.44,14.44,0.0,166.1,True,127.6,False,,0.0,81.2
MSN01768,TB2-B02,Beta,2024,7,2024-07-28,4,17.83,17.83,0.0,115.7,False,94.2,False,,0.0,81.2
MSN01769,TB2-B04,Beta,2024,7,2024-07-14,4,14.03,14.03,0.0,146.3,True,109.1,False,,0.0,87.2
MSN01770,TB2-B02,Beta,2024,7,2024-07-19,4,18.55,18.55,0.0,96.9,False,98.5,False,,0.0,81.2
MSN01771,TB2-B04,Beta,2024,7,2024-07-17,4,19.29,19.29,0.0,112.2,False,90.2,False,,0.0,87.2
MSN01772,TB2-B04,Beta,2024,7,2024-07-26,4,16.43,16.43,0.0,97.9,False,122.5,False,,0.0,87.2
MSN01773,TB2-B02,Beta,2024,7,2024-07-11,4,18.02,18.02,0.0,96.6,False,122.4,False,,0.0,81.2
MSN01774,TB2-B03,Beta,2024,7,2024-07-27,1,17.15,17.15,0.0,61.9,False,71.5,True,Communication Link,29.7,90.2
MSN01775,TB2-B04,Beta,2024,7,2024-07-20,4,19.61,19.61,0.0,99.3,False,109.6,False,,0.0,87.2
MSN01776,TB2-B02,Beta,2024,7,2024-07-27,4,13.47,13.47,0.0,89.2,False,107.7,False,,0.0,81.2
MSN01777,TB2-B03,Beta,2024,7,2024-07-24,1,17.15,17.15,0.0,59.8,True,59.5,False,,0.0,90.2
MSN01778,TB2-B03,Beta,2024,8,2024-08-22,1,17.44,17.44,0.0,63.2,False,76.6,False,,0.0,95.1
MSN01779,TB2-B01,Beta,2024,8,2024-08-14,1,18.53,18.53,0.0,71.2,False,55.3,False,,0.0,84.8
MSN01780,TB2-B01,Beta,2024,8,2024-08-21,1,19.13,18.27,0.86,36.6,False,57.8,True,Sensor/Payload,51.6,84.8
MSN01781,TB2-B04,Beta,2024,8,2024-08-16,4,19.06,19.06,0.0,101.7,False,120.0,False,,0.0,83.0
MSN01782,TB2-B04,Beta,2024,8,2024-08-20,4,20.0,20.0,0.0,80.0,False,102.4,False,,0.0,83.0
MSN01783,TB2-B04,Beta,2024,8,2024-08-05,4,16.24,16.24,0.0,116.4,False,120.7,False,,0.0,83.0
MSN01784,TB2-B04,Beta,2024,8,2024-08-19,4,19.66,19.66,0.0,85.2,False,102.0,False,,0.0,83.0
MSN01785,TB2-B02,Beta,2024,8,2024-08-18,4,15.31,15.31,0.0,110.9,False,115.2,False,,0.0,88.7
MSN01786,TB2-B02,Beta,2024,8,2024-08-16,4,19.04,19.04,0.0,116.0,False,102.7,False,,0.0,88.7
MSN01787,TB2-B04,Beta,2024,8,2024-08-13,4,15.4,15.4,0.0,95.9,False,93.6,False,,0.0,83.0
MSN01788,TB2-B04,Beta,2024,8,2024-08-12,4,15.95,15.95,0.0,118.1,False,111.3,False,,0.0,83.0
MSN01789,TB2-B03,Beta,2024,8,2024-08-26,1,16.68,16.68,0.0,65.3,False,52.4,False,,0.0,95.1
MSN01790,TB2-B02,Beta,2024,8,2024-08-07,4,17.97,17.97,0.0,108.0,False,67.1,False,,0.0,88.7
MSN01791,TB2-B04,Beta,2024,8,2024-08-06,4,17.73,17.73,0.0,165.9,True,100.0,False,,0.0,83.0
MSN01792,TB2-B03,Beta,2024,8,2024-08-07,1,19.68,19.68,0.0,60.4,False,68.7,False,,0.0,95.1
MSN01793,TB2-B01,Beta,2024,8,2024-08-07,1,15.25,15.25,0.0,80.3,False,61.1,False,,0.0,84.8
MSN01794,TB2-B04,Beta,2024,8,2024-08-17,4,17.11,17.11,0.0,93.3,False,80.6,False,,0.0,83.0
MSN01795,TB2-B03,Beta,2024,8,2024-08-12,1,18.01,18.01,0.0,86.2,False,55.4,False,,0.0,95.1
MSN01796,TB2-B02,Beta,2024,8,2024-08-07,4,17.04,17.04,0.0,94.7,False,79.9,False,,0.0,88.7
MSN01797,TB2-B03,Beta,2024,8,2024-08-09,1,17.19,17.19,0.0,79.2,False,80.9,False,,0.0,95.1
MSN01798,TB2-B01,Beta,2024,8,2024-08-15,1,17.85,17.85,0.0,59.2,False,72.4,False,,0.0,84.8
MSN01799,TB2-B02,Beta,2024,8,2024-08-17,4,17.29,17.29,0.0,104.6,False,107.9,False,,0.0,88.7
MSN01800,TB2-B04,Beta,2024,8,2024-08-10,4,19.44,19.44,0.0,115.4,False,113.0,False,,0.0,83.0
MSN01801,TB2-B02,Beta,2024,8,2024-08-12,4,15.6,15.6,0.0,110.7,False,101.6,True,Engine,25.7,88.7
MSN01802,TB2-B04,Beta,2024,8,2024-08-01,4,18.07,18.07,0.0,102.9,False,111.4,False,,0.0,83.0
MSN01803,TB2-B02,Beta,2024,8,2024-08-10,4,18.01,18.01,0.0,79.5,False,79.4,False,,0.0,88.7
MSN01804,TB2-B03,Beta,2024,8,2024-08-26,1,15.56,15.56,0.0,72.9,False,75.6,False,,0.0,95.1
MSN01805,TB2-B03,Beta,2024,9,2024-09-08,1,14.75,14.75,0.0,72.8,False,59.5,False,,0.0,98.4
MSN01806,TB2-B01,Beta,2024,9,2024-09-03,1,17.4,17.4,0.0,97.9,True,40.9,False,,0.0,91.1
MSN01807,TB2-B04,Beta,2024,9,2024-09-14,4,19.29,19.29,0.0,101.1,False,110.7,False,,0.0,86.0
MSN01808,TB2-B03,Beta,2024,9,2024-09-28,1,17.85,17.85,0.0,76.0,False,75.4,False,,0.0,98.4
MSN01809,TB2-B04,Beta,2024,9,2024-09-10,4,16.53,16.53,0.0,117.1,False,103.3,False,,0.0,86.0
MSN01810,TB2-B03,Beta,2024,9,2024-09-21,1,17.68,17.68,0.0,81.1,False,82.0,False,,0.0,98.4
MSN01811,TB2-B03,Beta,2024,9,2024-09-05,1,18.26,18.26,0.0,67.8,False,73.8,False,,0.0,98.4
MSN01812,TB2-B01,Beta,2024,9,2024-09-24,1,18.97,18.97,0.0,74.9,False,63.5,False,,0.0,91.1
MSN01813,TB2-B04,Beta,2024,9,2024-09-17,4,13.97,13.97,0.0,137.1,True,92.7,False,,0.0,86.0
MSN01814,TB2-B01,Beta,2024,9,2024-09-08,1,17.81,17.81,0.0,90.9,False,72.9,False,,0.0,91.1
MSN01815,TB2-B03,Beta,2024,9,2024-09-01,1,17.11,17.11,0.0,74.1,False,76.4,False,,0.0,98.4
MSN01816,TB2-B01,Beta,2024,9,2024-09-14,1,16.62,16.62,0.0,129.5,True,68.1,False,,0.0,91.1
MSN01817,TB2-B01,Beta,2024,9,2024-09-04,1,16.26,16.26,0.0,77.8,False,81.7,False,,0.0,91.1
MSN01818,TB2-B03,Beta,2024,9,2024-09-26,1,15.15,15.15,0.0,101.7,True,76.7,False,,0.0,98.4
MSN01819,TB2-B04,Beta,2024,9,2024-09-28,4,16.12,16.12,0.0,105.3,False,75.0,False,,0.0,86.0
MSN01820,TB2-B03,Beta,2024,9,2024-09-23,1,20.0,20.0,0.0,76.4,False,63.7,False,,0.0,98.4
MSN01821,TB2-B02,Beta,2024,9,2024-09-17,4,19.4,19.4,0.0,108.9,False,96.7,False,,0.0,82.1
MSN01822,TB2-B01,Beta,2024,9,2024-09-11,1,16.63,16.63,0.0,70.5,False,55.7,False,,0.0,91.1
MSN01823,TB2-B03,Beta,2024,9,2024-09-18,1,16.01,16.01,0.0,63.0,False,76.2,False,,0.0,98.4
MSN01824,TB2-B01,Beta,2024,10,2024-10-25,1,16.67,16.67,0.0,75.3,False,64.0,False,,0.0,87.2
MSN01825,TB2-B04,Beta,2024,10,2024-10-05,4,20.0,20.0,0.0,106.9,False,91.3,True,Communication Link,11.7,84.4
MSN01826,TB2-B02,Beta,2024,10,2024-10-12,4,17.88,17.88,0.0,106.3,False,92.8,False,,0.0,89.5
MSN01828,TB2-B04,Beta,2024,10,2024-10-10,4,15.98,15.98,0.0,109.0,False,84.5,False,,0.0,84.4
MSN01829,TB2-B02,Beta,2024,10,2024-10-11,4,18.62,18.62,0.0,95.9,False,109.0,False,,0.0,89.5
MSN01832,TB2-B01,Beta,2024,10,2024-10-20,1,16.29,13.54,2.75,132.9,True,76.3,True,Sensor/Payload,165.0,87.2
MSN01833,TB2-B04,Beta,2024,10,2024-10-17,4,16.96,16.96,0.0,103.7,False,108.7,False,,0.0,84.4
MSN01834,TB2-B03,Beta,2024,10,2024-10-01,1,18.13,18.13,0.0,72.7,False,84.3,False,,0.0,94.5
MSN01835,TB2-B04,Beta,2024,10,2024-10-14,4,20.0,20.0,0.0,105.6,False,101.0,False,,0.0,84.4
MSN01836,TB2-B02,Beta,2024,10,2024-10-23,4,16.04,16.04,0.0,92.8,False,107.4,False,,0.0,89.5
MSN01838,TB2-B01,Beta,2024,10,2024-10-23,1,15.91,15.91,0.0,78.6,False,74.0,False,,0.0,87.2
MSN01839,TB2-B04,Beta,2024,10,2024-10-16,4,10.0,10.0,0.0,89.1,False,95.5,False,,0.0,84.4
MSN01841,TB2-B04,Beta,2024,10,2024-10-15,4,16.67,16.67,0.0,106.1,False,100.0,False,,0.0,84.4
MSN01842,TB2-B03,Beta,2024,11,2024-11-01,1,13.58,13.58,0.0,74.5,False,49.5,False,,0.0,92.4
MSN01843,TB2-B04,Beta,2024,11,2024-11-09,4,15.94,15.94,0.0,136.8,True,82.0,True,Engine,19.4,80.7
MSN01844,TB2-B03,Beta,2024,11,2024-11-17,1,14.5,14.5,0.0,87.7,True,75.2,False,,0.0,92.4
MSN01845,TB2-B02,Beta,2024,11,2024-11-13,4,14.24,14.24,0.0,110.8,False,86.1,False,,0.0,90.9
MSN01846,TB2-B02,Beta,2024,11,2024-11-22,4,16.05,16.05,0.0,145.4,True,88.9,False,,0.0,90.9
MSN01847,TB2-B03,Beta,2024,11,2024-11-03,1,20.0,20.0,0.0,80.4,True,66.0,False,,0.0,92.4
MSN01848,TB2-B04,Beta,2024,11,2024-11-06,4,16.67,16.67,0.0,128.5,True,100.9,False,,0.0,80.7
MSN01849,TB2-B01,Beta,2024,11,2024-11-16,1,19.2,19.2,0.0,93.2,True,60.9,False,,0.0,95.9
MSN01850,TB2-B01,Beta,2024,11,2024-11-21,1,17.16,17.16,0.0,78.1,False,54.2,False,,0.0,95.9
MSN01852,TB2-B02,Beta,2024,12,2024-12-19,4,15.71,15.71,0.0,102.7,False,105.6,False,,0.0,86.5
MSN01853,TB2-B02,Beta,2024,12,2024-12-09,4,15.0,15.0,0.0,93.8,False,96.7,False,,0.0,86.5
MSN01854,TB2-B02,Beta,2024,12,2024-12-24,4,18.78,18.78,0.0,99.5,False,111.0,True,Electrical System,34.8,86.5
MSN01855,TB2-B03,Beta,2024,12,2024-12-09,1,18.19,18.19,0.0,68.9,False,79.6,False,,0.0,97.4
MSN01856,TB2-B02,Beta,2025,1,2025-01-06,5,16.56,16.56,0.0,141.7,False,113.7,False,,0.0,85.3
MSN01857,TB2-B02,Beta,2025,1,2025-01-18,5,20.0,20.0,0.0,116.2,False,123.5,False,,0.0,85.3
MSN01858,TB2-B04,Beta,2025,1,2025-01-08,5,20.0,20.0,0.0,106.8,False,116.0,False,,0.0,81.7
MSN01859,TB2-B02,Beta,2025,1,2025-01-07,5,14.27,14.27,0.0,115.3,False,112.8,False,,0.0,85.3
MSN01862,TB2-B01,Beta,2025,1,2025-01-12,2,19.39,19.39,0.0,68.9,False,78.2,False,,0.0,90.3
MSN01863,TB2-B03,Beta,2025,1,2025-01-20,2,17.01,17.01,0.0,72.5,False,93.6,False,,0.0,91.1
MSN01864,TB2-B01,Beta,2025,1,2025-01-11,2,18.7,18.7,0.0,62.8,False,99.5,False,,0.0,90.3
MSN01865,TB2-B03,Beta,2025,1,2025-01-05,2,17.36,17.36,0.0,85.8,False,73.4,False,,0.0,91.1
MSN01866,TB2-B01,Beta,2025,1,2025-01-28,2,20.0,20.0,0.0,88.3,False,67.8,False,,0.0,90.3
MSN01867,TB2-B04,Beta,2025,2,2025-02-06,5,14.76,14.76,0.0,112.6,False,119.6,False,,0.0,84.2
MSN01868,TB2-B02,Beta,2025,2,2025-02-05,5,13.58,13.58,0.0,160.0,True,96.1,False,,0.0,85.5
MSN01869,TB2-B03,Beta,2025,2,2025-02-24,2,17.49,17.49,0.0,74.6,False,87.5,False,,0.0,91.7
MSN01870,TB2-B04,Beta,2025,2,2025-02-16,5,13.49,13.49,0.0,168.9,True,98.9,False,,0.0,84.2
MSN01871,TB2-B02,Beta,2025,2,2025-02-25,5,17.0,17.0,0.0,83.5,False,99.4,False,,0.0,85.5
MSN01872,TB2-B01,Beta,2025,2,2025-02-26,2,14.93,14.93,0.0,91.3,False,77.6,False,,0.0,85.5
MSN01873,TB2-B04,Beta,2025,2,2025-02-13,5,13.38,13.38,0.0,121.1,False,134.3,False,,0.0,84.2
MSN01874,TB2-B02,Beta,2025,2,2025-02-10,5,15.06,15.06,0.0,84.7,False,99.4,False,,0.0,85.5
MSN01876,TB2-B03,Beta,2025,3,2025-03-24,2,16.08,16.08,0.0,83.5,False,77.5,False,,0.0,86.5
MSN01877,TB2-B02,Beta,2025,3,2025-03-12,5,17.5,14.23,3.27,93.0,False,107.6,True,Engine,196.2,85.1
MSN01878,TB2-B02,Beta,2025,3,2025-03-12,5,19.86,19.86,0.0,106.5,False,103.9,False,,0.0,85.1
MSN01879,TB2-B03,Beta,2025,3,2025-03-16,2,12.52,12.52,0.0,101.8,True,81.0,False,,0.0,86.5
MSN01880,TB2-B03,Beta,2025,3,2025-03-26,2,19.75,19.75,0.0,91.9,False,69.8,False,,0.0,86.5
MSN01881,TB2-B04,Beta,2025,3,2025-03-08,5,17.05,17.05,0.0,112.8,False,107.2,False,,0.0,85.0
MSN01882,TB2-B04,Beta,2025,3,2025-03-27,5,13.86,13.86,0.0,126.8,False,101.4,False,,0.0,85.0
MSN01883,TB2-B02,Beta,2025,3,2025-03-10,5,18.36,18.36,0.0,115.3,False,121.7,False,,0.0,85.1
MSN01885,TB2-B04,Beta,2025,3,2025-03-17,5,18.4,18.4,0.0,102.9,False,110.4,False,,0.0,85.0
MSN01886,TB2-B02,Beta,2025,3,2025-03-10,5,17.54,17.54,0.0,126.6,False,116.5,False,,0.0,85.1
MSN01887,TB2-B02,Beta,2025,3,2025-03-23,5,17.53,17.53,0.0,105.0,False,114.2,False,,0.0,85.1
MSN01888,TB2-B03,Beta,2025,3,2025-03-20,2,18.18,18.18,0.0,73.5,False,75.4,False,,0.0,86.5
MSN01890,TB2-B03,Beta,2025,3,2025-03-22,2,15.43,15.43,0.0,95.6,False,96.5,False,,0.0,86.5
MSN01892,TB2-B01,Beta,2025,4,2025-04-18,2,15.49,15.49,0.0,79.5,False,50.3,False,,0.0,85.6
MSN01893,TB2-B02,Beta,2025,4,2025-04-15,5,18.68,18.68,0.0,120.8,False,105.5,False,,0.0,84.5
MSN01894,TB2-B04,Beta,2025,4,2025-04-19,5,17.51,17.51,0.0,106.3,False,114.5,False,,0.0,85.1
MSN01895,TB2-B02,Beta,2025,4,2025-04-03,5,13.14,13.14,0.0,137.8,False,116.9,False,,0.0,84.5
MSN01896,TB2-B04,Beta,2025,4,2025-04-21,5,20.0,20.0,0.0,156.5,True,109.1,False,,0.0,85.1
MSN01897,TB2-B01,Beta,2025,4,2025-04-23,2,14.42,14.42,0.0,67.2,False,72.8,False,,0.0,85.6
MSN01898,TB2-B01,Beta,2025,4,2025-04-02,2,15.55,15.55,0.0,76.1,False,77.1,False,,0.0,85.6
MSN01899,TB2-B03,Beta,2025,4,2025-04-01,2,18.57,18.57,0.0,93.4,False,76.6,False,,0.0,95.6
MSN01900,TB2-B03,Beta,2025,4,2025-04-25,2,15.66,15.66,0.0,92.4,False,73.2,False,,0.0,95.6
MSN01901,TB2-B02,Beta,2025,4,2025-04-17,5,16.45,16.45,0.0,95.9,False,107.5,False,,0.0,84.5
MSN01902,TB2-B03,Beta,2025,4,2025-04-05,2,18.8,18.8,0.0,90.7,False,79.0,False,,0.0,95.6
MSN01903,TB2-B04,Beta,2025,4,2025-04-24,5,11.9,11.9,0.0,130.9,True,119.8,False,,0.0,85.1
MSN01904,TB2-B01,Beta,2025,4,2025-04-18,2,14.37,14.37,0.0,98.3,False,75.8,False,,0.0,85.6
MSN01905,TB2-B03,Beta,2025,5,2025-05-17,2,19.16,19.16,0.0,83.6,False,77.0,False,,0.0,96.8
MSN01906,TB2-B03,Beta,2025,5,2025-05-27,2,16.39,16.39,0.0,116.9,True,82.5,False,,0.0,96.8
MSN01907,TB2-B02,Beta,2025,5,2025-05-23,5,18.31,16.23,2.08,176.2,True,98.5,True,Engine,124.8,87.6
MSN01908,TB2-B01,Beta,2025,5,2025-05-09,2,13.42,13.42,0.0,66.8,False,76.4,False,,0.0,86.2
MSN01909,TB2-B02,Beta,2025,5,2025-05-23,5,20.0,20.0,0.0,122.5,False,86.8,False,,0.0,87.6
MSN01910,TB2-B04,Beta,2025,5,2025-05-02,5,14.66,10.63,4.03,125.6,False,87.5,True,Communication Link,241.8,87.3
MSN01911,TB2-B04,Beta,2025,5,2025-05-26,5,17.37,17.37,0.0,121.9,False,109.2,False,,0.0,87.3
MSN01912,TB2-B02,Beta,2025,5,2025-05-02,5,17.29,17.29,0.0,103.5,False,113.2,True,Engine,47.7,87.6
MSN01913,TB2-B04,Beta,2025,5,2025-05-18,5,19.45,19.45,0.0,94.9,False,92.2,False,,0.0,87.3
MSN01914,TB2-B02,Beta,2025,5,2025-05-03,5,20.0,20.0,0.0,106.6,False,116.5,False,,0.0,87.6
MSN01915,TB2-B02,Beta,2025,5,2025-05-14,5,16.31,16.31,0.0,167.3,True,94.5,False,,0.0,87.6
MSN01916,TB2-B04,Beta,2025,5,2025-05-12,5,17.3,17.3,0.0,123.6,False,108.9,False,,0.0,87.3
MSN01917,TB2-B04,Beta,2025,5,2025-05-14,5,18.72,18.72,0.0,152.8,True,116.0,False,,0.0,87.3
MSN01918,TB2-B02,Beta,2025,5,2025-05-06,5,17.17,17.17,0.0,120.4,False,117.2,False,,0.0,87.6
MSN01919,TB2-B02,Beta,2025,5,2025-05-20,5,15.6,15.6,0.0,106.4,False,108.2,False,,0.0,87.6
MSN01920,TB2-B04,Beta,2025,5,2025-05-27,5,15.62,15.62,0.0,131.7,True,126.1,False,,0.0,87.3
MSN01921,TB2-B04,Beta,2025,5,2025-05-06,5,13.34,13.34,0.0,121.1,False,105.5,False,,0.0,87.3
MSN01922,TB2-B02,Beta,2025,5,2025-05-11,5,17.18,17.18,0.0,149.4,True,108.8,False,,0.0,87.6
MSN01923,TB2-B01,Beta,2025,5,2025-05-10,2,18.9,18.9,0.0,114.6,True,72.4,False,,0.0,86.2
MSN01924,TB2-B01,Beta,2025,6,2025-06-01,2,14.77,14.77,0.0,59.3,False,80.5,False,,0.0,87.1
MSN01925,TB2-B02,Beta,2025,6,2025-06-08,5,20.0,20.0,0.0,205.2,True,114.5,False,,0.0,87.1
MSN01926,TB2-B02,Beta,2025,6,2025-06-23,5,16.15,16.15,0.0,114.5,False,95.2,False,,0.0,87.1
MSN01927,TB2-B04,Beta,2025,6,2025-06-24,5,18.88,18.88,0.0,102.2,False,146.9,False,,0.0,90.3
MSN01928,TB2-B03,Beta,2025,6,2025-06-25,2,11.61,11.61,0.0,65.1,False,83.4,False,,0.0,95.0
MSN01929,TB2-B04,Beta,2025,6,2025-06-07,5,18.12,18.12,0.0,114.2,False,115.7,False,,0.0,90.3
MSN01930,TB2-B03,Beta,2025,6,2025-06-16,2,20.0,20.0,0.0,94.3,False,87.0,False,,0.0,95.0
MSN01931,TB2-B02,Beta,2025,6,2025-06-19,5,18.33,18.33,0.0,121.4,False,111.0,False,,0.0,87.1
MSN01932,TB2-B02,Beta,2025,6,2025-06-07,5,17.43,17.43,0.0,117.5,False,117.9,False,,0.0,87.1
MSN01933,TB2-B03,Beta,2025,6,2025-06-13,2,17.63,17.63,0.0,78.2,False,79.0,False,,0.0,95.0
MSN01934,TB2-B02,Beta,2025,6,2025-06-02,5,15.75,15.75,0.0,113.1,False,121.5,False,,0.0,87.1
MSN01935,TB2-B04,Beta,2025,6,2025-06-22,5,17.02,17.02,0.0,95.6,False,117.2,False,,0.0,90.3
MSN01936,TB2-B01,Beta,2025,6,2025-06-21,2,17.21,17.21,0.0,69.6,False,79.6,False,,0.0,87.1
MSN01937,TB2-B02,Beta,2025,6,2025-06-21,5,17.17,17.17,0.0,87.4,False,92.7,False,,0.0,87.1
MSN01938,TB2-B01,Beta,2025,6,2025-06-17,2,19.38,19.38,0.0,89.8,False,104.1,False,,0.0,87.1
MSN01939,TB2-B01,Beta,2025,6,2025-06-07,2,19.23,19.23,0.0,81.0,False,81.8,False,,0.0,87.1
MSN01940,TB2-B04,Beta,2025,6,2025-06-25,5,18.26,18.26,0.0,121.3,False,130.1,False,,0.0,90.3
MSN01941,TB2-B03,Beta,2025,6,2025-06-18,2,15.73,15.73,0.0,96.1,False,122.0,False,,0.0,95.0
MSN01942,TB2-B01,Beta,2025,6,2025-06-10,2,13.66,11.69,1.97,64.4,False,85.9,True,Sensor/Payload,118.2,87.1
MSN01943,TB2-B03,Beta,2025,6,2025-06-27,2,20.0,20.0,0.0,81.1,False,93.3,False,,0.0,95.0
MSN01944,TB2-B03,Beta,2025,7,2025-07-09,2,20.0,20.0,0.0,115.9,True,66.1,False,,0.0,93.7
MSN01945,TB2-B03,Beta,2025,7,2025-07-05,2,17.34,17.34,0.0,106.0,True,53.0,False,,0.0,93.7
MSN01946,TB2-B02,Beta,2025,7,2025-07-03,5,18.35,18.35,0.0,101.9,False,106.8,False,,0.0,92.4
MSN01947,TB2-B03,Beta,2025,7,2025-07-27,2,16.02,16.02,0.0,86.2,False,103.7,False,,0.0,93.7
MSN01948,TB2-B04,Beta,2025,7,2025-07-11,5,16.12,16.12,0.0,157.6,True,115.5,True,Sensor/Payload,41.3,90.3
MSN01949,TB2-B02,Beta,2025,7,2025-07-02,5,18.84,18.84,0.0,76.0,False,96.8,False,,0.0,92.4
MSN01950,TB2-B01,Beta,2025,7,2025-07-25,2,20.0,20.0,0.0,69.7,False,70.8,False,,0.0,85.0
MSN01951,TB2-B02,Beta,2025,7,2025-07-26,5,20.0,20.0,0.0,113.8,False,125.7,False,,0.0,92.4
MSN01952,TB2-B03,Beta,2025,7,2025-07-03,2,14.54,14.54,0.0,84.2,False,85.0,False,,0.0,93.7
MSN01953,TB2-B03,Beta,2025,7,2025-07-07,2,15.5,15.5,0.0,80.7,False,94.9,False,,0.0,93.7
MSN01954,TB2-B04,Beta,2025,7,2025-07-17,5,12.12,12.12,0.0,120.0,False,91.5,False,,0.0,90.3
MSN01955,TB2-B03,Beta,2025,7,2025-07-27,2,18.54,18.54,0.0,66.6,False,81.5,False,,0.0,93.7
MSN01956,TB2-B02,Beta,2025,7,2025-07-27,5,16.69,16.69,0.0,102.6,False,115.7,False,,0.0,92.4
MSN01957,TB2-B04,Beta,2025,7,2025-07-02,5,17.14,17.14,0.0,107.0,False,87.6,False,,0.0,90.3
MSN01958,TB2-B03,Beta,2025,7,2025-07-07,2,16.09,16.09,0.0,81.6,False,82.6,False,,0.0,93.7
MSN01959,TB2-B04,Beta,2025,7,2025-07-06,5,15.79,15.79,0.0,124.4,False,92.9,False,,0.0,90.3
MSN01960,TB2-B01,Beta,2025,7,2025-07-06,2,17.37,17.37,0.0,96.6,False,75.5,False,,0.0,85.0
MSN01961,TB2-B02,Beta,2025,7,2025-07-06,5,16.02,16.02,0.0,106.3,False,107.5,False,,0.0,92.4
MSN01962,TB2-B04,Beta,2025,7,2025-07-24,5,20.0,19.33,0.67,93.1,False,112.1,True,Communication Link,40.2,90.3
MSN01963,TB2-B01,Beta,2025,8,2025-08-27,2,18.15,18.15,0.0,77.5,False,75.2,False,,0.0,87.6
MSN01964,TB2-B03,Beta,2025,8,2025-08-12,2,16.71,16.71,0.0,94.7,False,93.3,False,,0.0,88.3
MSN01966,TB2-B01,Beta,2025,8,2025-08-26,2,19.99,19.99,0.0,68.2,False,71.0,False,,0.0,87.6
MSN01967,TB2-B03,Beta,2025,8,2025-08-01,2,15.62,15.62,0.0,83.7,False,107.2,False,,0.0,88.3
MSN01968,TB2-B01,Beta,2025,8,2025-08-21,2,16.07,16.07,0.0,71.3,False,90.0,False,,0.0,87.6
MSN01969,TB2-B03,Beta,2025,8,2025-08-24,2,16.9,16.9,0.0,81.8,False,67.6,False,,0.0,88.3
MSN01970,TB2-B02,Beta,2025,8,2025-08-03,5,15.01,15.01,0.0,90.7,False,98.2,False,,0.0,80.8
MSN01971,TB2-B04,Beta,2025,8,2025-08-19,5,20.0,20.0,0.0,90.9,False,80.4,False,,0.0,89.7
MSN01972,TB2-B03,Beta,2025,8,2025-08-03,2,17.45,17.45,0.0,73.4,False,68.3,False,,0.0,88.3
MSN01973,TB2-B03,Beta,2025,8,2025-08-28,2,18.26,18.26,0.0,66.7,False,91.9,False,,0.0,88.3
MSN01974,TB2-B02,Beta,2025,8,2025-08-04,5,18.2,18.2,0.0,132.8,False,99.0,False,,0.0,80.8
MSN01975,TB2-B01,Beta,2025,8,2025-08-02,2,16.37,16.37,0.0,90.0,False,105.0,False,,0.0,87.6
MSN01976,TB2-B02,Beta,2025,8,2025-08-03,5,20.0,20.0,0.0,140.3,True,103.8,False,,0.0,80.8
MSN01977,TB2-B02,Beta,2025,8,2025-08-12,5,17.3,17.3,0.0,113.8,False,96.3,False,,0.0,80.8
MSN01978,TB2-B01,Beta,2025,8,2025-08-15,2,15.68,15.68,0.0,106.3,True,79.3,False,,0.0,87.6
MSN01979,TB2-B01,Beta,2025,8,2025-08-25,2,17.55,17.55,0.0,93.6,False,88.9,False,,0.0,87.6
MSN01980,TB2-B03,Beta,2025,8,2025-08-18,2,15.61,15.61,0.0,63.8,False,87.9,False,,0.0,88.3
MSN01981,TB2-B04,Beta,2025,8,2025-08-13,5,18.86,18.86,0.0,109.0,False,122.0,False,,0.0,89.7
MSN01982,TB2-B01,Beta,2025,8,2025-08-04,2,17.39,17.39,0.0,60.9,False,102.5,False,,0.0,87.6
MSN01983,TB2-B03,Beta,2025,9,2025-09-27,2,18.31,18.31,0.0,69.9,False,81.0,False,,0.0,91.3
MSN01984,TB2-B01,Beta,2025,9,2025-09-26,2,15.27,15.27,0.0,82.7,False,81.0,False,,0.0,94.1
MSN01985,TB2-B04,Beta,2025,9,2025-09-20,5,19.47,19.47,0.0,98.0,False,113.0,False,,0.0,78.0
MSN01986,TB2-B04,Beta,2025,9,2025-09-05,5,15.94,15.94,0.0,110.8,False,104.7,False,,0.0,78.0
MSN01987,TB2-B04,Beta,2025,9,2025-09-26,5,14.7,14.7,0.0,108.6,False,127.8,False,,0.0,78.0
MSN01988,TB2-B02,Beta,2025,9,2025-09-23,5,16.95,15.89,1.06,156.3,True,98.1,True,Communication Link,63.6,80.6
MSN01989,TB2-B03,Beta,2025,9,2025-09-25,2,14.49,14.49,0.0,75.4,False,88.7,False,,0.0,91.3
MSN01990,TB2-B02,Beta,2025,9,2025-09-19,5,16.52,16.52,0.0,115.3,False,122.9,False,,0.0,80.6
MSN01991,TB2-B01,Beta,2025,9,2025-09-27,2,14.03,14.03,0.0,61.0,False,77.1,False,,0.0,94.1
MSN01992,TB2-B02,Beta,2025,9,2025-09-25,5,18.22,18.22,0.0,127.2,False,117.0,True,Control Surface,29.8,80.6
MSN01993,TB2-B01,Beta,2025,9,2025-09-05,2,18.13,18.13,0.0,105.5,False,81.1,False,,0.0,94.1
MSN01995,TB2-B04,Beta,2025,9,2025-09-19,5,13.51,13.51,0.0,111.7,False,105.1,False,,0.0,78.0
MSN01996,TB2-B02,Beta,2025,9,2025-09-18,5,17.58,16.91,0.67,104.3,False,107.8,True,Communication Link,40.2,80.6
MSN01997,TB2-B02,Beta,2025,9,2025-09-22,5,16.26,16.26,0.0,112.6,False,127.4,False,,0.0,80.6
MSN01998,TB2-B02,Beta,2025,9,2025-09-23,5,17.46,17.46,0.0,119.8,False,111.6,False,,0.0,80.6
MSN01999,TB2-B04,Beta,2025,10,2025-10-13,5,16.91,16.91,0.0,115.9,False,118.5,False,,0.0,80.6
MSN02000,TB2-B04,Beta,2025,10,2025-10-07,5,17.01,17.01,0.0,120.3,False,113.8,False,,0.0,80.6
MSN02001,TB2-B04,Beta,2025,10,2025-10-02,5,15.96,15.96,0.0,132.4,False,110.1,False,,0.0,80.6
MSN02004,TB2-B03,Beta,2025,10,2025-10-24,2,16.37,16.37,0.0,88.2,False,76.5,False,,0.0,94.7
MSN02005,TB2-B01,Beta,2025,10,2025-10-14,2,16.33,16.33,0.0,77.3,False,80.5,False,,0.0,88.8
MSN02006,TB2-B03,Beta,2025,10,2025-10-18,2,14.35,14.35,0.0,86.8,False,85.8,False,,0.0,94.7
MSN02007,TB2-B04,Beta,2025,10,2025-10-19,5,19.62,19.62,0.0,104.6,False,97.4,False,,0.0,80.6
MSN02008,TB2-B02,Beta,2025,10,2025-10-23,5,18.2,18.2,0.0,134.9,True,114.6,False,,0.0,84.0
MSN02009,TB2-B04,Beta,2025,10,2025-10-26,5,20.0,20.0,0.0,107.1,False,114.2,False,,0.0,80.6
MSN02010,TB2-B03,Beta,2025,10,2025-10-20,2,18.97,18.97,0.0,107.8,False,65.4,False,,0.0,94.7
MSN02011,TB2-B04,Beta,2025,11,2025-11-20,5,18.87,18.87,0.0,89.7,False,91.9,False,,0.0,88.5
MSN02012,TB2-B04,Beta,2025,11,2025-11-20,5,17.78,17.78,0.0,99.5,False,94.2,False,,0.0,88.5
MSN02013,TB2-B04,Beta,2025,11,2025-11-15,5,19.45,19.45,0.0,108.7,False,114.2,True,Navigation/GPS,27.7,88.5
MSN02014,TB2-B01,Beta,2025,11,2025-11-21,2,15.08,15.08,0.0,82.3,False,85.3,False,,0.0,87.2
MSN02015,TB2-B03,Beta,2025,11,2025-11-24,2,13.48,13.48,0.0,145.2,True,90.2,False,,0.0,93.6
MSN02017,TB2-B02,Beta,2025,11,2025-11-08,5,17.88,17.88,0.0,120.3,False,97.1,False,,0.0,88.3
MSN02019,TB2-B03,Beta,2025,11,2025-11-26,2,17.14,17.14,0.0,66.4,False,84.8,False,,0.0,93.6
MSN02020,TB2-B01,Beta,2025,11,2025-11-22,2,16.95,16.95,0.0,76.0,False,88.7,False,,0.0,87.2
MSN02021,TB2-B04,Beta,2025,11,2025-11-02,5,19.48,19.48,0.0,113.8,False,98.6,False,,0.0,88.5
MSN02022,TB2-B04,Beta,2025,11,2025-11-19,5,17.23,17.23,0.0,121.1,False,109.2,False,,0.0,88.5
MSN02023,TB2-B02,Beta,2025,11,2025-11-28,5,17.86,17.86,0.0,109.0,False,111.5,False,,0.0,88.3
MSN02025,TB2-B01,Beta,2025,11,2025-11-16,2,19.8,19.8,0.0,160.1,True,91.6,False,,0.0,87.2
MSN02026,TB2-B02,Beta,2025,11,2025-11-09,5,18.88,18.88,0.0,135.4,False,115.1,False,,0.0,88.3
MSN02027,TB2-B04,Beta,2025,12,2025-12-12,5,18.31,18.31,0.0,102.4,False,89.4,False,,0.0,90.6
MSN02028,TB2-B04,Beta,2025,12,2025-12-20,5,16.74,16.74,0.0,203.7,True,99.7,False,,0.0,90.6
MSN02031,TB2-B01,Beta,2025,12,2025-12-20,2,16.38,13.4,2.98,61.1,False,101.9,True,Engine,178.8,86.4
MSN02033,TB2-B02,Beta,2025,12,2025-12-21,5,18.27,17.73,0.54,111.6,False,107.7,True,Communication Link,32.4,84.0
MSN02034,TB2-B03,Beta,2025,12,2025-12-01,2,13.47,13.47,0.0,84.2,False,78.3,False,,0.0,83.9
MSN02035,TB2-B01,Beta,2025,12,2025-12-03,2,15.26,15.26,0.0,103.1,False,58.4,False,,0.0,86.4
MSN02036,TB2-B04,Beta,2025,12,2025-12-22,5,18.24,18.24,0.0,108.9,False,125.4,True,Navigation/GPS,14.4,90.6
MSN02037,TB2-B01,Beta,2025,12,2025-12-01,2,16.57,16.57,0.0,75.2,False,68.3,False,,0.0,86.4
MSN02038,TB2-B04,Beta,2025,12,2025-12-17,5,14.14,14.14,0.0,111.3,False,102.7,False,,0.0,90.6
MSN02039,TB2-B04,Beta,2025,12,2025-12-09,5,15.67,15.67,0.0,119.8,False,112.3,True,Communication Link,32.6,90.6
MSN02040,TB2-B01,Beta,2026,1,2026-01-16,3,16.53,16.53,0.0,110.3,True,101.1,False,,0.0,90.0
MSN02041,TB2-B03,Beta,2026,1,2026-01-04,3,15.87,15.87,0.0,80.7,False,83.8,False,,0.0,89.9
MSN02042,TB2-B03,Beta,2026,1,2026-01-01,3,20.0,20.0,0.0,88.0,False,100.0,False,,0.0,89.9
MSN02043,TB2-B02,Beta,2026,1,2026-01-09,6,16.39,16.39,0.0,128.3,False,118.8,False,,0.0,77.8
MSN02044,TB2-B03,Beta,2026,1,2026-01-09,3,14.86,14.86,0.0,69.0,False,103.5,False,,0.0,89.9
MSN02045,TB2-B02,Beta,2026,1,2026-01-13,6,16.43,16.43,0.0,138.1,False,122.5,False,,0.0,77.8
MSN02046,TB2-B03,Beta,2026,1,2026-01-20,3,18.32,18.32,0.0,107.8,False,84.5,False,,0.0,89.9
MSN02047,TB2-B04,Beta,2026,1,2026-01-07,6,16.0,16.0,0.0,133.2,False,104.0,False,,0.0,84.4
MSN02048,TB2-B01,Beta,2026,1,2026-01-13,3,12.56,12.56,0.0,73.5,False,80.9,False,,0.0,90.0
MSN02050,TB2-B03,Beta,2026,1,2026-01-07,3,17.97,17.97,0.0,107.0,False,74.5,False,,0.0,89.9
MSN02052,TB2-B01,Beta,2026,1,2026-01-18,3,20.0,20.0,0.0,108.2,False,83.6,False,,0.0,90.0
MSN02053,TB2-B03,Beta,2026,2,2026-02-15,3,16.55,16.55,0.0,104.6,False,114.2,False,,0.0,89.6
MSN02054,TB2-B02,Beta,2026,2,2026-02-17,6,19.16,19.16,0.0,118.9,False,133.9,False,,0.0,82.1
MSN02057,TB2-B04,Beta,2026,2,2026-02-21,6,17.54,17.54,0.0,113.2,False,125.9,False,,0.0,80.7
MSN02058,TB2-B04,Beta,2026,2,2026-02-24,6,18.37,18.37,0.0,139.3,False,121.8,True,Communication Link,27.1,80.7
MSN02059,TB2-B04,Beta,2026,2,2026-02-20,6,12.24,12.24,0.0,86.6,False,123.6,True,Engine,22.5,80.7
MSN02060,TB2-B01,Beta,2026,2,2026-02-20,3,16.8,16.8,0.0,61.6,False,73.5,False,,0.0,85.8
MSN02061,TB2-B04,Beta,2026,2,2026-02-05,6,18.0,16.0,2.0,157.6,True,128.8,True,Electrical System,120.0,80.7
MSN02062,TB2-B03,Beta,2026,2,2026-02-25,3,16.44,16.44,0.0,68.7,False,78.8,False,,0.0,89.6
MSN02063,TB2-B03,Beta,2026,2,2026-02-11,3,16.99,16.99,0.0,89.1,False,76.3,False,,0.0,89.6
MSN02064,TB2-B04,Beta,2026,3,2026-03-25,6,20.0,20.0,0.0,123.6,False,128.1,False,,0.0,86.3
MSN02065,TB2-B04,Beta,2026,3,2026-03-20,6,20.0,20.0,0.0,122.1,False,113.7,False,,0.0,86.3
MSN02066,TB2-B03,Beta,2026,3,2026-03-25,3,13.82,13.82,0.0,57.3,False,95.7,False,,0.0,92.4
MSN02067,TB2-B02,Beta,2026,3,2026-03-10,6,18.02,18.02,0.0,124.4,False,141.1,False,,0.0,82.0
MSN02068,TB2-B02,Beta,2026,3,2026-03-14,6,18.4,18.4,0.0,122.5,False,112.4,False,,0.0,82.0
MSN02069,TB2-B03,Beta,2026,3,2026-03-06,3,18.15,18.15,0.0,93.8,False,80.7,False,,0.0,92.4
MSN02070,TB2-B03,Beta,2026,3,2026-03-23,3,20.0,20.0,0.0,96.8,False,97.0,False,,0.0,92.4
MSN02071,TB2-B02,Beta,2026,3,2026-03-07,6,16.38,16.38,0.0,126.8,False,128.8,False,,0.0,82.0
MSN02072,TB2-B01,Beta,2026,3,2026-03-24,3,20.0,20.0,0.0,88.8,False,84.9,False,,0.0,85.5
MSN02073,TB2-B01,Beta,2026,3,2026-03-06,3,18.3,18.3,0.0,102.5,False,92.8,False,,0.0,85.5
MSN02075,TB2-B01,Beta,2026,3,2026-03-25,3,17.73,17.73,0.0,74.1,False,74.1,False,,0.0,85.5
MSN02076,TB2-B01,Beta,2026,3,2026-03-22,3,14.97,14.97,0.0,86.6,False,86.1,False,,0.0,85.5
MSN02077,TB2-B02,Beta,2026,3,2026-03-24,6,15.69,15.69,0.0,115.2,False,122.9,False,,0.0,82.0
MSN02078,TB2-B02,Beta,2026,4,2026-04-09,6,15.22,15.22,0.0,94.1,False,117.2,False,,0.0,89.4
MSN02079,TB2-B01,Beta,2026,4,2026-04-22,3,13.25,13.25,0.0,113.6,False,88.7,False,,0.0,86.5
MSN02080,TB2-B04,Beta,2026,4,2026-04-04,6,17.31,17.31,0.0,113.7,False,125.8,False,,0.0,83.6
MSN02081,TB2-B04,Beta,2026,4,2026-04-28,6,15.21,15.21,0.0,170.1,True,111.7,False,,0.0,83.6
MSN02082,TB2-B02,Beta,2026,4,2026-04-11,6,13.15,13.15,0.0,97.4,False,124.4,False,,0.0,89.4
MSN02083,TB2-B01,Beta,2026,4,2026-04-19,3,15.2,15.2,0.0,89.8,False,95.4,False,,0.0,86.5
MSN02084,TB2-B02,Beta,2026,4,2026-04-27,6,18.13,18.13,0.0,125.2,False,120.4,False,,0.0,89.4
MSN02085,TB2-B02,Beta,2026,4,2026-04-24,6,17.27,17.27,0.0,123.0,False,109.7,False,,0.0,89.4
MSN02086,TB2-B03,Beta,2026,4,2026-04-02,3,16.83,16.83,0.0,77.3,False,90.3,False,,0.0,86.0
MSN02087,TB2-B01,Beta,2026,4,2026-04-09,3,15.28,15.28,0.0,86.1,False,85.6,False,,0.0,86.5
MSN02089,TB2-B03,Beta,2026,4,2026-04-17,3,16.87,16.87,0.0,81.3,False,123.3,False,,0.0,86.0
MSN02090,TB2-B03,Beta,2026,4,2026-04-05,3,13.66,13.66,0.0,58.5,False,102.8,False,,0.0,86.0
MSN02091,TB2-B01,Beta,2026,4,2026-04-14,3,17.57,17.57,0.0,134.1,True,92.5,False,,0.0,86.5
MSN02093,TB2-B04,Beta,2026,4,2026-04-14,6,17.88,17.88,0.0,140.9,False,135.4,False,,0.0,83.6
MSN02094,TB2-B02,Beta,2026,5,2026-05-19,6,15.26,15.26,0.0,135.7,False,137.8,False,,0.0,84.7
MSN02095,TB2-B04,Beta,2026,5,2026-05-24,6,17.51,17.51,0.0,144.9,False,125.8,False,,0.0,83.8
MSN02096,TB2-B04,Beta,2026,5,2026-05-21,6,14.91,14.91,0.0,126.6,False,117.1,False,,0.0,83.8
MSN02097,TB2-B03,Beta,2026,5,2026-05-15,3,11.72,11.72,0.0,107.9,False,79.5,False,,0.0,94.3
MSN02098,TB2-B02,Beta,2026,5,2026-05-18,6,17.26,17.26,0.0,174.1,True,149.2,False,,0.0,84.7
MSN02099,TB2-B03,Beta,2026,5,2026-05-14,3,17.02,17.02,0.0,86.6,False,101.2,False,,0.0,94.3
MSN02100,TB2-B01,Beta,2026,5,2026-05-19,3,12.7,12.7,0.0,92.9,False,119.9,False,,0.0,85.8
MSN02102,TB2-B04,Beta,2026,5,2026-05-16,6,13.57,13.57,0.0,114.9,False,122.3,False,,0.0,83.8
MSN02103,TB2-B02,Beta,2026,5,2026-05-20,6,17.36,17.36,0.0,109.3,False,126.6,True,Navigation/GPS,5.3,84.7
MSN02104,TB2-B02,Beta,2026,5,2026-05-17,6,16.2,16.2,0.0,107.2,False,137.5,False,,0.0,84.7
MSN02105,TB2-B03,Beta,2026,5,2026-05-18,3,13.51,13.51,0.0,93.4,False,78.6,False,,0.0,94.3
MSN02106,TB2-B03,Beta,2026,5,2026-05-19,3,20.0,20.0,0.0,91.5,False,82.8,False,,0.0,94.3
MSN02107,TB2-B02,Beta,2026,5,2026-05-20,6,15.94,15.94,0.0,105.0,False,123.9,False,,0.0,84.7
MSN02108,TB2-B03,Beta,2026,5,2026-05-16,3,18.07,18.07,0.0,100.7,False,72.1,False,,0.0,94.3
MSN02109,TB2-B04,Beta,2026,5,2026-05-17,6,19.67,19.67,0.0,149.4,True,136.4,False,,0.0,83.8
MSN02110,TB2-B04,Beta,2026,5,2026-05-18,6,16.93,16.93,0.0,120.9,False,116.0,False,,0.0,83.8
MSN02111,TB2-B01,Beta,2026,5,2026-05-01,3,17.08,17.08,0.0,104.0,False,90.8,False,,0.0,85.8
MSN02112,TB2-B04,Beta,2026,5,2026-05-17,6,14.93,14.93,0.0,161.0,True,138.4,False,,0.0,83.8
MSN02113,TB2-B01,Beta,2026,5,2026-05-10,3,18.1,18.1,0.0,109.1,False,84.2,False,,0.0,85.8
MSN02114,TB2-B02,Beta,2026,5,2026-05-03,6,17.07,16.64,0.43,102.0,False,105.5,True,Sensor/Payload,25.8,84.7
MSN02115,TB2-B04,Beta,2026,5,2026-05-11,6,18.71,18.71,0.0,116.5,False,114.5,False,,0.0,83.8
MSN02116,TB2-B01,Beta,2026,5,2026-05-09,3,18.28,18.28,0.0,98.0,False,98.2,False,,0.0,85.8
MSN02117,TB2-B04,Beta,2026,5,2026-05-01,6,16.78,16.78,0.0,173.9,True,126.3,False,,0.0,83.8
MSN02118,TB2-B01,Beta,2026,6,2026-06-11,3,13.52,13.52,0.0,90.8,False,98.4,False,,0.0,88.4
MSN02119,TB2-B04,Beta,2026,6,2026-06-23,6,15.88,15.88,0.0,136.4,False,136.8,False,,0.0,86.0
MSN02120,TB2-B03,Beta,2026,6,2026-06-15,3,15.33,15.33,0.0,78.9,False,98.3,False,,0.0,86.0
MSN02121,TB2-B01,Beta,2026,6,2026-06-27,3,16.74,16.74,0.0,95.8,False,86.7,False,,0.0,88.4
MSN02122,TB2-B03,Beta,2026,6,2026-06-18,3,18.36,18.36,0.0,77.5,False,84.9,False,,0.0,86.0
MSN02123,TB2-B01,Beta,2026,6,2026-06-06,3,17.13,17.13,0.0,129.7,True,91.1,False,,0.0,88.4
MSN02124,TB2-B01,Beta,2026,6,2026-06-10,3,18.29,18.29,0.0,81.9,True,81.5,False,,0.0,88.4
MSN02125,TB2-B04,Beta,2026,6,2026-06-05,6,16.66,16.66,0.0,137.7,False,136.7,False,,0.0,86.0
MSN02126,TB2-B03,Beta,2026,6,2026-06-28,3,18.04,18.04,0.0,115.0,True,94.3,False,,0.0,86.0
MSN02127,TB2-B02,Beta,2026,6,2026-06-21,6,14.24,14.24,0.0,123.2,False,113.2,False,,0.0,83.0
MSN02128,TB2-B02,Beta,2026,6,2026-06-20,6,16.77,16.77,0.0,116.4,False,113.6,False,,0.0,83.0
MSN02129,TB2-B01,Beta,2026,6,2026-06-13,3,17.47,17.47,0.0,84.2,False,117.7,False,,0.0,88.4
MSN02130,TB2-B04,Beta,2026,6,2026-06-17,6,14.86,14.86,0.0,117.5,False,141.5,False,,0.0,86.0
MSN02131,TB2-B02,Beta,2026,6,2026-06-14,6,16.58,16.58,0.0,132.1,False,131.4,False,,0.0,83.0
MSN02132,TB2-B04,Beta,2026,6,2026-06-25,6,17.36,17.36,0.0,134.6,False,130.0,False,,0.0,86.0
MSN02133,TB2-B03,Beta,2026,6,2026-06-12,3,14.83,14.83,0.0,105.0,False,72.3,False,,0.0,86.0
MSN02134,TB2-B02,Beta,2026,6,2026-06-21,6,13.94,13.94,0.0,138.9,False,111.0,False,,0.0,83.0
MSN02135,TB2-B03,Beta,2026,6,2026-06-10,3,15.02,15.02,0.0,79.0,False,75.6,False,,0.0,86.0
MSN02136,TB2-B04,Beta,2026,6,2026-06-13,6,15.49,15.49,0.0,120.2,False,122.1,False,,0.0,86.0
MSN02137,TB2-B03,Beta,2026,6,2026-06-28,3,16.85,16.85,0.0,83.6,False,96.0,False,,0.0,86.0
MSN02138,TB2-B03,Beta,2026,6,2026-06-09,3,18.03,18.03,0.0,108.9,False,102.0,False,,0.0,86.0
MSN02139,TB2-B02,Beta,2026,6,2026-06-16,6,15.38,15.38,0.0,106.8,False,127.5,False,,0.0,83.0
MSN02140,TB2-B04,Beta,2026,6,2026-06-11,6,18.83,17.69,1.14,172.6,True,122.6,True,Control Surface,68.4,86.0
MSN02141,TB2-B02,Beta,2026,6,2026-06-12,6,14.9,14.9,0.0,124.2,False,121.1,False,,0.0,83.0
MSN02142,TB2-B02,Beta,2026,6,2026-06-17,6,20.0,20.0,0.0,124.2,False,115.4,False,,0.0,83.0
MSN02143,TB2-B02,Beta,2026,6,2026-06-01,6,18.26,18.26,0.0,137.8,False,122.2,False,,0.0,83.0
MSN02144,TB2-B03,Beta,2026,6,2026-06-26,3,15.71,15.51,0.2,95.7,False,113.4,True,Communication Link,12.0,86.0
MSN02145,TB2-B04,Beta,2026,6,2026-06-16,6,14.44,14.44,0.0,130.6,False,113.8,False,,0.0,86.0
MSN02146,TB2-B04,Beta,2026,6,2026-06-28,6,17.36,17.36,0.0,124.8,False,150.0,False,,0.0,86.0
MSN02147,TB2-B01,Beta,2026,6,2026-06-06,3,17.33,17.33,0.0,104.6,False,103.5,False,,0.0,88.4
MSN02148,TB2-D04,Delta,2021,3,2021-03-06,1,16.37,16.37,0.0,63.9,False,72.0,False,,0.0,91.2
MSN02151,TB2-D04,Delta,2021,3,2021-03-20,1,19.38,19.38,0.0,92.5,False,69.5,False,,0.0,91.2
MSN02152,TB2-D04,Delta,2021,3,2021-03-12,1,15.05,15.05,0.0,53.1,False,66.5,False,,0.0,91.2
MSN02153,TB2-D04,Delta,2021,3,2021-03-22,1,14.53,14.53,0.0,83.3,False,62.9,False,,0.0,91.2
MSN02157,TB2-D04,Delta,2021,3,2021-03-25,1,17.39,7.59,9.8,91.3,False,58.6,True,Control Surface,588.0,91.2
MSN02159,TB2-D04,Delta,2021,4,2021-04-18,1,16.48,16.48,0.0,93.3,True,54.1,False,,0.0,92.1
MSN02160,TB2-D04,Delta,2021,4,2021-04-21,1,13.12,13.12,0.0,67.8,False,89.4,False,,0.0,92.1
MSN02161,TB2-D04,Delta,2021,4,2021-04-02,1,19.29,19.29,0.0,113.4,True,70.9,False,,0.0,92.1
MSN02162,TB2-D04,Delta,2021,4,2021-04-18,1,16.54,16.54,0.0,69.3,False,67.1,False,,0.0,92.1
MSN02163,TB2-D04,Delta,2021,4,2021-04-06,1,18.16,18.16,0.0,76.2,False,47.1,False,,0.0,92.1
MSN02164,TB2-D04,Delta,2021,4,2021-04-16,1,13.72,13.72,0.0,84.6,False,56.1,False,,0.0,92.1
MSN02165,TB2-D04,Delta,2021,4,2021-04-15,1,18.56,18.56,0.0,112.2,True,77.8,False,,0.0,92.1
MSN02166,TB2-D04,Delta,2021,4,2021-04-17,1,15.16,15.16,0.0,49.7,False,77.5,False,,0.0,92.1
MSN02167,TB2-D04,Delta,2021,4,2021-04-15,1,18.85,18.85,0.0,77.4,False,79.5,False,,0.0,92.1
MSN02168,TB2-D04,Delta,2021,4,2021-04-10,1,13.8,13.8,0.0,62.8,False,74.7,False,,0.0,92.1
MSN02169,TB2-D04,Delta,2021,4,2021-04-16,1,16.4,16.4,0.0,72.9,False,74.9,False,,0.0,92.1
MSN02170,TB2-D04,Delta,2021,4,2021-04-26,1,18.01,18.01,0.0,65.7,False,62.8,False,,0.0,92.1
MSN02172,TB2-D04,Delta,2021,4,2021-04-09,1,19.4,19.4,0.0,80.1,False,70.5,False,,0.0,92.1
MSN02173,TB2-D04,Delta,2021,4,2021-04-10,1,18.58,17.37,1.21,70.1,False,55.6,True,Sensor/Payload,72.6,92.1
MSN02174,TB2-D04,Delta,2021,4,2021-04-15,1,16.71,16.71,0.0,73.8,False,64.9,False,,0.0,92.1
MSN02175,TB2-D04,Delta,2021,4,2021-04-04,1,17.73,17.73,0.0,80.7,False,65.2,False,,0.0,92.1
MSN02176,TB2-D04,Delta,2021,4,2021-04-14,1,15.62,15.62,0.0,170.7,True,76.5,False,,0.0,92.1
MSN02178,TB2-D04,Delta,2021,4,2021-04-16,1,19.81,19.81,0.0,92.0,False,86.5,False,,0.0,92.1
MSN02179,TB2-D04,Delta,2021,5,2021-05-27,1,16.18,16.18,0.0,66.4,False,93.4,False,,0.0,95.5
MSN02180,TB2-D04,Delta,2021,5,2021-05-19,1,16.26,16.26,0.0,78.1,False,40.8,False,,0.0,95.5
MSN02181,TB2-D04,Delta,2021,5,2021-05-13,1,11.44,11.44,0.0,63.3,False,78.2,False,,0.0,95.5
MSN02182,TB2-D04,Delta,2021,5,2021-05-26,1,14.79,14.79,0.0,76.7,False,63.3,False,,0.0,95.5
MSN02183,TB2-D04,Delta,2021,5,2021-05-21,1,14.94,14.94,0.0,78.5,False,83.4,False,,0.0,95.5
MSN02184,TB2-D04,Delta,2021,5,2021-05-26,1,16.77,16.77,0.0,72.8,False,81.5,False,,0.0,95.5
MSN02185,TB2-D04,Delta,2021,5,2021-05-13,1,10.86,10.86,0.0,68.1,False,76.8,False,,0.0,95.5
MSN02186,TB2-D04,Delta,2021,5,2021-05-02,1,17.6,17.6,0.0,53.4,False,66.5,False,,0.0,95.5
MSN02187,TB2-D04,Delta,2021,5,2021-05-20,1,18.39,18.39,0.0,86.5,False,63.3,False,,0.0,95.5
MSN02188,TB2-D04,Delta,2021,5,2021-05-17,1,16.5,16.5,0.0,82.5,False,58.5,False,,0.0,95.5
MSN02189,TB2-D04,Delta,2021,5,2021-05-07,1,15.94,15.94,0.0,71.8,False,90.4,False,,0.0,95.5
MSN02190,TB2-D04,Delta,2021,5,2021-05-13,1,16.8,16.8,0.0,107.9,True,85.4,False,,0.0,95.5
MSN02191,TB2-D04,Delta,2021,5,2021-05-06,1,12.95,12.95,0.0,65.0,False,90.1,False,,0.0,95.5
MSN02192,TB2-D04,Delta,2021,5,2021-05-08,1,19.81,19.81,0.0,86.5,False,60.5,False,,0.0,95.5
MSN02193,TB2-D04,Delta,2021,5,2021-05-12,1,20.0,20.0,0.0,70.0,False,64.2,False,,0.0,95.5
MSN02194,TB2-D04,Delta,2021,5,2021-05-23,1,17.85,17.85,0.0,58.5,False,79.1,False,,0.0,95.5
MSN02195,TB2-D04,Delta,2021,5,2021-05-03,1,17.71,17.71,0.0,75.1,False,74.7,False,,0.0,95.5
MSN02196,TB2-D04,Delta,2021,5,2021-05-19,1,13.15,13.15,0.0,81.9,False,70.6,False,,0.0,95.5
MSN02197,TB2-D04,Delta,2021,5,2021-05-07,1,17.43,17.43,0.0,94.4,True,74.2,False,,0.0,95.5
MSN02199,TB2-D04,Delta,2021,5,2021-05-05,1,18.01,18.01,0.0,45.9,False,83.5,False,,0.0,95.5
MSN02200,TB2-D04,Delta,2021,5,2021-05-28,1,19.83,19.83,0.0,68.0,False,74.6,False,,0.0,95.5
MSN02201,TB2-D04,Delta,2021,5,2021-05-02,1,14.7,14.7,0.0,71.4,False,72.9,False,,0.0,95.5
MSN02202,TB2-D04,Delta,2021,5,2021-05-17,1,15.48,15.48,0.0,66.5,False,62.7,False,,0.0,95.5
MSN02203,TB2-D04,Delta,2021,5,2021-05-27,1,18.38,18.38,0.0,58.0,False,76.5,False,,0.0,95.5
MSN02204,TB2-D04,Delta,2021,5,2021-05-14,1,19.18,19.18,0.0,58.8,False,61.3,False,,0.0,95.5
MSN02205,TB2-D04,Delta,2021,5,2021-05-15,1,19.38,19.38,0.0,58.8,False,60.5,False,,0.0,95.5
MSN02206,TB2-D04,Delta,2021,5,2021-05-20,1,18.94,18.94,0.0,67.1,False,76.0,False,,0.0,95.5
MSN02208,TB2-D04,Delta,2021,5,2021-05-21,1,17.03,17.03,0.0,55.0,False,62.7,False,,0.0,95.5
MSN02209,TB2-D04,Delta,2021,5,2021-05-13,1,15.52,15.52,0.0,62.6,False,86.4,False,,0.0,95.5
MSN02210,TB2-D04,Delta,2021,5,2021-05-05,1,17.66,17.66,0.0,64.4,False,68.4,False,,0.0,95.5
MSN02211,TB2-D04,Delta,2021,5,2021-05-10,1,15.34,15.34,0.0,81.8,False,97.9,False,,0.0,95.5
MSN02212,TB2-D04,Delta,2021,6,2021-06-20,1,15.73,15.73,0.0,50.4,False,76.5,False,,0.0,98.7
MSN02213,TB2-D04,Delta,2021,6,2021-06-11,1,13.99,13.99,0.0,60.0,False,66.4,False,,0.0,98.7
MSN02214,TB2-D04,Delta,2021,6,2021-06-02,1,17.3,17.3,0.0,49.9,False,93.2,False,,0.0,98.7
MSN02215,TB2-D04,Delta,2021,6,2021-06-25,1,18.6,18.6,0.0,75.7,False,57.3,True,Sensor/Payload,16.0,98.7
MSN02216,TB2-D04,Delta,2021,6,2021-06-15,1,20.0,20.0,0.0,55.7,False,65.6,False,,0.0,98.7
MSN02217,TB2-D04,Delta,2021,6,2021-06-03,1,12.81,12.81,0.0,62.4,False,57.9,False,,0.0,98.7
MSN02218,TB2-D04,Delta,2021,6,2021-06-15,1,15.62,15.62,0.0,69.6,False,82.2,False,,0.0,98.7
MSN02219,TB2-D04,Delta,2021,6,2021-06-13,1,17.94,17.94,0.0,56.6,False,60.5,False,,0.0,98.7
MSN02220,TB2-D04,Delta,2021,6,2021-06-17,1,15.3,15.3,0.0,79.4,False,49.3,False,,0.0,98.7
MSN02221,TB2-D04,Delta,2021,6,2021-06-17,1,17.57,17.57,0.0,76.5,False,56.0,False,,0.0,98.7
MSN02222,TB2-D04,Delta,2021,6,2021-06-08,1,18.63,18.63,0.0,68.3,False,79.3,False,,0.0,98.7
MSN02223,TB2-D04,Delta,2021,6,2021-06-28,1,20.0,20.0,0.0,69.9,False,52.9,False,,0.0,98.7
MSN02224,TB2-D04,Delta,2021,6,2021-06-25,1,15.36,15.36,0.0,63.0,False,66.7,False,,0.0,98.7
MSN02225,TB2-D04,Delta,2021,6,2021-06-07,1,17.75,17.75,0.0,58.8,False,66.7,False,,0.0,98.7
MSN02226,TB2-D04,Delta,2021,6,2021-06-20,1,17.14,17.14,0.0,90.3,False,69.5,False,,0.0,98.7
MSN02227,TB2-D04,Delta,2021,6,2021-06-10,1,16.07,16.07,0.0,64.1,False,76.6,False,,0.0,98.7
MSN02228,TB2-D04,Delta,2021,6,2021-06-12,1,19.4,19.4,0.0,70.9,False,69.0,False,,0.0,98.7
MSN02229,TB2-D04,Delta,2021,6,2021-06-10,1,19.67,19.67,0.0,66.8,False,55.9,False,,0.0,98.7
MSN02230,TB2-D04,Delta,2021,6,2021-06-23,1,15.72,15.72,0.0,55.4,False,66.1,False,,0.0,98.7
MSN02231,TB2-D04,Delta,2021,6,2021-06-27,1,15.37,15.37,0.0,61.9,False,57.0,False,,0.0,98.7
MSN02232,TB2-D04,Delta,2021,6,2021-06-13,1,17.83,17.55,0.28,67.6,False,90.5,True,Navigation/GPS,16.8,98.7
MSN02233,TB2-D04,Delta,2021,6,2021-06-21,1,16.17,16.17,0.0,81.9,False,91.3,False,,0.0,98.7
MSN02234,TB2-D04,Delta,2021,6,2021-06-21,1,13.92,13.92,0.0,79.7,False,69.0,False,,0.0,98.7
MSN02235,TB2-D04,Delta,2021,7,2021-07-20,1,15.14,15.14,0.0,70.0,False,58.5,False,,0.0,92.1
MSN02236,TB2-D04,Delta,2021,7,2021-07-16,1,18.95,18.95,0.0,63.4,False,62.6,False,,0.0,92.1
MSN02237,TB2-D04,Delta,2021,7,2021-07-20,1,20.0,20.0,0.0,109.8,True,74.0,True,Electrical System,34.6,92.1
MSN02238,TB2-D04,Delta,2021,7,2021-07-03,1,16.83,16.83,0.0,81.3,False,79.6,False,,0.0,92.1
MSN02239,TB2-D04,Delta,2021,7,2021-07-23,1,17.92,17.92,0.0,82.7,False,70.7,False,,0.0,92.1
MSN02240,TB2-D04,Delta,2021,7,2021-07-10,1,18.55,18.55,0.0,63.4,False,58.1,False,,0.0,92.1
MSN02241,TB2-D04,Delta,2021,7,2021-07-14,1,18.64,18.64,0.0,59.4,False,63.8,False,,0.0,92.1
MSN02242,TB2-D04,Delta,2021,7,2021-07-07,1,16.27,16.27,0.0,55.4,False,83.2,False,,0.0,92.1
MSN02243,TB2-D04,Delta,2021,7,2021-07-16,1,13.96,13.96,0.0,111.4,True,80.5,False,,0.0,92.1
MSN02244,TB2-D04,Delta,2021,7,2021-07-18,1,16.63,16.63,0.0,44.8,False,57.6,False,,0.0,92.1
MSN02245,TB2-D04,Delta,2021,7,2021-07-01,1,16.28,16.28,0.0,69.8,False,88.6,False,,0.0,92.1
MSN02246,TB2-D04,Delta,2021,7,2021-07-13,1,17.09,17.09,0.0,68.7,False,80.4,False,,0.0,92.1
MSN02247,TB2-D04,Delta,2021,7,2021-07-15,1,20.0,20.0,0.0,58.2,False,58.4,False,,0.0,92.1
MSN02248,TB2-D04,Delta,2021,7,2021-07-06,1,17.98,17.98,0.0,66.1,False,59.9,False,,0.0,92.1
MSN02249,TB2-D04,Delta,2021,7,2021-07-11,1,15.98,15.98,0.0,135.1,True,56.6,False,,0.0,92.1
MSN02250,TB2-D04,Delta,2021,7,2021-07-26,1,13.0,13.0,0.0,82.2,False,85.0,False,,0.0,92.1
MSN02251,TB2-D04,Delta,2021,7,2021-07-14,1,15.95,15.95,0.0,67.1,False,71.0,False,,0.0,92.1
MSN02252,TB2-D04,Delta,2021,7,2021-07-19,1,18.71,18.71,0.0,162.8,True,63.8,False,,0.0,92.1
MSN02253,TB2-D04,Delta,2021,7,2021-07-08,1,14.58,14.58,0.0,77.6,False,70.0,False,,0.0,92.1
MSN02254,TB2-D04,Delta,2021,7,2021-07-08,1,16.29,16.29,0.0,46.6,False,56.7,False,,0.0,92.1
MSN02255,TB2-D04,Delta,2021,7,2021-07-07,1,19.21,19.21,0.0,89.6,False,56.7,True,Electrical System,32.3,92.1
MSN02256,TB2-D04,Delta,2021,7,2021-07-15,1,19.92,19.92,0.0,81.0,False,64.8,False,,0.0,92.1
MSN02257,TB2-D04,Delta,2021,8,2021-08-08,1,18.5,18.5,0.0,67.5,False,85.2,False,,0.0,88.7
MSN02258,TB2-D04,Delta,2021,8,2021-08-07,1,17.46,17.46,0.0,80.3,False,73.9,False,,0.0,88.7
MSN02259,TB2-D04,Delta,2021,8,2021-08-22,1,17.82,17.82,0.0,72.4,False,85.0,False,,0.0,88.7
MSN02260,TB2-D04,Delta,2021,8,2021-08-17,1,16.83,16.83,0.0,53.4,False,61.3,False,,0.0,88.7
MSN02261,TB2-D04,Delta,2021,8,2021-08-27,1,16.48,16.48,0.0,94.5,False,68.9,False,,0.0,88.7
MSN02262,TB2-D04,Delta,2021,8,2021-08-08,1,19.23,19.23,0.0,74.3,False,86.7,False,,0.0,88.7
MSN02263,TB2-D04,Delta,2021,8,2021-08-06,1,17.09,17.09,0.0,75.1,False,72.0,True,Navigation/GPS,20.5,88.7
MSN02264,TB2-D04,Delta,2021,8,2021-08-11,1,15.79,15.79,0.0,80.6,False,64.0,False,,0.0,88.7
MSN02265,TB2-D04,Delta,2021,8,2021-08-07,1,15.56,15.56,0.0,61.6,False,83.0,False,,0.0,88.7
MSN02266,TB2-D04,Delta,2021,8,2021-08-26,1,16.68,16.68,0.0,82.1,False,77.1,False,,0.0,88.7
MSN02267,TB2-D04,Delta,2021,8,2021-08-17,1,16.34,16.34,0.0,67.0,False,93.3,False,,0.0,88.7
MSN02268,TB2-D04,Delta,2021,8,2021-08-14,1,18.59,18.59,0.0,66.0,False,70.2,False,,0.0,88.7
MSN02269,TB2-D04,Delta,2021,8,2021-08-26,1,15.36,15.36,0.0,90.2,False,67.9,False,,0.0,88.7
MSN02270,TB2-D04,Delta,2021,8,2021-08-08,1,15.35,15.35,0.0,93.5,False,66.7,False,,0.0,88.7
MSN02271,TB2-D04,Delta,2021,8,2021-08-23,1,17.54,14.51,3.03,61.7,False,67.4,True,Sensor/Payload,181.8,88.7
MSN02272,TB2-D04,Delta,2021,8,2021-08-20,1,15.2,15.2,0.0,55.1,False,67.1,False,,0.0,88.7
MSN02273,TB2-D04,Delta,2021,8,2021-08-05,1,16.46,16.46,0.0,56.6,False,57.3,False,,0.0,88.7
MSN02274,TB2-D04,Delta,2021,8,2021-08-24,1,19.37,19.37,0.0,68.5,False,62.8,False,,0.0,88.7
MSN02275,TB2-D04,Delta,2021,8,2021-08-15,1,13.27,13.27,0.0,88.1,False,62.3,False,,0.0,88.7
MSN02276,TB2-D04,Delta,2021,8,2021-08-13,1,14.88,14.88,0.0,60.8,False,71.1,False,,0.0,88.7
MSN02278,TB2-D04,Delta,2021,9,2021-09-04,1,17.11,17.11,0.0,111.6,True,65.5,False,,0.0,94.2
MSN02279,TB2-D04,Delta,2021,9,2021-09-03,1,14.87,14.87,0.0,71.6,False,53.1,False,,0.0,94.2
MSN02280,TB2-D04,Delta,2021,9,2021-09-14,1,14.81,14.81,0.0,70.4,False,81.3,False,,0.0,94.2
MSN02281,TB2-D04,Delta,2021,9,2021-09-28,1,18.38,18.38,0.0,71.9,False,68.4,False,,0.0,94.2
MSN02282,TB2-D04,Delta,2021,9,2021-09-06,1,20.0,20.0,0.0,77.4,False,72.7,False,,0.0,94.2
MSN02283,TB2-D04,Delta,2021,9,2021-09-11,1,16.92,16.92,0.0,55.3,False,76.9,False,,0.0,94.2
MSN02284,TB2-D04,Delta,2021,9,2021-09-20,1,17.53,17.53,0.0,103.7,False,76.7,False,,0.0,94.2
MSN02285,TB2-D04,Delta,2021,9,2021-09-16,1,15.75,15.75,0.0,64.4,False,65.9,False,,0.0,94.2
MSN02286,TB2-D04,Delta,2021,9,2021-09-06,1,14.33,14.33,0.0,68.6,False,63.3,False,,0.0,94.2
MSN02287,TB2-D04,Delta,2021,9,2021-09-23,1,16.42,16.42,0.0,57.2,False,66.1,False,,0.0,94.2
MSN02288,TB2-D04,Delta,2021,9,2021-09-03,1,19.65,19.65,0.0,86.0,False,70.4,False,,0.0,94.2
MSN02289,TB2-D04,Delta,2021,9,2021-09-11,1,15.04,15.04,0.0,82.5,False,69.5,False,,0.0,94.2
MSN02290,TB2-D04,Delta,2021,9,2021-09-05,1,17.53,17.53,0.0,71.5,False,73.7,False,,0.0,94.2
MSN02291,TB2-D04,Delta,2021,9,2021-09-09,1,16.43,16.43,0.0,62.2,False,75.0,False,,0.0,94.2
MSN02292,TB2-D04,Delta,2021,9,2021-09-28,1,16.78,16.78,0.0,68.8,False,59.0,False,,0.0,94.2
MSN02293,TB2-D04,Delta,2021,9,2021-09-24,1,17.63,17.63,0.0,57.8,False,66.9,False,,0.0,94.2
MSN02294,TB2-D04,Delta,2021,9,2021-09-26,1,20.0,20.0,0.0,47.3,False,73.5,False,,0.0,94.2
MSN02295,TB2-D04,Delta,2021,9,2021-09-11,1,16.97,16.97,0.0,65.7,False,74.4,False,,0.0,94.2
MSN02296,TB2-D04,Delta,2021,9,2021-09-08,1,18.54,18.54,0.0,80.4,False,72.0,False,,0.0,94.2
MSN02297,TB2-D04,Delta,2021,9,2021-09-20,1,17.75,17.75,0.0,72.3,False,93.2,False,,0.0,94.2
MSN02298,TB2-D04,Delta,2021,9,2021-09-25,1,17.11,16.91,0.2,51.2,False,65.9,True,Sensor/Payload,12.0,94.2
MSN02299,TB2-D04,Delta,2021,9,2021-09-09,1,15.63,15.63,0.0,62.9,False,58.1,False,,0.0,94.2
MSN02300,TB2-D04,Delta,2021,9,2021-09-17,1,16.4,16.4,0.0,90.7,False,81.1,False,,0.0,94.2
MSN02301,TB2-D04,Delta,2021,10,2021-10-19,1,18.71,18.71,0.0,74.5,False,71.9,False,,0.0,88.4
MSN02302,TB2-D04,Delta,2021,10,2021-10-15,1,18.2,18.2,0.0,69.2,False,86.7,False,,0.0,88.4
MSN02303,TB2-D04,Delta,2021,10,2021-10-05,1,18.64,18.64,0.0,71.1,False,69.9,False,,0.0,88.4
MSN02304,TB2-D04,Delta,2021,10,2021-10-04,1,18.54,18.54,0.0,92.5,False,73.2,False,,0.0,88.4
MSN02305,TB2-D04,Delta,2021,10,2021-10-24,1,18.02,18.02,0.0,114.0,True,100.7,False,,0.0,88.4
MSN02306,TB2-D04,Delta,2021,10,2021-10-09,1,15.22,15.22,0.0,87.8,False,66.7,False,,0.0,88.4
MSN02307,TB2-D04,Delta,2021,10,2021-10-16,1,17.21,17.21,0.0,79.9,True,82.0,False,,0.0,88.4
MSN02309,TB2-D04,Delta,2021,10,2021-10-02,1,17.54,17.54,0.0,58.2,False,72.2,False,,0.0,88.4
MSN02310,TB2-D04,Delta,2021,10,2021-10-04,1,18.68,18.68,0.0,77.2,True,68.5,False,,0.0,88.4
MSN02311,TB2-D04,Delta,2021,10,2021-10-06,1,16.51,16.51,0.0,76.5,False,71.5,True,Engine,31.2,88.4
MSN02312,TB2-D04,Delta,2021,10,2021-10-20,1,14.51,14.51,0.0,45.2,False,68.6,False,,0.0,88.4
MSN02313,TB2-D04,Delta,2021,10,2021-10-03,1,20.0,20.0,0.0,83.2,False,59.0,False,,0.0,88.4
MSN02314,TB2-D04,Delta,2021,11,2021-11-09,1,16.31,16.31,0.0,58.8,False,58.2,False,,0.0,93.2
MSN02315,TB2-D04,Delta,2021,11,2021-11-02,1,19.18,19.18,0.0,63.9,False,79.6,False,,0.0,93.2
MSN02316,TB2-D04,Delta,2021,11,2021-11-02,1,17.17,17.17,0.0,63.7,False,57.6,False,,0.0,93.2
MSN02317,TB2-D04,Delta,2021,11,2021-11-25,1,20.0,20.0,0.0,52.7,False,65.8,False,,0.0,93.2
MSN02319,TB2-D04,Delta,2021,11,2021-11-17,1,16.94,16.94,0.0,111.5,True,66.4,False,,0.0,93.2
MSN02320,TB2-D04,Delta,2021,12,2021-12-27,1,16.7,16.7,0.0,60.8,False,79.4,False,,0.0,89.9
MSN02321,TB2-D04,Delta,2021,12,2021-12-20,1,17.51,17.51,0.0,76.3,False,65.1,False,,0.0,89.9
MSN02322,TB2-D04,Delta,2021,12,2021-12-20,1,20.0,20.0,0.0,63.4,False,82.2,False,,0.0,89.9
MSN02323,TB2-D04,Delta,2021,12,2021-12-07,1,17.22,17.22,0.0,72.4,False,84.4,False,,0.0,89.9
MSN02324,TB2-D04,Delta,2021,12,2021-12-27,1,20.0,20.0,0.0,59.8,False,67.2,False,,0.0,89.9
MSN02325,TB2-D04,Delta,2021,12,2021-12-01,1,16.21,16.21,0.0,150.9,True,86.8,False,,0.0,89.9
MSN02326,TB2-D04,Delta,2021,12,2021-12-26,1,16.21,16.21,0.0,46.6,False,88.9,False,,0.0,89.9
MSN02327,TB2-D04,Delta,2021,12,2021-12-10,1,20.0,20.0,0.0,63.3,False,81.5,False,,0.0,89.9
MSN02328,TB2-D04,Delta,2021,12,2021-12-22,1,15.88,15.88,0.0,84.9,False,62.6,False,,0.0,89.9
MSN02330,TB2-D04,Delta,2021,12,2021-12-15,1,13.69,13.69,0.0,156.4,True,65.0,True,Communication Link,20.7,89.9
MSN02331,TB2-D04,Delta,2021,12,2021-12-08,1,16.59,15.87,0.72,68.2,False,63.8,True,Navigation/GPS,43.2,89.9
MSN02334,TB2-D04,Delta,2022,1,2022-01-27,2,15.52,15.52,0.0,76.4,False,77.4,False,,0.0,90.6
MSN02335,TB2-D04,Delta,2022,1,2022-01-18,2,15.28,15.28,0.0,70.4,False,83.8,False,,0.0,90.6
MSN02336,TB2-D04,Delta,2022,1,2022-01-11,2,18.88,18.88,0.0,71.7,False,78.2,False,,0.0,90.6
MSN02337,TB2-D04,Delta,2022,1,2022-01-06,2,18.9,18.9,0.0,122.9,True,50.3,False,,0.0,90.6
MSN02339,TB2-D04,Delta,2022,1,2022-01-16,2,14.61,14.61,0.0,66.4,False,79.9,True,Sensor/Payload,25.9,90.6
MSN02341,TB2-D04,Delta,2022,1,2022-01-19,2,17.1,17.1,0.0,61.9,False,74.4,False,,0.0,90.6
MSN02342,TB2-D04,Delta,2022,1,2022-01-15,2,16.82,16.82,0.0,66.4,False,80.3,True,Engine,8.1,90.6
MSN02343,TB2-D04,Delta,2022,1,2022-01-09,2,18.01,18.01,0.0,83.2,False,89.9,False,,0.0,90.6
MSN02344,TB2-D04,Delta,2022,2,2022-02-07,2,15.13,15.13,0.0,95.8,False,76.5,False,,0.0,95.3
MSN02345,TB2-D04,Delta,2022,2,2022-02-26,2,17.85,17.85,0.0,75.9,False,55.7,False,,0.0,95.3
MSN02346,TB2-D04,Delta,2022,2,2022-02-01,2,16.19,16.19,0.0,61.0,False,94.0,False,,0.0,95.3
MSN02348,TB2-D04,Delta,2022,2,2022-02-14,2,15.6,15.6,0.0,73.2,False,104.8,False,,0.0,95.3
MSN02349,TB2-D04,Delta,2022,2,2022-02-17,2,12.86,12.86,0.0,91.0,False,91.6,False,,0.0,95.3
MSN02350,TB2-D04,Delta,2022,2,2022-02-14,2,15.32,15.32,0.0,79.9,False,70.4,False,,0.0,95.3
MSN02351,TB2-D04,Delta,2022,2,2022-02-20,2,13.04,13.04,0.0,78.5,False,98.2,False,,0.0,95.3
MSN02352,TB2-D04,Delta,2022,2,2022-02-24,2,15.9,15.9,0.0,71.0,False,93.8,False,,0.0,95.3
MSN02353,TB2-D04,Delta,2022,3,2022-03-05,2,15.16,15.16,0.0,75.5,False,71.1,False,,0.0,94.2
MSN02354,TB2-D04,Delta,2022,3,2022-03-19,2,14.45,14.45,0.0,98.1,False,65.9,False,,0.0,94.2
MSN02355,TB2-D04,Delta,2022,3,2022-03-15,2,17.18,17.18,0.0,87.8,False,94.4,False,,0.0,94.2
MSN02356,TB2-D04,Delta,2022,3,2022-03-24,2,15.78,15.78,0.0,74.6,False,62.0,True,Communication Link,27.5,94.2
MSN02357,TB2-D04,Delta,2022,3,2022-03-20,2,17.84,17.84,0.0,61.7,False,78.5,False,,0.0,94.2
MSN02358,TB2-D04,Delta,2022,3,2022-03-23,2,14.3,14.3,0.0,62.8,False,61.2,False,,0.0,94.2
MSN02359,TB2-D04,Delta,2022,3,2022-03-26,2,19.26,19.26,0.0,76.7,False,76.9,False,,0.0,94.2
MSN02360,TB2-D04,Delta,2022,3,2022-03-23,2,18.43,18.43,0.0,82.7,False,76.2,False,,0.0,94.2
MSN02361,TB2-D04,Delta,2022,3,2022-03-18,2,15.57,15.57,0.0,70.2,False,99.0,False,,0.0,94.2
MSN02362,TB2-D04,Delta,2022,4,2022-04-07,2,15.01,15.01,0.0,66.9,False,72.9,False,,0.0,91.9
MSN02363,TB2-D04,Delta,2022,4,2022-04-22,2,18.62,18.62,0.0,78.8,False,95.2,False,,0.0,91.9
MSN02364,TB2-D04,Delta,2022,4,2022-04-06,2,19.75,19.75,0.0,65.5,False,92.8,False,,0.0,91.9
MSN02365,TB2-D04,Delta,2022,4,2022-04-20,2,14.67,14.67,0.0,119.0,True,97.4,False,,0.0,91.9
MSN02366,TB2-D04,Delta,2022,4,2022-04-10,2,19.28,19.28,0.0,78.3,False,79.3,False,,0.0,91.9
MSN02367,TB2-D04,Delta,2022,4,2022-04-09,2,17.98,17.98,0.0,93.5,False,74.8,True,Sensor/Payload,31.2,91.9
MSN02368,TB2-D04,Delta,2022,4,2022-04-23,2,15.64,15.64,0.0,96.5,False,64.8,False,,0.0,91.9
MSN02369,TB2-D04,Delta,2022,4,2022-04-10,2,14.35,14.35,0.0,68.4,False,95.4,False,,0.0,91.9
MSN02370,TB2-D04,Delta,2022,4,2022-04-24,2,17.0,17.0,0.0,93.2,False,71.8,False,,0.0,91.9
MSN02371,TB2-D04,Delta,2022,4,2022-04-26,2,17.62,17.62,0.0,102.6,False,75.8,False,,0.0,91.9
MSN02372,TB2-D04,Delta,2022,4,2022-04-06,2,16.06,16.06,0.0,80.4,False,84.8,False,,0.0,91.9
MSN02373,TB2-D04,Delta,2022,4,2022-04-07,2,14.16,14.16,0.0,65.3,False,73.1,False,,0.0,91.9
MSN02374,TB2-D04,Delta,2022,4,2022-04-24,2,17.07,17.07,0.0,65.7,False,81.3,False,,0.0,91.9
MSN02375,TB2-D04,Delta,2022,4,2022-04-15,2,18.98,18.98,0.0,75.0,False,76.9,False,,0.0,91.9
MSN02376,TB2-D04,Delta,2022,4,2022-04-06,2,19.24,19.24,0.0,91.0,False,70.7,False,,0.0,91.9
MSN02377,TB2-D04,Delta,2022,5,2022-05-20,2,19.8,19.8,0.0,93.7,False,80.3,False,,0.0,93.2
MSN02378,TB2-D04,Delta,2022,5,2022-05-03,2,20.0,20.0,0.0,72.2,False,68.7,False,,0.0,93.2
MSN02379,TB2-D04,Delta,2022,5,2022-05-20,2,16.07,16.07,0.0,79.6,False,95.8,False,,0.0,93.2
MSN02380,TB2-D04,Delta,2022,5,2022-05-27,2,16.47,16.47,0.0,67.7,False,67.5,False,,0.0,93.2
MSN02381,TB2-D04,Delta,2022,5,2022-05-25,2,16.7,16.7,0.0,58.0,False,75.1,False,,0.0,93.2
MSN02382,TB2-D04,Delta,2022,5,2022-05-14,2,18.48,18.48,0.0,109.7,False,63.7,False,,0.0,93.2
MSN02383,TB2-D04,Delta,2022,5,2022-05-11,2,15.97,15.97,0.0,99.9,True,81.5,False,,0.0,93.2
MSN02384,TB2-D04,Delta,2022,5,2022-05-20,2,18.72,18.72,0.0,65.1,False,74.9,False,,0.0,93.2
MSN02385,TB2-D04,Delta,2022,5,2022-05-06,2,12.13,12.13,0.0,71.5,False,78.4,False,,0.0,93.2
MSN02386,TB2-D04,Delta,2022,5,2022-05-05,2,18.07,18.07,0.0,94.4,False,98.6,False,,0.0,93.2
MSN02387,TB2-D04,Delta,2022,5,2022-05-12,2,15.15,15.15,0.0,75.3,False,72.8,False,,0.0,93.2
MSN02388,TB2-D04,Delta,2022,5,2022-05-16,2,18.02,18.02,0.0,64.9,False,64.7,False,,0.0,93.2
MSN02389,TB2-D04,Delta,2022,5,2022-05-11,2,16.95,16.95,0.0,76.9,False,95.1,False,,0.0,93.2
MSN02390,TB2-D04,Delta,2022,5,2022-05-09,2,16.42,16.42,0.0,78.4,False,81.2,False,,0.0,93.2
MSN02391,TB2-D04,Delta,2022,5,2022-05-26,2,14.58,14.58,0.0,102.3,False,75.3,False,,0.0,93.2
MSN02392,TB2-D04,Delta,2022,5,2022-05-09,2,16.98,16.98,0.0,83.6,False,77.2,False,,0.0,93.2
MSN02393,TB2-D04,Delta,2022,5,2022-05-27,2,17.01,17.01,0.0,114.1,True,76.1,False,,0.0,93.2
MSN02394,TB2-D04,Delta,2022,5,2022-05-27,2,15.52,15.52,0.0,85.6,False,74.1,False,,0.0,93.2
MSN02395,TB2-D04,Delta,2022,5,2022-05-17,2,17.32,17.32,0.0,92.5,False,70.7,False,,0.0,93.2
MSN02396,TB2-D04,Delta,2022,5,2022-05-04,2,16.8,15.6,1.2,103.3,False,73.0,True,Electrical System,72.0,93.2
MSN02397,TB2-D04,Delta,2022,5,2022-05-23,2,17.54,17.54,0.0,80.4,False,77.1,False,,0.0,93.2
MSN02398,TB2-D04,Delta,2022,5,2022-05-11,2,16.14,16.14,0.0,82.3,False,70.4,False,,0.0,93.2
MSN02399,TB2-D04,Delta,2022,5,2022-05-27,2,16.7,16.7,0.0,101.2,False,92.3,False,,0.0,93.2
MSN02400,TB2-D04,Delta,2022,5,2022-05-23,2,12.32,12.32,0.0,77.5,False,84.8,False,,0.0,93.2
MSN02401,TB2-D04,Delta,2022,5,2022-05-10,2,16.85,16.85,0.0,82.9,False,66.1,False,,0.0,93.2
MSN02402,TB2-D04,Delta,2022,5,2022-05-08,2,15.48,15.48,0.0,84.6,False,90.8,False,,0.0,93.2
MSN02403,TB2-D04,Delta,2022,6,2022-06-13,2,14.09,14.09,0.0,72.7,False,76.4,True,Engine,8.6,90.8
MSN02404,TB2-D04,Delta,2022,6,2022-06-18,2,17.85,17.85,0.0,64.9,False,84.0,False,,0.0,90.8
MSN02405,TB2-D04,Delta,2022,6,2022-06-12,2,15.37,15.37,0.0,78.1,False,70.3,False,,0.0,90.8
MSN02406,TB2-D04,Delta,2022,6,2022-06-23,2,18.54,18.54,0.0,160.5,True,77.9,False,,0.0,90.8
MSN02407,TB2-D04,Delta,2022,6,2022-06-24,2,15.88,15.88,0.0,68.8,False,86.0,False,,0.0,90.8
MSN02408,TB2-D04,Delta,2022,6,2022-06-24,2,17.26,17.26,0.0,75.0,False,86.6,False,,0.0,90.8
MSN02409,TB2-D04,Delta,2022,6,2022-06-03,2,19.78,19.78,0.0,87.2,False,84.4,False,,0.0,90.8
MSN02410,TB2-D04,Delta,2022,6,2022-06-15,2,17.14,17.14,0.0,129.1,True,81.6,False,,0.0,90.8
MSN02411,TB2-D04,Delta,2022,6,2022-06-03,2,17.35,17.35,0.0,93.0,False,94.4,False,,0.0,90.8
MSN02412,TB2-D04,Delta,2022,6,2022-06-14,2,18.7,18.7,0.0,95.3,False,93.9,False,,0.0,90.8
MSN02413,TB2-D04,Delta,2022,6,2022-06-11,2,18.84,18.84,0.0,124.9,True,74.5,False,,0.0,90.8
MSN02414,TB2-D04,Delta,2022,6,2022-06-14,2,19.23,19.23,0.0,64.7,False,105.2,False,,0.0,90.8
MSN02415,TB2-D04,Delta,2022,6,2022-06-08,2,17.92,17.92,0.0,146.0,True,58.3,False,,0.0,90.8
MSN02416,TB2-D04,Delta,2022,6,2022-06-18,2,14.96,14.96,0.0,76.9,False,56.1,False,,0.0,90.8
MSN02417,TB2-D04,Delta,2022,6,2022-06-26,2,17.64,17.64,0.0,85.8,False,76.7,False,,0.0,90.8
MSN02418,TB2-D04,Delta,2022,6,2022-06-09,2,19.65,19.65,0.0,83.7,False,69.2,False,,0.0,90.8
MSN02419,TB2-D04,Delta,2022,6,2022-06-25,2,20.0,20.0,0.0,81.5,False,76.5,False,,0.0,90.8
MSN02420,TB2-D04,Delta,2022,6,2022-06-23,2,14.47,14.47,0.0,100.1,True,96.9,False,,0.0,90.8
MSN02421,TB2-D04,Delta,2022,6,2022-06-15,2,15.45,15.45,0.0,67.8,False,63.4,False,,0.0,90.8
MSN02422,TB2-D04,Delta,2022,6,2022-06-08,2,16.49,16.49,0.0,94.6,False,71.3,False,,0.0,90.8
MSN02423,TB2-D04,Delta,2022,6,2022-06-20,2,17.89,17.89,0.0,80.6,False,65.2,False,,0.0,90.8
MSN02424,TB2-D04,Delta,2022,6,2022-06-23,2,19.93,19.93,0.0,92.6,False,96.3,False,,0.0,90.8
MSN02425,TB2-D04,Delta,2022,6,2022-06-04,2,15.25,15.25,0.0,85.5,False,76.6,False,,0.0,90.8
MSN02426,TB2-D04,Delta,2022,6,2022-06-11,2,15.91,15.91,0.0,84.8,False,79.4,True,Communication Link,37.4,90.8
MSN02427,TB2-D04,Delta,2022,6,2022-06-05,2,14.67,14.67,0.0,78.7,False,83.6,False,,0.0,90.8
MSN02428,TB2-D04,Delta,2022,6,2022-06-11,2,16.08,16.08,0.0,87.4,False,93.2,False,,0.0,90.8
MSN02429,TB2-D04,Delta,2022,6,2022-06-01,2,15.06,15.06,0.0,69.3,False,83.1,False,,0.0,90.8
MSN02430,TB2-D04,Delta,2022,6,2022-06-07,2,18.64,18.64,0.0,122.7,True,99.4,False,,0.0,90.8
MSN02431,TB2-D04,Delta,2022,6,2022-06-25,2,19.55,19.55,0.0,78.3,False,88.7,False,,0.0,90.8
MSN02432,TB2-D04,Delta,2022,6,2022-06-28,2,16.93,16.93,0.0,90.6,False,83.1,False,,0.0,90.8
MSN02434,TB2-D04,Delta,2022,7,2022-07-09,2,17.2,17.2,0.0,83.0,False,85.1,False,,0.0,98.3
MSN02435,TB2-D04,Delta,2022,7,2022-07-23,2,20.0,20.0,0.0,83.3,False,68.6,False,,0.0,98.3
MSN02436,TB2-D04,Delta,2022,7,2022-07-28,2,14.62,14.62,0.0,89.1,True,96.7,False,,0.0,98.3
MSN02437,TB2-D04,Delta,2022,7,2022-07-18,2,16.36,16.36,0.0,125.4,True,93.1,False,,0.0,98.3
MSN02438,TB2-D04,Delta,2022,7,2022-07-04,2,20.0,20.0,0.0,76.2,False,50.4,False,,0.0,98.3
MSN02439,TB2-D04,Delta,2022,7,2022-07-12,2,18.75,18.75,0.0,86.8,False,80.4,False,,0.0,98.3
MSN02440,TB2-D04,Delta,2022,7,2022-07-21,2,18.84,18.84,0.0,78.4,False,83.8,False,,0.0,98.3
MSN02441,TB2-D04,Delta,2022,7,2022-07-13,2,19.15,19.15,0.0,88.3,False,69.0,False,,0.0,98.3
MSN02442,TB2-D04,Delta,2022,7,2022-07-04,2,15.87,15.87,0.0,85.7,False,64.2,False,,0.0,98.3
MSN02443,TB2-D04,Delta,2022,7,2022-07-08,2,17.55,17.55,0.0,80.0,False,71.8,False,,0.0,98.3
MSN02444,TB2-D04,Delta,2022,7,2022-07-03,2,16.93,16.93,0.0,57.3,False,80.2,False,,0.0,98.3
MSN02445,TB2-D04,Delta,2022,7,2022-07-21,2,18.69,18.69,0.0,86.4,False,95.2,True,Communication Link,16.6,98.3
MSN02447,TB2-D04,Delta,2022,7,2022-07-20,2,17.71,17.71,0.0,81.2,False,73.0,False,,0.0,98.3
MSN02448,TB2-D04,Delta,2022,7,2022-07-09,2,16.37,16.37,0.0,96.8,False,75.5,False,,0.0,98.3
MSN02449,TB2-D02,Delta,2022,8,2022-08-03,0,18.71,18.71,0.0,74.8,False,62.4,False,,0.0,97.7
MSN02450,TB2-D02,Delta,2022,8,2022-08-15,0,16.58,16.58,0.0,55.9,False,58.0,False,,0.0,97.7
MSN02451,TB2-D04,Delta,2022,8,2022-08-09,2,19.95,19.95,0.0,158.8,True,58.5,False,,0.0,91.0
MSN02452,TB2-D02,Delta,2022,8,2022-08-03,0,14.76,14.76,0.0,58.9,False,52.1,False,,0.0,97.7
MSN02453,TB2-D02,Delta,2022,8,2022-08-10,0,17.58,17.58,0.0,73.5,False,55.9,False,,0.0,97.7
MSN02454,TB2-D04,Delta,2022,8,2022-08-10,2,14.59,9.53,5.06,73.1,False,82.3,True,Communication Link,303.6,91.0
MSN02455,TB2-D04,Delta,2022,8,2022-08-19,2,18.74,17.64,1.1,62.1,False,73.1,True,Engine,66.0,91.0
MSN02456,TB2-D02,Delta,2022,8,2022-08-17,0,16.1,16.1,0.0,42.2,False,79.3,False,,0.0,97.7
MSN02457,TB2-D04,Delta,2022,8,2022-08-07,2,14.52,14.52,0.0,79.8,False,58.7,True,Engine,22.6,91.0
MSN02458,TB2-D04,Delta,2022,8,2022-08-17,2,17.45,17.45,0.0,81.6,False,78.7,False,,0.0,91.0
MSN02459,TB2-D02,Delta,2022,8,2022-08-14,0,16.6,16.6,0.0,73.8,False,66.6,False,,0.0,97.7
MSN02460,TB2-D04,Delta,2022,8,2022-08-01,2,19.06,19.06,0.0,90.2,False,85.5,False,,0.0,91.0
MSN02461,TB2-D04,Delta,2022,8,2022-08-28,2,20.0,20.0,0.0,75.4,False,77.5,False,,0.0,91.0
MSN02462,TB2-D02,Delta,2022,8,2022-08-08,0,18.12,18.12,0.0,80.3,False,39.1,False,,0.0,97.7
MSN02463,TB2-D04,Delta,2022,8,2022-08-10,2,15.59,15.59,0.0,117.8,True,97.6,False,,0.0,91.0
MSN02464,TB2-D02,Delta,2022,8,2022-08-20,0,17.62,17.62,0.0,55.6,False,54.2,False,,0.0,97.7
MSN02465,TB2-D04,Delta,2022,8,2022-08-21,2,18.08,18.08,0.0,74.8,False,86.4,False,,0.0,91.0
MSN02466,TB2-D02,Delta,2022,8,2022-08-27,0,20.0,20.0,0.0,49.2,False,43.9,False,,0.0,97.7
MSN02467,TB2-D04,Delta,2022,8,2022-08-01,2,16.54,16.54,0.0,91.8,False,84.9,False,,0.0,91.0
MSN02468,TB2-D02,Delta,2022,8,2022-08-13,0,18.6,18.6,0.0,58.1,False,52.3,False,,0.0,97.7
MSN02469,TB2-D02,Delta,2022,8,2022-08-22,0,15.57,15.57,0.0,82.3,False,73.4,False,,0.0,97.7
MSN02470,TB2-D02,Delta,2022,8,2022-08-20,0,17.81,17.81,0.0,51.2,False,76.2,False,,0.0,97.7
MSN02471,TB2-D04,Delta,2022,8,2022-08-25,2,16.42,16.42,0.0,100.9,False,96.9,False,,0.0,91.0
MSN02472,TB2-D02,Delta,2022,8,2022-08-14,0,16.04,16.04,0.0,79.5,False,45.4,False,,0.0,97.7
MSN02473,TB2-D04,Delta,2022,8,2022-08-11,2,18.02,18.02,0.0,82.9,False,54.3,False,,0.0,91.0
MSN02474,TB2-D02,Delta,2022,9,2022-09-27,0,17.96,17.96,0.0,60.6,False,54.4,False,,0.0,94.4
MSN02475,TB2-D02,Delta,2022,9,2022-09-24,0,20.0,20.0,0.0,55.2,False,71.6,False,,0.0,94.4
MSN02476,TB2-D02,Delta,2022,9,2022-09-26,0,20.0,20.0,0.0,56.3,False,47.9,False,,0.0,94.4
MSN02477,TB2-D02,Delta,2022,9,2022-09-06,0,18.56,18.56,0.0,56.0,False,44.7,False,,0.0,94.4
MSN02478,TB2-D02,Delta,2022,9,2022-09-19,0,13.25,13.25,0.0,74.3,False,89.7,False,,0.0,94.4
MSN02479,TB2-D04,Delta,2022,9,2022-09-23,2,17.55,17.55,0.0,76.8,False,87.7,True,Control Surface,36.5,90.4
MSN02480,TB2-D02,Delta,2022,9,2022-09-21,0,15.68,15.68,0.0,54.6,False,46.7,False,,0.0,94.4
MSN02481,TB2-D02,Delta,2022,9,2022-09-04,0,15.66,15.66,0.0,60.9,False,42.3,False,,0.0,94.4
MSN02482,TB2-D02,Delta,2022,9,2022-09-12,0,15.67,15.67,0.0,54.1,False,51.6,False,,0.0,94.4
MSN02483,TB2-D02,Delta,2022,9,2022-09-07,0,20.0,20.0,0.0,48.4,False,51.4,False,,0.0,94.4
MSN02484,TB2-D02,Delta,2022,9,2022-09-25,0,17.47,17.47,0.0,47.5,False,53.2,False,,0.0,94.4
MSN02485,TB2-D02,Delta,2022,9,2022-09-25,0,14.39,14.39,0.0,69.9,False,59.7,False,,0.0,94.4
MSN02486,TB2-D04,Delta,2022,9,2022-09-05,2,15.9,15.9,0.0,69.9,False,79.8,False,,0.0,90.4
MSN02487,TB2-D02,Delta,2022,9,2022-09-16,0,17.09,17.09,0.0,81.7,False,55.7,False,,0.0,94.4
MSN02488,TB2-D02,Delta,2022,9,2022-09-21,0,20.0,20.0,0.0,43.7,False,61.8,False,,0.0,94.4
MSN02489,TB2-D04,Delta,2022,10,2022-10-15,2,19.95,19.95,0.0,84.8,False,71.5,False,,0.0,93.7
MSN02490,TB2-D04,Delta,2022,10,2022-10-12,2,15.69,15.69,0.0,80.2,False,85.9,False,,0.0,93.7
MSN02491,TB2-D02,Delta,2022,10,2022-10-06,0,15.31,15.31,0.0,46.9,False,53.2,False,,0.0,93.1
MSN02492,TB2-D02,Delta,2022,10,2022-10-19,0,18.01,18.01,0.0,74.1,False,51.4,False,,0.0,93.1
MSN02493,TB2-D02,Delta,2022,10,2022-10-27,0,14.02,14.02,0.0,71.8,False,57.1,False,,0.0,93.1
MSN02494,TB2-D02,Delta,2022,10,2022-10-17,0,18.15,18.15,0.0,63.9,False,69.1,False,,0.0,93.1
MSN02495,TB2-D04,Delta,2022,10,2022-10-05,2,15.81,15.81,0.0,69.3,False,79.2,True,Navigation/GPS,27.7,93.7
MSN02496,TB2-D02,Delta,2022,10,2022-10-18,0,13.84,13.84,0.0,52.0,False,67.9,False,,0.0,93.1
MSN02497,TB2-D04,Delta,2022,10,2022-10-25,2,18.05,18.05,0.0,75.7,False,69.4,False,,0.0,93.7
MSN02498,TB2-D02,Delta,2022,10,2022-10-18,0,20.0,20.0,0.0,54.2,False,54.3,False,,0.0,93.1
MSN02499,TB2-D02,Delta,2022,10,2022-10-17,0,12.83,12.83,0.0,56.1,False,83.6,True,Navigation/GPS,21.9,93.1
MSN02500,TB2-D04,Delta,2022,10,2022-10-04,2,18.22,18.22,0.0,100.8,False,68.8,False,,0.0,93.7
MSN02501,TB2-D02,Delta,2022,10,2022-10-17,0,16.88,16.88,0.0,61.6,False,47.1,False,,0.0,93.1
MSN02502,TB2-D02,Delta,2022,10,2022-10-08,0,16.97,16.97,0.0,61.2,False,55.3,False,,0.0,93.1
MSN02504,TB2-D04,Delta,2022,11,2022-11-06,2,17.99,17.99,0.0,69.3,False,86.4,False,,0.0,91.9
MSN02505,TB2-D04,Delta,2022,11,2022-11-03,2,17.08,17.08,0.0,115.9,True,66.6,False,,0.0,91.9
MSN02506,TB2-D02,Delta,2022,11,2022-11-16,0,17.46,17.46,0.0,78.2,False,34.0,False,,0.0,97.4
MSN02507,TB2-D04,Delta,2022,11,2022-11-27,2,15.57,15.57,0.0,98.5,False,103.4,False,,0.0,91.9
MSN02508,TB2-D04,Delta,2022,11,2022-11-23,2,19.69,18.73,0.96,77.2,False,50.1,True,Navigation/GPS,57.6,91.9
MSN02509,TB2-D02,Delta,2022,11,2022-11-02,0,17.89,17.89,0.0,59.9,False,61.3,False,,0.0,97.4
MSN02510,TB2-D02,Delta,2022,11,2022-11-15,0,16.91,16.91,0.0,61.2,False,52.5,False,,0.0,97.4
MSN02512,TB2-D02,Delta,2022,11,2022-11-25,0,16.67,16.67,0.0,56.7,False,63.7,False,,0.0,97.4
MSN02513,TB2-D04,Delta,2022,11,2022-11-14,2,18.86,18.86,0.0,66.4,False,92.2,False,,0.0,91.9
MSN02514,TB2-D04,Delta,2022,11,2022-11-14,2,17.52,17.52,0.0,76.2,False,71.9,False,,0.0,91.9
MSN02516,TB2-D04,Delta,2022,11,2022-11-10,2,17.51,17.51,0.0,63.9,False,88.8,False,,0.0,91.9
MSN02517,TB2-D02,Delta,2022,11,2022-11-22,0,20.0,20.0,0.0,55.5,False,50.3,False,,0.0,97.4
MSN02518,TB2-D04,Delta,2022,11,2022-11-14,2,18.24,18.24,0.0,92.9,False,77.3,False,,0.0,91.9
MSN02520,TB2-D04,Delta,2022,12,2022-12-08,2,15.24,15.24,0.0,86.0,False,68.7,False,,0.0,89.2
MSN02521,TB2-D02,Delta,2022,12,2022-12-28,0,17.57,17.57,0.0,69.3,False,69.1,False,,0.0,93.0
MSN02523,TB2-D02,Delta,2022,12,2022-12-07,0,17.3,17.3,0.0,36.5,False,54.6,False,,0.0,93.0
MSN02524,TB2-D02,Delta,2022,12,2022-12-04,0,16.65,16.65,0.0,106.9,True,40.9,False,,0.0,93.0
MSN02525,TB2-D04,Delta,2022,12,2022-12-26,2,14.4,14.4,0.0,79.0,False,68.1,False,,0.0,89.2
MSN02526,TB2-D04,Delta,2022,12,2022-12-02,2,17.91,17.91,0.0,91.1,False,67.9,False,,0.0,89.2
MSN02527,TB2-D02,Delta,2022,12,2022-12-20,0,18.44,18.44,0.0,62.9,False,85.6,False,,0.0,93.0
MSN02529,TB2-D04,Delta,2022,12,2022-12-20,2,20.0,20.0,0.0,91.0,False,92.8,False,,0.0,89.2
MSN02530,TB2-D02,Delta,2022,12,2022-12-25,0,17.62,17.62,0.0,30.0,False,43.1,False,,0.0,93.0
MSN02532,TB2-D02,Delta,2022,12,2022-12-15,0,16.67,16.67,0.0,52.8,False,64.8,False,,0.0,93.0
MSN02533,TB2-D04,Delta,2022,12,2022-12-23,2,15.26,15.26,0.0,90.1,False,79.9,False,,0.0,89.2
MSN02534,TB2-D02,Delta,2022,12,2022-12-26,0,17.82,17.82,0.0,60.4,False,47.9,False,,0.0,93.0
MSN02535,TB2-D04,Delta,2023,1,2023-01-01,3,18.01,18.01,0.0,78.3,False,87.7,False,,0.0,91.5
MSN02536,TB2-D04,Delta,2023,1,2023-01-05,3,20.0,20.0,0.0,99.0,False,85.9,False,,0.0,91.5
MSN02538,TB2-D02,Delta,2023,1,2023-01-12,1,20.0,20.0,0.0,71.4,False,66.3,True,Communication Link,31.8,94.4
MSN02539,TB2-D02,Delta,2023,1,2023-01-12,1,18.13,18.13,0.0,85.0,False,58.1,False,,0.0,94.4
MSN02540,TB2-D02,Delta,2023,1,2023-01-18,1,17.42,17.42,0.0,83.9,False,62.6,False,,0.0,94.4
MSN02541,TB2-D04,Delta,2023,1,2023-01-26,3,15.0,15.0,0.0,107.6,False,87.0,False,,0.0,91.5
MSN02542,TB2-D04,Delta,2023,1,2023-01-12,3,14.76,14.76,0.0,101.5,True,83.0,False,,0.0,91.5
MSN02543,TB2-D02,Delta,2023,1,2023-01-11,1,17.13,17.13,0.0,88.8,False,94.0,False,,0.0,94.4
MSN02544,TB2-D04,Delta,2023,2,2023-02-08,3,15.61,15.61,0.0,123.6,False,75.7,False,,0.0,91.2
MSN02546,TB2-D02,Delta,2023,2,2023-02-23,1,15.59,15.59,0.0,78.1,False,60.2,False,,0.0,89.5
MSN02547,TB2-D02,Delta,2023,2,2023-02-13,1,17.6,17.6,0.0,74.2,False,73.7,False,,0.0,89.5
MSN02548,TB2-D04,Delta,2023,2,2023-02-04,3,16.82,16.82,0.0,115.0,False,77.9,False,,0.0,91.2
MSN02550,TB2-D04,Delta,2023,2,2023-02-03,3,15.44,15.44,0.0,100.8,False,95.7,False,,0.0,91.2
MSN02551,TB2-D02,Delta,2023,2,2023-02-09,1,14.73,14.73,0.0,53.3,False,84.4,False,,0.0,89.5
MSN02552,TB2-D02,Delta,2023,2,2023-02-01,1,18.83,18.83,0.0,68.4,False,75.3,False,,0.0,89.5
MSN02553,TB2-D02,Delta,2023,2,2023-02-16,1,16.19,16.19,0.0,75.4,False,75.7,False,,0.0,89.5
MSN02554,TB2-D04,Delta,2023,2,2023-02-20,3,15.04,15.04,0.0,94.0,False,83.6,False,,0.0,91.2
MSN02555,TB2-D02,Delta,2023,2,2023-02-18,1,13.2,10.26,2.94,71.6,False,66.8,True,Navigation/GPS,176.4,89.5
MSN02556,TB2-D04,Delta,2023,2,2023-02-15,3,17.78,17.78,0.0,74.4,False,77.5,False,,0.0,91.2
MSN02557,TB2-D02,Delta,2023,3,2023-03-26,1,13.27,13.27,0.0,75.9,False,70.8,False,,0.0,89.4
MSN02558,TB2-D04,Delta,2023,3,2023-03-07,3,17.08,17.08,0.0,82.3,False,97.4,False,,0.0,93.1
MSN02559,TB2-D04,Delta,2023,3,2023-03-01,3,17.58,17.58,0.0,77.9,False,119.5,False,,0.0,93.1
MSN02561,TB2-D04,Delta,2023,3,2023-03-09,3,18.25,18.25,0.0,99.1,False,58.5,True,Navigation/GPS,39.7,93.1
MSN02562,TB2-D04,Delta,2023,3,2023-03-09,3,19.63,19.63,0.0,74.6,False,82.8,False,,0.0,93.1
MSN02563,TB2-D04,Delta,2023,3,2023-03-05,3,19.52,19.52,0.0,113.8,False,76.7,False,,0.0,93.1
MSN02564,TB2-D02,Delta,2023,3,2023-03-06,1,17.51,17.51,0.0,148.9,True,58.1,False,,0.0,89.4
MSN02565,TB2-D02,Delta,2023,3,2023-03-01,1,14.72,14.72,0.0,50.0,False,74.4,False,,0.0,89.4
MSN02566,TB2-D02,Delta,2023,4,2023-04-24,1,18.98,18.98,0.0,52.2,False,41.0,False,,0.0,90.0
MSN02567,TB2-D02,Delta,2023,4,2023-04-05,1,19.32,19.32,0.0,57.6,False,91.0,False,,0.0,90.0
MSN02569,TB2-D04,Delta,2023,4,2023-04-21,3,17.88,17.88,0.0,109.8,False,104.8,False,,0.0,90.6
MSN02570,TB2-D04,Delta,2023,4,2023-04-21,3,20.0,20.0,0.0,90.2,False,55.6,False,,0.0,90.6
MSN02571,TB2-D02,Delta,2023,4,2023-04-19,1,11.89,11.89,0.0,78.0,False,81.2,False,,0.0,90.0
MSN02573,TB2-D04,Delta,2023,4,2023-04-07,3,16.63,16.63,0.0,90.8,False,84.6,False,,0.0,90.6
MSN02574,TB2-D02,Delta,2023,4,2023-04-10,1,17.48,17.48,0.0,56.1,False,69.9,False,,0.0,90.0
MSN02575,TB2-D01,Delta,2023,4,2023-04-02,0,14.3,14.3,0.0,52.7,False,30.0,False,,0.0,82.8
MSN02576,TB2-D02,Delta,2023,4,2023-04-03,1,19.85,19.85,0.0,75.7,False,93.9,False,,0.0,90.0
MSN02577,TB2-D04,Delta,2023,4,2023-04-14,3,17.75,17.75,0.0,97.2,False,89.7,False,,0.0,90.6
MSN02578,TB2-D04,Delta,2023,4,2023-04-22,3,19.2,19.2,0.0,109.1,False,85.2,False,,0.0,90.6
MSN02579,TB2-D02,Delta,2023,4,2023-04-12,1,17.19,17.19,0.0,86.3,True,85.0,True,Control Surface,17.5,90.0
MSN02580,TB2-D02,Delta,2023,4,2023-04-25,1,15.38,15.38,0.0,70.9,False,82.5,False,,0.0,90.0
MSN02581,TB2-D04,Delta,2023,4,2023-04-22,3,17.37,17.37,0.0,86.6,False,79.4,False,,0.0,90.6
MSN02582,TB2-D01,Delta,2023,4,2023-04-04,0,17.39,17.39,0.0,55.2,False,66.6,False,,0.0,82.8
MSN02583,TB2-D04,Delta,2023,4,2023-04-15,3,16.49,16.49,0.0,91.7,False,88.3,False,,0.0,90.6
MSN02584,TB2-D04,Delta,2023,4,2023-04-24,3,20.0,20.0,0.0,80.9,False,95.9,True,Electrical System,13.9,90.6
MSN02585,TB2-D01,Delta,2023,5,2023-05-23,0,18.84,18.84,0.0,62.8,False,59.5,False,,0.0,87.0
MSN02586,TB2-D04,Delta,2023,5,2023-05-12,3,20.0,20.0,0.0,64.1,False,83.5,False,,0.0,94.8
MSN02587,TB2-D01,Delta,2023,5,2023-05-18,0,14.1,13.37,0.73,63.6,False,50.9,True,Sensor/Payload,43.8,87.0
MSN02588,TB2-D02,Delta,2023,5,2023-05-20,1,15.87,15.87,0.0,54.0,False,70.6,False,,0.0,92.0
MSN02589,TB2-D01,Delta,2023,5,2023-05-03,0,17.43,17.43,0.0,59.7,False,44.5,False,,0.0,87.0
MSN02590,TB2-D02,Delta,2023,5,2023-05-07,1,16.21,16.21,0.0,77.4,False,57.4,False,,0.0,92.0
MSN02591,TB2-D01,Delta,2023,5,2023-05-20,0,16.79,16.79,0.0,39.7,False,86.1,False,,0.0,87.0
MSN02592,TB2-D01,Delta,2023,5,2023-05-08,0,16.27,16.27,0.0,96.4,False,55.7,False,,0.0,87.0
MSN02593,TB2-D01,Delta,2023,5,2023-05-06,0,17.28,17.28,0.0,30.0,False,90.0,False,,0.0,87.0
MSN02594,TB2-D04,Delta,2023,5,2023-05-03,3,19.74,19.74,0.0,83.9,False,81.0,False,,0.0,94.8
MSN02595,TB2-D04,Delta,2023,5,2023-05-23,3,18.25,18.25,0.0,86.7,False,107.9,False,,0.0,94.8
MSN02596,TB2-D01,Delta,2023,5,2023-05-16,0,15.31,15.31,0.0,49.9,False,30.0,False,,0.0,87.0
MSN02597,TB2-D02,Delta,2023,5,2023-05-02,1,20.0,20.0,0.0,63.6,False,59.5,False,,0.0,92.0
MSN02598,TB2-D04,Delta,2023,5,2023-05-10,3,16.49,16.49,0.0,91.5,False,76.9,False,,0.0,94.8
MSN02599,TB2-D01,Delta,2023,5,2023-05-28,0,17.95,17.95,0.0,56.0,False,72.0,False,,0.0,87.0
MSN02600,TB2-D02,Delta,2023,5,2023-05-08,1,17.33,17.33,0.0,46.1,False,66.6,False,,0.0,92.0
MSN02601,TB2-D02,Delta,2023,5,2023-05-05,1,17.72,17.72,0.0,83.8,False,65.2,False,,0.0,92.0
MSN02603,TB2-D04,Delta,2023,5,2023-05-07,3,17.66,17.66,0.0,91.8,False,88.4,False,,0.0,94.8
MSN02604,TB2-D01,Delta,2023,5,2023-05-02,0,14.38,14.38,0.0,71.5,False,74.2,False,,0.0,87.0
MSN02605,TB2-D02,Delta,2023,5,2023-05-04,1,18.14,18.14,0.0,78.9,False,76.0,False,,0.0,92.0
MSN02606,TB2-D02,Delta,2023,5,2023-05-01,1,16.3,16.3,0.0,88.5,False,78.8,False,,0.0,92.0
MSN02607,TB2-D04,Delta,2023,5,2023-05-26,3,17.01,17.01,0.0,80.4,False,109.1,False,,0.0,94.8
MSN02608,TB2-D02,Delta,2023,5,2023-05-02,1,19.45,19.45,0.0,100.9,False,63.1,False,,0.0,92.0
MSN02609,TB2-D04,Delta,2023,5,2023-05-11,3,17.76,15.79,1.97,79.7,False,113.5,True,Electrical System,118.2,94.8
MSN02610,TB2-D01,Delta,2023,6,2023-06-21,0,14.18,14.18,0.0,41.1,False,60.4,False,,0.0,87.5
MSN02611,TB2-D01,Delta,2023,6,2023-06-12,0,18.49,18.49,0.0,40.7,False,62.5,False,,0.0,87.5
MSN02612,TB2-D02,Delta,2023,6,2023-06-14,1,15.61,15.61,0.0,58.4,False,60.6,False,,0.0,93.0
MSN02613,TB2-D04,Delta,2023,6,2023-06-26,3,16.83,16.83,0.0,80.4,False,105.1,False,,0.0,91.7
MSN02614,TB2-D01,Delta,2023,6,2023-06-16,0,17.91,17.91,0.0,64.4,False,67.3,False,,0.0,87.5
MSN02615,TB2-D04,Delta,2023,6,2023-06-10,3,16.37,16.37,0.0,92.9,False,109.7,True,Engine,42.9,91.7
MSN02616,TB2-D01,Delta,2023,6,2023-06-24,0,14.89,14.89,0.0,65.3,False,58.6,False,,0.0,87.5
MSN02617,TB2-D02,Delta,2023,6,2023-06-14,1,15.87,15.87,0.0,74.8,False,73.0,False,,0.0,93.0
MSN02618,TB2-D02,Delta,2023,6,2023-06-28,1,15.55,15.55,0.0,65.0,False,80.9,False,,0.0,93.0
MSN02619,TB2-D02,Delta,2023,6,2023-06-02,1,16.67,16.67,0.0,93.7,False,67.3,False,,0.0,93.0
MSN02620,TB2-D04,Delta,2023,6,2023-06-05,3,17.07,17.07,0.0,90.8,False,84.0,False,,0.0,91.7
MSN02621,TB2-D01,Delta,2023,6,2023-06-15,0,16.89,16.89,0.0,60.0,False,52.8,False,,0.0,87.5
MSN02622,TB2-D04,Delta,2023,6,2023-06-21,3,13.91,13.91,0.0,80.1,False,90.2,False,,0.0,91.7
MSN02623,TB2-D02,Delta,2023,6,2023-06-08,1,20.0,20.0,0.0,83.7,False,66.2,False,,0.0,93.0
MSN02624,TB2-D01,Delta,2023,6,2023-06-20,0,17.83,17.83,0.0,81.2,False,49.9,False,,0.0,87.5
MSN02625,TB2-D02,Delta,2023,6,2023-06-28,1,19.21,19.21,0.0,62.5,False,61.4,False,,0.0,93.0
MSN02626,TB2-D01,Delta,2023,6,2023-06-05,0,17.34,17.34,0.0,36.4,False,63.3,False,,0.0,87.5
MSN02627,TB2-D04,Delta,2023,6,2023-06-07,3,19.56,19.56,0.0,75.8,False,70.5,False,,0.0,91.7
MSN02628,TB2-D04,Delta,2023,6,2023-06-14,3,18.36,18.36,0.0,104.7,False,86.7,True,Communication Link,38.6,91.7
MSN02629,TB2-D04,Delta,2023,6,2023-06-10,3,19.65,19.65,0.0,90.9,False,86.3,False,,0.0,91.7
MSN02630,TB2-D04,Delta,2023,6,2023-06-21,3,19.04,19.04,0.0,79.1,False,89.6,True,Communication Link,22.6,91.7
MSN02631,TB2-D04,Delta,2023,6,2023-06-26,3,15.93,15.93,0.0,71.9,False,87.6,False,,0.0,91.7
MSN02632,TB2-D03,Delta,2023,7,2023-07-28,0,16.94,16.94,0.0,49.6,False,70.6,False,,0.0,86.9
MSN02633,TB2-D01,Delta,2023,7,2023-07-27,0,16.54,16.54,0.0,50.1,False,45.6,False,,0.0,81.7
MSN02634,TB2-D03,Delta,2023,7,2023-07-18,0,18.57,18.57,0.0,56.4,False,51.6,False,,0.0,86.9
MSN02635,TB2-D02,Delta,2023,7,2023-07-27,1,17.8,17.8,0.0,105.0,True,57.7,False,,0.0,92.9
MSN02637,TB2-D04,Delta,2023,7,2023-07-23,3,15.77,15.77,0.0,113.0,False,83.8,False,,0.0,90.2
MSN02638,TB2-D04,Delta,2023,7,2023-07-03,3,16.59,16.59,0.0,112.9,False,107.6,False,,0.0,90.2
MSN02639,TB2-D03,Delta,2023,7,2023-07-12,0,16.7,16.7,0.0,57.0,False,46.3,False,,0.0,86.9
MSN02640,TB2-D04,Delta,2023,7,2023-07-28,3,16.89,16.89,0.0,88.2,False,45.7,False,,0.0,90.2
MSN02641,TB2-D02,Delta,2023,7,2023-07-24,1,17.36,17.36,0.0,71.9,False,55.8,False,,0.0,92.9
MSN02642,TB2-D02,Delta,2023,7,2023-07-02,1,18.39,18.39,0.0,76.1,False,59.7,False,,0.0,92.9
MSN02643,TB2-D02,Delta,2023,7,2023-07-12,1,15.42,15.42,0.0,82.8,False,54.1,False,,0.0,92.9
MSN02644,TB2-D02,Delta,2023,7,2023-07-09,1,18.77,18.77,0.0,127.1,True,74.2,False,,0.0,92.9
MSN02645,TB2-D04,Delta,2023,7,2023-07-13,3,15.91,15.91,0.0,65.1,False,84.3,False,,0.0,90.2
MSN02646,TB2-D04,Delta,2023,7,2023-07-07,3,17.28,17.28,0.0,137.5,True,110.4,False,,0.0,90.2
MSN02647,TB2-D01,Delta,2023,7,2023-07-02,0,20.0,20.0,0.0,91.4,True,74.8,False,,0.0,81.7
MSN02648,TB2-D02,Delta,2023,7,2023-07-18,1,17.51,17.51,0.0,49.0,False,56.5,False,,0.0,92.9
MSN02649,TB2-D02,Delta,2023,7,2023-07-13,1,17.92,17.92,0.0,111.5,True,76.7,False,,0.0,92.9
MSN02650,TB2-D04,Delta,2023,7,2023-07-28,3,13.91,13.91,0.0,74.9,False,78.4,False,,0.0,90.2
MSN02651,TB2-D01,Delta,2023,7,2023-07-23,0,16.46,16.46,0.0,58.8,False,79.4,False,,0.0,81.7
MSN02652,TB2-D01,Delta,2023,7,2023-07-14,0,18.01,18.01,0.0,113.4,True,64.7,False,,0.0,81.7
MSN02653,TB2-D04,Delta,2023,7,2023-07-07,3,18.25,18.25,0.0,110.9,False,98.4,False,,0.0,90.2
MSN02654,TB2-D02,Delta,2023,7,2023-07-03,1,17.91,17.91,0.0,71.8,False,78.4,False,,0.0,92.9
MSN02655,TB2-D03,Delta,2023,7,2023-07-08,0,17.47,17.47,0.0,59.5,False,55.3,False,,0.0,86.9
MSN02656,TB2-D04,Delta,2023,7,2023-07-18,3,18.35,18.35,0.0,94.2,False,91.3,False,,0.0,90.2
MSN02657,TB2-D03,Delta,2023,7,2023-07-13,0,18.15,18.15,0.0,102.5,True,75.1,False,,0.0,86.9
MSN02658,TB2-D04,Delta,2023,8,2023-08-23,3,20.0,20.0,0.0,101.1,False,103.6,False,,0.0,90.2
MSN02659,TB2-D04,Delta,2023,8,2023-08-10,3,18.57,18.57,0.0,88.7,False,88.9,False,,0.0,90.2
MSN02660,TB2-D03,Delta,2023,8,2023-08-26,0,16.84,16.84,0.0,58.0,False,58.4,False,,0.0,79.4
MSN02661,TB2-D01,Delta,2023,8,2023-08-06,0,19.16,19.16,0.0,52.9,False,47.0,False,,0.0,81.7
MSN02662,TB2-D03,Delta,2023,8,2023-08-08,0,19.9,19.9,0.0,39.9,False,66.6,False,,0.0,79.4
MSN02663,TB2-D04,Delta,2023,8,2023-08-26,3,14.99,14.99,0.0,78.0,False,86.1,False,,0.0,90.2
MSN02664,TB2-D03,Delta,2023,8,2023-08-04,0,18.15,18.15,0.0,95.4,True,34.2,False,,0.0,79.4
MSN02665,TB2-D04,Delta,2023,8,2023-08-08,3,13.8,13.8,0.0,80.6,False,80.5,False,,0.0,90.2
MSN02666,TB2-D04,Delta,2023,8,2023-08-12,3,16.85,16.85,0.0,74.3,False,104.2,False,,0.0,90.2
MSN02667,TB2-D03,Delta,2023,8,2023-08-03,0,15.11,15.11,0.0,65.5,False,76.5,False,,0.0,79.4
MSN02668,TB2-D01,Delta,2023,8,2023-08-11,0,14.96,14.96,0.0,91.3,False,61.3,False,,0.0,81.7
MSN02669,TB2-D01,Delta,2023,8,2023-08-22,0,14.64,14.64,0.0,43.5,False,71.1,False,,0.0,81.7
MSN02670,TB2-D03,Delta,2023,8,2023-08-11,0,17.33,17.33,0.0,64.0,False,75.4,False,,0.0,79.4
MSN02671,TB2-D04,Delta,2023,8,2023-08-14,3,16.0,16.0,0.0,109.2,False,110.8,False,,0.0,90.2
MSN02672,TB2-D04,Delta,2023,8,2023-08-09,3,20.0,20.0,0.0,84.1,False,72.2,False,,0.0,90.2
MSN02673,TB2-D01,Delta,2023,8,2023-08-19,0,19.48,12.33,7.15,60.1,False,39.7,True,Navigation/GPS,429.0,81.7
MSN02674,TB2-D02,Delta,2023,8,2023-08-20,1,20.0,20.0,0.0,67.6,False,71.2,False,,0.0,85.5
MSN02675,TB2-D04,Delta,2023,8,2023-08-09,3,17.61,17.61,0.0,94.1,False,100.6,False,,0.0,90.2
MSN02676,TB2-D03,Delta,2023,8,2023-08-23,0,18.63,18.63,0.0,45.1,False,66.5,False,,0.0,79.4
MSN02677,TB2-D01,Delta,2023,8,2023-08-05,0,15.78,15.78,0.0,41.7,False,58.0,False,,0.0,81.7
MSN02678,TB2-D01,Delta,2023,8,2023-08-08,0,16.36,16.36,0.0,83.6,False,77.4,False,,0.0,81.7
MSN02679,TB2-D04,Delta,2023,8,2023-08-05,3,15.08,15.08,0.0,94.5,False,81.2,False,,0.0,90.2
MSN02680,TB2-D01,Delta,2023,8,2023-08-22,0,14.4,14.4,0.0,88.0,False,73.2,False,,0.0,81.7
MSN02681,TB2-D03,Delta,2023,8,2023-08-07,0,10.48,10.48,0.0,61.9,False,62.3,False,,0.0,79.4
MSN02682,TB2-D02,Delta,2023,8,2023-08-25,1,14.49,14.49,0.0,62.2,False,61.5,False,,0.0,85.5
MSN02683,TB2-D04,Delta,2023,8,2023-08-16,3,13.68,13.68,0.0,113.8,False,94.7,False,,0.0,90.2
MSN02684,TB2-D02,Delta,2023,8,2023-08-06,1,17.81,17.81,0.0,69.2,False,65.3,False,,0.0,85.5
MSN02685,TB2-D03,Delta,2023,8,2023-08-06,0,19.1,19.1,0.0,59.4,False,56.3,False,,0.0,79.4
MSN02686,TB2-D02,Delta,2023,9,2023-09-09,1,16.74,16.74,0.0,60.5,False,68.7,False,,0.0,90.5
MSN02687,TB2-D03,Delta,2023,9,2023-09-23,0,18.49,18.49,0.0,137.0,True,61.1,False,,0.0,83.1
MSN02688,TB2-D02,Delta,2023,9,2023-09-08,1,18.24,18.24,0.0,75.4,False,79.3,False,,0.0,90.5
MSN02689,TB2-D01,Delta,2023,9,2023-09-02,0,17.27,17.27,0.0,61.0,False,47.1,False,,0.0,90.2
MSN02690,TB2-D02,Delta,2023,9,2023-09-05,1,16.4,16.4,0.0,73.9,False,59.8,False,,0.0,90.5
MSN02691,TB2-D02,Delta,2023,9,2023-09-12,1,19.3,19.3,0.0,62.5,False,50.0,False,,0.0,90.5
MSN02692,TB2-D03,Delta,2023,9,2023-09-15,0,17.96,17.96,0.0,38.5,False,69.5,False,,0.0,83.1
MSN02693,TB2-D01,Delta,2023,9,2023-09-26,0,16.51,16.51,0.0,57.3,False,65.6,False,,0.0,90.2
MSN02694,TB2-D02,Delta,2023,9,2023-09-10,1,20.0,16.52,3.48,61.1,False,68.6,True,Navigation/GPS,208.8,90.5
MSN02695,TB2-D01,Delta,2023,9,2023-09-22,0,17.18,17.18,0.0,83.2,False,53.8,False,,0.0,90.2
MSN02696,TB2-D04,Delta,2023,9,2023-09-07,3,20.0,20.0,0.0,104.0,False,78.2,False,,0.0,90.6
MSN02697,TB2-D03,Delta,2023,9,2023-09-03,0,17.39,17.39,0.0,67.4,False,57.3,False,,0.0,83.1
MSN02698,TB2-D04,Delta,2023,9,2023-09-14,3,16.53,16.53,0.0,87.5,False,78.0,False,,0.0,90.6
MSN02699,TB2-D01,Delta,2023,9,2023-09-28,0,19.16,19.16,0.0,97.1,True,63.0,True,Engine,46.3,90.2
MSN02701,TB2-D02,Delta,2023,9,2023-09-15,1,14.82,14.82,0.0,70.2,False,78.7,False,,0.0,90.5
MSN02702,TB2-D01,Delta,2023,9,2023-09-22,0,19.54,19.54,0.0,70.5,False,61.2,False,,0.0,90.2
MSN02703,TB2-D04,Delta,2023,10,2023-10-20,3,19.24,19.24,0.0,78.5,False,97.0,False,,0.0,88.9
MSN02704,TB2-D02,Delta,2023,10,2023-10-06,1,17.48,17.48,0.0,64.1,False,81.9,False,,0.0,92.2
MSN02705,TB2-D03,Delta,2023,10,2023-10-15,0,19.89,19.89,0.0,54.5,False,56.8,False,,0.0,83.9
MSN02706,TB2-D01,Delta,2023,10,2023-10-05,0,14.97,14.97,0.0,46.6,False,67.4,False,,0.0,82.2
MSN02707,TB2-D03,Delta,2023,10,2023-10-19,0,15.5,15.5,0.0,63.4,False,57.3,False,,0.0,83.9
MSN02708,TB2-D02,Delta,2023,10,2023-10-28,1,16.47,16.47,0.0,59.6,False,74.7,False,,0.0,92.2
MSN02709,TB2-D01,Delta,2023,10,2023-10-07,0,20.0,20.0,0.0,53.3,False,48.5,False,,0.0,82.2
MSN02710,TB2-D01,Delta,2023,10,2023-10-24,0,20.0,20.0,0.0,58.1,False,58.8,False,,0.0,82.2
MSN02711,TB2-D01,Delta,2023,10,2023-10-27,0,14.03,14.03,0.0,56.9,False,61.0,False,,0.0,82.2
MSN02712,TB2-D01,Delta,2023,10,2023-10-03,0,18.27,18.27,0.0,40.4,False,50.3,False,,0.0,82.2
MSN02713,TB2-D02,Delta,2023,10,2023-10-28,1,20.0,20.0,0.0,109.3,True,68.2,False,,0.0,92.2
MSN02714,TB2-D04,Delta,2023,10,2023-10-02,3,20.0,20.0,0.0,80.7,False,52.9,False,,0.0,88.9
MSN02715,TB2-D02,Delta,2023,10,2023-10-15,1,17.47,17.47,0.0,60.5,False,56.7,False,,0.0,92.2
MSN02716,TB2-D03,Delta,2023,10,2023-10-20,0,12.74,12.74,0.0,41.6,False,50.7,False,,0.0,83.9
MSN02717,TB2-D02,Delta,2023,10,2023-10-11,1,17.19,17.19,0.0,68.7,False,73.3,False,,0.0,92.2
MSN02718,TB2-D02,Delta,2023,10,2023-10-06,1,15.77,15.77,0.0,71.5,False,84.9,False,,0.0,92.2
MSN02719,TB2-D02,Delta,2023,10,2023-10-27,1,15.91,15.91,0.0,105.5,True,64.0,False,,0.0,92.2
MSN02720,TB2-D02,Delta,2023,10,2023-10-27,1,15.4,15.4,0.0,77.8,False,65.0,False,,0.0,92.2
MSN02722,TB2-D03,Delta,2023,10,2023-10-23,0,16.9,16.9,0.0,77.1,False,42.8,False,,0.0,83.9
MSN02723,TB2-D01,Delta,2023,10,2023-10-22,0,15.62,15.62,0.0,49.1,False,49.7,False,,0.0,82.2
MSN02724,TB2-D03,Delta,2023,10,2023-10-12,0,15.25,15.25,0.0,60.4,False,53.8,False,,0.0,83.9
MSN02725,TB2-D03,Delta,2023,10,2023-10-14,0,18.82,18.82,0.0,51.8,False,48.8,False,,0.0,83.9
MSN02726,TB2-D02,Delta,2023,10,2023-10-26,1,17.78,17.78,0.0,61.7,False,73.1,False,,0.0,92.2
MSN02728,TB2-D04,Delta,2023,11,2023-11-08,3,16.68,16.68,0.0,100.8,False,82.2,False,,0.0,94.5
MSN02729,TB2-D03,Delta,2023,11,2023-11-09,0,17.86,17.86,0.0,59.7,False,79.6,False,,0.0,85.9
MSN02730,TB2-D02,Delta,2023,11,2023-11-25,1,16.51,16.51,0.0,68.4,False,72.6,False,,0.0,91.0
MSN02731,TB2-D03,Delta,2023,11,2023-11-20,0,12.97,12.97,0.0,98.4,True,60.1,False,,0.0,85.9
MSN02735,TB2-D03,Delta,2023,11,2023-11-13,0,16.95,16.95,0.0,74.4,False,43.1,False,,0.0,85.9
MSN02736,TB2-D02,Delta,2023,12,2023-12-22,1,16.47,16.47,0.0,42.5,False,66.9,False,,0.0,97.8
MSN02737,TB2-D04,Delta,2023,12,2023-12-17,3,16.05,16.05,0.0,61.6,False,100.3,True,Sensor/Payload,22.3,94.0
MSN02738,TB2-D03,Delta,2023,12,2023-12-02,0,14.96,14.96,0.0,77.7,False,40.8,False,,0.0,86.0
MSN02740,TB2-D03,Delta,2023,12,2023-12-16,0,17.7,17.7,0.0,42.8,False,55.3,False,,0.0,86.0
MSN02741,TB2-D02,Delta,2023,12,2023-12-14,1,20.0,20.0,0.0,70.0,False,112.9,False,,0.0,97.8
MSN02742,TB2-D01,Delta,2023,12,2023-12-28,0,19.78,19.78,0.0,83.0,False,30.0,False,,0.0,84.2
MSN02743,TB2-D01,Delta,2023,12,2023-12-12,0,17.31,17.31,0.0,132.7,True,74.5,True,Communication Link,32.0,84.2
MSN02744,TB2-D01,Delta,2023,12,2023-12-07,0,16.35,16.35,0.0,54.3,False,68.1,False,,0.0,84.2
MSN02745,TB2-D01,Delta,2023,12,2023-12-19,0,16.47,16.47,0.0,65.4,False,62.2,False,,0.0,84.2
MSN02746,TB2-D03,Delta,2024,1,2024-01-16,1,17.0,17.0,0.0,102.2,True,78.4,False,,0.0,83.2
MSN02747,TB2-D02,Delta,2024,1,2024-01-23,2,13.57,13.57,0.0,82.6,False,90.8,False,,0.0,89.2
MSN02748,TB2-D03,Delta,2024,1,2024-01-12,1,14.8,14.8,0.0,65.6,False,61.5,False,,0.0,83.2
MSN02749,TB2-D01,Delta,2024,1,2024-01-27,1,15.87,15.87,0.0,102.0,False,71.1,False,,0.0,83.4
MSN02750,TB2-D02,Delta,2024,1,2024-01-12,2,16.63,16.63,0.0,90.2,False,76.7,False,,0.0,89.2
MSN02751,TB2-D04,Delta,2024,1,2024-01-19,4,17.66,17.66,0.0,75.5,False,76.5,False,,0.0,91.1
MSN02753,TB2-D02,Delta,2024,2,2024-02-06,2,16.28,16.28,0.0,95.9,False,93.8,False,,0.0,93.9
MSN02754,TB2-D04,Delta,2024,2,2024-02-27,4,17.69,17.69,0.0,99.7,False,92.0,False,,0.0,94.9
MSN02755,TB2-D02,Delta,2024,2,2024-02-25,2,18.71,18.71,0.0,87.7,False,78.9,False,,0.0,93.9
MSN02757,TB2-D03,Delta,2024,2,2024-02-12,1,17.61,17.41,0.2,94.4,True,63.3,True,Communication Link,12.0,83.9
MSN02758,TB2-D02,Delta,2024,2,2024-02-02,2,15.65,15.65,0.0,61.1,False,86.4,False,,0.0,93.9
MSN02759,TB2-D04,Delta,2024,2,2024-02-23,4,18.5,18.5,0.0,113.0,False,83.5,False,,0.0,94.9
MSN02760,TB2-D03,Delta,2024,2,2024-02-13,1,13.61,13.61,0.0,88.1,False,92.0,False,,0.0,83.9
MSN02761,TB2-D01,Delta,2024,2,2024-02-20,1,16.99,16.99,0.0,74.2,False,53.2,False,,0.0,88.8
MSN02762,TB2-D03,Delta,2024,2,2024-02-18,1,18.61,18.61,0.0,55.4,False,68.1,False,,0.0,83.9
MSN02763,TB2-D01,Delta,2024,3,2024-03-19,1,17.59,16.26,1.33,83.8,False,55.1,True,Control Surface,79.8,77.8
MSN02764,TB2-D03,Delta,2024,3,2024-03-24,1,15.51,15.51,0.0,112.9,True,63.8,False,,0.0,78.5
MSN02765,TB2-D02,Delta,2024,3,2024-03-27,2,19.36,19.36,0.0,103.4,False,85.9,False,,0.0,86.5
MSN02766,TB2-D01,Delta,2024,3,2024-03-20,1,18.83,18.83,0.0,154.7,True,50.4,False,,0.0,77.8
MSN02767,TB2-D03,Delta,2024,3,2024-03-18,1,17.2,17.2,0.0,80.8,True,55.0,True,Control Surface,26.8,78.5
MSN02768,TB2-D02,Delta,2024,3,2024-03-04,2,15.18,15.18,0.0,85.9,False,70.4,False,,0.0,86.5
MSN02769,TB2-D01,Delta,2024,3,2024-03-16,1,17.01,17.01,0.0,70.9,False,67.4,False,,0.0,77.8
MSN02771,TB2-D01,Delta,2024,3,2024-03-03,1,16.99,16.99,0.0,72.8,False,69.8,False,,0.0,77.8
MSN02772,TB2-D02,Delta,2024,3,2024-03-06,2,15.66,15.66,0.0,92.5,False,83.7,False,,0.0,86.5
MSN02773,TB2-D02,Delta,2024,3,2024-03-02,2,20.0,20.0,0.0,78.2,False,80.3,False,,0.0,86.5
MSN02774,TB2-D04,Delta,2024,3,2024-03-23,4,17.42,17.42,0.0,101.2,False,96.3,False,,0.0,88.1
MSN02775,TB2-D04,Delta,2024,3,2024-03-11,4,15.52,15.52,0.0,112.7,False,110.8,False,,0.0,88.1
MSN02776,TB2-D03,Delta,2024,4,2024-04-25,1,18.69,18.69,0.0,60.3,False,53.0,False,,0.0,81.9
MSN02777,TB2-D01,Delta,2024,4,2024-04-14,1,18.41,18.41,0.0,143.2,True,82.1,False,,0.0,81.7
MSN02778,TB2-D04,Delta,2024,4,2024-04-21,4,17.22,17.22,0.0,104.6,False,112.5,False,,0.0,86.2
MSN02779,TB2-D02,Delta,2024,4,2024-04-05,2,16.28,16.28,0.0,93.7,False,101.8,False,,0.0,87.9
MSN02780,TB2-D02,Delta,2024,4,2024-04-06,2,15.39,15.39,0.0,59.9,False,92.1,False,,0.0,87.9
MSN02781,TB2-D01,Delta,2024,4,2024-04-13,1,15.19,15.19,0.0,81.4,False,60.2,True,Communication Link,11.6,81.7
MSN02782,TB2-D03,Delta,2024,4,2024-04-13,1,18.17,18.17,0.0,89.5,True,59.4,False,,0.0,81.9
MSN02783,TB2-D01,Delta,2024,4,2024-04-04,1,16.19,16.19,0.0,82.2,False,59.1,False,,0.0,81.7
MSN02784,TB2-D03,Delta,2024,4,2024-04-21,1,15.72,15.72,0.0,49.7,False,59.4,False,,0.0,81.9
MSN02785,TB2-D04,Delta,2024,4,2024-04-10,4,19.94,19.94,0.0,116.6,False,93.8,False,,0.0,86.2
MSN02786,TB2-D03,Delta,2024,4,2024-04-21,1,19.09,19.09,0.0,76.3,False,95.4,False,,0.0,81.9
MSN02787,TB2-D03,Delta,2024,4,2024-04-01,1,19.06,18.86,0.2,75.3,False,59.9,True,Electrical System,12.0,81.9
MSN02788,TB2-D03,Delta,2024,4,2024-04-27,1,16.24,16.24,0.0,136.9,True,75.3,False,,0.0,81.9
MSN02789,TB2-D02,Delta,2024,4,2024-04-28,2,15.84,15.84,0.0,58.6,False,74.4,False,,0.0,87.9
MSN02790,TB2-D04,Delta,2024,4,2024-04-26,4,18.3,18.3,0.0,95.9,False,89.7,False,,0.0,86.2
MSN02792,TB2-D02,Delta,2024,4,2024-04-20,2,17.51,17.51,0.0,75.6,False,99.7,False,,0.0,87.9
MSN02793,TB2-D01,Delta,2024,4,2024-04-17,1,17.61,17.61,0.0,65.0,False,57.8,False,,0.0,81.7
MSN02794,TB2-D03,Delta,2024,4,2024-04-17,1,15.77,15.77,0.0,74.6,False,98.9,False,,0.0,81.9
MSN02795,TB2-D04,Delta,2024,4,2024-04-26,4,17.61,17.61,0.0,124.1,False,108.8,False,,0.0,86.2
MSN02796,TB2-D01,Delta,2024,4,2024-04-03,1,18.62,18.62,0.0,66.6,False,81.2,False,,0.0,81.7
MSN02797,TB2-D02,Delta,2024,4,2024-04-06,2,16.28,16.28,0.0,73.6,False,79.4,False,,0.0,87.9
MSN02798,TB2-D03,Delta,2024,5,2024-05-27,1,18.34,18.34,0.0,79.2,False,54.9,False,,0.0,86.4
MSN02799,TB2-D04,Delta,2024,5,2024-05-03,4,15.25,15.25,0.0,91.5,False,94.8,False,,0.0,96.7
MSN02800,TB2-D04,Delta,2024,5,2024-05-05,4,16.14,16.14,0.0,89.6,False,105.4,False,,0.0,96.7
MSN02801,TB2-D04,Delta,2024,5,2024-05-08,4,13.65,13.65,0.0,108.0,False,84.9,False,,0.0,96.7
MSN02802,TB2-D04,Delta,2024,5,2024-05-16,4,19.61,19.61,0.0,104.0,False,118.9,False,,0.0,96.7
MSN02803,TB2-D02,Delta,2024,5,2024-05-08,2,18.89,18.89,0.0,85.5,False,109.6,False,,0.0,97.0
MSN02804,TB2-D04,Delta,2024,5,2024-05-25,4,16.83,16.83,0.0,95.5,False,111.3,False,,0.0,96.7
MSN02805,TB2-D02,Delta,2024,5,2024-05-13,2,19.6,19.6,0.0,83.9,False,72.9,False,,0.0,97.0
MSN02806,TB2-D01,Delta,2024,5,2024-05-08,1,16.85,16.85,0.0,83.9,False,90.1,False,,0.0,82.7
MSN02807,TB2-D01,Delta,2024,5,2024-05-09,1,19.31,19.31,0.0,126.4,True,77.3,False,,0.0,82.7
MSN02808,TB2-D01,Delta,2024,5,2024-05-22,1,15.97,15.97,0.0,76.2,False,88.6,False,,0.0,82.7
MSN02809,TB2-D02,Delta,2024,5,2024-05-04,2,20.0,20.0,0.0,72.3,False,90.8,False,,0.0,97.0
MSN02810,TB2-D03,Delta,2024,5,2024-05-17,1,19.19,19.19,0.0,81.4,False,57.1,False,,0.0,86.4
MSN02811,TB2-D01,Delta,2024,5,2024-05-24,1,17.02,17.02,0.0,73.8,False,74.4,False,,0.0,82.7
MSN02812,TB2-D01,Delta,2024,5,2024-05-01,1,16.28,16.28,0.0,121.4,True,76.2,False,,0.0,82.7
MSN02813,TB2-D04,Delta,2024,5,2024-05-03,4,16.39,16.39,0.0,128.1,True,102.1,False,,0.0,96.7
MSN02814,TB2-D02,Delta,2024,5,2024-05-17,2,17.22,17.22,0.0,90.1,False,65.2,False,,0.0,97.0
MSN02815,TB2-D01,Delta,2024,6,2024-06-13,1,18.8,18.8,0.0,83.8,False,87.4,False,,0.0,84.4
MSN02816,TB2-D02,Delta,2024,6,2024-06-08,2,17.58,17.58,0.0,79.8,False,65.7,False,,0.0,87.5
MSN02817,TB2-D03,Delta,2024,6,2024-06-05,1,18.1,18.1,0.0,75.5,False,59.7,False,,0.0,85.2
MSN02818,TB2-D02,Delta,2024,6,2024-06-07,2,16.36,16.36,0.0,69.4,False,86.8,False,,0.0,87.5
MSN02819,TB2-D01,Delta,2024,6,2024-06-06,1,15.18,15.18,0.0,50.3,False,54.9,False,,0.0,84.4
MSN02820,TB2-D02,Delta,2024,6,2024-06-11,2,14.55,14.55,0.0,89.0,False,87.1,False,,0.0,87.5
MSN02821,TB2-D04,Delta,2024,6,2024-06-02,4,14.66,14.66,0.0,106.3,False,87.3,False,,0.0,99.8
MSN02822,TB2-D02,Delta,2024,6,2024-06-11,2,18.63,18.63,0.0,82.4,False,79.1,False,,0.0,87.5
MSN02823,TB2-D02,Delta,2024,6,2024-06-12,2,18.74,18.74,0.0,92.6,False,92.3,False,,0.0,87.5
MSN02824,TB2-D01,Delta,2024,6,2024-06-01,1,14.94,14.94,0.0,93.5,False,58.6,False,,0.0,84.4
MSN02825,TB2-D03,Delta,2024,6,2024-06-21,1,14.95,14.95,0.0,82.1,False,84.0,False,,0.0,85.2
MSN02826,TB2-D01,Delta,2024,6,2024-06-19,1,17.65,17.65,0.0,119.8,True,66.1,False,,0.0,84.4
MSN02827,TB2-D03,Delta,2024,6,2024-06-24,1,19.39,19.39,0.0,84.5,False,53.1,False,,0.0,85.2
MSN02828,TB2-D01,Delta,2024,6,2024-06-01,1,17.25,8.95,8.3,133.5,True,80.0,True,Sensor/Payload,498.0,84.4
MSN02829,TB2-D03,Delta,2024,6,2024-06-06,1,17.92,17.92,0.0,76.1,False,77.7,True,Engine,43.7,85.2
MSN02830,TB2-D01,Delta,2024,6,2024-06-26,1,16.91,16.91,0.0,79.3,False,74.7,False,,0.0,84.4
MSN02831,TB2-D04,Delta,2024,6,2024-06-15,4,15.73,15.73,0.0,110.6,False,109.8,False,,0.0,99.8
MSN02832,TB2-D04,Delta,2024,6,2024-06-15,4,20.0,20.0,0.0,101.7,False,106.7,False,,0.0,99.8
MSN02833,TB2-D01,Delta,2024,6,2024-06-15,1,19.14,19.14,0.0,59.7,False,74.2,False,,0.0,84.4
MSN02834,TB2-D04,Delta,2024,6,2024-06-05,4,18.46,18.46,0.0,97.4,False,96.8,False,,0.0,99.8
MSN02835,TB2-D01,Delta,2024,6,2024-06-16,1,13.97,13.97,0.0,65.9,False,85.6,False,,0.0,84.4
MSN02836,TB2-D04,Delta,2024,6,2024-06-19,4,13.47,13.47,0.0,84.2,False,88.9,False,,0.0,99.8
MSN02837,TB2-D01,Delta,2024,6,2024-06-20,1,12.49,12.49,0.0,75.6,False,61.2,False,,0.0,84.4
MSN02838,TB2-D03,Delta,2024,6,2024-06-06,1,18.39,18.39,0.0,66.1,False,81.0,False,,0.0,85.2
MSN02839,TB2-D01,Delta,2024,6,2024-06-18,1,17.7,17.7,0.0,74.4,False,77.4,False,,0.0,84.4
MSN02840,TB2-D04,Delta,2024,6,2024-06-25,4,17.13,17.13,0.0,87.1,False,92.8,False,,0.0,99.8
MSN02841,TB2-D02,Delta,2024,7,2024-07-12,2,16.55,16.55,0.0,69.8,False,85.4,False,,0.0,86.1
MSN02842,TB2-D02,Delta,2024,7,2024-07-19,2,15.92,15.92,0.0,79.3,False,90.1,False,,0.0,86.1
MSN02843,TB2-D02,Delta,2024,7,2024-07-09,2,14.12,14.12,0.0,92.7,False,95.7,False,,0.0,86.1
MSN02844,TB2-D04,Delta,2024,7,2024-07-12,4,20.0,20.0,0.0,108.6,False,88.5,False,,0.0,83.1
MSN02845,TB2-D04,Delta,2024,7,2024-07-03,4,19.5,19.5,0.0,139.2,True,88.6,False,,0.0,83.1
MSN02846,TB2-D04,Delta,2024,7,2024-07-25,4,15.92,15.92,0.0,92.3,False,94.3,False,,0.0,83.1
MSN02847,TB2-D02,Delta,2024,7,2024-07-26,2,17.6,17.6,0.0,109.4,False,76.3,False,,0.0,86.1
MSN02848,TB2-D04,Delta,2024,7,2024-07-01,4,13.6,13.6,0.0,138.8,True,85.9,False,,0.0,83.1
MSN02849,TB2-D02,Delta,2024,7,2024-07-26,2,16.33,16.33,0.0,69.2,False,71.3,False,,0.0,86.1
MSN02850,TB2-D03,Delta,2024,7,2024-07-16,1,19.29,19.29,0.0,79.4,False,72.7,False,,0.0,83.6
MSN02851,TB2-D03,Delta,2024,7,2024-07-28,1,16.6,16.6,0.0,74.3,False,78.3,False,,0.0,83.6
MSN02852,TB2-D01,Delta,2024,7,2024-07-01,1,17.82,17.82,0.0,107.7,True,82.0,False,,0.0,81.3
MSN02853,TB2-D03,Delta,2024,7,2024-07-14,1,16.61,16.61,0.0,72.4,False,68.7,False,,0.0,83.6
MSN02854,TB2-D04,Delta,2024,7,2024-07-07,4,16.78,16.78,0.0,104.2,False,106.0,False,,0.0,83.1
MSN02855,TB2-D02,Delta,2024,7,2024-07-16,2,14.21,14.21,0.0,149.1,True,87.7,False,,0.0,86.1
MSN02856,TB2-D03,Delta,2024,7,2024-07-07,1,16.39,16.39,0.0,57.4,False,72.2,False,,0.0,83.6
MSN02857,TB2-D01,Delta,2024,7,2024-07-10,1,16.05,16.05,0.0,63.8,False,84.2,True,Control Surface,7.0,81.3
MSN02858,TB2-D03,Delta,2024,7,2024-07-02,1,13.87,13.87,0.0,98.3,True,68.0,False,,0.0,83.6
MSN02859,TB2-D03,Delta,2024,7,2024-07-20,1,13.11,13.11,0.0,66.1,False,70.5,False,,0.0,83.6
MSN02860,TB2-D04,Delta,2024,7,2024-07-20,4,17.47,17.47,0.0,111.4,False,108.0,False,,0.0,83.1
MSN02861,TB2-D02,Delta,2024,7,2024-07-02,2,18.72,18.72,0.0,72.0,False,100.4,False,,0.0,86.1
MSN02862,TB2-D01,Delta,2024,7,2024-07-27,1,18.98,6.46,12.52,47.3,False,67.8,True,Engine,751.2,81.3
MSN02863,TB2-D03,Delta,2024,7,2024-07-11,1,15.62,15.62,0.0,132.9,True,57.4,False,,0.0,83.6
MSN02864,TB2-D04,Delta,2024,7,2024-07-25,4,20.0,20.0,0.0,99.5,False,116.6,False,,0.0,83.1
MSN02865,TB2-D04,Delta,2024,7,2024-07-09,4,16.22,16.22,0.0,101.7,False,105.7,False,,0.0,83.1
MSN02866,TB2-D03,Delta,2024,7,2024-07-19,1,15.69,15.16,0.53,63.2,False,51.8,True,Control Surface,31.8,83.6
MSN02867,TB2-D04,Delta,2024,7,2024-07-11,4,18.53,17.73,0.8,110.8,False,82.2,True,Electrical System,48.0,83.1
MSN02868,TB2-D01,Delta,2024,7,2024-07-16,1,13.58,13.58,0.0,75.8,False,72.5,False,,0.0,81.3
MSN02869,TB2-D02,Delta,2024,8,2024-08-04,2,11.99,11.99,0.0,75.9,False,99.4,False,,0.0,94.3
MSN02870,TB2-D02,Delta,2024,8,2024-08-25,2,18.27,18.27,0.0,92.3,False,80.6,False,,0.0,94.3
MSN02871,TB2-D02,Delta,2024,8,2024-08-13,2,16.25,16.25,0.0,76.5,False,51.5,False,,0.0,94.3
MSN02872,TB2-D02,Delta,2024,8,2024-08-09,2,16.19,16.19,0.0,54.4,False,94.9,False,,0.0,94.3
MSN02873,TB2-D04,Delta,2024,8,2024-08-23,4,18.44,18.44,0.0,145.2,True,111.1,False,,0.0,85.3
MSN02874,TB2-D03,Delta,2024,8,2024-08-21,1,13.39,6.32,7.07,63.5,False,72.9,True,Sensor/Payload,424.2,82.3
MSN02875,TB2-D01,Delta,2024,8,2024-08-21,1,16.26,16.26,0.0,74.8,False,65.5,False,,0.0,79.3
MSN02876,TB2-D01,Delta,2024,8,2024-08-14,1,20.0,20.0,0.0,76.3,False,64.5,False,,0.0,79.3
MSN02877,TB2-D03,Delta,2024,8,2024-08-17,1,12.19,12.19,0.0,92.8,False,62.8,False,,0.0,82.3
MSN02878,TB2-D03,Delta,2024,8,2024-08-08,1,16.71,16.71,0.0,77.6,False,52.4,False,,0.0,82.3
MSN02879,TB2-D03,Delta,2024,8,2024-08-26,1,14.87,14.87,0.0,75.8,False,46.2,False,,0.0,82.3
MSN02880,TB2-D02,Delta,2024,8,2024-08-16,2,17.56,17.56,0.0,104.9,False,83.3,False,,0.0,94.3
MSN02881,TB2-D01,Delta,2024,8,2024-08-23,1,15.76,15.76,0.0,129.3,True,61.9,False,,0.0,79.3
MSN02882,TB2-D03,Delta,2024,8,2024-08-07,1,16.27,16.27,0.0,60.1,False,100.2,False,,0.0,82.3
MSN02883,TB2-D01,Delta,2024,8,2024-08-21,1,17.46,17.46,0.0,74.4,False,66.6,False,,0.0,79.3
MSN02884,TB2-D01,Delta,2024,8,2024-08-08,1,17.03,17.03,0.0,77.2,False,65.9,False,,0.0,79.3
MSN02885,TB2-D02,Delta,2024,8,2024-08-03,2,15.9,15.9,0.0,82.4,False,101.2,False,,0.0,94.3
MSN02886,TB2-D02,Delta,2024,8,2024-08-13,2,14.69,14.69,0.0,98.3,False,72.7,False,,0.0,94.3
MSN02887,TB2-D01,Delta,2024,8,2024-08-26,1,15.35,15.35,0.0,53.5,False,69.7,True,Control Surface,40.2,79.3
MSN02888,TB2-D01,Delta,2024,8,2024-08-26,1,16.49,16.49,0.0,122.4,True,66.4,False,,0.0,79.3
MSN02889,TB2-D04,Delta,2024,9,2024-09-09,4,15.78,15.78,0.0,105.6,False,82.0,False,,0.0,86.8
MSN02891,TB2-D02,Delta,2024,9,2024-09-03,2,17.2,17.2,0.0,152.4,True,74.2,False,,0.0,95.1
MSN02892,TB2-D04,Delta,2024,9,2024-09-28,4,18.04,18.04,0.0,106.3,False,89.8,False,,0.0,86.8
MSN02894,TB2-D04,Delta,2024,9,2024-09-18,4,15.88,15.88,0.0,137.7,True,103.7,False,,0.0,86.8
MSN02895,TB2-D04,Delta,2024,9,2024-09-28,4,19.18,19.18,0.0,87.6,False,100.7,False,,0.0,86.8
MSN02896,TB2-D03,Delta,2024,9,2024-09-17,1,16.83,16.83,0.0,57.0,False,58.3,False,,0.0,79.9
MSN02897,TB2-D02,Delta,2024,9,2024-09-13,2,15.65,15.65,0.0,66.2,False,79.2,False,,0.0,95.1
MSN02898,TB2-D02,Delta,2024,9,2024-09-08,2,19.95,19.95,0.0,78.6,False,51.9,False,,0.0,95.1
MSN02899,TB2-D01,Delta,2024,9,2024-09-14,1,18.19,18.19,0.0,59.4,False,61.4,False,,0.0,84.5
MSN02900,TB2-D04,Delta,2024,9,2024-09-28,4,18.69,18.69,0.0,127.9,False,78.7,False,,0.0,86.8
MSN02901,TB2-D04,Delta,2024,9,2024-09-07,4,15.72,15.72,0.0,102.4,False,102.2,False,,0.0,86.8
MSN02902,TB2-D02,Delta,2024,9,2024-09-28,2,15.16,15.16,0.0,64.9,False,123.5,False,,0.0,95.1
MSN02903,TB2-D04,Delta,2024,9,2024-09-08,4,15.7,15.7,0.0,106.4,False,82.0,False,,0.0,86.8
MSN02906,TB2-D02,Delta,2024,10,2024-10-04,2,16.47,16.47,0.0,80.0,False,84.2,False,,0.0,96.6
MSN02907,TB2-D04,Delta,2024,10,2024-10-25,4,13.86,13.86,0.0,155.7,True,93.3,False,,0.0,90.1
MSN02908,TB2-D04,Delta,2024,10,2024-10-26,4,20.0,20.0,0.0,112.6,False,107.0,False,,0.0,90.1
MSN02909,TB2-D03,Delta,2024,10,2024-10-16,1,17.03,17.03,0.0,83.4,False,59.8,False,,0.0,88.8
MSN02910,TB2-D01,Delta,2024,10,2024-10-27,1,15.54,13.26,2.28,47.1,False,81.2,True,Engine,136.8,85.1
MSN02911,TB2-D01,Delta,2024,10,2024-10-10,1,17.38,17.38,0.0,66.6,False,55.4,False,,0.0,85.1
MSN02912,TB2-D02,Delta,2024,10,2024-10-22,2,18.01,18.01,0.0,105.0,False,86.7,False,,0.0,96.6
MSN02913,TB2-D02,Delta,2024,10,2024-10-07,2,19.39,19.39,0.0,71.0,False,92.9,False,,0.0,96.6
MSN02914,TB2-D02,Delta,2024,10,2024-10-04,2,16.78,16.78,0.0,99.7,False,73.0,False,,0.0,96.6
MSN02915,TB2-D02,Delta,2024,10,2024-10-23,2,14.37,14.37,0.0,68.1,False,73.1,False,,0.0,96.6
MSN02916,TB2-D04,Delta,2024,10,2024-10-03,4,19.04,19.04,0.0,116.1,False,89.3,False,,0.0,90.1
MSN02919,TB2-D02,Delta,2024,10,2024-10-17,2,18.62,18.62,0.0,68.5,False,79.0,False,,0.0,96.6
MSN02920,TB2-D02,Delta,2024,10,2024-10-11,2,14.33,14.33,0.0,97.5,False,90.7,False,,0.0,96.6
MSN02921,TB2-D02,Delta,2024,10,2024-10-28,2,19.33,19.33,0.0,131.5,True,94.2,False,,0.0,96.6
MSN02922,TB2-D01,Delta,2024,10,2024-10-09,1,19.9,19.9,0.0,81.7,False,76.9,False,,0.0,85.1
MSN02923,TB2-D02,Delta,2024,11,2024-11-03,2,16.85,16.85,0.0,72.4,False,101.8,False,,0.0,92.0
MSN02924,TB2-D03,Delta,2024,11,2024-11-08,1,18.58,18.58,0.0,50.8,False,65.1,False,,0.0,81.9
MSN02925,TB2-D02,Delta,2024,11,2024-11-06,2,15.42,15.42,0.0,71.6,False,82.9,False,,0.0,92.0
MSN02926,TB2-D03,Delta,2024,11,2024-11-19,1,16.4,16.4,0.0,63.3,False,52.1,False,,0.0,81.9
MSN02927,TB2-D02,Delta,2024,11,2024-11-26,2,15.48,15.48,0.0,64.1,False,78.3,False,,0.0,92.0
MSN02928,TB2-D02,Delta,2024,11,2024-11-24,2,15.15,15.15,0.0,73.7,False,85.9,False,,0.0,92.0
MSN02929,TB2-D04,Delta,2024,11,2024-11-18,4,17.63,17.63,0.0,77.9,False,90.2,False,,0.0,95.9
MSN02930,TB2-D03,Delta,2024,11,2024-11-24,1,16.96,14.07,2.89,54.8,False,59.5,True,Electrical System,173.4,81.9
MSN02931,TB2-D02,Delta,2024,11,2024-11-15,2,20.0,20.0,0.0,90.6,False,85.7,False,,0.0,92.0
MSN02932,TB2-D01,Delta,2024,11,2024-11-16,1,15.65,15.65,0.0,73.4,False,74.5,False,,0.0,79.8
MSN02933,TB2-D03,Delta,2024,11,2024-11-12,1,15.41,15.41,0.0,82.6,False,68.5,False,,0.0,81.9
MSN02934,TB2-D02,Delta,2024,11,2024-11-16,2,19.29,19.29,0.0,68.2,False,66.8,False,,0.0,92.0
MSN02937,TB2-D01,Delta,2024,11,2024-11-16,1,18.52,18.52,0.0,65.0,False,57.9,False,,0.0,79.8
MSN02938,TB2-D03,Delta,2024,11,2024-11-25,1,17.01,17.01,0.0,77.1,False,77.2,False,,0.0,81.9
MSN02939,TB2-D01,Delta,2024,12,2024-12-27,1,18.7,18.7,0.0,122.9,True,71.0,False,,0.0,83.4
MSN02940,TB2-D02,Delta,2024,12,2024-12-08,2,14.89,14.89,0.0,81.3,False,86.2,False,,0.0,92.9
MSN02941,TB2-D02,Delta,2024,12,2024-12-19,2,15.57,15.57,0.0,70.0,False,82.8,False,,0.0,92.9
MSN02942,TB2-D01,Delta,2024,12,2024-12-15,1,15.26,15.26,0.0,79.7,False,80.2,False,,0.0,83.4
MSN02945,TB2-D02,Delta,2024,12,2024-12-17,2,16.41,16.41,0.0,83.6,False,94.9,False,,0.0,92.9
MSN02947,TB2-D01,Delta,2025,1,2025-01-06,2,17.74,17.74,0.0,89.2,False,89.9,False,,0.0,77.6
MSN02948,TB2-D02,Delta,2025,1,2025-01-11,3,18.04,18.04,0.0,152.6,True,74.0,False,,0.0,88.8
MSN02949,TB2-D03,Delta,2025,1,2025-01-01,2,20.0,20.0,0.0,97.5,False,74.0,False,,0.0,79.0
MSN02950,TB2-D02,Delta,2025,1,2025-01-23,3,17.02,17.02,0.0,94.9,False,97.8,False,,0.0,88.8
MSN02951,TB2-D01,Delta,2025,1,2025-01-25,2,17.98,17.98,0.0,91.0,False,98.5,False,,0.0,77.6
MSN02952,TB2-D01,Delta,2025,1,2025-01-11,2,12.25,12.25,0.0,82.4,False,99.2,False,,0.0,77.6
MSN02953,TB2-D03,Delta,2025,1,2025-01-19,2,15.31,13.64,1.67,70.1,False,83.9,True,Engine,100.2,79.0
MSN02954,TB2-D01,Delta,2025,1,2025-01-25,2,16.63,16.63,0.0,91.6,False,84.6,False,,0.0,77.6
MSN02955,TB2-D03,Delta,2025,2,2025-02-28,2,17.03,17.03,0.0,128.2,True,60.9,True,Engine,20.3,84.0
MSN02956,TB2-D02,Delta,2025,2,2025-02-23,3,20.0,20.0,0.0,93.8,False,87.6,True,Engine,24.4,83.2
MSN02957,TB2-D04,Delta,2025,2,2025-02-07,5,19.3,19.3,0.0,122.0,False,103.6,False,,0.0,87.5
MSN02958,TB2-D03,Delta,2025,2,2025-02-11,2,17.0,17.0,0.0,97.8,False,66.3,False,,0.0,84.0
MSN02959,TB2-D01,Delta,2025,2,2025-02-09,2,17.83,17.83,0.0,66.5,False,83.1,False,,0.0,78.2
MSN02961,TB2-D02,Delta,2025,2,2025-02-22,3,17.84,17.84,0.0,85.4,False,111.3,False,,0.0,83.2
MSN02962,TB2-D04,Delta,2025,2,2025-02-07,5,14.87,14.87,0.0,113.5,False,88.4,True,Control Surface,26.8,87.5
MSN02963,TB2-D01,Delta,2025,2,2025-02-16,2,17.73,17.73,0.0,144.1,True,92.9,False,,0.0,78.2
MSN02964,TB2-D01,Delta,2025,2,2025-02-28,2,17.31,17.31,0.0,140.6,True,87.5,False,,0.0,78.2
MSN02965,TB2-D01,Delta,2025,2,2025-02-18,2,17.64,17.64,0.0,71.8,False,74.9,False,,0.0,78.2
MSN02966,TB2-D03,Delta,2025,2,2025-02-07,2,16.2,16.2,0.0,75.9,False,70.4,True,Engine,31.5,84.0
MSN02967,TB2-D01,Delta,2025,3,2025-03-25,2,17.05,17.05,0.0,67.8,False,93.6,False,,0.0,85.4
MSN02968,TB2-D02,Delta,2025,3,2025-03-16,3,16.34,16.34,0.0,80.2,False,80.3,False,,0.0,94.8
MSN02969,TB2-D02,Delta,2025,3,2025-03-04,3,19.02,19.02,0.0,83.2,False,95.9,False,,0.0,94.8
MSN02970,TB2-D03,Delta,2025,3,2025-03-19,2,15.14,15.14,0.0,139.8,True,75.6,False,,0.0,84.5
MSN02971,TB2-D02,Delta,2025,3,2025-03-19,3,19.35,19.35,0.0,81.1,False,87.9,False,,0.0,94.8
MSN02972,TB2-D04,Delta,2025,3,2025-03-06,5,17.78,17.78,0.0,109.5,False,138.1,False,,0.0,92.9
MSN02973,TB2-D04,Delta,2025,3,2025-03-21,5,19.87,19.87,0.0,132.0,False,81.3,False,,0.0,92.9
MSN02974,TB2-D03,Delta,2025,3,2025-03-23,2,15.99,15.99,0.0,89.4,False,53.4,False,,0.0,84.5
MSN02975,TB2-D04,Delta,2025,3,2025-03-01,5,13.23,13.23,0.0,84.7,False,122.2,False,,0.0,92.9
MSN02976,TB2-D03,Delta,2025,3,2025-03-16,2,16.79,16.79,0.0,86.5,False,83.7,False,,0.0,84.5
MSN02977,TB2-D02,Delta,2025,3,2025-03-28,3,20.0,20.0,0.0,116.9,False,77.7,False,,0.0,94.8
MSN02978,TB2-D01,Delta,2025,3,2025-03-03,2,17.3,17.3,0.0,77.9,False,78.3,False,,0.0,85.4
MSN02980,TB2-D03,Delta,2025,3,2025-03-21,2,15.71,15.71,0.0,73.2,False,85.3,False,,0.0,84.5
MSN02982,TB2-D01,Delta,2025,4,2025-04-19,2,18.68,18.68,0.0,93.2,True,87.5,False,,0.0,79.8
MSN02983,TB2-D04,Delta,2025,4,2025-04-26,5,19.44,19.44,0.0,101.8,False,129.3,False,,0.0,86.7
MSN02984,TB2-D02,Delta,2025,4,2025-04-08,3,18.36,18.36,0.0,73.1,False,83.1,False,,0.0,93.1
MSN02985,TB2-D04,Delta,2025,4,2025-04-27,5,16.23,16.23,0.0,105.5,False,109.7,False,,0.0,86.7
MSN02986,TB2-D04,Delta,2025,4,2025-04-05,5,19.26,19.26,0.0,109.7,False,116.8,False,,0.0,86.7
MSN02987,TB2-D04,Delta,2025,4,2025-04-21,5,11.72,11.72,0.0,124.5,False,109.8,False,,0.0,86.7
MSN02988,TB2-D04,Delta,2025,4,2025-04-04,5,17.3,17.3,0.0,100.9,False,109.0,True,Communication Link,20.4,86.7
MSN02989,TB2-D03,Delta,2025,4,2025-04-14,2,18.93,18.93,0.0,81.7,False,72.2,False,,0.0,88.9
MSN02990,TB2-D04,Delta,2025,4,2025-04-05,5,16.83,16.83,0.0,106.0,False,93.7,False,,0.0,86.7
MSN02991,TB2-D02,Delta,2025,4,2025-04-13,3,17.37,17.37,0.0,96.3,False,60.8,False,,0.0,93.1
MSN02992,TB2-D02,Delta,2025,4,2025-04-21,3,12.56,12.56,0.0,100.6,False,98.6,False,,0.0,93.1
MSN02993,TB2-D04,Delta,2025,4,2025-04-21,5,14.09,14.09,0.0,206.7,True,110.7,False,,0.0,86.7
MSN02995,TB2-D01,Delta,2025,4,2025-04-09,2,16.43,16.43,0.0,65.9,False,64.5,False,,0.0,79.8
MSN02996,TB2-D03,Delta,2025,4,2025-04-04,2,16.25,16.25,0.0,61.1,False,90.3,False,,0.0,88.9
MSN02997,TB2-D03,Delta,2025,4,2025-04-11,2,15.62,15.62,0.0,68.4,False,58.4,False,,0.0,88.9
MSN02998,TB2-D02,Delta,2025,4,2025-04-23,3,18.01,18.01,0.0,86.4,False,102.5,False,,0.0,93.1
MSN02999,TB2-D04,Delta,2025,4,2025-04-23,5,17.87,17.87,0.0,143.6,True,100.9,False,,0.0,86.7
MSN03000,TB2-D01,Delta,2025,4,2025-04-05,2,16.58,16.58,0.0,96.7,True,82.0,False,,0.0,79.8
MSN03001,TB2-D04,Delta,2025,4,2025-04-03,5,17.96,17.96,0.0,151.0,True,111.3,False,,0.0,86.7
MSN03002,TB2-D02,Delta,2025,5,2025-05-04,3,14.77,14.77,0.0,93.6,False,97.9,False,,0.0,92.1
MSN03003,TB2-D04,Delta,2025,5,2025-05-02,5,18.58,18.58,0.0,114.7,False,108.6,True,Sensor/Payload,27.8,84.8
MSN03004,TB2-D03,Delta,2025,5,2025-05-02,2,17.64,17.64,0.0,71.0,False,71.2,False,,0.0,76.9
MSN03005,TB2-D01,Delta,2025,5,2025-05-26,2,12.86,12.86,0.0,71.8,False,90.5,False,,0.0,83.0
MSN03006,TB2-D01,Delta,2025,5,2025-05-05,2,14.54,14.54,0.0,93.2,False,93.9,False,,0.0,83.0
MSN03007,TB2-D02,Delta,2025,5,2025-05-09,3,17.03,17.03,0.0,97.8,False,69.0,False,,0.0,92.1
MSN03008,TB2-D02,Delta,2025,5,2025-05-05,3,16.58,16.58,0.0,86.7,False,101.1,False,,0.0,92.1
MSN03009,TB2-D03,Delta,2025,5,2025-05-08,2,14.29,14.29,0.0,76.5,False,77.2,False,,0.0,76.9
MSN03010,TB2-D01,Delta,2025,5,2025-05-24,2,17.12,17.12,0.0,83.7,False,84.6,False,,0.0,83.0
MSN03011,TB2-D03,Delta,2025,5,2025-05-23,2,16.41,16.41,0.0,95.1,False,73.2,False,,0.0,76.9
MSN03012,TB2-D04,Delta,2025,5,2025-05-13,5,17.48,17.48,0.0,121.5,False,119.2,False,,0.0,84.8
MSN03013,TB2-D04,Delta,2025,5,2025-05-09,5,15.96,15.96,0.0,170.1,True,121.5,False,,0.0,84.8
MSN03014,TB2-D03,Delta,2025,5,2025-05-01,2,19.35,19.35,0.0,78.3,False,54.0,False,,0.0,76.9
MSN03015,TB2-D02,Delta,2025,5,2025-05-03,3,15.56,15.56,0.0,85.6,False,97.9,False,,0.0,92.1
MSN03016,TB2-D04,Delta,2025,5,2025-05-17,5,18.59,18.59,0.0,110.9,False,104.8,False,,0.0,84.8
MSN03017,TB2-D02,Delta,2025,5,2025-05-19,3,18.22,18.22,0.0,90.4,False,85.5,False,,0.0,92.1
MSN03018,TB2-D03,Delta,2025,5,2025-05-12,2,18.17,18.17,0.0,81.7,False,85.9,False,,0.0,76.9
MSN03019,TB2-D03,Delta,2025,5,2025-05-04,2,20.0,20.0,0.0,96.0,False,49.1,False,,0.0,76.9
MSN03020,TB2-D01,Delta,2025,5,2025-05-10,2,18.37,18.37,0.0,68.7,False,62.3,True,Electrical System,9.7,83.0
MSN03021,TB2-D03,Delta,2025,5,2025-05-16,2,17.53,17.53,0.0,83.3,False,70.4,True,Engine,14.9,76.9
MSN03022,TB2-D02,Delta,2025,5,2025-05-17,3,15.66,15.66,0.0,89.1,False,88.9,False,,0.0,92.1
MSN03023,TB2-D02,Delta,2025,5,2025-05-02,3,17.03,17.03,0.0,74.7,False,92.7,False,,0.0,92.1
MSN03024,TB2-D02,Delta,2025,5,2025-05-27,3,16.27,16.27,0.0,144.9,True,92.9,False,,0.0,92.1
MSN03025,TB2-D03,Delta,2025,5,2025-05-28,2,15.87,15.87,0.0,55.7,False,96.2,False,,0.0,76.9
MSN03026,TB2-D03,Delta,2025,5,2025-05-19,2,17.05,17.05,0.0,78.3,False,68.4,False,,0.0,76.9
MSN03027,TB2-D03,Delta,2025,5,2025-05-09,2,19.97,19.97,0.0,85.3,False,74.3,False,,0.0,76.9
MSN03028,TB2-D04,Delta,2025,6,2025-06-23,5,16.94,16.94,0.0,108.9,False,107.0,False,,0.0,86.0
MSN03029,TB2-D02,Delta,2025,6,2025-06-14,3,14.39,14.39,0.0,81.8,False,81.9,False,,0.0,88.2
MSN03030,TB2-D01,Delta,2025,6,2025-06-23,2,16.82,16.82,0.0,85.2,False,82.2,False,,0.0,79.7
MSN03031,TB2-D03,Delta,2025,6,2025-06-15,2,20.0,20.0,0.0,88.8,False,80.5,False,,0.0,78.5
MSN03032,TB2-D01,Delta,2025,6,2025-06-04,2,17.55,17.55,0.0,76.6,False,85.0,False,,0.0,79.7
MSN03033,TB2-D03,Delta,2025,6,2025-06-01,2,19.08,19.08,0.0,96.3,False,74.8,False,,0.0,78.5
MSN03034,TB2-D02,Delta,2025,6,2025-06-17,3,16.88,16.88,0.0,106.2,False,75.0,True,Electrical System,25.0,88.2
MSN03035,TB2-D02,Delta,2025,6,2025-06-17,3,14.9,14.9,0.0,88.7,False,113.7,False,,0.0,88.2
MSN03036,TB2-D03,Delta,2025,6,2025-06-28,2,15.85,15.85,0.0,74.2,False,80.8,False,,0.0,78.5
MSN03037,TB2-D01,Delta,2025,6,2025-06-04,2,18.27,18.27,0.0,100.8,True,94.7,True,Sensor/Payload,34.5,79.7
MSN03038,TB2-D03,Delta,2025,6,2025-06-18,2,16.26,16.26,0.0,75.6,False,79.0,False,,0.0,78.5
MSN03039,TB2-D02,Delta,2025,6,2025-06-13,3,13.82,13.82,0.0,92.2,False,83.0,False,,0.0,88.2
MSN03040,TB2-D02,Delta,2025,6,2025-06-23,3,20.0,20.0,0.0,95.6,False,96.3,False,,0.0,88.2
MSN03041,TB2-D04,Delta,2025,6,2025-06-12,5,15.54,15.54,0.0,114.0,False,104.1,False,,0.0,86.0
MSN03042,TB2-D04,Delta,2025,6,2025-06-14,5,18.53,18.53,0.0,122.9,False,102.6,False,,0.0,86.0
MSN03043,TB2-D02,Delta,2025,6,2025-06-21,3,18.48,18.48,0.0,102.9,True,80.1,False,,0.0,88.2
MSN03044,TB2-D03,Delta,2025,6,2025-06-03,2,17.51,17.51,0.0,81.9,False,81.8,False,,0.0,78.5
MSN03045,TB2-D02,Delta,2025,6,2025-06-04,3,18.73,18.73,0.0,85.2,False,80.3,False,,0.0,88.2
MSN03046,TB2-D04,Delta,2025,6,2025-06-10,5,15.29,15.29,0.0,159.0,True,119.0,False,,0.0,86.0
MSN03047,TB2-D03,Delta,2025,6,2025-06-20,2,15.49,15.49,0.0,93.5,False,94.3,False,,0.0,78.5
MSN03048,TB2-D03,Delta,2025,6,2025-06-18,2,18.64,18.64,0.0,72.5,False,54.0,False,,0.0,78.5
MSN03049,TB2-D03,Delta,2025,6,2025-06-27,2,18.34,18.34,0.0,63.2,False,78.0,False,,0.0,78.5
MSN03050,TB2-D03,Delta,2025,6,2025-06-12,2,15.41,10.84,4.57,69.5,False,92.2,True,Control Surface,274.2,78.5
MSN03051,TB2-D03,Delta,2025,6,2025-06-04,2,14.53,14.53,0.0,65.1,False,78.6,True,Control Surface,19.0,78.5
MSN03052,TB2-D02,Delta,2025,6,2025-06-16,3,15.57,15.57,0.0,104.7,False,96.9,False,,0.0,88.2
MSN03053,TB2-D01,Delta,2025,7,2025-07-27,2,15.02,15.02,0.0,141.6,True,109.4,False,,0.0,84.5
MSN03054,TB2-D04,Delta,2025,7,2025-07-24,5,16.08,16.08,0.0,131.3,True,105.3,False,,0.0,78.0
MSN03055,TB2-D01,Delta,2025,7,2025-07-05,2,18.28,18.28,0.0,99.9,False,77.7,False,,0.0,84.5
MSN03056,TB2-D04,Delta,2025,7,2025-07-04,5,17.12,17.12,0.0,115.2,False,115.0,False,,0.0,78.0
MSN03057,TB2-D01,Delta,2025,7,2025-07-23,2,15.18,15.18,0.0,164.6,True,73.8,False,,0.0,84.5
MSN03058,TB2-D04,Delta,2025,7,2025-07-05,5,18.77,18.77,0.0,166.7,True,119.2,False,,0.0,78.0
MSN03059,TB2-D01,Delta,2025,7,2025-07-15,2,16.45,16.45,0.0,66.3,False,81.1,False,,0.0,84.5
MSN03060,TB2-D04,Delta,2025,7,2025-07-25,5,17.38,17.38,0.0,120.3,False,108.9,False,,0.0,78.0
MSN03061,TB2-D03,Delta,2025,7,2025-07-13,2,14.63,14.63,0.0,88.8,False,101.6,False,,0.0,90.2
MSN03062,TB2-D02,Delta,2025,7,2025-07-27,3,14.84,14.84,0.0,93.2,False,114.1,False,,0.0,82.3
MSN03063,TB2-D03,Delta,2025,7,2025-07-02,2,14.37,14.37,0.0,54.9,False,73.2,False,,0.0,90.2
MSN03064,TB2-D02,Delta,2025,7,2025-07-15,3,13.3,13.3,0.0,97.6,False,93.0,False,,0.0,82.3
MSN03065,TB2-D04,Delta,2025,7,2025-07-09,5,16.25,16.25,0.0,117.7,False,119.8,False,,0.0,78.0
MSN03066,TB2-D01,Delta,2025,7,2025-07-03,2,16.63,16.63,0.0,68.1,False,75.4,False,,0.0,84.5
MSN03067,TB2-D04,Delta,2025,7,2025-07-08,5,19.22,19.22,0.0,118.0,False,115.8,False,,0.0,78.0
MSN03068,TB2-D04,Delta,2025,7,2025-07-16,5,17.42,17.42,0.0,124.5,False,127.2,False,,0.0,78.0
MSN03069,TB2-D04,Delta,2025,8,2025-08-07,5,12.65,12.65,0.0,90.0,False,111.6,False,,0.0,94.7
MSN03070,TB2-D02,Delta,2025,8,2025-08-28,3,18.26,18.26,0.0,92.0,False,81.3,False,,0.0,86.4
MSN03071,TB2-D02,Delta,2025,8,2025-08-18,3,17.84,17.84,0.0,88.5,False,64.3,False,,0.0,86.4
MSN03072,TB2-D02,Delta,2025,8,2025-08-25,3,16.64,16.64,0.0,91.4,False,95.3,False,,0.0,86.4
MSN03073,TB2-D02,Delta,2025,8,2025-08-20,3,19.74,19.74,0.0,94.3,False,75.3,False,,0.0,86.4
MSN03075,TB2-D02,Delta,2025,8,2025-08-13,3,15.66,15.66,0.0,109.9,False,89.4,False,,0.0,86.4
MSN03076,TB2-D02,Delta,2025,8,2025-08-15,3,13.82,13.82,0.0,67.1,False,105.4,False,,0.0,86.4
MSN03077,TB2-D03,Delta,2025,8,2025-08-18,2,17.44,17.44,0.0,101.6,False,78.6,False,,0.0,84.5
MSN03078,TB2-D03,Delta,2025,8,2025-08-05,2,16.07,16.07,0.0,66.1,False,75.5,False,,0.0,84.5
MSN03079,TB2-D02,Delta,2025,8,2025-08-01,3,18.55,18.55,0.0,86.8,False,100.1,False,,0.0,86.4
MSN03080,TB2-D04,Delta,2025,8,2025-08-23,5,16.77,16.77,0.0,84.8,False,119.8,False,,0.0,94.7
MSN03081,TB2-D01,Delta,2025,8,2025-08-11,2,16.79,9.54,7.25,74.4,False,70.8,True,Communication Link,435.0,83.4
MSN03082,TB2-D02,Delta,2025,8,2025-08-02,3,15.8,15.8,0.0,102.4,False,95.2,False,,0.0,86.4
MSN03083,TB2-D04,Delta,2025,8,2025-08-01,5,19.56,19.56,0.0,98.7,False,118.7,False,,0.0,94.7
MSN03084,TB2-D01,Delta,2025,8,2025-08-21,2,16.28,16.28,0.0,93.3,False,75.3,False,,0.0,83.4
MSN03085,TB2-D03,Delta,2025,8,2025-08-04,2,14.85,14.85,0.0,68.5,False,72.4,True,Communication Link,31.9,84.5
MSN03086,TB2-D02,Delta,2025,8,2025-08-17,3,14.21,14.21,0.0,76.9,False,61.6,False,,0.0,86.4
MSN03087,TB2-D04,Delta,2025,8,2025-08-02,5,19.02,19.02,0.0,115.1,False,110.2,False,,0.0,94.7
MSN03088,TB2-D02,Delta,2025,8,2025-08-03,3,18.25,18.25,0.0,94.7,False,101.1,True,Electrical System,18.9,86.4
MSN03089,TB2-D01,Delta,2025,8,2025-08-26,2,16.16,16.16,0.0,85.1,False,81.7,False,,0.0,83.4
MSN03091,TB2-D03,Delta,2025,9,2025-09-23,2,18.42,18.42,0.0,95.1,False,98.6,False,,0.0,88.1
MSN03092,TB2-D04,Delta,2025,9,2025-09-23,5,16.58,16.58,0.0,114.1,False,102.9,False,,0.0,84.3
MSN03093,TB2-D03,Delta,2025,9,2025-09-22,2,15.58,15.58,0.0,89.4,False,83.9,False,,0.0,88.1
MSN03094,TB2-D02,Delta,2025,9,2025-09-20,3,14.71,14.71,0.0,109.5,False,106.4,False,,0.0,92.2
MSN03095,TB2-D02,Delta,2025,9,2025-09-16,3,17.02,17.02,0.0,82.0,False,105.5,False,,0.0,92.2
MSN03096,TB2-D04,Delta,2025,9,2025-09-11,5,17.79,17.79,0.0,118.6,False,131.6,False,,0.0,84.3
MSN03097,TB2-D04,Delta,2025,9,2025-09-22,5,17.85,17.85,0.0,116.7,False,98.2,False,,0.0,84.3
MSN03098,TB2-D02,Delta,2025,9,2025-09-20,3,17.73,17.73,0.0,81.3,False,101.9,False,,0.0,92.2
MSN03099,TB2-D04,Delta,2025,9,2025-09-08,5,16.6,16.6,0.0,109.6,False,86.1,False,,0.0,84.3
MSN03100,TB2-D04,Delta,2025,9,2025-09-03,5,16.26,16.26,0.0,104.2,False,94.0,True,Navigation/GPS,36.4,84.3
MSN03101,TB2-D01,Delta,2025,9,2025-09-18,2,15.51,15.51,0.0,95.9,True,98.1,False,,0.0,82.6
MSN03102,TB2-D02,Delta,2025,9,2025-09-02,3,20.0,14.97,5.03,158.9,True,114.5,True,Control Surface,301.8,92.2
MSN03103,TB2-D04,Delta,2025,9,2025-09-06,5,18.78,17.93,0.85,113.3,False,103.0,True,Navigation/GPS,51.0,84.3
MSN03104,TB2-D01,Delta,2025,10,2025-10-14,2,20.0,20.0,0.0,59.8,False,66.5,False,,0.0,78.3
MSN03105,TB2-D03,Delta,2025,10,2025-10-14,2,16.55,16.55,0.0,67.9,False,87.6,False,,0.0,80.8
MSN03106,TB2-D01,Delta,2025,10,2025-10-22,2,13.09,13.09,0.0,79.3,False,80.1,False,,0.0,78.3
MSN03107,TB2-D02,Delta,2025,10,2025-10-18,3,18.54,18.54,0.0,85.6,False,78.0,False,,0.0,91.1
MSN03108,TB2-D04,Delta,2025,10,2025-10-14,5,16.67,16.67,0.0,116.6,False,102.4,False,,0.0,91.2
MSN03109,TB2-D01,Delta,2025,10,2025-10-12,2,20.0,20.0,0.0,81.1,False,67.3,False,,0.0,78.3
MSN03110,TB2-D01,Delta,2025,10,2025-10-15,2,17.99,17.99,0.0,66.1,False,97.3,False,,0.0,78.3
MSN03111,TB2-D03,Delta,2025,10,2025-10-20,2,18.51,18.51,0.0,63.7,False,92.2,False,,0.0,80.8
MSN03112,TB2-D03,Delta,2025,10,2025-10-13,2,19.46,19.46,0.0,93.2,False,67.1,False,,0.0,80.8
MSN03113,TB2-D04,Delta,2025,10,2025-10-10,5,11.59,11.59,0.0,115.5,False,103.7,False,,0.0,91.2
MSN03114,TB2-D02,Delta,2025,10,2025-10-06,3,16.31,16.31,0.0,160.0,True,70.7,False,,0.0,91.1
MSN03115,TB2-D03,Delta,2025,10,2025-10-03,2,16.19,16.19,0.0,71.6,False,89.7,False,,0.0,80.8
MSN03116,TB2-D04,Delta,2025,10,2025-10-24,5,15.46,15.46,0.0,107.8,False,118.0,False,,0.0,91.2
MSN03117,TB2-D03,Delta,2025,10,2025-10-11,2,19.73,19.73,0.0,81.0,False,98.1,False,,0.0,80.8
MSN03119,TB2-D04,Delta,2025,11,2025-11-11,5,18.06,18.06,0.0,102.9,False,101.1,False,,0.0,89.2
MSN03120,TB2-D02,Delta,2025,11,2025-11-09,3,17.75,17.75,0.0,94.2,False,92.5,False,,0.0,94.3
MSN03122,TB2-D03,Delta,2025,11,2025-11-26,2,17.14,17.14,0.0,86.6,False,80.7,False,,0.0,79.6
MSN03123,TB2-D04,Delta,2025,11,2025-11-12,5,16.75,16.75,0.0,119.9,False,100.2,False,,0.0,89.2
MSN03124,TB2-D02,Delta,2025,11,2025-11-02,3,17.15,17.15,0.0,82.6,False,87.1,False,,0.0,94.3
MSN03125,TB2-D04,Delta,2025,11,2025-11-21,5,19.39,19.39,0.0,109.3,False,113.2,True,Electrical System,30.9,89.2
MSN03126,TB2-D04,Delta,2025,11,2025-11-01,5,19.32,19.32,0.0,107.0,False,110.6,False,,0.0,89.2
MSN03127,TB2-D03,Delta,2025,11,2025-11-08,2,16.92,16.92,0.0,94.4,False,74.6,False,,0.0,79.6
MSN03128,TB2-D01,Delta,2025,11,2025-11-12,2,15.49,15.49,0.0,54.3,False,91.0,False,,0.0,83.4
MSN03129,TB2-D01,Delta,2025,12,2025-12-11,2,18.87,18.87,0.0,89.9,False,98.7,False,,0.0,85.8
MSN03130,TB2-D01,Delta,2025,12,2025-12-02,2,14.21,1.0,13.21,64.8,False,75.5,True,Engine,792.6,85.8
MSN03131,TB2-D02,Delta,2025,12,2025-12-27,3,18.82,18.82,0.0,79.8,False,78.4,False,,0.0,92.6
MSN03132,TB2-D01,Delta,2025,12,2025-12-24,2,14.86,14.86,0.0,92.6,False,94.6,False,,0.0,85.8
MSN03133,TB2-D01,Delta,2025,12,2025-12-13,2,17.14,17.14,0.0,76.1,False,69.2,False,,0.0,85.8
MSN03134,TB2-D04,Delta,2025,12,2025-12-21,5,19.48,19.48,0.0,112.9,False,102.2,False,,0.0,90.5
MSN03135,TB2-D04,Delta,2025,12,2025-12-13,5,18.58,18.58,0.0,123.1,False,106.1,False,,0.0,90.5
MSN03136,TB2-D01,Delta,2025,12,2025-12-03,2,17.29,17.29,0.0,85.3,False,70.0,False,,0.0,85.8
MSN03137,TB2-D04,Delta,2025,12,2025-12-07,5,15.28,15.28,0.0,137.9,False,117.7,False,,0.0,90.5
MSN03138,TB2-D02,Delta,2025,12,2025-12-09,3,17.4,17.4,0.0,72.3,False,47.0,False,,0.0,92.6
MSN03139,TB2-D03,Delta,2025,12,2025-12-16,2,17.1,17.1,0.0,72.4,False,80.1,False,,0.0,79.8
MSN03140,TB2-D01,Delta,2026,1,2026-01-16,3,19.61,19.61,0.0,175.5,True,91.2,False,,0.0,79.6
MSN03141,TB2-D04,Delta,2026,1,2026-01-15,6,18.84,18.84,0.0,164.0,True,123.2,False,,0.0,86.5
MSN03142,TB2-D01,Delta,2026,1,2026-01-11,3,15.95,15.95,0.0,98.8,False,60.1,True,Navigation/GPS,37.2,79.6
MSN03143,TB2-D03,Delta,2026,1,2026-01-25,3,18.51,18.51,0.0,79.6,False,102.5,False,,0.0,77.2
MSN03145,TB2-D02,Delta,2026,1,2026-01-11,4,18.51,18.51,0.0,99.2,False,103.2,False,,0.0,92.3
MSN03146,TB2-D04,Delta,2026,1,2026-01-21,6,17.31,17.31,0.0,135.3,False,132.2,False,,0.0,86.5
MSN03147,TB2-D04,Delta,2026,1,2026-01-17,6,16.56,16.56,0.0,95.6,False,125.6,False,,0.0,86.5
MSN03148,TB2-D03,Delta,2026,1,2026-01-14,3,20.0,20.0,0.0,72.4,False,102.1,False,,0.0,77.2
MSN03149,TB2-D04,Delta,2026,1,2026-01-08,6,20.0,20.0,0.0,178.3,True,111.3,False,,0.0,86.5
MSN03150,TB2-D02,Delta,2026,1,2026-01-06,4,16.2,16.2,0.0,98.5,False,103.5,False,,0.0,92.3
MSN03151,TB2-D02,Delta,2026,1,2026-01-26,4,19.21,19.21,0.0,110.7,False,115.6,False,,0.0,92.3
MSN03152,TB2-D04,Delta,2026,1,2026-01-23,6,15.63,15.63,0.0,163.4,True,115.0,False,,0.0,86.5
MSN03153,TB2-D02,Delta,2026,2,2026-02-28,4,20.0,20.0,0.0,92.1,False,103.7,False,,0.0,84.1
MSN03154,TB2-D01,Delta,2026,2,2026-02-03,3,12.82,12.82,0.0,88.3,False,93.1,False,,0.0,79.0
MSN03155,TB2-D02,Delta,2026,2,2026-02-24,4,14.59,14.59,0.0,91.6,False,83.4,False,,0.0,84.1
MSN03156,TB2-D03,Delta,2026,2,2026-02-07,3,19.97,19.97,0.0,85.4,False,120.2,False,,0.0,78.6
MSN03159,TB2-D03,Delta,2026,2,2026-02-18,3,18.05,18.05,0.0,85.8,False,100.9,True,Engine,30.2,78.6
MSN03160,TB2-D04,Delta,2026,2,2026-02-28,6,17.29,17.29,0.0,112.6,False,127.4,False,,0.0,86.1
MSN03161,TB2-D02,Delta,2026,2,2026-02-27,4,17.75,17.75,0.0,92.6,False,88.9,False,,0.0,84.1
MSN03162,TB2-D04,Delta,2026,2,2026-02-09,6,18.14,18.14,0.0,118.3,False,140.5,False,,0.0,86.1
MSN03163,TB2-D03,Delta,2026,3,2026-03-04,3,17.31,17.31,0.0,129.4,True,78.3,False,,0.0,82.1
MSN03164,TB2-D04,Delta,2026,3,2026-03-27,6,16.5,16.5,0.0,172.4,True,114.0,False,,0.0,89.2
MSN03166,TB2-D04,Delta,2026,3,2026-03-02,6,15.91,13.84,2.07,134.3,True,122.9,True,Navigation/GPS,124.2,89.2
MSN03167,TB2-D02,Delta,2026,3,2026-03-13,4,15.82,15.82,0.0,83.7,False,95.5,False,,0.0,88.2
MSN03168,TB2-D01,Delta,2026,3,2026-03-03,3,18.41,16.35,2.06,83.8,False,88.2,True,Control Surface,123.6,77.0
MSN03169,TB2-D03,Delta,2026,3,2026-03-06,3,17.03,17.03,0.0,153.3,True,97.5,False,,0.0,82.1
MSN03170,TB2-D02,Delta,2026,3,2026-03-11,4,15.72,15.72,0.0,97.4,False,119.4,False,,0.0,88.2
MSN03171,TB2-D01,Delta,2026,3,2026-03-08,3,18.91,18.91,0.0,206.3,True,98.2,False,,0.0,77.0
MSN03172,TB2-D03,Delta,2026,3,2026-03-28,3,15.6,15.6,0.0,81.1,False,81.9,False,,0.0,82.1
MSN03173,TB2-D01,Delta,2026,3,2026-03-04,3,15.02,15.02,0.0,91.1,False,90.4,True,Navigation/GPS,6.9,77.0
MSN03175,TB2-D01,Delta,2026,3,2026-03-11,3,17.97,17.97,0.0,105.5,False,89.3,False,,0.0,77.0
MSN03176,TB2-D01,Delta,2026,3,2026-03-14,3,17.95,17.95,0.0,63.6,False,71.0,False,,0.0,77.0
MSN03177,TB2-D03,Delta,2026,3,2026-03-17,3,16.1,16.1,0.0,89.1,False,65.5,False,,0.0,82.1
MSN03178,TB2-D04,Delta,2026,3,2026-03-04,6,17.78,17.78,0.0,121.7,False,102.7,False,,0.0,89.2
MSN03179,TB2-D01,Delta,2026,4,2026-04-01,3,12.29,12.29,0.0,95.9,False,118.1,False,,0.0,80.4
MSN03180,TB2-D01,Delta,2026,4,2026-04-26,3,17.75,17.75,0.0,96.9,False,61.9,False,,0.0,80.4
MSN03181,TB2-D01,Delta,2026,4,2026-04-20,3,15.79,15.79,0.0,78.0,False,75.6,False,,0.0,80.4
MSN03183,TB2-D04,Delta,2026,4,2026-04-18,6,16.51,16.51,0.0,130.6,False,129.6,False,,0.0,91.6
MSN03184,TB2-D03,Delta,2026,4,2026-04-13,3,17.85,17.85,0.0,109.8,False,95.1,False,,0.0,79.1
MSN03185,TB2-D03,Delta,2026,4,2026-04-21,3,15.96,15.96,0.0,94.9,False,82.3,True,Navigation/GPS,16.0,79.1
MSN03186,TB2-D03,Delta,2026,4,2026-04-01,3,15.87,15.87,0.0,86.5,False,106.9,False,,0.0,79.1
MSN03187,TB2-D02,Delta,2026,4,2026-04-04,4,18.87,18.87,0.0,124.2,True,84.6,False,,0.0,86.5
MSN03188,TB2-D03,Delta,2026,4,2026-04-05,3,19.61,19.26,0.35,106.4,True,71.0,True,Sensor/Payload,21.0,79.1
MSN03189,TB2-D03,Delta,2026,4,2026-04-20,3,19.18,19.18,0.0,97.5,False,92.7,False,,0.0,79.1
MSN03190,TB2-D02,Delta,2026,4,2026-04-21,4,14.77,9.17,5.6,101.3,False,107.6,True,Navigation/GPS,336.0,86.5
MSN03191,TB2-D04,Delta,2026,4,2026-04-23,6,13.87,13.87,0.0,115.3,False,110.8,False,,0.0,91.6
MSN03193,TB2-D04,Delta,2026,5,2026-05-20,6,16.37,16.17,0.2,112.3,False,123.4,True,Sensor/Payload,12.0,88.5
MSN03194,TB2-D01,Delta,2026,5,2026-05-18,3,13.87,13.87,0.0,108.6,False,100.7,True,Electrical System,33.4,78.8
MSN03195,TB2-D04,Delta,2026,5,2026-05-22,6,18.01,18.01,0.0,123.9,False,120.6,False,,0.0,88.5
MSN03196,TB2-D02,Delta,2026,5,2026-05-16,4,18.51,15.96,2.55,107.6,True,106.3,True,Electrical System,153.0,91.7
MSN03197,TB2-D03,Delta,2026,5,2026-05-26,3,18.35,18.35,0.0,68.3,False,103.4,False,,0.0,79.2
MSN03198,TB2-D01,Delta,2026,5,2026-05-16,3,16.51,16.51,0.0,73.4,False,106.9,False,,0.0,78.8
MSN03199,TB2-D01,Delta,2026,5,2026-05-14,3,15.12,15.12,0.0,158.8,True,100.0,False,,0.0,78.8
MSN03200,TB2-D02,Delta,2026,5,2026-05-05,4,17.54,17.54,0.0,98.9,False,111.3,False,,0.0,91.7
MSN03201,TB2-D02,Delta,2026,5,2026-05-12,4,14.79,14.79,0.0,102.2,False,80.9,False,,0.0,91.7
MSN03202,TB2-D02,Delta,2026,5,2026-05-05,4,15.2,15.2,0.0,87.8,False,90.9,True,Engine,34.0,91.7
MSN03203,TB2-D02,Delta,2026,5,2026-05-02,4,20.0,20.0,0.0,105.2,False,115.0,False,,0.0,91.7
MSN03205,TB2-D02,Delta,2026,5,2026-05-11,4,15.08,15.08,0.0,86.3,False,92.0,False,,0.0,91.7
MSN03206,TB2-D01,Delta,2026,5,2026-05-13,3,17.73,17.73,0.0,90.3,False,109.5,True,Navigation/GPS,25.8,78.8
MSN03207,TB2-D02,Delta,2026,5,2026-05-28,4,17.68,17.68,0.0,117.7,False,114.9,False,,0.0,91.7
MSN03208,TB2-D01,Delta,2026,5,2026-05-27,3,20.0,20.0,0.0,107.1,True,104.7,False,,0.0,78.8
MSN03209,TB2-D03,Delta,2026,5,2026-05-04,3,19.06,19.06,0.0,92.2,False,86.4,False,,0.0,79.2
MSN03210,TB2-D04,Delta,2026,5,2026-05-10,6,17.05,17.05,0.0,131.2,False,121.9,False,,0.0,88.5
MSN03211,TB2-D03,Delta,2026,5,2026-05-08,3,17.68,17.68,0.0,170.3,True,88.2,False,,0.0,79.2
MSN03212,TB2-D03,Delta,2026,5,2026-05-08,3,18.14,18.14,0.0,75.9,False,82.4,False,,0.0,79.2
MSN03213,TB2-D02,Delta,2026,5,2026-05-08,4,15.91,15.91,0.0,121.0,False,108.4,False,,0.0,91.7
MSN03214,TB2-D04,Delta,2026,5,2026-05-28,6,18.42,18.42,0.0,137.3,False,101.3,False,,0.0,88.5
MSN03215,TB2-D02,Delta,2026,5,2026-05-06,4,20.0,20.0,0.0,95.1,False,86.7,False,,0.0,91.7
MSN03216,TB2-D01,Delta,2026,5,2026-05-13,3,16.62,16.62,0.0,110.1,False,81.9,False,,0.0,78.8
MSN03217,TB2-D04,Delta,2026,5,2026-05-14,6,17.51,17.51,0.0,124.8,False,121.9,False,,0.0,88.5
MSN03218,TB2-D03,Delta,2026,5,2026-05-03,3,18.48,18.48,0.0,163.1,True,108.0,False,,0.0,79.2
MSN03219,TB2-D02,Delta,2026,5,2026-05-02,4,16.32,16.32,0.0,114.4,False,98.3,False,,0.0,91.7
MSN03220,TB2-D01,Delta,2026,5,2026-05-18,3,16.43,16.43,0.0,74.4,False,101.5,False,,0.0,78.8
MSN03221,TB2-D01,Delta,2026,5,2026-05-11,3,16.98,16.98,0.0,109.1,False,74.4,False,,0.0,78.8
MSN03222,TB2-D04,Delta,2026,5,2026-05-17,6,15.97,15.97,0.0,154.0,True,95.5,False,,0.0,88.5
MSN03223,TB2-D03,Delta,2026,5,2026-05-06,3,16.93,10.25,6.68,90.9,False,81.0,True,Control Surface,400.8,79.2
MSN03224,TB2-D04,Delta,2026,6,2026-06-10,6,14.7,14.7,0.0,107.8,False,127.4,False,,0.0,86.8
MSN03225,TB2-D04,Delta,2026,6,2026-06-25,6,12.99,12.99,0.0,114.1,False,112.8,True,Control Surface,17.4,86.8
MSN03226,TB2-D02,Delta,2026,6,2026-06-10,4,17.0,17.0,0.0,112.0,False,107.1,False,,0.0,92.6
MSN03227,TB2-D03,Delta,2026,6,2026-06-01,3,17.64,17.64,0.0,82.0,False,82.6,False,,0.0,81.5
MSN03228,TB2-D02,Delta,2026,6,2026-06-03,4,16.28,16.28,0.0,99.1,False,102.4,False,,0.0,92.6
MSN03229,TB2-D03,Delta,2026,6,2026-06-06,3,14.66,14.66,0.0,79.3,False,97.9,False,,0.0,81.5
MSN03230,TB2-D03,Delta,2026,6,2026-06-15,3,12.2,12.2,0.0,98.2,False,90.0,False,,0.0,81.5
MSN03231,TB2-D02,Delta,2026,6,2026-06-02,4,14.98,14.98,0.0,103.3,False,85.3,False,,0.0,92.6
MSN03232,TB2-D04,Delta,2026,6,2026-06-01,6,17.8,17.8,0.0,126.1,False,95.5,False,,0.0,86.8
MSN03233,TB2-D01,Delta,2026,6,2026-06-14,3,16.9,16.9,0.0,95.3,False,87.2,False,,0.0,79.3
MSN03234,TB2-D02,Delta,2026,6,2026-06-22,4,12.45,12.45,0.0,98.2,False,102.3,False,,0.0,92.6
MSN03235,TB2-D02,Delta,2026,6,2026-06-04,4,17.25,17.25,0.0,155.2,True,110.0,False,,0.0,92.6
MSN03236,TB2-D03,Delta,2026,6,2026-06-17,3,20.0,20.0,0.0,89.0,False,95.0,False,,0.0,81.5
MSN03237,TB2-D04,Delta,2026,6,2026-06-05,6,14.8,14.8,0.0,109.4,False,115.5,False,,0.0,86.8
MSN03238,TB2-D03,Delta,2026,6,2026-06-19,3,20.0,20.0,0.0,98.1,False,89.9,False,,0.0,81.5
MSN03239,TB2-D01,Delta,2026,6,2026-06-27,3,14.04,14.04,0.0,90.3,False,68.9,False,,0.0,79.3
MSN03240,TB2-D04,Delta,2026,6,2026-06-26,6,13.97,13.97,0.0,98.7,False,145.4,False,,0.0,86.8
MSN03241,TB2-D04,Delta,2026,6,2026-06-08,6,18.22,18.22,0.0,127.3,False,110.8,False,,0.0,86.8
MSN03242,TB2-D03,Delta,2026,6,2026-06-24,3,15.94,15.94,0.0,112.5,True,79.1,False,,0.0,81.5
MSN03243,TB2-D02,Delta,2026,6,2026-06-21,4,19.82,19.82,0.0,97.9,False,79.5,False,,0.0,92.6
MSN03244,TB2-D04,Delta,2026,6,2026-06-18,6,15.98,15.98,0.0,134.8,False,123.4,False,,0.0,86.8
MSN03245,TB2-D01,Delta,2026,6,2026-06-04,3,16.47,16.47,0.0,128.0,True,68.6,False,,0.0,79.3
MSN03246,TB2-D04,Delta,2026,6,2026-06-28,6,16.66,16.66,0.0,109.0,False,122.7,False,,0.0,86.8
MSN03247,TB2-G01,Gamma,2021,6,2021-06-21,1,16.32,16.32,0.0,59.3,False,73.1,False,,0.0,91.1
MSN03248,TB2-G04,Gamma,2021,6,2021-06-14,0,18.23,18.23,0.0,73.3,False,64.2,False,,0.0,82.5
MSN03249,TB2-G01,Gamma,2021,6,2021-06-08,1,19.6,19.6,0.0,79.9,False,69.5,False,,0.0,91.1
MSN03250,TB2-G04,Gamma,2021,6,2021-06-15,0,17.46,17.46,0.0,64.0,False,75.4,False,,0.0,82.5
MSN03251,TB2-G04,Gamma,2021,6,2021-06-20,0,16.06,16.06,0.0,51.2,False,64.9,False,,0.0,82.5
MSN03252,TB2-G04,Gamma,2021,6,2021-06-04,0,14.85,14.85,0.0,66.7,False,56.7,False,,0.0,82.5
MSN03253,TB2-G01,Gamma,2021,6,2021-06-15,1,16.0,16.0,0.0,80.9,False,60.5,False,,0.0,91.1
MSN03254,TB2-G04,Gamma,2021,6,2021-06-04,0,17.77,7.13,10.64,91.8,True,37.2,True,Control Surface,638.4,82.5
MSN03255,TB2-G04,Gamma,2021,6,2021-06-24,0,15.09,15.09,0.0,56.4,False,41.4,False,,0.0,82.5
MSN03256,TB2-G04,Gamma,2021,6,2021-06-05,0,17.79,17.79,0.0,77.0,False,57.9,True,Navigation/GPS,27.5,82.5
MSN03257,TB2-G04,Gamma,2021,6,2021-06-04,0,18.95,18.95,0.0,84.5,False,72.6,False,,0.0,82.5
MSN03258,TB2-G04,Gamma,2021,6,2021-06-08,0,17.19,17.19,0.0,46.8,False,45.5,False,,0.0,82.5
MSN03259,TB2-G01,Gamma,2021,6,2021-06-09,1,16.15,13.95,2.2,74.1,False,86.1,True,Control Surface,132.0,91.1
MSN03260,TB2-G04,Gamma,2021,6,2021-06-10,0,12.64,12.64,0.0,117.5,True,84.9,False,,0.0,82.5
MSN03261,TB2-G04,Gamma,2021,6,2021-06-06,0,20.0,20.0,0.0,44.5,False,72.9,False,,0.0,82.5
MSN03262,TB2-G04,Gamma,2021,6,2021-06-16,0,17.77,17.77,0.0,56.2,False,74.6,False,,0.0,82.5
MSN03263,TB2-G04,Gamma,2021,6,2021-06-06,0,16.46,16.46,0.0,76.1,False,49.3,False,,0.0,82.5
MSN03264,TB2-G04,Gamma,2021,6,2021-06-22,0,19.27,19.27,0.0,68.5,False,51.9,False,,0.0,82.5
MSN03265,TB2-G01,Gamma,2021,6,2021-06-09,1,15.38,15.38,0.0,87.1,False,76.3,False,,0.0,91.1
MSN03266,TB2-G01,Gamma,2021,6,2021-06-17,1,15.15,15.15,0.0,85.6,False,72.6,False,,0.0,91.1
MSN03267,TB2-G04,Gamma,2021,6,2021-06-10,0,18.87,18.87,0.0,45.4,False,61.6,False,,0.0,82.5
MSN03268,TB2-G01,Gamma,2021,6,2021-06-11,1,16.04,16.04,0.0,79.5,False,66.5,False,,0.0,91.1
MSN03269,TB2-G01,Gamma,2021,6,2021-06-14,1,17.26,17.26,0.0,142.8,True,77.8,False,,0.0,91.1
MSN03270,TB2-G03,Gamma,2021,7,2021-07-03,0,15.24,15.24,0.0,94.8,True,69.6,False,,0.0,95.9
MSN03271,TB2-G04,Gamma,2021,7,2021-07-15,0,20.0,20.0,0.0,57.5,False,62.0,False,,0.0,89.2
MSN03272,TB2-G01,Gamma,2021,7,2021-07-04,1,15.05,15.05,0.0,91.6,False,87.2,False,,0.0,88.4
MSN03273,TB2-G03,Gamma,2021,7,2021-07-02,0,13.02,13.02,0.0,78.5,False,53.3,False,,0.0,95.9
MSN03274,TB2-G03,Gamma,2021,7,2021-07-24,0,17.48,17.48,0.0,64.1,False,66.3,False,,0.0,95.9
MSN03275,TB2-G01,Gamma,2021,7,2021-07-03,1,14.04,14.04,0.0,72.2,False,82.3,False,,0.0,88.4
MSN03276,TB2-G04,Gamma,2021,7,2021-07-23,0,17.61,17.61,0.0,62.7,False,37.5,False,,0.0,89.2
MSN03277,TB2-G03,Gamma,2021,7,2021-07-16,0,15.06,15.06,0.0,78.3,False,55.9,False,,0.0,95.9
MSN03278,TB2-G01,Gamma,2021,7,2021-07-21,1,16.33,16.33,0.0,83.2,False,89.3,False,,0.0,88.4
MSN03279,TB2-G01,Gamma,2021,7,2021-07-12,1,19.47,19.47,0.0,125.1,True,55.6,False,,0.0,88.4
MSN03280,TB2-G01,Gamma,2021,7,2021-07-03,1,18.42,18.42,0.0,53.7,False,86.3,False,,0.0,88.4
MSN03281,TB2-G01,Gamma,2021,7,2021-07-07,1,18.1,18.1,0.0,93.4,False,82.1,False,,0.0,88.4
MSN03282,TB2-G01,Gamma,2021,7,2021-07-01,1,19.27,19.27,0.0,68.5,False,45.3,False,,0.0,88.4
MSN03283,TB2-G01,Gamma,2021,7,2021-07-21,1,14.8,14.8,0.0,57.2,False,65.0,False,,0.0,88.4
MSN03284,TB2-G01,Gamma,2021,7,2021-07-03,1,16.23,16.23,0.0,62.2,False,41.2,False,,0.0,88.4
MSN03285,TB2-G01,Gamma,2021,7,2021-07-17,1,20.0,20.0,0.0,159.4,True,62.0,False,,0.0,88.4
MSN03286,TB2-G04,Gamma,2021,7,2021-07-05,0,16.15,16.15,0.0,46.7,False,67.3,True,Navigation/GPS,17.8,89.2
MSN03287,TB2-G03,Gamma,2021,7,2021-07-06,0,15.5,15.5,0.0,53.2,False,48.8,False,,0.0,95.9
MSN03288,TB2-G01,Gamma,2021,7,2021-07-19,1,16.73,16.73,0.0,65.6,False,60.7,False,,0.0,88.4
MSN03289,TB2-G04,Gamma,2021,7,2021-07-14,0,18.61,18.61,0.0,69.5,False,74.2,False,,0.0,89.2
MSN03290,TB2-G04,Gamma,2021,7,2021-07-26,0,14.97,14.97,0.0,59.4,False,55.5,False,,0.0,89.2
MSN03291,TB2-G01,Gamma,2021,7,2021-07-01,1,20.0,20.0,0.0,56.3,False,79.8,False,,0.0,88.4
MSN03292,TB2-G01,Gamma,2021,7,2021-07-17,1,16.69,13.22,3.47,152.7,True,84.6,True,Navigation/GPS,208.2,88.4
MSN03293,TB2-G01,Gamma,2021,7,2021-07-17,1,15.04,15.04,0.0,71.1,False,55.8,False,,0.0,88.4
MSN03294,TB2-G01,Gamma,2021,8,2021-08-01,1,17.22,17.22,0.0,80.8,False,67.6,False,,0.0,86.1
MSN03295,TB2-G01,Gamma,2021,8,2021-08-18,1,15.56,15.56,0.0,74.8,False,45.4,False,,0.0,86.1
MSN03296,TB2-G04,Gamma,2021,8,2021-08-03,0,14.86,14.86,0.0,65.3,False,68.9,False,,0.0,92.5
MSN03297,TB2-G03,Gamma,2021,8,2021-08-16,0,20.0,20.0,0.0,80.1,False,59.7,False,,0.0,96.6
MSN03298,TB2-G04,Gamma,2021,8,2021-08-25,0,16.6,16.6,0.0,59.9,False,60.8,False,,0.0,92.5
MSN03299,TB2-G01,Gamma,2021,8,2021-08-13,1,18.69,18.69,0.0,133.7,True,70.4,False,,0.0,86.1
MSN03300,TB2-G01,Gamma,2021,8,2021-08-12,1,18.44,18.44,0.0,114.5,True,86.1,False,,0.0,86.1
MSN03301,TB2-G01,Gamma,2021,8,2021-08-14,1,17.35,17.35,0.0,46.0,False,76.1,False,,0.0,86.1
MSN03302,TB2-G01,Gamma,2021,8,2021-08-20,1,13.86,13.86,0.0,77.7,False,52.5,False,,0.0,86.1
MSN03303,TB2-G01,Gamma,2021,8,2021-08-24,1,19.05,19.05,0.0,88.9,False,56.6,False,,0.0,86.1
MSN03304,TB2-G04,Gamma,2021,8,2021-08-12,0,18.4,18.4,0.0,51.2,False,77.2,False,,0.0,92.5
MSN03305,TB2-G01,Gamma,2021,8,2021-08-26,1,15.81,15.81,0.0,67.2,False,87.8,False,,0.0,86.1
MSN03306,TB2-G01,Gamma,2021,8,2021-08-07,1,18.02,18.02,0.0,65.0,False,86.3,False,,0.0,86.1
MSN03307,TB2-G04,Gamma,2021,8,2021-08-05,0,19.97,19.97,0.0,57.3,False,79.7,False,,0.0,92.5
MSN03308,TB2-G03,Gamma,2021,8,2021-08-25,0,15.58,15.58,0.0,79.5,False,54.4,False,,0.0,96.6
MSN03309,TB2-G04,Gamma,2021,8,2021-08-21,0,17.94,17.94,0.0,49.5,False,44.2,False,,0.0,92.5
MSN03310,TB2-G03,Gamma,2021,8,2021-08-05,0,13.33,13.33,0.0,79.3,False,52.3,False,,0.0,96.6
MSN03311,TB2-G03,Gamma,2021,8,2021-08-08,0,17.87,17.87,0.0,43.8,False,35.9,False,,0.0,96.6
MSN03312,TB2-G01,Gamma,2021,8,2021-08-01,1,19.17,19.17,0.0,60.5,False,69.6,False,,0.0,86.1
MSN03313,TB2-G03,Gamma,2021,8,2021-08-13,0,16.23,16.23,0.0,57.3,False,60.0,False,,0.0,96.6
MSN03314,TB2-G01,Gamma,2021,8,2021-08-25,1,13.45,13.45,0.0,73.8,False,73.6,False,,0.0,86.1
MSN03315,TB2-G03,Gamma,2021,9,2021-09-12,0,16.96,16.96,0.0,67.5,False,65.5,False,,0.0,92.7
MSN03316,TB2-G01,Gamma,2021,9,2021-09-20,1,17.46,17.46,0.0,161.0,True,52.4,False,,0.0,87.4
MSN03317,TB2-G04,Gamma,2021,9,2021-09-13,0,16.54,16.54,0.0,45.7,False,80.8,False,,0.0,92.5
MSN03318,TB2-G03,Gamma,2021,9,2021-09-23,0,16.85,16.85,0.0,41.1,False,50.4,False,,0.0,92.7
MSN03319,TB2-G03,Gamma,2021,9,2021-09-26,0,18.82,18.82,0.0,68.4,False,57.8,False,,0.0,92.7
MSN03320,TB2-G01,Gamma,2021,9,2021-09-04,1,17.47,17.47,0.0,69.1,False,73.3,False,,0.0,87.4
MSN03321,TB2-G04,Gamma,2021,9,2021-09-21,0,20.0,20.0,0.0,47.4,False,62.3,False,,0.0,92.5
MSN03323,TB2-G01,Gamma,2021,9,2021-09-20,1,18.94,18.94,0.0,76.4,False,68.7,False,,0.0,87.4
MSN03324,TB2-G03,Gamma,2021,9,2021-09-22,0,19.6,19.6,0.0,51.5,False,95.2,False,,0.0,92.7
MSN03325,TB2-G04,Gamma,2021,9,2021-09-23,0,17.71,17.71,0.0,71.8,False,51.1,False,,0.0,92.5
MSN03326,TB2-G04,Gamma,2021,9,2021-09-18,0,19.57,19.57,0.0,33.5,False,52.4,False,,0.0,92.5
MSN03327,TB2-G04,Gamma,2021,9,2021-09-08,0,17.49,17.49,0.0,52.1,False,51.3,False,,0.0,92.5
MSN03328,TB2-G03,Gamma,2021,9,2021-09-22,0,19.62,19.62,0.0,57.6,False,71.8,False,,0.0,92.7
MSN03329,TB2-G04,Gamma,2021,9,2021-09-21,0,19.53,19.53,0.0,70.8,False,65.5,False,,0.0,92.5
MSN03330,TB2-G04,Gamma,2021,9,2021-09-17,0,17.54,17.54,0.0,30.0,False,54.9,False,,0.0,92.5
MSN03331,TB2-G03,Gamma,2021,9,2021-09-20,0,19.52,19.52,0.0,52.5,False,43.5,False,,0.0,92.7
MSN03332,TB2-G01,Gamma,2021,9,2021-09-05,1,11.89,11.89,0.0,68.9,False,56.9,False,,0.0,87.4
MSN03333,TB2-G01,Gamma,2021,9,2021-09-02,1,17.13,17.13,0.0,64.4,False,75.9,False,,0.0,87.4
MSN03334,TB2-G03,Gamma,2021,9,2021-09-05,0,20.0,20.0,0.0,53.3,False,72.3,False,,0.0,92.7
MSN03335,TB2-G03,Gamma,2021,9,2021-09-06,0,19.38,19.38,0.0,48.8,False,43.6,False,,0.0,92.7
MSN03336,TB2-G01,Gamma,2021,9,2021-09-20,1,17.21,17.21,0.0,98.2,False,90.6,True,Navigation/GPS,15.9,87.4
MSN03337,TB2-G03,Gamma,2021,9,2021-09-05,0,18.63,18.63,0.0,38.3,False,54.3,False,,0.0,92.7
MSN03338,TB2-G03,Gamma,2021,9,2021-09-26,0,14.65,14.65,0.0,75.5,False,67.8,False,,0.0,92.7
MSN03339,TB2-G01,Gamma,2021,9,2021-09-10,1,20.0,20.0,0.0,67.6,False,70.5,False,,0.0,87.4
MSN03340,TB2-G03,Gamma,2021,10,2021-10-15,0,14.14,14.14,0.0,36.1,False,56.7,False,,0.0,98.7
MSN03341,TB2-G03,Gamma,2021,10,2021-10-21,0,17.23,17.23,0.0,50.9,False,61.9,False,,0.0,98.7
MSN03342,TB2-G03,Gamma,2021,10,2021-10-05,0,20.0,20.0,0.0,77.9,False,61.2,False,,0.0,98.7
MSN03343,TB2-G04,Gamma,2021,10,2021-10-14,0,13.02,13.02,0.0,34.6,False,31.5,False,,0.0,85.9
MSN03344,TB2-G03,Gamma,2021,10,2021-10-09,0,16.4,16.4,0.0,152.3,True,68.0,False,,0.0,98.7
MSN03345,TB2-G01,Gamma,2021,10,2021-10-21,1,19.4,19.4,0.0,65.6,False,63.6,False,,0.0,90.6
MSN03346,TB2-G03,Gamma,2021,10,2021-10-13,0,17.77,17.77,0.0,51.8,False,30.0,False,,0.0,98.7
MSN03347,TB2-G04,Gamma,2021,10,2021-10-02,0,13.53,13.53,0.0,58.5,False,44.3,False,,0.0,85.9
MSN03349,TB2-G04,Gamma,2021,10,2021-10-27,0,19.92,19.92,0.0,56.4,False,51.2,False,,0.0,85.9
MSN03350,TB2-G03,Gamma,2021,10,2021-10-03,0,17.9,17.9,0.0,63.5,False,52.2,False,,0.0,98.7
MSN03351,TB2-G04,Gamma,2021,11,2021-11-22,0,17.36,17.36,0.0,35.8,False,65.8,False,,0.0,87.4
MSN03352,TB2-G03,Gamma,2021,11,2021-11-05,0,16.99,16.99,0.0,77.1,False,43.3,False,,0.0,92.3
MSN03354,TB2-G03,Gamma,2021,11,2021-11-28,0,16.1,16.1,0.0,30.0,False,63.2,False,,0.0,92.3
MSN03355,TB2-G04,Gamma,2021,11,2021-11-15,0,20.0,20.0,0.0,53.3,False,41.3,False,,0.0,87.4
MSN03356,TB2-G01,Gamma,2021,11,2021-11-03,1,14.81,14.81,0.0,75.5,False,55.0,True,Navigation/GPS,24.9,90.3
MSN03357,TB2-G04,Gamma,2021,11,2021-11-15,0,18.41,18.41,0.0,61.1,False,77.7,False,,0.0,87.4
MSN03358,TB2-G01,Gamma,2021,11,2021-11-15,1,18.93,18.93,0.0,61.8,False,73.4,False,,0.0,90.3
MSN03359,TB2-G04,Gamma,2021,11,2021-11-01,0,16.05,16.05,0.0,35.4,False,50.9,False,,0.0,87.4
MSN03360,TB2-G04,Gamma,2021,11,2021-11-13,0,19.06,19.06,0.0,38.7,False,48.8,False,,0.0,87.4
MSN03361,TB2-G01,Gamma,2021,11,2021-11-17,1,20.0,20.0,0.0,45.6,False,67.5,False,,0.0,90.3
MSN03362,TB2-G04,Gamma,2021,11,2021-11-06,0,17.61,17.61,0.0,62.7,False,50.2,False,,0.0,87.4
MSN03363,TB2-G01,Gamma,2021,12,2021-12-02,1,16.31,16.31,0.0,40.2,False,36.4,False,,0.0,93.3
MSN03364,TB2-G01,Gamma,2021,12,2021-12-06,1,14.0,14.0,0.0,73.4,False,64.2,False,,0.0,93.3
MSN03365,TB2-G03,Gamma,2021,12,2021-12-12,0,20.0,20.0,0.0,65.3,False,67.9,False,,0.0,100.0
MSN03366,TB2-G04,Gamma,2021,12,2021-12-23,0,18.27,18.27,0.0,49.8,False,60.4,False,,0.0,93.4
MSN03367,TB2-G01,Gamma,2021,12,2021-12-27,1,15.33,15.33,0.0,84.3,False,70.8,False,,0.0,93.3
MSN03368,TB2-G01,Gamma,2021,12,2021-12-01,1,19.15,19.15,0.0,68.4,False,57.6,False,,0.0,93.3
MSN03369,TB2-G04,Gamma,2021,12,2021-12-10,0,11.47,11.47,0.0,65.3,False,54.1,False,,0.0,93.4
MSN03370,TB2-G04,Gamma,2021,12,2021-12-24,0,18.49,18.49,0.0,32.0,False,60.8,False,,0.0,93.4
MSN03371,TB2-G03,Gamma,2022,1,2022-01-20,1,16.5,14.06,2.44,73.9,False,86.6,True,Electrical System,146.4,96.3
MSN03372,TB2-G01,Gamma,2022,1,2022-01-14,2,14.44,14.44,0.0,76.7,False,88.2,False,,0.0,84.4
MSN03373,TB2-G01,Gamma,2022,1,2022-01-20,2,18.71,18.71,0.0,85.6,False,93.7,False,,0.0,84.4
MSN03374,TB2-G04,Gamma,2022,1,2022-01-23,1,16.63,16.63,0.0,65.2,False,69.5,False,,0.0,94.1
MSN03375,TB2-G04,Gamma,2022,1,2022-01-19,1,17.32,17.32,0.0,52.5,False,88.0,False,,0.0,94.1
MSN03376,TB2-G01,Gamma,2022,1,2022-01-28,2,17.14,17.14,0.0,70.9,False,79.4,False,,0.0,84.4
MSN03377,TB2-G03,Gamma,2022,1,2022-01-09,1,17.52,17.52,0.0,61.9,False,54.0,False,,0.0,96.3
MSN03381,TB2-G03,Gamma,2022,1,2022-01-19,1,14.81,14.81,0.0,83.2,False,59.4,False,,0.0,96.3
MSN03382,TB2-G03,Gamma,2022,1,2022-01-05,1,17.86,17.86,0.0,83.2,False,58.1,False,,0.0,96.3
MSN03383,TB2-G01,Gamma,2022,1,2022-01-19,2,14.82,14.82,0.0,52.6,False,57.9,False,,0.0,84.4
MSN03384,TB2-G04,Gamma,2022,1,2022-01-27,1,16.97,16.97,0.0,76.8,False,73.3,False,,0.0,94.1
MSN03385,TB2-G04,Gamma,2022,1,2022-01-22,1,16.13,16.13,0.0,53.5,False,77.8,False,,0.0,94.1
MSN03388,TB2-G01,Gamma,2022,2,2022-02-01,2,14.56,14.56,0.0,91.0,False,80.8,False,,0.0,92.3
MSN03389,TB2-G04,Gamma,2022,2,2022-02-26,1,16.82,16.82,0.0,66.3,False,53.0,False,,0.0,85.9
MSN03390,TB2-G04,Gamma,2022,2,2022-02-17,1,16.39,16.39,0.0,70.8,False,83.3,False,,0.0,85.9
MSN03391,TB2-G03,Gamma,2022,2,2022-02-04,1,18.59,18.59,0.0,69.6,False,79.3,False,,0.0,93.7
MSN03392,TB2-G03,Gamma,2022,2,2022-02-18,1,18.6,18.6,0.0,67.1,False,62.2,False,,0.0,93.7
MSN03393,TB2-G01,Gamma,2022,2,2022-02-27,2,20.0,20.0,0.0,93.4,False,80.3,False,,0.0,92.3
MSN03394,TB2-G04,Gamma,2022,2,2022-02-04,1,19.64,15.19,4.45,93.4,False,56.3,True,Navigation/GPS,267.0,85.9
MSN03396,TB2-G03,Gamma,2022,2,2022-02-06,1,17.58,17.58,0.0,66.9,False,67.7,False,,0.0,93.7
MSN03397,TB2-G04,Gamma,2022,2,2022-02-16,1,13.63,13.63,0.0,40.0,False,79.8,False,,0.0,85.9
MSN03398,TB2-G01,Gamma,2022,2,2022-02-14,2,17.78,17.78,0.0,140.8,True,86.6,False,,0.0,92.3
MSN03400,TB2-G03,Gamma,2022,2,2022-02-25,1,13.96,13.96,0.0,68.9,False,86.1,False,,0.0,93.7
MSN03402,TB2-G03,Gamma,2022,2,2022-02-12,1,14.79,14.79,0.0,68.8,False,75.3,False,,0.0,93.7
MSN03403,TB2-G03,Gamma,2022,3,2022-03-12,1,17.94,17.94,0.0,58.5,False,64.7,False,,0.0,95.3
MSN03404,TB2-G01,Gamma,2022,3,2022-03-19,2,17.7,16.41,1.29,77.7,False,72.5,True,Engine,77.4,82.1
MSN03405,TB2-G04,Gamma,2022,3,2022-03-08,1,13.9,13.7,0.2,83.4,False,60.5,True,Electrical System,12.0,82.7
MSN03406,TB2-G04,Gamma,2022,3,2022-03-02,1,18.32,18.32,0.0,79.6,False,57.4,False,,0.0,82.7
MSN03407,TB2-G03,Gamma,2022,3,2022-03-20,1,14.75,14.75,0.0,113.7,True,48.1,False,,0.0,95.3
MSN03408,TB2-G04,Gamma,2022,3,2022-03-02,1,17.17,17.17,0.0,84.2,False,72.3,True,Sensor/Payload,24.0,82.7
MSN03409,TB2-G04,Gamma,2022,3,2022-03-06,1,19.37,19.37,0.0,110.0,True,48.9,False,,0.0,82.7
MSN03410,TB2-G04,Gamma,2022,3,2022-03-21,1,14.96,14.96,0.0,65.2,False,62.1,False,,0.0,82.7
MSN03411,TB2-G01,Gamma,2022,3,2022-03-07,2,17.51,17.51,0.0,75.9,False,82.3,False,,0.0,82.1
MSN03412,TB2-G03,Gamma,2022,3,2022-03-01,1,19.13,19.13,0.0,85.0,False,85.3,False,,0.0,95.3
MSN03413,TB2-G03,Gamma,2022,3,2022-03-26,1,13.63,13.63,0.0,89.0,False,82.3,False,,0.0,95.3
MSN03414,TB2-G01,Gamma,2022,3,2022-03-27,2,17.11,17.11,0.0,76.6,False,71.8,False,,0.0,82.1
MSN03415,TB2-G04,Gamma,2022,4,2022-04-21,1,14.2,14.2,0.0,124.1,True,61.7,False,,0.0,84.9
MSN03416,TB2-G04,Gamma,2022,4,2022-04-26,1,17.12,17.12,0.0,65.7,False,71.1,False,,0.0,84.9
MSN03417,TB2-G01,Gamma,2022,4,2022-04-12,2,19.37,19.37,0.0,82.0,False,75.5,False,,0.0,92.5
MSN03418,TB2-G01,Gamma,2022,4,2022-04-16,2,17.2,17.2,0.0,89.8,False,59.2,False,,0.0,92.5
MSN03420,TB2-G01,Gamma,2022,4,2022-04-21,2,19.85,19.85,0.0,55.5,False,52.2,False,,0.0,92.5
MSN03421,TB2-G03,Gamma,2022,4,2022-04-24,1,17.01,17.01,0.0,49.8,False,79.5,False,,0.0,92.7
MSN03422,TB2-G04,Gamma,2022,4,2022-04-22,1,19.29,19.29,0.0,68.2,False,52.4,True,Electrical System,19.8,84.9
MSN03424,TB2-G04,Gamma,2022,4,2022-04-27,1,20.0,20.0,0.0,74.5,True,75.4,False,,0.0,84.9
MSN03425,TB2-G04,Gamma,2022,4,2022-04-10,1,15.47,15.47,0.0,75.9,False,85.1,False,,0.0,84.9
MSN03426,TB2-G03,Gamma,2022,4,2022-04-26,1,18.26,18.26,0.0,60.9,False,58.2,False,,0.0,92.7
MSN03427,TB2-G03,Gamma,2022,4,2022-04-20,1,15.56,15.56,0.0,82.6,False,79.0,False,,0.0,92.7
MSN03428,TB2-G04,Gamma,2022,4,2022-04-02,1,16.63,16.63,0.0,71.7,False,73.9,False,,0.0,84.9
MSN03429,TB2-G03,Gamma,2022,4,2022-04-27,1,17.61,17.61,0.0,92.3,False,62.2,False,,0.0,92.7
MSN03430,TB2-G01,Gamma,2022,4,2022-04-09,2,15.9,15.9,0.0,88.0,False,82.7,False,,0.0,92.5
MSN03431,TB2-G01,Gamma,2022,4,2022-04-07,2,19.83,19.83,0.0,72.8,False,77.3,False,,0.0,92.5
MSN03432,TB2-G04,Gamma,2022,5,2022-05-04,1,14.57,14.57,0.0,91.9,True,64.8,False,,0.0,83.5
MSN03434,TB2-G03,Gamma,2022,5,2022-05-14,1,14.88,14.88,0.0,58.5,False,76.2,False,,0.0,90.7
MSN03435,TB2-G04,Gamma,2022,5,2022-05-21,1,18.16,18.16,0.0,63.7,False,82.8,False,,0.0,83.5
MSN03436,TB2-G04,Gamma,2022,5,2022-05-07,1,15.86,15.86,0.0,66.2,False,50.7,False,,0.0,83.5
MSN03437,TB2-G03,Gamma,2022,5,2022-05-28,1,15.36,15.36,0.0,65.6,False,75.6,False,,0.0,90.7
MSN03438,TB2-G04,Gamma,2022,5,2022-05-07,1,19.12,19.12,0.0,78.3,False,76.2,False,,0.0,83.5
MSN03439,TB2-G04,Gamma,2022,5,2022-05-28,1,16.33,16.33,0.0,80.0,False,70.7,False,,0.0,83.5
MSN03440,TB2-G03,Gamma,2022,5,2022-05-17,1,18.06,18.06,0.0,70.2,False,47.7,False,,0.0,90.7
MSN03441,TB2-G04,Gamma,2022,5,2022-05-20,1,17.93,17.93,0.0,59.1,False,55.8,False,,0.0,83.5
MSN03443,TB2-G03,Gamma,2022,5,2022-05-22,1,18.74,18.74,0.0,62.5,False,49.4,False,,0.0,90.7
MSN03444,TB2-G03,Gamma,2022,5,2022-05-21,1,16.47,16.47,0.0,44.2,False,89.9,False,,0.0,90.7
MSN03445,TB2-G03,Gamma,2022,5,2022-05-04,1,18.67,18.67,0.0,77.3,False,77.7,False,,0.0,90.7
MSN03446,TB2-G04,Gamma,2022,5,2022-05-02,1,15.94,15.94,0.0,96.2,True,68.2,False,,0.0,83.5
MSN03447,TB2-G04,Gamma,2022,5,2022-05-06,1,13.59,13.59,0.0,60.7,False,76.6,False,,0.0,83.5
MSN03448,TB2-G04,Gamma,2022,5,2022-05-10,1,15.23,15.23,0.0,55.1,False,81.4,False,,0.0,83.5
MSN03449,TB2-G03,Gamma,2022,5,2022-05-13,1,16.9,13.61,3.29,64.3,False,94.9,True,Electrical System,197.4,90.7
MSN03450,TB2-G03,Gamma,2022,5,2022-05-05,1,17.8,17.8,0.0,121.6,True,57.3,True,Electrical System,36.8,90.7
MSN03451,TB2-G03,Gamma,2022,5,2022-05-14,1,18.48,18.48,0.0,54.0,False,67.4,False,,0.0,90.7
MSN03452,TB2-G01,Gamma,2022,5,2022-05-08,2,16.99,16.99,0.0,99.5,False,68.0,True,Control Surface,37.7,91.0
MSN03453,TB2-G03,Gamma,2022,5,2022-05-28,1,17.82,17.82,0.0,77.0,False,81.6,False,,0.0,90.7
MSN03454,TB2-G01,Gamma,2022,5,2022-05-05,2,18.42,18.42,0.0,116.0,True,68.4,False,,0.0,91.0
MSN03455,TB2-G03,Gamma,2022,5,2022-05-03,1,20.0,20.0,0.0,46.1,False,64.7,False,,0.0,90.7
MSN03457,TB2-G03,Gamma,2022,5,2022-05-14,1,12.27,12.27,0.0,70.4,False,78.8,False,,0.0,90.7
MSN03458,TB2-G04,Gamma,2022,5,2022-05-12,1,10.4,10.4,0.0,88.6,True,66.7,False,,0.0,83.5
MSN03459,TB2-G03,Gamma,2022,5,2022-05-09,1,20.0,20.0,0.0,50.5,False,53.0,False,,0.0,90.7
MSN03460,TB2-G01,Gamma,2022,5,2022-05-03,2,19.82,19.82,0.0,98.9,False,97.7,False,,0.0,91.0
MSN03461,TB2-G01,Gamma,2022,6,2022-06-18,2,17.25,17.25,0.0,88.1,False,55.6,False,,0.0,91.6
MSN03462,TB2-G03,Gamma,2022,6,2022-06-20,1,17.5,17.5,0.0,66.2,False,62.7,False,,0.0,89.0
MSN03463,TB2-G04,Gamma,2022,6,2022-06-07,1,16.35,16.35,0.0,52.7,False,86.1,False,,0.0,84.9
MSN03464,TB2-G01,Gamma,2022,6,2022-06-24,2,16.64,16.64,0.0,66.8,False,79.6,False,,0.0,91.6
MSN03465,TB2-G04,Gamma,2022,6,2022-06-18,1,14.24,14.24,0.0,78.2,False,73.4,False,,0.0,84.9
MSN03466,TB2-G04,Gamma,2022,6,2022-06-05,1,20.0,20.0,0.0,42.2,False,70.0,False,,0.0,84.9
MSN03467,TB2-G04,Gamma,2022,6,2022-06-02,1,18.89,18.89,0.0,74.2,False,76.0,False,,0.0,84.9
MSN03468,TB2-G01,Gamma,2022,6,2022-06-11,2,18.17,18.17,0.0,64.1,False,75.2,False,,0.0,91.6
MSN03469,TB2-G03,Gamma,2022,6,2022-06-18,1,15.26,15.26,0.0,60.8,False,77.0,False,,0.0,89.0
MSN03470,TB2-G01,Gamma,2022,6,2022-06-07,2,18.64,18.64,0.0,81.9,False,82.4,False,,0.0,91.6
MSN03471,TB2-G04,Gamma,2022,6,2022-06-05,1,19.51,19.51,0.0,75.3,False,51.6,False,,0.0,84.9
MSN03472,TB2-G04,Gamma,2022,6,2022-06-23,1,18.34,18.34,0.0,101.6,True,79.8,False,,0.0,84.9
MSN03473,TB2-G03,Gamma,2022,6,2022-06-11,1,18.92,18.92,0.0,67.4,False,50.8,False,,0.0,89.0
MSN03474,TB2-G04,Gamma,2022,6,2022-06-13,1,19.09,19.09,0.0,67.9,False,69.1,False,,0.0,84.9
MSN03475,TB2-G01,Gamma,2022,6,2022-06-06,2,17.48,17.48,0.0,82.3,False,62.4,False,,0.0,91.6
MSN03476,TB2-G04,Gamma,2022,6,2022-06-16,1,19.23,19.23,0.0,75.5,False,58.6,False,,0.0,84.9
MSN03478,TB2-G04,Gamma,2022,6,2022-06-27,1,14.51,14.51,0.0,65.6,False,67.5,False,,0.0,84.9
MSN03479,TB2-G01,Gamma,2022,6,2022-06-01,2,12.59,8.39,4.2,93.8,False,84.9,True,Electrical System,252.0,91.6
MSN03480,TB2-G01,Gamma,2022,6,2022-06-06,2,14.29,14.29,0.0,75.6,False,56.4,False,,0.0,91.6
MSN03481,TB2-G04,Gamma,2022,6,2022-06-06,1,18.65,18.65,0.0,91.8,False,61.3,False,,0.0,84.9
MSN03482,TB2-G01,Gamma,2022,7,2022-07-19,2,18.07,18.07,0.0,89.4,False,103.6,False,,0.0,94.0
MSN03483,TB2-G04,Gamma,2022,7,2022-07-22,1,14.33,14.33,0.0,87.9,False,75.8,False,,0.0,91.4
MSN03484,TB2-G01,Gamma,2022,7,2022-07-11,2,14.25,14.25,0.0,75.6,False,74.6,False,,0.0,94.0
MSN03485,TB2-G03,Gamma,2022,7,2022-07-01,1,16.4,16.4,0.0,61.6,False,63.8,False,,0.0,100.0
MSN03486,TB2-G01,Gamma,2022,7,2022-07-17,2,15.69,15.69,0.0,69.0,False,63.7,False,,0.0,94.0
MSN03487,TB2-G01,Gamma,2022,7,2022-07-01,2,18.37,18.37,0.0,71.6,False,61.5,False,,0.0,94.0
MSN03488,TB2-G04,Gamma,2022,7,2022-07-20,1,16.58,16.58,0.0,56.9,False,67.6,False,,0.0,91.4
MSN03489,TB2-G04,Gamma,2022,7,2022-07-08,1,15.25,15.25,0.0,72.1,False,78.7,False,,0.0,91.4
MSN03490,TB2-G03,Gamma,2022,7,2022-07-24,1,18.63,18.63,0.0,51.2,False,65.7,False,,0.0,100.0
MSN03491,TB2-G03,Gamma,2022,7,2022-07-10,1,17.41,17.41,0.0,85.6,False,58.5,False,,0.0,100.0
MSN03492,TB2-G03,Gamma,2022,7,2022-07-19,1,15.96,15.96,0.0,83.0,False,74.7,False,,0.0,100.0
MSN03493,TB2-G01,Gamma,2022,7,2022-07-19,2,19.78,19.78,0.0,118.0,True,71.4,False,,0.0,94.0
MSN03494,TB2-G04,Gamma,2022,7,2022-07-01,1,20.0,20.0,0.0,127.3,True,73.3,False,,0.0,91.4
MSN03495,TB2-G04,Gamma,2022,7,2022-07-08,1,16.87,16.87,0.0,88.8,False,71.3,False,,0.0,91.4
MSN03496,TB2-G04,Gamma,2022,7,2022-07-19,1,18.46,18.46,0.0,167.0,True,73.3,False,,0.0,91.4
MSN03497,TB2-G01,Gamma,2022,7,2022-07-13,2,17.78,17.78,0.0,101.9,False,85.1,False,,0.0,94.0
MSN03498,TB2-G04,Gamma,2022,7,2022-07-23,1,20.0,20.0,0.0,80.1,False,82.9,False,,0.0,91.4
MSN03499,TB2-G03,Gamma,2022,7,2022-07-09,1,15.37,15.37,0.0,85.3,False,77.0,False,,0.0,100.0
MSN03500,TB2-G03,Gamma,2022,7,2022-07-02,1,17.67,17.67,0.0,65.8,False,55.6,False,,0.0,100.0
MSN03501,TB2-G04,Gamma,2022,7,2022-07-26,1,18.35,18.35,0.0,128.6,True,81.9,False,,0.0,91.4
MSN03502,TB2-G03,Gamma,2022,7,2022-07-09,1,14.57,14.57,0.0,71.2,False,64.1,False,,0.0,100.0
MSN03503,TB2-G03,Gamma,2022,7,2022-07-26,1,15.79,15.79,0.0,78.5,False,65.4,False,,0.0,100.0
MSN03504,TB2-G01,Gamma,2022,7,2022-07-07,2,12.51,12.51,0.0,71.2,False,82.2,False,,0.0,94.0
MSN03505,TB2-G04,Gamma,2022,7,2022-07-04,1,20.0,20.0,0.0,61.3,False,60.4,False,,0.0,91.4
MSN03506,TB2-G01,Gamma,2022,8,2022-08-09,2,15.16,15.16,0.0,81.6,False,71.5,False,,0.0,90.8
MSN03507,TB2-G03,Gamma,2022,8,2022-08-12,1,18.97,18.97,0.0,67.2,False,90.2,False,,0.0,88.5
MSN03508,TB2-G01,Gamma,2022,8,2022-08-01,2,19.72,19.72,0.0,139.1,True,89.1,False,,0.0,90.8
MSN03509,TB2-G03,Gamma,2022,8,2022-08-13,1,16.53,16.53,0.0,72.5,False,65.7,False,,0.0,88.5
MSN03510,TB2-G03,Gamma,2022,8,2022-08-27,1,19.37,19.37,0.0,55.2,False,90.9,False,,0.0,88.5
MSN03511,TB2-G01,Gamma,2022,8,2022-08-10,2,15.04,15.04,0.0,63.3,False,80.1,False,,0.0,90.8
MSN03512,TB2-G01,Gamma,2022,8,2022-08-03,2,20.0,20.0,0.0,71.7,False,62.6,False,,0.0,90.8
MSN03513,TB2-G04,Gamma,2022,8,2022-08-12,1,15.4,15.4,0.0,77.3,False,75.7,False,,0.0,91.1
MSN03514,TB2-G01,Gamma,2022,8,2022-08-14,2,16.08,16.08,0.0,80.7,False,74.2,True,Sensor/Payload,29.8,90.8
MSN03515,TB2-G04,Gamma,2022,8,2022-08-18,1,17.21,17.21,0.0,62.1,False,59.0,False,,0.0,91.1
MSN03516,TB2-G04,Gamma,2022,8,2022-08-21,1,18.28,18.28,0.0,76.2,False,76.7,False,,0.0,91.1
MSN03517,TB2-G03,Gamma,2022,8,2022-08-20,1,15.38,15.38,0.0,72.8,False,72.8,False,,0.0,88.5
MSN03518,TB2-G03,Gamma,2022,8,2022-08-21,1,16.78,16.78,0.0,85.7,False,69.1,False,,0.0,88.5
MSN03519,TB2-G01,Gamma,2022,8,2022-08-14,2,16.52,16.52,0.0,66.1,False,83.7,False,,0.0,90.8
MSN03520,TB2-G03,Gamma,2022,8,2022-08-11,1,15.66,15.66,0.0,62.7,False,43.3,False,,0.0,88.5
MSN03521,TB2-G04,Gamma,2022,8,2022-08-22,1,18.82,18.82,0.0,91.8,True,52.1,False,,0.0,91.1
MSN03522,TB2-G04,Gamma,2022,8,2022-08-05,1,14.96,14.96,0.0,81.0,False,69.1,False,,0.0,91.1
MSN03523,TB2-G04,Gamma,2022,8,2022-08-26,1,17.74,17.74,0.0,62.2,False,75.9,False,,0.0,91.1
MSN03524,TB2-G01,Gamma,2022,8,2022-08-05,2,15.25,15.25,0.0,142.3,True,88.9,False,,0.0,90.8
MSN03525,TB2-G03,Gamma,2022,8,2022-08-02,1,13.6,13.6,0.0,55.6,False,58.1,False,,0.0,88.5
MSN03526,TB2-G04,Gamma,2022,8,2022-08-04,1,15.62,15.62,0.0,74.9,False,60.4,False,,0.0,91.1
MSN03527,TB2-G01,Gamma,2022,8,2022-08-12,2,18.06,18.06,0.0,76.1,False,63.6,False,,0.0,90.8
MSN03528,TB2-G03,Gamma,2022,8,2022-08-10,1,14.82,14.82,0.0,48.0,False,78.7,False,,0.0,88.5
MSN03529,TB2-G01,Gamma,2022,9,2022-09-22,2,16.82,16.82,0.0,122.8,False,85.5,False,,0.0,89.1
MSN03530,TB2-G04,Gamma,2022,9,2022-09-15,1,13.57,13.57,0.0,69.1,False,69.3,False,,0.0,86.0
MSN03531,TB2-G03,Gamma,2022,9,2022-09-17,1,20.0,20.0,0.0,60.3,False,52.5,False,,0.0,94.5
MSN03532,TB2-G03,Gamma,2022,9,2022-09-23,1,11.67,11.67,0.0,67.3,False,87.0,False,,0.0,94.5
MSN03533,TB2-G01,Gamma,2022,9,2022-09-15,2,19.51,19.51,0.0,75.4,False,72.0,False,,0.0,89.1
MSN03534,TB2-G04,Gamma,2022,9,2022-09-18,1,20.0,20.0,0.0,76.3,True,55.1,False,,0.0,86.0
MSN03535,TB2-G01,Gamma,2022,9,2022-09-03,2,15.49,15.49,0.0,88.4,False,78.7,False,,0.0,89.1
MSN03536,TB2-G01,Gamma,2022,9,2022-09-10,2,13.22,13.22,0.0,61.8,False,96.9,False,,0.0,89.1
MSN03537,TB2-G04,Gamma,2022,9,2022-09-06,1,17.17,17.17,0.0,80.0,False,69.0,False,,0.0,86.0
MSN03538,TB2-G01,Gamma,2022,9,2022-09-27,2,15.07,15.07,0.0,132.9,True,83.2,False,,0.0,89.1
MSN03540,TB2-G04,Gamma,2022,9,2022-09-04,1,18.44,18.44,0.0,64.3,False,48.9,False,,0.0,86.0
MSN03541,TB2-G01,Gamma,2022,9,2022-09-17,2,13.47,13.47,0.0,75.9,False,93.6,False,,0.0,89.1
MSN03542,TB2-G02,Gamma,2022,9,2022-09-26,0,15.14,15.14,0.0,102.1,True,71.4,False,,0.0,93.2
MSN03543,TB2-G02,Gamma,2022,9,2022-09-05,0,17.46,17.46,0.0,54.4,False,42.7,False,,0.0,93.2
MSN03544,TB2-G01,Gamma,2022,9,2022-09-21,2,15.68,15.68,0.0,131.7,True,78.3,False,,0.0,89.1
MSN03545,TB2-G03,Gamma,2022,9,2022-09-17,1,13.73,13.73,0.0,63.2,False,68.2,False,,0.0,94.5
MSN03546,TB2-G01,Gamma,2022,10,2022-10-01,2,17.23,17.23,0.0,109.4,True,90.3,False,,0.0,89.3
MSN03547,TB2-G01,Gamma,2022,10,2022-10-25,2,18.61,18.61,0.0,77.6,False,80.8,False,,0.0,89.3
MSN03548,TB2-G01,Gamma,2022,10,2022-10-16,2,16.66,16.66,0.0,84.8,False,87.1,False,,0.0,89.3
MSN03549,TB2-G02,Gamma,2022,10,2022-10-02,0,16.51,16.51,0.0,55.9,False,57.2,False,,0.0,90.8
MSN03550,TB2-G02,Gamma,2022,10,2022-10-11,0,17.02,17.02,0.0,55.0,False,62.0,False,,0.0,90.8
MSN03551,TB2-G03,Gamma,2022,10,2022-10-27,1,14.21,14.21,0.0,96.0,True,75.3,False,,0.0,89.1
MSN03552,TB2-G02,Gamma,2022,10,2022-10-27,0,14.0,14.0,0.0,44.4,False,64.3,False,,0.0,90.8
MSN03553,TB2-G03,Gamma,2022,10,2022-10-19,1,16.6,16.6,0.0,152.6,True,53.9,False,,0.0,89.1
MSN03554,TB2-G03,Gamma,2022,10,2022-10-10,1,19.04,19.04,0.0,49.8,False,69.7,False,,0.0,89.1
MSN03558,TB2-G04,Gamma,2022,10,2022-10-08,1,19.67,19.67,0.0,93.6,False,51.3,False,,0.0,87.7
MSN03559,TB2-G02,Gamma,2022,10,2022-10-01,0,14.18,14.18,0.0,60.7,False,72.3,False,,0.0,90.8
MSN03560,TB2-G03,Gamma,2022,10,2022-10-23,1,10.0,10.0,0.0,83.1,False,73.9,False,,0.0,89.1
MSN03561,TB2-G03,Gamma,2022,11,2022-11-28,1,20.0,20.0,0.0,63.6,False,72.1,False,,0.0,94.2
MSN03562,TB2-G03,Gamma,2022,11,2022-11-06,1,19.86,19.86,0.0,65.8,False,74.4,False,,0.0,94.2
MSN03563,TB2-G02,Gamma,2022,11,2022-11-20,0,16.03,16.03,0.0,34.8,False,68.9,False,,0.0,92.5
MSN03564,TB2-G01,Gamma,2022,11,2022-11-23,2,17.42,17.42,0.0,89.1,False,79.8,False,,0.0,89.6
MSN03565,TB2-G02,Gamma,2022,11,2022-11-11,0,16.02,16.02,0.0,58.3,False,48.5,False,,0.0,92.5
MSN03566,TB2-G03,Gamma,2022,11,2022-11-08,1,13.6,13.6,0.0,64.7,False,62.7,False,,0.0,94.2
MSN03568,TB2-G04,Gamma,2022,11,2022-11-05,1,16.85,16.85,0.0,117.5,True,59.5,False,,0.0,90.4
MSN03569,TB2-G01,Gamma,2022,11,2022-11-06,2,14.1,14.1,0.0,91.0,False,72.0,False,,0.0,89.6
MSN03570,TB2-G04,Gamma,2022,11,2022-11-07,1,15.85,15.85,0.0,85.9,False,64.1,False,,0.0,90.4
MSN03572,TB2-G03,Gamma,2022,12,2022-12-27,1,19.74,19.74,0.0,80.9,False,89.2,False,,0.0,90.3
MSN03573,TB2-G04,Gamma,2022,12,2022-12-03,1,18.24,18.24,0.0,51.4,False,55.1,False,,0.0,83.4
MSN03574,TB2-G01,Gamma,2022,12,2022-12-28,2,13.3,13.3,0.0,95.4,False,86.2,False,,0.0,86.6
MSN03575,TB2-G01,Gamma,2022,12,2022-12-23,2,17.41,17.41,0.0,85.2,False,73.1,False,,0.0,86.6
MSN03576,TB2-G01,Gamma,2022,12,2022-12-14,2,19.36,19.36,0.0,82.7,False,91.4,False,,0.0,86.6
MSN03577,TB2-G04,Gamma,2022,12,2022-12-25,1,16.1,16.1,0.0,73.9,False,73.0,False,,0.0,83.4
MSN03579,TB2-G02,Gamma,2022,12,2022-12-11,0,15.85,15.85,0.0,62.4,False,67.3,False,,0.0,90.9
MSN03581,TB2-G03,Gamma,2023,1,2023-01-13,2,18.84,18.84,0.0,90.7,False,86.5,False,,0.0,93.4
MSN03583,TB2-G03,Gamma,2023,1,2023-01-20,2,14.96,14.96,0.0,80.3,False,79.7,False,,0.0,93.4
MSN03584,TB2-G04,Gamma,2023,1,2023-01-03,2,16.33,16.33,0.0,138.2,True,85.9,False,,0.0,91.1
MSN03585,TB2-G02,Gamma,2023,1,2023-01-06,1,16.12,16.12,0.0,74.2,False,74.0,False,,0.0,95.5
MSN03587,TB2-G04,Gamma,2023,2,2023-02-06,2,17.1,17.1,0.0,65.2,False,97.5,False,,0.0,82.9
MSN03588,TB2-G02,Gamma,2023,2,2023-02-17,1,15.94,15.94,0.0,79.2,False,75.2,False,,0.0,90.1
MSN03589,TB2-G02,Gamma,2023,2,2023-02-25,1,16.38,13.14,3.24,75.6,False,73.2,True,Control Surface,194.4,90.1
MSN03590,TB2-G03,Gamma,2023,2,2023-02-05,2,19.3,19.3,0.0,100.9,False,107.4,False,,0.0,95.8
MSN03591,TB2-G04,Gamma,2023,2,2023-02-11,2,17.5,17.5,0.0,122.4,True,84.0,False,,0.0,82.9
MSN03592,TB2-G01,Gamma,2023,2,2023-02-11,3,19.48,19.48,0.0,144.2,True,97.4,False,,0.0,83.9
MSN03594,TB2-G04,Gamma,2023,2,2023-02-02,2,14.48,14.48,0.0,97.5,False,81.4,False,,0.0,82.9
MSN03596,TB2-G03,Gamma,2023,3,2023-03-22,2,18.35,18.35,0.0,66.5,False,76.1,False,,0.0,95.0
MSN03598,TB2-G01,Gamma,2023,3,2023-03-10,3,15.87,14.86,1.01,155.8,True,93.7,True,Navigation/GPS,60.6,84.4
MSN03599,TB2-G03,Gamma,2023,3,2023-03-05,2,16.66,16.66,0.0,154.5,True,82.3,False,,0.0,95.0
MSN03600,TB2-G01,Gamma,2023,3,2023-03-06,3,17.03,17.03,0.0,102.4,False,107.4,False,,0.0,84.4
MSN03601,TB2-G03,Gamma,2023,3,2023-03-01,2,19.25,19.25,0.0,66.2,False,72.6,False,,0.0,95.0
MSN03602,TB2-G01,Gamma,2023,3,2023-03-08,3,18.36,16.96,1.4,79.6,False,87.2,True,Sensor/Payload,84.0,84.4
MSN03603,TB2-G03,Gamma,2023,3,2023-03-20,2,19.66,19.66,0.0,87.7,False,80.7,False,,0.0,95.0
MSN03604,TB2-G03,Gamma,2023,3,2023-03-07,2,17.4,17.4,0.0,96.9,False,84.9,False,,0.0,95.0
MSN03605,TB2-G04,Gamma,2023,3,2023-03-26,2,14.65,14.65,0.0,86.6,False,75.0,False,,0.0,87.1
MSN03606,TB2-G02,Gamma,2023,3,2023-03-04,1,14.77,14.77,0.0,69.8,False,58.2,False,,0.0,88.4
MSN03607,TB2-G03,Gamma,2023,3,2023-03-20,2,18.09,18.09,0.0,56.3,False,86.2,False,,0.0,95.0
MSN03608,TB2-G02,Gamma,2023,4,2023-04-12,1,16.98,16.98,0.0,79.6,False,76.8,False,,0.0,93.3
MSN03609,TB2-G02,Gamma,2023,4,2023-04-21,1,16.38,16.38,0.0,96.7,False,68.2,False,,0.0,93.3
MSN03610,TB2-G04,Gamma,2023,4,2023-04-20,2,16.92,16.92,0.0,71.8,False,72.3,False,,0.0,84.9
MSN03611,TB2-G01,Gamma,2023,4,2023-04-04,3,19.13,19.13,0.0,96.0,False,80.1,False,,0.0,87.9
MSN03612,TB2-G02,Gamma,2023,4,2023-04-26,1,14.53,14.53,0.0,70.0,False,59.6,False,,0.0,93.3
MSN03613,TB2-G03,Gamma,2023,4,2023-04-20,2,17.6,17.6,0.0,96.1,False,107.3,False,,0.0,98.5
MSN03614,TB2-G01,Gamma,2023,4,2023-04-17,3,18.73,18.73,0.0,98.2,False,74.2,False,,0.0,87.9
MSN03615,TB2-G03,Gamma,2023,4,2023-04-05,2,12.32,12.32,0.0,75.9,False,65.7,False,,0.0,98.5
MSN03616,TB2-G02,Gamma,2023,4,2023-04-14,1,16.78,16.78,0.0,65.2,False,80.6,False,,0.0,93.3
MSN03618,TB2-G03,Gamma,2023,4,2023-04-19,2,13.77,13.77,0.0,93.9,False,68.1,False,,0.0,98.5
MSN03619,TB2-G01,Gamma,2023,4,2023-04-14,3,15.81,15.81,0.0,81.6,False,108.1,False,,0.0,87.9
MSN03620,TB2-G04,Gamma,2023,4,2023-04-26,2,16.56,16.56,0.0,76.7,False,72.8,False,,0.0,84.9
MSN03621,TB2-G02,Gamma,2023,4,2023-04-17,1,19.1,19.1,0.0,65.2,False,51.2,False,,0.0,93.3
MSN03622,TB2-G02,Gamma,2023,4,2023-04-14,1,18.25,18.25,0.0,70.8,False,55.1,False,,0.0,93.3
MSN03623,TB2-G03,Gamma,2023,4,2023-04-13,2,17.65,17.65,0.0,75.4,False,85.9,False,,0.0,98.5
MSN03624,TB2-G03,Gamma,2023,4,2023-04-15,2,15.31,15.31,0.0,80.4,False,76.5,False,,0.0,98.5
MSN03625,TB2-G02,Gamma,2023,4,2023-04-09,1,16.85,16.85,0.0,49.9,False,67.3,False,,0.0,93.3
MSN03626,TB2-G02,Gamma,2023,4,2023-04-06,1,13.68,13.68,0.0,77.4,False,64.6,False,,0.0,93.3
MSN03627,TB2-G04,Gamma,2023,4,2023-04-22,2,17.02,17.02,0.0,88.6,False,59.6,False,,0.0,84.9
MSN03628,TB2-G02,Gamma,2023,4,2023-04-28,1,15.42,15.42,0.0,70.0,False,41.9,False,,0.0,93.3
MSN03629,TB2-G03,Gamma,2023,5,2023-05-25,2,17.53,17.53,0.0,88.8,False,51.9,False,,0.0,90.6
MSN03630,TB2-G04,Gamma,2023,5,2023-05-23,2,19.45,19.45,0.0,86.1,False,86.4,False,,0.0,86.5
MSN03631,TB2-G03,Gamma,2023,5,2023-05-21,2,15.11,15.11,0.0,77.0,False,89.6,False,,0.0,90.6
MSN03632,TB2-G01,Gamma,2023,5,2023-05-05,3,19.81,19.81,0.0,72.7,False,91.2,False,,0.0,94.3
MSN03633,TB2-G01,Gamma,2023,5,2023-05-26,3,17.82,17.82,0.0,80.1,False,65.5,False,,0.0,94.3
MSN03634,TB2-G03,Gamma,2023,5,2023-05-23,2,19.75,19.75,0.0,63.0,False,66.0,False,,0.0,90.6
MSN03635,TB2-G04,Gamma,2023,5,2023-05-15,2,17.94,17.94,0.0,75.7,False,96.6,False,,0.0,86.5
MSN03636,TB2-G01,Gamma,2023,5,2023-05-18,3,18.2,18.2,0.0,100.7,False,93.9,False,,0.0,94.3
MSN03637,TB2-G02,Gamma,2023,5,2023-05-08,1,17.74,17.74,0.0,57.5,False,70.0,False,,0.0,91.1
MSN03638,TB2-G04,Gamma,2023,5,2023-05-27,2,19.94,19.94,0.0,76.5,False,89.5,False,,0.0,86.5
MSN03639,TB2-G01,Gamma,2023,5,2023-05-16,3,16.67,16.67,0.0,74.5,False,70.8,False,,0.0,94.3
MSN03641,TB2-G04,Gamma,2023,5,2023-05-14,2,14.27,14.27,0.0,74.9,False,64.1,False,,0.0,86.5
MSN03642,TB2-G04,Gamma,2023,5,2023-05-03,2,16.67,16.67,0.0,68.9,False,75.9,False,,0.0,86.5
MSN03643,TB2-G03,Gamma,2023,5,2023-05-07,2,17.26,17.26,0.0,91.0,False,82.4,False,,0.0,90.6
MSN03644,TB2-G04,Gamma,2023,5,2023-05-03,2,18.81,18.81,0.0,91.2,False,57.9,False,,0.0,86.5
MSN03645,TB2-G02,Gamma,2023,5,2023-05-07,1,20.0,20.0,0.0,86.8,False,89.1,False,,0.0,91.1
MSN03646,TB2-G04,Gamma,2023,5,2023-05-18,2,18.97,18.97,0.0,81.9,False,75.5,False,,0.0,86.5
MSN03647,TB2-G02,Gamma,2023,5,2023-05-27,1,16.38,16.38,0.0,77.3,False,66.6,False,,0.0,91.1
MSN03648,TB2-G03,Gamma,2023,5,2023-05-03,2,15.42,15.42,0.0,89.8,False,71.4,False,,0.0,90.6
MSN03649,TB2-G04,Gamma,2023,5,2023-05-03,2,16.04,16.04,0.0,103.1,False,82.2,False,,0.0,86.5
MSN03650,TB2-G04,Gamma,2023,5,2023-05-03,2,19.17,19.17,0.0,78.3,False,91.5,False,,0.0,86.5
MSN03651,TB2-G04,Gamma,2023,5,2023-05-19,2,19.52,19.52,0.0,98.0,False,84.9,False,,0.0,86.5
MSN03652,TB2-G01,Gamma,2023,5,2023-05-18,3,15.51,15.51,0.0,82.5,False,92.4,False,,0.0,94.3
MSN03653,TB2-G04,Gamma,2023,5,2023-05-05,2,18.58,18.58,0.0,74.0,False,83.6,False,,0.0,86.5
MSN03654,TB2-G04,Gamma,2023,5,2023-05-05,2,19.24,19.24,0.0,97.8,False,83.2,False,,0.0,86.5
MSN03655,TB2-G01,Gamma,2023,5,2023-05-20,3,14.79,14.79,0.0,118.0,False,97.8,False,,0.0,94.3
MSN03656,TB2-G01,Gamma,2023,5,2023-05-12,3,18.61,18.61,0.0,74.1,False,85.0,False,,0.0,94.3
MSN03657,TB2-G04,Gamma,2023,5,2023-05-08,2,14.91,14.91,0.0,104.1,False,79.5,True,Engine,26.7,86.5
MSN03658,TB2-G03,Gamma,2023,6,2023-06-07,2,20.0,19.49,0.51,77.6,False,78.3,True,Engine,30.6,86.0
MSN03659,TB2-G03,Gamma,2023,6,2023-06-24,2,17.22,17.22,0.0,88.3,False,79.2,False,,0.0,86.0
MSN03660,TB2-G03,Gamma,2023,6,2023-06-19,2,16.07,16.07,0.0,50.5,False,68.5,True,Communication Link,17.1,86.0
MSN03661,TB2-G02,Gamma,2023,6,2023-06-06,1,15.7,15.7,0.0,77.8,False,67.6,False,,0.0,94.2
MSN03662,TB2-G02,Gamma,2023,6,2023-06-01,1,18.08,18.08,0.0,75.1,False,88.0,False,,0.0,94.2
MSN03663,TB2-G04,Gamma,2023,6,2023-06-04,2,16.52,16.52,0.0,58.9,False,62.8,False,,0.0,86.0
MSN03664,TB2-G03,Gamma,2023,6,2023-06-05,2,15.89,15.89,0.0,87.6,False,89.2,False,,0.0,86.0
MSN03665,TB2-G02,Gamma,2023,6,2023-06-11,1,16.04,16.04,0.0,67.2,False,72.7,False,,0.0,94.2
MSN03666,TB2-G01,Gamma,2023,6,2023-06-10,3,16.47,16.47,0.0,84.1,False,89.4,False,,0.0,93.5
MSN03667,TB2-G02,Gamma,2023,6,2023-06-10,1,16.78,16.78,0.0,80.5,False,66.1,False,,0.0,94.2
MSN03668,TB2-G03,Gamma,2023,6,2023-06-07,2,17.83,17.83,0.0,79.4,False,79.3,False,,0.0,86.0
MSN03669,TB2-G03,Gamma,2023,6,2023-06-13,2,17.0,17.0,0.0,127.4,True,88.2,False,,0.0,86.0
MSN03670,TB2-G02,Gamma,2023,6,2023-06-06,1,19.44,19.44,0.0,63.6,False,83.4,False,,0.0,94.2
MSN03671,TB2-G02,Gamma,2023,6,2023-06-16,1,17.44,17.44,0.0,71.2,False,54.5,False,,0.0,94.2
MSN03672,TB2-G02,Gamma,2023,6,2023-06-12,1,17.19,17.19,0.0,100.0,True,71.7,False,,0.0,94.2
MSN03673,TB2-G03,Gamma,2023,6,2023-06-04,2,19.81,19.81,0.0,83.1,False,85.8,False,,0.0,86.0
MSN03674,TB2-G02,Gamma,2023,6,2023-06-21,1,15.23,15.23,0.0,70.5,False,53.2,False,,0.0,94.2
MSN03675,TB2-G01,Gamma,2023,6,2023-06-18,3,16.95,16.95,0.0,101.9,False,94.4,False,,0.0,93.5
MSN03676,TB2-G03,Gamma,2023,6,2023-06-06,2,15.71,15.71,0.0,111.1,False,77.9,False,,0.0,86.0
MSN03677,TB2-G04,Gamma,2023,6,2023-06-03,2,12.48,12.48,0.0,81.2,False,79.0,False,,0.0,86.0
MSN03678,TB2-G02,Gamma,2023,6,2023-06-06,1,18.54,18.54,0.0,82.4,False,58.2,False,,0.0,94.2
MSN03679,TB2-G03,Gamma,2023,7,2023-07-09,2,16.51,16.51,0.0,79.3,False,80.6,True,Navigation/GPS,16.7,93.1
MSN03680,TB2-G03,Gamma,2023,7,2023-07-16,2,18.21,18.21,0.0,70.5,False,80.3,False,,0.0,93.1
MSN03681,TB2-G03,Gamma,2023,7,2023-07-18,2,17.35,17.35,0.0,79.7,False,95.9,False,,0.0,93.1
MSN03682,TB2-G03,Gamma,2023,7,2023-07-24,2,11.62,11.62,0.0,72.9,False,67.4,False,,0.0,93.1
MSN03683,TB2-G04,Gamma,2023,7,2023-07-04,2,18.14,18.14,0.0,122.0,True,91.9,False,,0.0,81.7
MSN03684,TB2-G04,Gamma,2023,7,2023-07-21,2,20.0,20.0,0.0,59.5,False,75.9,False,,0.0,81.7
MSN03685,TB2-G02,Gamma,2023,7,2023-07-25,1,16.27,16.27,0.0,62.9,False,73.7,False,,0.0,92.5
MSN03686,TB2-G01,Gamma,2023,7,2023-07-11,3,16.41,16.41,0.0,100.4,True,102.0,True,Control Surface,24.7,84.7
MSN03687,TB2-G03,Gamma,2023,7,2023-07-22,2,17.74,17.74,0.0,85.2,False,91.9,False,,0.0,93.1
MSN03688,TB2-G02,Gamma,2023,7,2023-07-17,1,15.58,15.58,0.0,73.7,False,74.2,False,,0.0,92.5
MSN03689,TB2-G03,Gamma,2023,7,2023-07-18,2,17.84,17.84,0.0,94.8,False,56.1,False,,0.0,93.1
MSN03690,TB2-G01,Gamma,2023,7,2023-07-09,3,17.82,17.82,0.0,132.6,True,94.5,False,,0.0,84.7
MSN03691,TB2-G04,Gamma,2023,7,2023-07-02,2,15.28,15.28,0.0,58.0,False,79.9,False,,0.0,81.7
MSN03692,TB2-G01,Gamma,2023,7,2023-07-22,3,14.15,14.15,0.0,75.7,False,108.9,False,,0.0,84.7
MSN03693,TB2-G02,Gamma,2023,7,2023-07-17,1,16.31,16.31,0.0,85.2,False,57.8,False,,0.0,92.5
MSN03694,TB2-G04,Gamma,2023,7,2023-07-07,2,20.0,20.0,0.0,63.3,False,90.7,False,,0.0,81.7
MSN03695,TB2-G04,Gamma,2023,7,2023-07-12,2,16.37,16.37,0.0,71.3,False,72.4,False,,0.0,81.7
MSN03696,TB2-G02,Gamma,2023,7,2023-07-16,1,17.05,17.05,0.0,68.5,False,70.5,False,,0.0,92.5
MSN03697,TB2-G02,Gamma,2023,7,2023-07-16,1,20.0,20.0,0.0,64.5,False,55.3,False,,0.0,92.5
MSN03698,TB2-G04,Gamma,2023,7,2023-07-10,2,15.93,15.93,0.0,92.0,False,91.7,False,,0.0,81.7
MSN03699,TB2-G03,Gamma,2023,7,2023-07-05,2,16.59,16.59,0.0,61.4,False,59.6,False,,0.0,93.1
MSN03700,TB2-G03,Gamma,2023,7,2023-07-20,2,19.12,19.12,0.0,69.6,False,82.0,False,,0.0,93.1
MSN03701,TB2-G03,Gamma,2023,7,2023-07-03,2,17.83,17.83,0.0,100.3,False,77.7,False,,0.0,93.1
MSN03702,TB2-G04,Gamma,2023,7,2023-07-08,2,16.3,16.3,0.0,89.4,True,96.4,False,,0.0,81.7
MSN03703,TB2-G02,Gamma,2023,7,2023-07-16,1,18.96,18.96,0.0,55.7,False,57.6,False,,0.0,92.5
MSN03704,TB2-G02,Gamma,2023,7,2023-07-27,1,15.43,15.43,0.0,55.4,False,73.8,False,,0.0,92.5
MSN03705,TB2-G02,Gamma,2023,7,2023-07-04,1,18.59,17.98,0.61,96.5,True,61.2,True,Engine,36.6,92.5
MSN03706,TB2-G01,Gamma,2023,7,2023-07-07,3,20.0,20.0,0.0,103.7,False,101.4,False,,0.0,84.7
MSN03707,TB2-G01,Gamma,2023,8,2023-08-10,3,19.31,19.31,0.0,72.2,False,84.0,False,,0.0,86.0
MSN03708,TB2-G04,Gamma,2023,8,2023-08-08,2,19.63,19.63,0.0,70.9,False,80.8,False,,0.0,86.1
MSN03709,TB2-G01,Gamma,2023,8,2023-08-27,3,13.51,13.51,0.0,86.5,False,76.1,False,,0.0,86.0
MSN03710,TB2-G04,Gamma,2023,8,2023-08-22,2,18.43,18.43,0.0,80.4,False,83.0,False,,0.0,86.1
MSN03711,TB2-G01,Gamma,2023,8,2023-08-23,3,18.48,18.48,0.0,110.1,False,94.6,False,,0.0,86.0
MSN03712,TB2-G02,Gamma,2023,8,2023-08-10,1,17.53,17.53,0.0,67.7,False,88.4,False,,0.0,88.4
MSN03713,TB2-G04,Gamma,2023,8,2023-08-14,2,12.2,12.2,0.0,120.7,True,91.3,False,,0.0,86.1
MSN03714,TB2-G03,Gamma,2023,8,2023-08-28,2,20.0,20.0,0.0,62.6,False,95.2,False,,0.0,86.3
MSN03715,TB2-G04,Gamma,2023,8,2023-08-23,2,18.98,18.98,0.0,92.6,False,57.8,False,,0.0,86.1
MSN03717,TB2-G03,Gamma,2023,8,2023-08-26,2,17.74,17.74,0.0,98.6,False,99.3,False,,0.0,86.3
MSN03718,TB2-G03,Gamma,2023,8,2023-08-04,2,15.85,15.85,0.0,67.8,False,72.2,False,,0.0,86.3
MSN03719,TB2-G02,Gamma,2023,8,2023-08-21,1,17.7,17.7,0.0,129.0,True,68.1,False,,0.0,88.4
MSN03720,TB2-G04,Gamma,2023,8,2023-08-07,2,17.31,17.31,0.0,82.5,False,76.5,False,,0.0,86.1
MSN03721,TB2-G03,Gamma,2023,8,2023-08-26,2,15.79,15.79,0.0,87.1,False,95.6,False,,0.0,86.3
MSN03722,TB2-G02,Gamma,2023,8,2023-08-10,1,18.25,18.05,0.2,71.7,False,67.5,True,Communication Link,12.0,88.4
MSN03723,TB2-G01,Gamma,2023,8,2023-08-02,3,20.0,20.0,0.0,99.6,False,82.8,False,,0.0,86.0
MSN03724,TB2-G03,Gamma,2023,8,2023-08-05,2,19.53,19.53,0.0,66.8,False,87.9,False,,0.0,86.3
MSN03725,TB2-G02,Gamma,2023,9,2023-09-28,1,17.25,17.25,0.0,64.8,False,83.0,False,,0.0,91.7
MSN03726,TB2-G01,Gamma,2023,9,2023-09-26,3,14.67,14.67,0.0,77.2,False,92.5,False,,0.0,81.9
MSN03727,TB2-G04,Gamma,2023,9,2023-09-04,2,17.04,17.04,0.0,111.5,True,77.2,False,,0.0,85.6
MSN03728,TB2-G03,Gamma,2023,9,2023-09-26,2,15.27,15.27,0.0,65.6,False,88.3,False,,0.0,84.2
MSN03729,TB2-G04,Gamma,2023,9,2023-09-20,2,13.2,13.2,0.0,60.2,False,87.9,False,,0.0,85.6
MSN03730,TB2-G02,Gamma,2023,9,2023-09-09,1,15.95,15.95,0.0,62.2,False,49.2,False,,0.0,91.7
MSN03731,TB2-G02,Gamma,2023,9,2023-09-20,1,15.26,15.26,0.0,65.2,False,79.4,False,,0.0,91.7
MSN03732,TB2-G03,Gamma,2023,9,2023-09-23,2,16.4,16.4,0.0,88.5,False,73.0,False,,0.0,84.2
MSN03733,TB2-G02,Gamma,2023,9,2023-09-01,1,14.4,14.4,0.0,83.7,False,75.2,False,,0.0,91.7
MSN03734,TB2-G01,Gamma,2023,9,2023-09-14,3,18.68,18.68,0.0,94.4,False,70.1,False,,0.0,81.9
MSN03735,TB2-G04,Gamma,2023,9,2023-09-12,2,15.24,15.24,0.0,79.1,False,80.3,False,,0.0,85.6
MSN03736,TB2-G03,Gamma,2023,9,2023-09-23,2,15.57,15.57,0.0,95.7,False,68.0,False,,0.0,84.2
MSN03737,TB2-G03,Gamma,2023,9,2023-09-19,2,18.66,18.66,0.0,91.2,False,66.8,False,,0.0,84.2
MSN03738,TB2-G04,Gamma,2023,9,2023-09-03,2,15.22,15.22,0.0,96.1,False,97.5,False,,0.0,85.6
MSN03739,TB2-G01,Gamma,2023,10,2023-10-23,3,15.32,15.32,0.0,160.0,True,81.7,False,,0.0,92.8
MSN03740,TB2-G04,Gamma,2023,10,2023-10-27,2,12.08,12.08,0.0,84.1,False,82.2,False,,0.0,84.4
MSN03741,TB2-G04,Gamma,2023,10,2023-10-10,2,14.01,14.01,0.0,57.8,False,78.8,False,,0.0,84.4
MSN03742,TB2-G04,Gamma,2023,10,2023-10-13,2,13.63,13.63,0.0,119.6,True,57.7,False,,0.0,84.4
MSN03743,TB2-G02,Gamma,2023,10,2023-10-18,1,19.62,19.62,0.0,114.4,True,63.6,False,,0.0,90.1
MSN03744,TB2-G03,Gamma,2023,10,2023-10-17,2,14.93,14.93,0.0,82.3,False,82.6,False,,0.0,96.7
MSN03745,TB2-G01,Gamma,2023,10,2023-10-19,3,16.91,16.91,0.0,72.8,False,74.1,False,,0.0,92.8
MSN03746,TB2-G03,Gamma,2023,10,2023-10-26,2,14.9,14.9,0.0,85.7,False,56.2,False,,0.0,96.7
MSN03747,TB2-G04,Gamma,2023,10,2023-10-15,2,16.58,16.58,0.0,71.4,False,83.7,False,,0.0,84.4
MSN03748,TB2-G04,Gamma,2023,10,2023-10-27,2,20.0,19.05,0.95,80.4,False,84.8,True,Navigation/GPS,57.0,84.4
MSN03749,TB2-G03,Gamma,2023,10,2023-10-17,2,16.12,16.12,0.0,72.9,False,82.3,False,,0.0,96.7
MSN03750,TB2-G01,Gamma,2023,10,2023-10-14,3,19.05,19.05,0.0,108.4,True,78.8,False,,0.0,92.8
MSN03751,TB2-G01,Gamma,2023,10,2023-10-21,3,19.37,19.37,0.0,99.7,False,84.5,False,,0.0,92.8
MSN03752,TB2-G04,Gamma,2023,10,2023-10-07,2,16.51,16.51,0.0,75.5,False,82.2,False,,0.0,84.4
MSN03753,TB2-G04,Gamma,2023,11,2023-11-19,2,20.0,20.0,0.0,80.2,False,79.0,False,,0.0,86.1
MSN03754,TB2-G03,Gamma,2023,11,2023-11-24,2,13.93,13.93,0.0,88.8,False,83.4,False,,0.0,96.2
MSN03755,TB2-G03,Gamma,2023,11,2023-11-21,2,16.73,16.73,0.0,90.7,False,77.3,False,,0.0,96.2
MSN03756,TB2-G04,Gamma,2023,11,2023-11-07,2,16.06,16.06,0.0,63.4,False,81.2,False,,0.0,86.1
MSN03757,TB2-G03,Gamma,2023,11,2023-11-04,2,16.45,16.45,0.0,115.2,True,76.2,False,,0.0,96.2
MSN03758,TB2-G03,Gamma,2023,11,2023-11-20,2,14.26,14.26,0.0,69.2,False,93.2,False,,0.0,96.2
MSN03759,TB2-G01,Gamma,2023,11,2023-11-08,3,17.94,17.94,0.0,93.5,False,89.4,False,,0.0,91.4
MSN03760,TB2-G02,Gamma,2023,11,2023-11-07,1,15.22,15.22,0.0,91.6,False,80.5,False,,0.0,93.1
MSN03761,TB2-G03,Gamma,2023,11,2023-11-07,2,16.97,16.97,0.0,69.2,False,86.4,False,,0.0,96.2
MSN03763,TB2-G04,Gamma,2023,11,2023-11-13,2,19.82,19.82,0.0,88.0,False,95.1,False,,0.0,86.1
MSN03764,TB2-G03,Gamma,2023,11,2023-11-09,2,13.89,13.89,0.0,97.1,False,105.7,False,,0.0,96.2
MSN03765,TB2-G04,Gamma,2023,12,2023-12-24,2,16.18,16.18,0.0,69.3,False,74.1,False,,0.0,91.1
MSN03766,TB2-G03,Gamma,2023,12,2023-12-21,2,17.58,17.58,0.0,87.4,False,80.6,False,,0.0,91.0
MSN03767,TB2-G02,Gamma,2023,12,2023-12-04,1,18.76,18.76,0.0,59.9,False,85.2,False,,0.0,88.9
MSN03768,TB2-G01,Gamma,2023,12,2023-12-23,3,16.95,16.95,0.0,83.9,False,87.8,False,,0.0,83.2
MSN03769,TB2-G04,Gamma,2023,12,2023-12-22,2,13.94,13.94,0.0,79.9,False,91.6,False,,0.0,91.1
MSN03770,TB2-G02,Gamma,2023,12,2023-12-03,1,18.41,18.41,0.0,83.2,False,68.7,False,,0.0,88.9
MSN03771,TB2-G03,Gamma,2023,12,2023-12-26,2,17.19,17.19,0.0,60.1,False,96.1,False,,0.0,91.0
MSN03772,TB2-G01,Gamma,2023,12,2023-12-27,3,14.91,14.91,0.0,92.0,False,86.0,False,,0.0,83.2
MSN03774,TB2-G02,Gamma,2023,12,2023-12-01,1,20.0,20.0,0.0,87.0,False,68.8,False,,0.0,88.9
MSN03775,TB2-G03,Gamma,2023,12,2023-12-25,2,12.76,12.76,0.0,81.2,False,100.4,False,,0.0,91.0
MSN03776,TB2-G03,Gamma,2024,1,2024-01-27,3,18.86,18.86,0.0,78.6,False,113.6,False,,0.0,90.7
MSN03777,TB2-G01,Gamma,2024,1,2024-01-09,4,17.91,17.91,0.0,75.7,False,93.7,False,,0.0,88.9
MSN03778,TB2-G02,Gamma,2024,1,2024-01-26,2,19.17,19.17,0.0,74.2,False,66.2,False,,0.0,92.2
MSN03779,TB2-G04,Gamma,2024,1,2024-01-14,3,14.63,14.63,0.0,148.2,True,95.6,False,,0.0,88.5
MSN03780,TB2-G02,Gamma,2024,1,2024-01-08,2,20.0,20.0,0.0,83.5,False,79.5,False,,0.0,92.2
MSN03781,TB2-G03,Gamma,2024,1,2024-01-04,3,16.82,16.82,0.0,64.5,False,82.2,False,,0.0,90.7
MSN03782,TB2-G03,Gamma,2024,1,2024-01-09,3,17.48,17.48,0.0,93.8,False,108.9,False,,0.0,90.7
MSN03783,TB2-G02,Gamma,2024,1,2024-01-22,2,17.89,17.89,0.0,81.5,False,76.8,False,,0.0,92.2
MSN03784,TB2-G04,Gamma,2024,1,2024-01-14,3,16.63,16.63,0.0,113.4,False,78.3,False,,0.0,88.5
MSN03786,TB2-G01,Gamma,2024,1,2024-01-10,4,15.41,15.41,0.0,77.4,False,99.7,False,,0.0,88.9
MSN03789,TB2-G04,Gamma,2024,1,2024-01-20,3,18.41,18.41,0.0,86.2,False,88.7,False,,0.0,88.5
MSN03790,TB2-G01,Gamma,2024,2,2024-02-03,4,17.78,17.78,0.0,101.1,False,110.0,False,,0.0,88.8
MSN03791,TB2-G04,Gamma,2024,2,2024-02-08,3,17.02,17.02,0.0,120.6,True,97.2,True,Control Surface,33.0,86.6
MSN03792,TB2-G03,Gamma,2024,2,2024-02-24,3,16.4,16.4,0.0,82.9,False,91.1,False,,0.0,93.5
MSN03793,TB2-G02,Gamma,2024,2,2024-02-01,2,15.08,15.08,0.0,105.5,True,91.4,False,,0.0,88.5
MSN03794,TB2-G03,Gamma,2024,2,2024-02-18,3,15.06,15.06,0.0,75.1,False,84.9,False,,0.0,93.5
MSN03795,TB2-G04,Gamma,2024,2,2024-02-20,3,16.39,16.39,0.0,59.9,False,102.5,True,Engine,26.8,86.6
MSN03796,TB2-G01,Gamma,2024,2,2024-02-26,4,15.71,15.71,0.0,107.5,False,91.0,False,,0.0,88.8
MSN03799,TB2-G01,Gamma,2024,3,2024-03-06,4,19.71,19.71,0.0,108.6,False,102.7,False,,0.0,90.9
MSN03800,TB2-G01,Gamma,2024,3,2024-03-13,4,16.77,16.77,0.0,108.1,False,100.1,False,,0.0,90.9
MSN03801,TB2-G03,Gamma,2024,3,2024-03-26,3,18.44,18.44,0.0,96.0,False,89.4,False,,0.0,88.7
MSN03802,TB2-G03,Gamma,2024,3,2024-03-20,3,15.96,15.96,0.0,90.7,False,97.2,False,,0.0,88.7
MSN03803,TB2-G01,Gamma,2024,3,2024-03-21,4,20.0,20.0,0.0,84.0,False,103.5,False,,0.0,90.9
MSN03804,TB2-G04,Gamma,2024,3,2024-03-28,3,15.02,15.02,0.0,80.9,False,88.5,False,,0.0,85.0
MSN03805,TB2-G04,Gamma,2024,3,2024-03-11,3,17.14,15.81,1.33,90.0,False,86.3,True,Communication Link,79.8,85.0
MSN03806,TB2-G03,Gamma,2024,3,2024-03-09,3,18.02,18.02,0.0,87.0,False,76.4,False,,0.0,88.7
MSN03807,TB2-G02,Gamma,2024,3,2024-03-19,2,15.79,15.79,0.0,62.5,False,59.6,False,,0.0,90.0
MSN03808,TB2-G01,Gamma,2024,4,2024-04-14,4,18.42,18.42,0.0,109.3,False,83.7,False,,0.0,89.0
MSN03809,TB2-G01,Gamma,2024,4,2024-04-01,4,17.94,17.94,0.0,73.2,False,78.9,False,,0.0,89.0
MSN03810,TB2-G04,Gamma,2024,4,2024-04-01,3,17.49,17.49,0.0,88.9,False,106.0,True,Navigation/GPS,30.1,82.4
MSN03811,TB2-G03,Gamma,2024,4,2024-04-07,3,18.15,18.15,0.0,98.3,False,81.4,False,,0.0,94.2
MSN03812,TB2-G04,Gamma,2024,4,2024-04-08,3,15.12,15.12,0.0,97.5,False,74.4,False,,0.0,82.4
MSN03813,TB2-G04,Gamma,2024,4,2024-04-23,3,17.7,17.7,0.0,96.2,False,88.9,False,,0.0,82.4
MSN03814,TB2-G01,Gamma,2024,4,2024-04-27,4,16.18,15.11,1.07,167.0,True,95.7,True,Communication Link,64.2,89.0
MSN03815,TB2-G04,Gamma,2024,4,2024-04-21,3,15.82,15.82,0.0,72.2,False,88.3,False,,0.0,82.4
MSN03816,TB2-G01,Gamma,2024,4,2024-04-10,4,17.5,17.5,0.0,105.1,False,107.6,False,,0.0,89.0
MSN03817,TB2-G04,Gamma,2024,4,2024-04-22,3,13.9,13.9,0.0,85.1,False,93.2,False,,0.0,82.4
MSN03818,TB2-G04,Gamma,2024,4,2024-04-05,3,17.17,17.17,0.0,75.2,False,95.8,False,,0.0,82.4
MSN03819,TB2-G03,Gamma,2024,4,2024-04-12,3,17.01,17.01,0.0,82.7,False,94.9,False,,0.0,94.2
MSN03820,TB2-G04,Gamma,2024,4,2024-04-10,3,14.27,14.27,0.0,82.2,False,69.8,False,,0.0,82.4
MSN03821,TB2-G04,Gamma,2024,4,2024-04-02,3,20.0,20.0,0.0,101.3,False,82.1,False,,0.0,82.4
MSN03822,TB2-G01,Gamma,2024,4,2024-04-12,4,14.6,14.6,0.0,88.7,False,129.7,False,,0.0,89.0
MSN03823,TB2-G04,Gamma,2024,4,2024-04-10,3,14.28,14.28,0.0,71.0,False,86.8,False,,0.0,82.4
MSN03824,TB2-G02,Gamma,2024,4,2024-04-19,2,15.94,15.94,0.0,96.4,True,81.3,False,,0.0,82.0
MSN03825,TB2-G02,Gamma,2024,4,2024-04-27,2,15.59,15.59,0.0,72.0,False,69.9,False,,0.0,82.0
MSN03826,TB2-G02,Gamma,2024,4,2024-04-19,2,17.22,17.22,0.0,68.9,False,70.4,False,,0.0,82.0
MSN03827,TB2-G03,Gamma,2024,5,2024-05-20,3,16.97,16.97,0.0,90.0,False,89.1,False,,0.0,94.6
MSN03828,TB2-G01,Gamma,2024,5,2024-05-22,4,18.95,18.95,0.0,107.7,False,101.9,True,Engine,28.8,89.6
MSN03829,TB2-G02,Gamma,2024,5,2024-05-14,2,19.86,19.86,0.0,71.2,False,84.3,False,,0.0,87.0
MSN03830,TB2-G02,Gamma,2024,5,2024-05-20,2,17.08,17.08,0.0,67.3,False,84.3,False,,0.0,87.0
MSN03831,TB2-G03,Gamma,2024,5,2024-05-14,3,16.01,16.01,0.0,91.4,False,84.2,False,,0.0,94.6
MSN03832,TB2-G04,Gamma,2024,5,2024-05-16,3,18.24,18.24,0.0,97.0,False,83.6,False,,0.0,82.5
MSN03833,TB2-G02,Gamma,2024,5,2024-05-14,2,19.82,19.82,0.0,121.7,True,92.4,False,,0.0,87.0
MSN03834,TB2-G01,Gamma,2024,5,2024-05-01,4,19.45,19.45,0.0,112.0,False,114.6,False,,0.0,89.6
MSN03835,TB2-G02,Gamma,2024,5,2024-05-28,2,18.06,18.06,0.0,75.9,True,73.2,False,,0.0,87.0
MSN03836,TB2-G03,Gamma,2024,5,2024-05-24,3,17.48,17.48,0.0,152.1,True,81.9,False,,0.0,94.6
MSN03837,TB2-G01,Gamma,2024,5,2024-05-04,4,15.53,15.53,0.0,131.1,False,107.6,False,,0.0,89.6
MSN03838,TB2-G01,Gamma,2024,5,2024-05-06,4,16.68,16.68,0.0,182.7,True,106.0,False,,0.0,89.6
MSN03839,TB2-G01,Gamma,2024,5,2024-05-21,4,19.62,19.62,0.0,113.0,False,98.1,True,Electrical System,20.3,89.6
MSN03840,TB2-G02,Gamma,2024,5,2024-05-01,2,12.95,12.95,0.0,53.6,False,74.0,False,,0.0,87.0
MSN03841,TB2-G04,Gamma,2024,5,2024-05-06,3,16.61,16.61,0.0,114.2,True,103.8,False,,0.0,82.5
MSN03842,TB2-G02,Gamma,2024,5,2024-05-26,2,15.75,11.62,4.13,73.2,False,83.2,True,Electrical System,247.8,87.0
MSN03843,TB2-G04,Gamma,2024,5,2024-05-23,3,18.55,18.55,0.0,109.2,True,88.2,False,,0.0,82.5
MSN03844,TB2-G04,Gamma,2024,6,2024-06-07,3,18.24,18.24,0.0,115.0,False,85.5,False,,0.0,83.4
MSN03845,TB2-G01,Gamma,2024,6,2024-06-18,4,17.31,17.31,0.0,100.5,False,105.3,False,,0.0,87.7
MSN03846,TB2-G01,Gamma,2024,6,2024-06-08,4,20.0,20.0,0.0,151.9,True,119.4,False,,0.0,87.7
MSN03847,TB2-G02,Gamma,2024,6,2024-06-16,2,12.31,12.31,0.0,70.9,False,99.9,False,,0.0,89.5
MSN03848,TB2-G01,Gamma,2024,6,2024-06-20,4,13.52,13.52,0.0,91.2,False,98.3,False,,0.0,87.7
MSN03849,TB2-G02,Gamma,2024,6,2024-06-18,2,16.39,16.39,0.0,70.6,False,73.2,False,,0.0,89.5
MSN03850,TB2-G04,Gamma,2024,6,2024-06-01,3,14.53,14.53,0.0,87.2,False,90.2,False,,0.0,83.4
MSN03851,TB2-G01,Gamma,2024,6,2024-06-05,4,15.49,12.88,2.61,110.9,False,105.3,True,Engine,156.6,87.7
MSN03852,TB2-G03,Gamma,2024,6,2024-06-03,3,18.03,18.03,0.0,81.3,False,96.6,False,,0.0,88.8
MSN03853,TB2-G02,Gamma,2024,6,2024-06-05,2,18.84,18.84,0.0,123.8,True,86.7,False,,0.0,89.5
MSN03854,TB2-G02,Gamma,2024,6,2024-06-27,2,15.65,15.65,0.0,75.1,False,77.6,False,,0.0,89.5
MSN03855,TB2-G04,Gamma,2024,6,2024-06-27,3,18.7,18.7,0.0,76.5,False,112.8,False,,0.0,83.4
MSN03856,TB2-G01,Gamma,2024,6,2024-06-22,4,14.5,14.5,0.0,103.1,False,105.8,False,,0.0,87.7
MSN03857,TB2-G04,Gamma,2024,6,2024-06-17,3,16.59,16.59,0.0,83.9,False,85.1,False,,0.0,83.4
MSN03858,TB2-G04,Gamma,2024,6,2024-06-24,3,15.9,15.9,0.0,102.8,False,91.2,False,,0.0,83.4
MSN03859,TB2-G01,Gamma,2024,6,2024-06-04,4,17.58,17.58,0.0,102.8,False,107.5,True,Navigation/GPS,37.6,87.7
MSN03860,TB2-G04,Gamma,2024,6,2024-06-14,3,17.5,17.02,0.48,94.5,False,78.0,True,Electrical System,28.8,83.4
MSN03861,TB2-G04,Gamma,2024,7,2024-07-11,3,16.82,16.82,0.0,99.3,False,115.2,False,,0.0,90.0
MSN03862,TB2-G04,Gamma,2024,7,2024-07-14,3,13.12,13.12,0.0,82.1,False,95.6,False,,0.0,90.0
MSN03863,TB2-G04,Gamma,2024,7,2024-07-13,3,15.39,15.39,0.0,92.6,False,87.9,False,,0.0,90.0
MSN03864,TB2-G03,Gamma,2024,7,2024-07-07,3,14.23,14.23,0.0,88.8,False,103.9,True,Sensor/Payload,10.3,93.5
MSN03865,TB2-G04,Gamma,2024,7,2024-07-13,3,17.59,17.59,0.0,102.3,False,91.3,False,,0.0,90.0
MSN03866,TB2-G02,Gamma,2024,7,2024-07-15,2,17.9,17.9,0.0,89.7,False,69.3,False,,0.0,89.0
MSN03867,TB2-G03,Gamma,2024,7,2024-07-25,3,12.11,12.11,0.0,62.7,False,82.8,False,,0.0,93.5
MSN03868,TB2-G01,Gamma,2024,7,2024-07-05,4,15.85,15.51,0.34,110.4,True,98.7,True,Sensor/Payload,20.4,91.1
MSN03869,TB2-G04,Gamma,2024,7,2024-07-26,3,16.91,16.91,0.0,89.9,False,58.6,False,,0.0,90.0
MSN03871,TB2-G02,Gamma,2024,7,2024-07-17,2,15.59,15.59,0.0,72.2,False,76.9,False,,0.0,89.0
MSN03872,TB2-G03,Gamma,2024,7,2024-07-07,3,15.85,15.85,0.0,62.9,False,72.7,False,,0.0,93.5
MSN03873,TB2-G01,Gamma,2024,7,2024-07-21,4,17.51,17.51,0.0,93.0,False,116.2,False,,0.0,91.1
MSN03874,TB2-G01,Gamma,2024,7,2024-07-11,4,17.13,17.13,0.0,96.9,False,81.7,False,,0.0,91.1
MSN03875,TB2-G03,Gamma,2024,7,2024-07-17,3,17.75,17.75,0.0,113.0,False,104.9,False,,0.0,93.5
MSN03876,TB2-G04,Gamma,2024,7,2024-07-26,3,16.38,13.23,3.15,89.3,False,87.2,True,Sensor/Payload,189.0,90.0
MSN03877,TB2-G03,Gamma,2024,7,2024-07-08,3,19.48,19.48,0.0,96.1,False,62.3,False,,0.0,93.5
MSN03878,TB2-G03,Gamma,2024,7,2024-07-07,3,18.14,18.14,0.0,79.3,False,95.2,False,,0.0,93.5
MSN03879,TB2-G01,Gamma,2024,7,2024-07-08,4,16.3,16.3,0.0,133.6,True,110.1,False,,0.0,91.1
MSN03880,TB2-G04,Gamma,2024,7,2024-07-14,3,17.27,17.27,0.0,92.0,False,101.9,False,,0.0,90.0
MSN03881,TB2-G02,Gamma,2024,7,2024-07-18,2,15.5,15.5,0.0,75.6,False,71.4,False,,0.0,89.0
MSN03882,TB2-G03,Gamma,2024,8,2024-08-01,3,14.47,14.47,0.0,83.2,False,82.3,False,,0.0,93.0
MSN03883,TB2-G03,Gamma,2024,8,2024-08-02,3,18.11,18.11,0.0,88.3,False,87.1,False,,0.0,93.0
MSN03884,TB2-G02,Gamma,2024,8,2024-08-16,2,18.25,18.25,0.0,78.4,False,89.2,False,,0.0,94.4
MSN03885,TB2-G02,Gamma,2024,8,2024-08-28,2,18.7,18.7,0.0,116.3,True,94.0,False,,0.0,94.4
MSN03886,TB2-G02,Gamma,2024,8,2024-08-10,2,14.65,14.65,0.0,70.3,False,88.6,False,,0.0,94.4
MSN03887,TB2-G01,Gamma,2024,8,2024-08-17,4,14.73,14.73,0.0,110.2,False,116.0,False,,0.0,84.6
MSN03888,TB2-G02,Gamma,2024,8,2024-08-27,2,14.92,14.92,0.0,80.6,False,80.0,False,,0.0,94.4
MSN03889,TB2-G01,Gamma,2024,8,2024-08-07,4,12.96,12.96,0.0,90.8,False,91.0,False,,0.0,84.6
MSN03890,TB2-G03,Gamma,2024,8,2024-08-17,3,16.19,16.19,0.0,86.0,False,94.0,False,,0.0,93.0
MSN03891,TB2-G02,Gamma,2024,8,2024-08-08,2,16.18,16.18,0.0,82.0,False,77.4,False,,0.0,94.4
MSN03892,TB2-G03,Gamma,2024,8,2024-08-10,3,14.7,14.7,0.0,112.8,False,66.7,False,,0.0,93.0
MSN03893,TB2-G03,Gamma,2024,8,2024-08-18,3,14.86,13.37,1.49,66.7,False,89.6,True,Control Surface,89.4,93.0
MSN03894,TB2-G04,Gamma,2024,8,2024-08-26,3,17.1,17.1,0.0,120.8,False,97.5,False,,0.0,87.2
MSN03895,TB2-G04,Gamma,2024,8,2024-08-04,3,15.29,15.29,0.0,84.6,False,73.2,False,,0.0,87.2
MSN03896,TB2-G03,Gamma,2024,8,2024-08-02,3,14.03,14.03,0.0,71.1,False,90.2,False,,0.0,93.0
MSN03897,TB2-G03,Gamma,2024,8,2024-08-14,3,19.97,19.97,0.0,66.4,False,99.4,False,,0.0,93.0
MSN03898,TB2-G01,Gamma,2024,8,2024-08-05,4,18.73,18.25,0.48,93.9,False,82.8,True,Sensor/Payload,28.8,84.6
MSN03899,TB2-G03,Gamma,2024,8,2024-08-15,3,16.05,16.05,0.0,100.2,False,98.0,False,,0.0,93.0
MSN03900,TB2-G02,Gamma,2024,8,2024-08-13,2,16.75,16.75,0.0,64.2,False,73.1,False,,0.0,94.4
MSN03901,TB2-G03,Gamma,2024,8,2024-08-20,3,14.48,14.48,0.0,72.2,False,75.5,False,,0.0,93.0
MSN03902,TB2-G03,Gamma,2024,8,2024-08-23,3,17.68,17.68,0.0,140.6,True,86.9,False,,0.0,93.0
MSN03903,TB2-G03,Gamma,2024,8,2024-08-15,3,20.0,20.0,0.0,89.9,False,71.8,False,,0.0,93.0
MSN03904,TB2-G02,Gamma,2024,8,2024-08-04,2,18.65,18.65,0.0,96.4,False,89.3,False,,0.0,94.4
MSN03905,TB2-G02,Gamma,2024,8,2024-08-11,2,18.02,18.02,0.0,82.5,False,58.9,False,,0.0,94.4
MSN03906,TB2-G03,Gamma,2024,8,2024-08-15,3,17.93,17.93,0.0,107.2,False,91.2,False,,0.0,93.0
MSN03907,TB2-G01,Gamma,2024,8,2024-08-12,4,20.0,20.0,0.0,103.4,False,80.9,False,,0.0,84.6
MSN03909,TB2-G03,Gamma,2024,8,2024-08-10,3,18.79,18.79,0.0,104.2,False,92.7,False,,0.0,93.0
MSN03910,TB2-G01,Gamma,2024,8,2024-08-02,4,17.19,17.19,0.0,107.9,False,118.2,False,,0.0,84.6
MSN03911,TB2-G04,Gamma,2024,9,2024-09-05,3,20.0,18.55,1.45,82.2,False,99.9,True,Navigation/GPS,87.0,83.0
MSN03912,TB2-G04,Gamma,2024,9,2024-09-17,3,18.22,18.22,0.0,137.6,True,78.0,False,,0.0,83.0
MSN03914,TB2-G02,Gamma,2024,9,2024-09-10,2,18.0,18.0,0.0,134.5,True,67.2,False,,0.0,91.7
MSN03915,TB2-G02,Gamma,2024,9,2024-09-17,2,20.0,20.0,0.0,76.6,False,84.9,False,,0.0,91.7
MSN03916,TB2-G03,Gamma,2024,9,2024-09-02,3,16.2,15.58,0.62,79.9,False,96.0,True,Engine,37.2,95.8
MSN03917,TB2-G01,Gamma,2024,9,2024-09-25,4,15.28,15.28,0.0,97.3,False,112.2,False,,0.0,84.8
MSN03918,TB2-G03,Gamma,2024,9,2024-09-09,3,17.18,17.18,0.0,88.3,False,75.8,False,,0.0,95.8
MSN03919,TB2-G03,Gamma,2024,9,2024-09-12,3,14.97,14.97,0.0,102.1,False,77.1,True,Control Surface,27.8,95.8
MSN03920,TB2-G03,Gamma,2024,9,2024-09-13,3,19.16,19.16,0.0,90.8,False,88.2,False,,0.0,95.8
MSN03921,TB2-G01,Gamma,2024,9,2024-09-23,4,19.35,19.35,0.0,101.5,False,97.2,False,,0.0,84.8
MSN03922,TB2-G04,Gamma,2024,9,2024-09-16,3,18.36,18.36,0.0,83.6,False,85.2,False,,0.0,83.0
MSN03923,TB2-G02,Gamma,2024,9,2024-09-08,2,14.95,14.95,0.0,90.3,False,96.7,False,,0.0,91.7
MSN03924,TB2-G02,Gamma,2024,9,2024-09-04,2,18.7,18.7,0.0,88.1,False,78.4,False,,0.0,91.7
MSN03925,TB2-G01,Gamma,2024,9,2024-09-11,4,17.14,17.14,0.0,115.6,False,97.9,False,,0.0,84.8
MSN03926,TB2-G04,Gamma,2024,9,2024-09-16,3,14.8,14.8,0.0,90.8,False,106.9,False,,0.0,83.0
MSN03927,TB2-G02,Gamma,2024,9,2024-09-24,2,16.85,16.85,0.0,82.1,False,68.3,False,,0.0,91.7
MSN03928,TB2-G03,Gamma,2024,9,2024-09-25,3,15.85,15.85,0.0,84.1,False,95.3,False,,0.0,95.8
MSN03929,TB2-G02,Gamma,2024,10,2024-10-17,2,19.62,19.62,0.0,58.0,False,79.8,False,,0.0,82.1
MSN03930,TB2-G01,Gamma,2024,10,2024-10-16,4,18.06,18.06,0.0,107.9,False,88.1,False,,0.0,85.4
MSN03933,TB2-G01,Gamma,2024,10,2024-10-14,4,14.51,14.51,0.0,161.8,True,92.9,True,Control Surface,35.4,85.4
MSN03934,TB2-G02,Gamma,2024,10,2024-10-05,2,19.57,19.57,0.0,90.8,False,89.6,False,,0.0,82.1
MSN03935,TB2-G04,Gamma,2024,10,2024-10-04,3,15.0,15.0,0.0,112.3,False,90.2,False,,0.0,83.0
MSN03936,TB2-G02,Gamma,2024,10,2024-10-03,2,15.61,15.61,0.0,171.9,True,61.0,False,,0.0,82.1
MSN03937,TB2-G01,Gamma,2024,10,2024-10-07,4,13.02,13.02,0.0,91.4,False,106.3,False,,0.0,85.4
MSN03938,TB2-G03,Gamma,2024,10,2024-10-21,3,18.16,18.16,0.0,127.4,True,86.4,False,,0.0,90.9
MSN03939,TB2-G03,Gamma,2024,11,2024-11-02,3,16.98,16.98,0.0,143.0,True,94.1,False,,0.0,93.0
MSN03940,TB2-G02,Gamma,2024,11,2024-11-17,2,15.31,15.31,0.0,72.0,False,92.8,False,,0.0,88.1
MSN03942,TB2-G04,Gamma,2024,11,2024-11-24,3,20.0,20.0,0.0,77.7,False,75.2,False,,0.0,90.0
MSN03943,TB2-G02,Gamma,2024,11,2024-11-06,2,20.0,20.0,0.0,79.1,False,93.0,False,,0.0,88.1
MSN03945,TB2-G01,Gamma,2024,11,2024-11-05,4,16.34,16.34,0.0,143.0,True,122.4,False,,0.0,85.4
MSN03946,TB2-G02,Gamma,2024,11,2024-11-18,2,16.6,16.6,0.0,131.5,True,70.6,False,,0.0,88.1
MSN03947,TB2-G04,Gamma,2024,11,2024-11-23,3,17.89,17.89,0.0,107.8,True,86.2,False,,0.0,90.0
MSN03948,TB2-G03,Gamma,2024,11,2024-11-02,3,15.32,15.32,0.0,96.6,False,76.8,False,,0.0,93.0
MSN03950,TB2-G01,Gamma,2024,12,2024-12-03,4,13.71,13.71,0.0,83.6,False,106.0,False,,0.0,86.5
MSN03951,TB2-G02,Gamma,2024,12,2024-12-13,2,18.21,18.21,0.0,84.4,False,83.8,False,,0.0,92.1
MSN03952,TB2-G02,Gamma,2024,12,2024-12-28,2,18.78,18.78,0.0,83.9,False,79.8,False,,0.0,92.1
MSN03953,TB2-G03,Gamma,2024,12,2024-12-16,3,15.28,15.28,0.0,85.2,False,84.7,False,,0.0,90.8
MSN03954,TB2-G01,Gamma,2024,12,2024-12-07,4,16.37,16.37,0.0,139.9,True,98.2,False,,0.0,86.5
MSN03955,TB2-G01,Gamma,2024,12,2024-12-11,4,16.38,16.38,0.0,88.1,False,119.1,False,,0.0,86.5
MSN03956,TB2-G03,Gamma,2024,12,2024-12-19,3,15.19,15.19,0.0,89.1,False,72.9,False,,0.0,90.8
MSN03957,TB2-G02,Gamma,2025,1,2025-01-08,3,15.61,15.61,0.0,110.7,False,101.1,False,,0.0,88.6
MSN03958,TB2-G02,Gamma,2025,1,2025-01-01,3,20.0,20.0,0.0,91.5,False,94.2,False,,0.0,88.6
MSN03959,TB2-G01,Gamma,2025,1,2025-01-28,5,14.34,14.34,0.0,111.9,False,104.2,False,,0.0,83.0
MSN03960,TB2-G02,Gamma,2025,1,2025-01-21,3,15.28,15.28,0.0,98.0,False,83.3,False,,0.0,88.6
MSN03961,TB2-G01,Gamma,2025,1,2025-01-20,5,18.53,18.53,0.0,102.5,False,110.0,False,,0.0,83.0
MSN03962,TB2-G01,Gamma,2025,1,2025-01-26,5,14.35,14.35,0.0,121.5,True,107.6,False,,0.0,83.0
MSN03963,TB2-G03,Gamma,2025,1,2025-01-24,4,14.09,14.09,0.0,106.3,False,124.8,False,,0.0,91.9
MSN03964,TB2-G03,Gamma,2025,1,2025-01-17,4,14.63,14.63,0.0,120.0,False,103.5,False,,0.0,91.9
MSN03965,TB2-G01,Gamma,2025,1,2025-01-06,5,15.87,15.87,0.0,116.3,False,134.0,False,,0.0,83.0
MSN03966,TB2-G03,Gamma,2025,1,2025-01-21,4,17.26,17.26,0.0,111.4,False,88.9,False,,0.0,91.9
MSN03967,TB2-G04,Gamma,2025,1,2025-01-20,4,14.97,13.82,1.15,109.8,False,87.3,True,Navigation/GPS,69.0,83.3
MSN03970,TB2-G02,Gamma,2025,2,2025-02-12,3,14.76,14.76,0.0,95.5,False,109.0,False,,0.0,91.7
MSN03972,TB2-G04,Gamma,2025,2,2025-02-12,4,15.08,15.08,0.0,129.0,False,91.7,False,,0.0,87.3
MSN03973,TB2-G01,Gamma,2025,2,2025-02-18,5,15.49,15.49,0.0,111.6,False,122.4,False,,0.0,89.1
MSN03974,TB2-G02,Gamma,2025,2,2025-02-24,3,16.82,16.82,0.0,84.0,False,95.5,False,,0.0,91.7
MSN03975,TB2-G02,Gamma,2025,2,2025-02-11,3,17.19,17.19,0.0,135.4,True,94.2,False,,0.0,91.7
MSN03976,TB2-G03,Gamma,2025,2,2025-02-22,4,18.71,18.71,0.0,106.1,False,93.1,False,,0.0,88.2
MSN03978,TB2-G02,Gamma,2025,2,2025-02-10,3,18.7,18.7,0.0,99.7,False,86.7,False,,0.0,91.7
MSN03979,TB2-G04,Gamma,2025,2,2025-02-13,4,16.23,16.23,0.0,125.3,True,93.1,False,,0.0,87.3
MSN03980,TB2-G04,Gamma,2025,2,2025-02-01,4,19.97,19.97,0.0,88.2,False,104.3,False,,0.0,87.3
MSN03981,TB2-G01,Gamma,2025,2,2025-02-18,5,16.3,16.3,0.0,107.0,False,91.6,False,,0.0,89.1
MSN03982,TB2-G01,Gamma,2025,2,2025-02-05,5,20.0,20.0,0.0,120.7,False,108.4,False,,0.0,89.1
MSN03984,TB2-G03,Gamma,2025,3,2025-03-12,4,16.52,16.52,0.0,92.3,False,101.7,False,,0.0,88.5
MSN03985,TB2-G02,Gamma,2025,3,2025-03-07,3,13.04,13.04,0.0,115.5,False,111.7,False,,0.0,88.8
MSN03986,TB2-G02,Gamma,2025,3,2025-03-11,3,17.74,17.74,0.0,88.5,False,64.8,False,,0.0,88.8
MSN03987,TB2-G03,Gamma,2025,3,2025-03-05,4,19.17,18.76,0.41,99.2,False,110.8,True,Sensor/Payload,24.6,88.5
MSN03988,TB2-G02,Gamma,2025,3,2025-03-01,3,19.19,19.19,0.0,89.0,False,81.2,True,Communication Link,20.8,88.8
MSN03989,TB2-G01,Gamma,2025,3,2025-03-11,5,13.91,13.91,0.0,99.1,False,100.7,False,,0.0,88.6
MSN03990,TB2-G01,Gamma,2025,3,2025-03-04,5,17.99,17.99,0.0,117.5,False,112.4,False,,0.0,88.6
MSN03992,TB2-G02,Gamma,2025,3,2025-03-14,3,18.34,18.34,0.0,105.5,False,103.2,False,,0.0,88.8
MSN03993,TB2-G02,Gamma,2025,3,2025-03-10,3,15.84,15.84,0.0,114.3,False,75.3,False,,0.0,88.8
MSN03994,TB2-G04,Gamma,2025,3,2025-03-05,4,17.71,17.71,0.0,84.4,False,95.2,False,,0.0,83.8
MSN03995,TB2-G01,Gamma,2025,3,2025-03-12,5,16.07,16.07,0.0,118.7,False,110.9,False,,0.0,88.6
MSN03996,TB2-G02,Gamma,2025,3,2025-03-13,3,18.05,18.05,0.0,142.2,True,87.8,False,,0.0,88.8
MSN03997,TB2-G03,Gamma,2025,3,2025-03-11,4,14.9,14.9,0.0,94.6,False,98.5,False,,0.0,88.5
MSN03998,TB2-G04,Gamma,2025,4,2025-04-14,4,14.41,13.97,0.44,123.0,False,97.8,True,Navigation/GPS,26.4,81.4
MSN03999,TB2-G01,Gamma,2025,4,2025-04-25,5,15.78,15.78,0.0,115.4,False,111.2,False,,0.0,78.0
MSN04000,TB2-G04,Gamma,2025,4,2025-04-15,4,18.43,18.43,0.0,104.5,False,89.9,False,,0.0,81.4
MSN04001,TB2-G02,Gamma,2025,4,2025-04-28,3,15.66,14.78,0.88,95.4,False,90.4,True,Electrical System,52.8,85.6
MSN04002,TB2-G02,Gamma,2025,4,2025-04-24,3,14.11,14.11,0.0,138.8,True,62.8,False,,0.0,85.6
MSN04003,TB2-G03,Gamma,2025,4,2025-04-18,4,20.0,20.0,0.0,98.6,False,100.2,False,,0.0,95.7
MSN04004,TB2-G02,Gamma,2025,4,2025-04-09,3,18.81,18.81,0.0,81.0,False,96.9,False,,0.0,85.6
MSN04005,TB2-G02,Gamma,2025,4,2025-04-20,3,16.07,16.07,0.0,85.6,False,89.0,True,Control Surface,20.4,85.6
MSN04006,TB2-G04,Gamma,2025,4,2025-04-20,4,14.65,10.99,3.66,92.5,False,106.2,True,Electrical System,219.6,81.4
MSN04007,TB2-G04,Gamma,2025,4,2025-04-11,4,15.79,15.79,0.0,107.8,False,108.1,False,,0.0,81.4
MSN04008,TB2-G03,Gamma,2025,4,2025-04-09,4,18.71,18.71,0.0,97.1,False,111.5,False,,0.0,95.7
MSN04009,TB2-G03,Gamma,2025,4,2025-04-06,4,15.59,15.59,0.0,109.0,False,93.1,False,,0.0,95.7
MSN04010,TB2-G04,Gamma,2025,4,2025-04-24,4,15.4,15.4,0.0,106.0,False,102.4,False,,0.0,81.4
MSN04011,TB2-G01,Gamma,2025,4,2025-04-13,5,20.0,20.0,0.0,106.0,False,107.1,False,,0.0,78.0
MSN04012,TB2-G03,Gamma,2025,4,2025-04-27,4,15.48,15.48,0.0,103.9,False,99.0,False,,0.0,95.7
MSN04013,TB2-G03,Gamma,2025,4,2025-04-08,4,15.73,15.73,0.0,204.0,True,127.2,False,,0.0,95.7
MSN04014,TB2-G04,Gamma,2025,4,2025-04-16,4,16.76,16.76,0.0,97.5,False,88.0,False,,0.0,81.4
MSN04015,TB2-G04,Gamma,2025,4,2025-04-16,4,19.05,18.82,0.23,169.5,True,111.6,True,Sensor/Payload,13.8,81.4
MSN04016,TB2-G02,Gamma,2025,4,2025-04-08,3,17.51,17.51,0.0,93.0,False,84.6,False,,0.0,85.6
MSN04017,TB2-G02,Gamma,2025,4,2025-04-21,3,19.5,19.5,0.0,106.5,False,85.4,False,,0.0,85.6
MSN04018,TB2-G01,Gamma,2025,4,2025-04-03,5,16.96,16.96,0.0,116.0,True,102.8,False,,0.0,78.0
MSN04019,TB2-G02,Gamma,2025,4,2025-04-17,3,16.7,16.7,0.0,84.9,False,98.0,False,,0.0,85.6
MSN04020,TB2-G03,Gamma,2025,5,2025-05-13,4,19.19,19.19,0.0,108.6,False,92.2,False,,0.0,90.3
MSN04021,TB2-G02,Gamma,2025,5,2025-05-23,3,17.9,17.9,0.0,107.9,True,91.5,False,,0.0,80.1
MSN04022,TB2-G01,Gamma,2025,5,2025-05-03,5,18.74,18.74,0.0,104.7,False,98.7,False,,0.0,88.1
MSN04023,TB2-G02,Gamma,2025,5,2025-05-16,3,18.73,18.73,0.0,87.5,False,98.9,False,,0.0,80.1
MSN04024,TB2-G04,Gamma,2025,5,2025-05-17,4,16.68,16.68,0.0,82.5,False,106.6,False,,0.0,85.8
MSN04025,TB2-G02,Gamma,2025,5,2025-05-27,3,16.21,16.21,0.0,77.7,False,91.4,False,,0.0,80.1
MSN04026,TB2-G03,Gamma,2025,5,2025-05-15,4,18.97,18.97,0.0,98.3,False,104.4,False,,0.0,90.3
MSN04027,TB2-G04,Gamma,2025,5,2025-05-10,4,14.53,14.53,0.0,99.8,False,82.2,False,,0.0,85.8
MSN04028,TB2-G04,Gamma,2025,5,2025-05-16,4,15.84,15.84,0.0,87.9,False,113.3,False,,0.0,85.8
MSN04029,TB2-G03,Gamma,2025,5,2025-05-08,4,12.31,12.31,0.0,109.8,False,119.4,False,,0.0,90.3
MSN04030,TB2-G04,Gamma,2025,5,2025-05-09,4,16.07,16.07,0.0,105.1,False,102.6,False,,0.0,85.8
MSN04031,TB2-G04,Gamma,2025,5,2025-05-04,4,18.89,18.89,0.0,98.7,False,110.4,False,,0.0,85.8
MSN04032,TB2-G04,Gamma,2025,5,2025-05-16,4,17.48,17.48,0.0,80.7,False,106.3,False,,0.0,85.8
MSN04033,TB2-G02,Gamma,2025,5,2025-05-01,3,15.31,15.31,0.0,100.8,False,89.0,True,Communication Link,36.3,80.1
MSN04034,TB2-G01,Gamma,2025,5,2025-05-15,5,16.34,16.34,0.0,128.4,True,115.5,True,Sensor/Payload,27.3,88.1
MSN04035,TB2-G03,Gamma,2025,5,2025-05-11,4,14.12,14.12,0.0,102.5,False,99.4,False,,0.0,90.3
MSN04036,TB2-G01,Gamma,2025,5,2025-05-21,5,15.78,15.78,0.0,115.6,False,92.8,False,,0.0,88.1
MSN04037,TB2-G03,Gamma,2025,5,2025-05-26,4,18.64,18.64,0.0,106.2,False,118.7,False,,0.0,90.3
MSN04038,TB2-G03,Gamma,2025,5,2025-05-02,4,17.58,17.58,0.0,105.7,False,106.3,False,,0.0,90.3
MSN04039,TB2-G02,Gamma,2025,5,2025-05-17,3,16.7,16.7,0.0,89.8,False,72.1,False,,0.0,80.1
MSN04040,TB2-G03,Gamma,2025,5,2025-05-06,4,18.06,18.06,0.0,99.8,False,99.4,False,,0.0,90.3
MSN04041,TB2-G03,Gamma,2025,5,2025-05-18,4,17.25,16.85,0.4,88.6,False,85.0,True,Control Surface,24.0,90.3
MSN04042,TB2-G01,Gamma,2025,5,2025-05-09,5,18.96,18.96,0.0,108.6,False,101.0,False,,0.0,88.1
MSN04043,TB2-G03,Gamma,2025,5,2025-05-24,4,20.0,20.0,0.0,86.3,False,100.4,False,,0.0,90.3
MSN04044,TB2-G01,Gamma,2025,5,2025-05-19,5,18.93,18.93,0.0,114.5,False,122.9,False,,0.0,88.1
MSN04045,TB2-G04,Gamma,2025,5,2025-05-20,4,17.73,17.73,0.0,158.7,True,83.4,False,,0.0,85.8
MSN04046,TB2-G01,Gamma,2025,5,2025-05-28,5,16.21,16.21,0.0,121.3,False,123.9,False,,0.0,88.1
MSN04047,TB2-G01,Gamma,2025,5,2025-05-16,5,18.16,18.16,0.0,115.4,False,93.0,False,,0.0,88.1
MSN04048,TB2-G04,Gamma,2025,5,2025-05-12,4,17.63,17.63,0.0,99.1,False,110.2,False,,0.0,85.8
MSN04049,TB2-G02,Gamma,2025,5,2025-05-24,3,18.03,18.03,0.0,159.3,True,87.2,False,,0.0,80.1
MSN04050,TB2-G03,Gamma,2025,5,2025-05-25,4,19.76,19.76,0.0,116.0,False,91.9,False,,0.0,90.3
MSN04052,TB2-G02,Gamma,2025,5,2025-05-27,3,14.29,14.29,0.0,100.6,False,83.5,False,,0.0,80.1
MSN04053,TB2-G04,Gamma,2025,5,2025-05-22,4,12.59,12.59,0.0,103.1,False,80.8,False,,0.0,85.8
MSN04054,TB2-G02,Gamma,2025,5,2025-05-04,3,14.62,14.62,0.0,77.2,False,94.5,False,,0.0,80.1
MSN04055,TB2-G01,Gamma,2025,6,2025-06-26,5,16.32,16.32,0.0,120.5,False,135.6,False,,0.0,82.5
MSN04056,TB2-G04,Gamma,2025,6,2025-06-21,4,19.22,19.22,0.0,102.9,False,71.4,False,,0.0,82.8
MSN04057,TB2-G01,Gamma,2025,6,2025-06-16,5,17.17,17.17,0.0,110.9,False,91.5,False,,0.0,82.5
MSN04058,TB2-G03,Gamma,2025,6,2025-06-23,4,14.16,14.16,0.0,173.0,True,99.3,True,Navigation/GPS,25.4,91.3
MSN04059,TB2-G03,Gamma,2025,6,2025-06-02,4,18.07,18.07,0.0,105.4,False,98.6,False,,0.0,91.3
MSN04060,TB2-G01,Gamma,2025,6,2025-06-18,5,19.01,19.01,0.0,170.3,True,126.2,True,Engine,28.9,82.5
MSN04061,TB2-G01,Gamma,2025,6,2025-06-22,5,17.9,17.9,0.0,110.5,False,109.6,False,,0.0,82.5
MSN04062,TB2-G04,Gamma,2025,6,2025-06-01,4,17.27,15.01,2.26,147.7,True,99.7,True,Navigation/GPS,135.6,82.8
MSN04063,TB2-G01,Gamma,2025,6,2025-06-25,5,18.17,18.17,0.0,164.1,True,122.7,False,,0.0,82.5
MSN04064,TB2-G02,Gamma,2025,6,2025-06-19,3,14.98,14.98,0.0,141.9,True,93.6,False,,0.0,90.7
MSN04065,TB2-G03,Gamma,2025,6,2025-06-09,4,18.46,15.52,2.94,147.0,True,99.7,True,Engine,176.4,91.3
MSN04066,TB2-G04,Gamma,2025,6,2025-06-09,4,15.61,15.61,0.0,96.5,False,86.9,False,,0.0,82.8
MSN04067,TB2-G04,Gamma,2025,6,2025-06-18,4,16.22,16.22,0.0,192.5,True,121.8,False,,0.0,82.8
MSN04068,TB2-G04,Gamma,2025,6,2025-06-03,4,17.71,17.51,0.2,112.1,False,124.8,True,Communication Link,12.0,82.8
MSN04069,TB2-G01,Gamma,2025,6,2025-06-10,5,19.37,19.37,0.0,109.2,False,102.0,False,,0.0,82.5
MSN04070,TB2-G01,Gamma,2025,6,2025-06-22,5,18.67,18.67,0.0,93.3,True,141.7,False,,0.0,82.5
MSN04071,TB2-G04,Gamma,2025,6,2025-06-28,4,17.42,17.42,0.0,67.7,False,79.6,False,,0.0,82.8
MSN04072,TB2-G02,Gamma,2025,6,2025-06-08,3,18.49,17.9,0.59,90.3,False,83.0,True,Electrical System,35.4,90.7
MSN04073,TB2-G04,Gamma,2025,6,2025-06-04,4,15.9,15.9,0.0,162.2,True,105.3,False,,0.0,82.8
MSN04074,TB2-G03,Gamma,2025,6,2025-06-15,4,18.85,18.85,0.0,98.9,False,113.7,False,,0.0,91.3
MSN04075,TB2-G03,Gamma,2025,6,2025-06-07,4,17.45,17.45,0.0,80.8,False,108.5,False,,0.0,91.3
MSN04076,TB2-G04,Gamma,2025,6,2025-06-18,4,16.09,16.09,0.0,97.8,False,84.4,False,,0.0,82.8
MSN04077,TB2-G03,Gamma,2025,6,2025-06-12,4,16.69,16.69,0.0,105.9,False,104.9,False,,0.0,91.3
MSN04078,TB2-G01,Gamma,2025,7,2025-07-05,5,19.12,19.12,0.0,112.0,False,104.9,True,Engine,24.3,81.3
MSN04079,TB2-G03,Gamma,2025,7,2025-07-15,4,14.84,14.84,0.0,104.5,False,95.9,False,,0.0,87.4
MSN04080,TB2-G03,Gamma,2025,7,2025-07-14,4,13.23,13.23,0.0,101.9,False,84.4,False,,0.0,87.4
MSN04081,TB2-G01,Gamma,2025,7,2025-07-06,5,15.29,15.29,0.0,124.4,False,105.6,False,,0.0,81.3
MSN04082,TB2-G03,Gamma,2025,7,2025-07-12,4,17.71,17.71,0.0,104.9,False,107.0,True,Sensor/Payload,32.4,87.4
MSN04083,TB2-G04,Gamma,2025,7,2025-07-22,4,14.64,14.64,0.0,93.8,False,120.0,True,Communication Link,28.6,85.8
MSN04084,TB2-G03,Gamma,2025,7,2025-07-23,4,18.71,18.71,0.0,98.5,False,104.8,False,,0.0,87.4
MSN04085,TB2-G03,Gamma,2025,7,2025-07-27,4,17.41,17.41,0.0,107.3,False,105.8,False,,0.0,87.4
MSN04086,TB2-G02,Gamma,2025,7,2025-07-17,3,17.97,17.97,0.0,105.9,False,82.5,False,,0.0,87.4
MSN04087,TB2-G02,Gamma,2025,7,2025-07-21,3,17.92,17.92,0.0,103.4,False,79.9,False,,0.0,87.4
MSN04088,TB2-G01,Gamma,2025,7,2025-07-14,5,16.26,16.02,0.24,87.2,False,109.9,True,Control Surface,14.4,81.3
MSN04089,TB2-G01,Gamma,2025,7,2025-07-26,5,18.58,18.58,0.0,91.7,False,97.7,False,,0.0,81.3
MSN04090,TB2-G03,Gamma,2025,7,2025-07-26,4,18.95,18.95,0.0,87.0,False,107.0,True,Navigation/GPS,23.4,87.4
MSN04091,TB2-G04,Gamma,2025,7,2025-07-11,4,14.83,14.83,0.0,118.6,False,102.2,False,,0.0,85.8
MSN04092,TB2-G02,Gamma,2025,7,2025-07-09,3,16.91,16.91,0.0,81.4,False,83.2,False,,0.0,87.4
MSN04093,TB2-G03,Gamma,2025,7,2025-07-13,4,13.13,13.13,0.0,92.9,False,89.1,True,Sensor/Payload,37.9,87.4
MSN04094,TB2-G03,Gamma,2025,7,2025-07-15,4,18.86,18.86,0.0,142.5,True,86.2,False,,0.0,87.4
MSN04095,TB2-G02,Gamma,2025,7,2025-07-18,3,16.67,16.67,0.0,74.1,False,104.3,False,,0.0,87.4
MSN04096,TB2-G01,Gamma,2025,7,2025-07-23,5,14.39,13.65,0.74,128.6,False,107.3,True,Electrical System,44.4,81.3
MSN04097,TB2-G01,Gamma,2025,7,2025-07-27,5,13.21,13.21,0.0,130.3,False,116.5,False,,0.0,81.3
MSN04098,TB2-G04,Gamma,2025,7,2025-07-01,4,17.02,17.02,0.0,93.2,False,111.6,False,,0.0,85.8
MSN04099,TB2-G02,Gamma,2025,7,2025-07-12,3,19.33,19.33,0.0,100.1,False,75.2,False,,0.0,87.4
MSN04100,TB2-G04,Gamma,2025,7,2025-07-18,4,16.38,16.38,0.0,74.7,False,104.8,False,,0.0,85.8
MSN04101,TB2-G04,Gamma,2025,8,2025-08-07,4,16.12,16.12,0.0,107.5,False,125.6,False,,0.0,77.4
MSN04102,TB2-G01,Gamma,2025,8,2025-08-04,5,12.44,12.44,0.0,114.9,False,101.8,False,,0.0,86.1
MSN04103,TB2-G02,Gamma,2025,8,2025-08-08,3,16.76,16.76,0.0,151.1,True,83.6,False,,0.0,91.7
MSN04104,TB2-G03,Gamma,2025,8,2025-08-17,4,19.34,19.34,0.0,78.9,False,113.4,True,Control Surface,15.9,85.0
MSN04105,TB2-G04,Gamma,2025,8,2025-08-02,4,15.15,15.15,0.0,191.9,True,82.8,False,,0.0,77.4
MSN04106,TB2-G01,Gamma,2025,8,2025-08-10,5,13.93,13.93,0.0,173.2,True,106.5,False,,0.0,86.1
MSN04107,TB2-G03,Gamma,2025,8,2025-08-12,4,14.85,14.85,0.0,115.6,False,70.8,False,,0.0,85.0
MSN04108,TB2-G04,Gamma,2025,8,2025-08-07,4,14.95,14.95,0.0,112.3,False,95.9,False,,0.0,77.4
MSN04109,TB2-G03,Gamma,2025,8,2025-08-14,4,20.0,20.0,0.0,108.4,False,103.6,False,,0.0,85.0
MSN04111,TB2-G01,Gamma,2025,8,2025-08-05,5,18.16,18.16,0.0,107.5,False,84.5,False,,0.0,86.1
MSN04112,TB2-G01,Gamma,2025,8,2025-08-02,5,18.06,18.06,0.0,97.2,False,89.8,False,,0.0,86.1
MSN04113,TB2-G02,Gamma,2025,8,2025-08-10,3,17.94,17.94,0.0,134.0,True,103.9,False,,0.0,91.7
MSN04114,TB2-G03,Gamma,2025,8,2025-08-01,4,15.67,15.67,0.0,109.6,False,82.9,False,,0.0,85.0
MSN04115,TB2-G02,Gamma,2025,8,2025-08-03,3,15.64,15.64,0.0,105.8,False,82.8,False,,0.0,91.7
MSN04116,TB2-G03,Gamma,2025,8,2025-08-08,4,17.16,17.16,0.0,102.8,False,105.0,False,,0.0,85.0
MSN04117,TB2-G02,Gamma,2025,8,2025-08-02,3,13.51,13.51,0.0,81.1,False,78.5,False,,0.0,91.7
MSN04118,TB2-G03,Gamma,2025,8,2025-08-20,4,15.36,15.36,0.0,108.4,False,102.8,False,,0.0,85.0
MSN04119,TB2-G02,Gamma,2025,8,2025-08-11,3,16.69,16.69,0.0,119.5,False,101.3,False,,0.0,91.7
MSN04120,TB2-G02,Gamma,2025,8,2025-08-14,3,15.39,15.39,0.0,69.1,False,92.3,False,,0.0,91.7
MSN04121,TB2-G01,Gamma,2025,8,2025-08-19,5,17.31,17.31,0.0,135.8,True,122.9,False,,0.0,86.1
MSN04122,TB2-G03,Gamma,2025,9,2025-09-23,4,11.8,11.8,0.0,111.1,False,93.0,False,,0.0,93.2
MSN04124,TB2-G02,Gamma,2025,9,2025-09-01,3,18.2,18.2,0.0,98.5,False,87.3,False,,0.0,83.6
MSN04125,TB2-G01,Gamma,2025,9,2025-09-04,5,14.93,14.93,0.0,111.0,False,104.9,False,,0.0,87.2
MSN04126,TB2-G03,Gamma,2025,9,2025-09-15,4,13.62,13.62,0.0,120.5,False,106.4,False,,0.0,93.2
MSN04127,TB2-G03,Gamma,2025,9,2025-09-20,4,19.49,19.49,0.0,105.5,False,97.5,True,Engine,22.1,93.2
MSN04128,TB2-G02,Gamma,2025,9,2025-09-08,3,16.77,16.77,0.0,87.3,False,78.7,False,,0.0,83.6
MSN04129,TB2-G03,Gamma,2025,9,2025-09-13,4,18.8,18.8,0.0,94.0,False,101.5,False,,0.0,93.2
MSN04130,TB2-G03,Gamma,2025,9,2025-09-09,4,17.46,17.46,0.0,105.4,False,89.7,False,,0.0,93.2
MSN04131,TB2-G01,Gamma,2025,9,2025-09-12,5,15.07,15.07,0.0,111.4,False,114.2,False,,0.0,87.2
MSN04132,TB2-G02,Gamma,2025,9,2025-09-02,3,20.0,20.0,0.0,79.3,False,99.0,False,,0.0,83.6
MSN04133,TB2-G02,Gamma,2025,9,2025-09-16,3,14.42,14.42,0.0,60.2,False,76.0,True,Control Surface,16.3,83.6
MSN04134,TB2-G01,Gamma,2025,9,2025-09-13,5,15.17,15.17,0.0,86.7,False,121.0,False,,0.0,87.2
MSN04135,TB2-G02,Gamma,2025,9,2025-09-11,3,20.0,20.0,0.0,89.1,False,89.1,False,,0.0,83.6
MSN04136,TB2-G04,Gamma,2025,9,2025-09-01,4,18.53,18.53,0.0,149.1,True,97.8,False,,0.0,85.2
MSN04137,TB2-G01,Gamma,2025,9,2025-09-21,5,17.83,17.83,0.0,116.8,False,130.2,True,Engine,12.2,87.2
MSN04138,TB2-G04,Gamma,2025,9,2025-09-05,4,17.5,17.5,0.0,109.8,False,93.6,False,,0.0,85.2
MSN04139,TB2-G01,Gamma,2025,9,2025-09-01,5,17.44,17.44,0.0,111.7,False,112.1,False,,0.0,87.2
MSN04140,TB2-G02,Gamma,2025,9,2025-09-11,3,13.61,13.61,0.0,84.5,False,79.7,True,Electrical System,11.7,83.6
MSN04141,TB2-G01,Gamma,2025,9,2025-09-14,5,15.05,15.05,0.0,100.0,False,113.4,False,,0.0,87.2
MSN04142,TB2-G01,Gamma,2025,9,2025-09-22,5,17.75,17.75,0.0,183.9,True,117.5,False,,0.0,87.2
MSN04143,TB2-G03,Gamma,2025,9,2025-09-24,4,13.33,13.33,0.0,123.9,True,109.9,False,,0.0,93.2
MSN04144,TB2-G04,Gamma,2025,9,2025-09-16,4,13.74,13.74,0.0,99.3,False,76.1,False,,0.0,85.2
MSN04145,TB2-G04,Gamma,2025,9,2025-09-03,4,17.21,17.21,0.0,119.7,False,80.9,False,,0.0,85.2
MSN04146,TB2-G01,Gamma,2025,9,2025-09-25,5,15.94,15.94,0.0,132.5,True,101.0,False,,0.0,87.2
MSN04147,TB2-G04,Gamma,2025,9,2025-09-01,4,19.62,19.62,0.0,85.7,False,69.4,False,,0.0,85.2
MSN04148,TB2-G01,Gamma,2025,9,2025-09-01,5,20.0,20.0,0.0,90.7,False,112.0,False,,0.0,87.2
MSN04149,TB2-G01,Gamma,2025,9,2025-09-05,5,19.67,19.67,0.0,114.7,False,92.0,False,,0.0,87.2
MSN04150,TB2-G04,Gamma,2025,9,2025-09-25,4,17.58,17.58,0.0,110.4,False,94.5,False,,0.0,85.2
MSN04151,TB2-G04,Gamma,2025,9,2025-09-22,4,15.84,15.84,0.0,76.4,False,117.4,False,,0.0,85.2
MSN04152,TB2-G01,Gamma,2025,10,2025-10-16,5,14.44,14.44,0.0,130.2,True,99.7,False,,0.0,84.1
MSN04153,TB2-G01,Gamma,2025,10,2025-10-11,5,18.34,18.34,0.0,120.4,False,112.1,False,,0.0,84.1
MSN04154,TB2-G03,Gamma,2025,10,2025-10-19,4,16.63,16.63,0.0,104.6,False,111.9,False,,0.0,89.2
MSN04155,TB2-G03,Gamma,2025,10,2025-10-17,4,16.67,16.67,0.0,93.1,False,105.1,False,,0.0,89.2
MSN04156,TB2-G04,Gamma,2025,10,2025-10-19,4,16.44,16.44,0.0,117.9,False,80.8,False,,0.0,84.8
MSN04157,TB2-G03,Gamma,2025,10,2025-10-04,4,16.73,16.73,0.0,162.6,True,104.8,False,,0.0,89.2
MSN04158,TB2-G04,Gamma,2025,10,2025-10-08,4,14.83,14.83,0.0,85.8,False,106.5,False,,0.0,84.8
MSN04159,TB2-G03,Gamma,2025,10,2025-10-08,4,17.2,17.2,0.0,95.2,False,104.9,False,,0.0,89.2
MSN04160,TB2-G03,Gamma,2025,10,2025-10-10,4,19.09,19.09,0.0,117.3,False,84.9,True,Control Surface,22.2,89.2
MSN04161,TB2-G02,Gamma,2025,10,2025-10-26,3,17.45,17.45,0.0,86.0,False,73.2,False,,0.0,89.8
MSN04162,TB2-G01,Gamma,2025,10,2025-10-16,5,15.35,15.35,0.0,99.2,False,124.0,False,,0.0,84.1
MSN04163,TB2-G04,Gamma,2025,10,2025-10-13,4,19.02,16.44,2.58,107.4,False,97.1,True,Engine,154.8,84.8
MSN04164,TB2-G01,Gamma,2025,10,2025-10-15,5,20.0,20.0,0.0,101.2,False,113.5,False,,0.0,84.1
MSN04165,TB2-G02,Gamma,2025,10,2025-10-08,3,17.71,17.71,0.0,73.6,False,90.1,False,,0.0,89.8
MSN04166,TB2-G02,Gamma,2025,10,2025-10-22,3,16.39,16.39,0.0,96.1,False,78.8,False,,0.0,89.8
MSN04167,TB2-G03,Gamma,2025,10,2025-10-15,4,15.34,15.34,0.0,106.8,True,113.9,False,,0.0,89.2
MSN04168,TB2-G02,Gamma,2025,10,2025-10-27,3,17.55,17.55,0.0,88.5,False,94.1,False,,0.0,89.8
MSN04169,TB2-G04,Gamma,2025,10,2025-10-26,4,16.53,16.53,0.0,89.3,False,106.8,False,,0.0,84.8
MSN04170,TB2-G01,Gamma,2025,10,2025-10-08,5,16.69,16.69,0.0,102.7,False,127.0,False,,0.0,84.1
MSN04171,TB2-G04,Gamma,2025,10,2025-10-15,4,19.3,19.3,0.0,109.3,False,87.2,False,,0.0,84.8
MSN04172,TB2-G04,Gamma,2025,11,2025-11-16,4,16.52,16.52,0.0,95.8,False,97.6,False,,0.0,85.9
MSN04173,TB2-G02,Gamma,2025,11,2025-11-18,3,16.69,16.69,0.0,103.3,False,81.6,False,,0.0,89.9
MSN04174,TB2-G01,Gamma,2025,11,2025-11-02,5,19.61,19.61,0.0,157.9,True,100.2,False,,0.0,85.2
MSN04175,TB2-G04,Gamma,2025,11,2025-11-09,4,15.66,15.66,0.0,92.6,False,92.2,True,Engine,34.1,85.9
MSN04176,TB2-G03,Gamma,2025,11,2025-11-12,4,20.0,20.0,0.0,109.9,True,92.9,False,,0.0,91.4
MSN04177,TB2-G02,Gamma,2025,11,2025-11-27,3,16.28,16.28,0.0,106.5,False,100.1,False,,0.0,89.9
MSN04178,TB2-G02,Gamma,2025,11,2025-11-28,3,14.84,14.84,0.0,78.2,False,96.3,False,,0.0,89.9
MSN04179,TB2-G01,Gamma,2025,11,2025-11-23,5,13.91,13.91,0.0,101.3,False,114.7,False,,0.0,85.2
MSN04180,TB2-G01,Gamma,2025,11,2025-11-01,5,17.05,17.05,0.0,112.8,False,95.7,False,,0.0,85.2
MSN04182,TB2-G03,Gamma,2025,11,2025-11-19,4,14.36,14.36,0.0,94.7,False,111.8,False,,0.0,91.4
MSN04183,TB2-G03,Gamma,2025,11,2025-11-07,4,17.28,17.28,0.0,108.7,False,99.1,False,,0.0,91.4
MSN04184,TB2-G03,Gamma,2025,11,2025-11-06,4,13.9,13.9,0.0,123.4,False,118.1,False,,0.0,91.4
MSN04185,TB2-G03,Gamma,2025,11,2025-11-14,4,19.74,19.74,0.0,97.4,False,113.6,False,,0.0,91.4
MSN04186,TB2-G04,Gamma,2025,12,2025-12-20,4,20.0,20.0,0.0,92.8,False,86.7,False,,0.0,85.1
MSN04187,TB2-G04,Gamma,2025,12,2025-12-24,4,16.63,16.63,0.0,163.1,True,87.0,False,,0.0,85.1
MSN04189,TB2-G04,Gamma,2025,12,2025-12-27,4,16.84,16.84,0.0,123.8,False,115.5,False,,0.0,85.1
MSN04190,TB2-G02,Gamma,2025,12,2025-12-23,3,16.5,16.5,0.0,91.1,False,78.0,False,,0.0,92.5
MSN04191,TB2-G02,Gamma,2025,12,2025-12-14,3,14.77,14.77,0.0,108.0,False,102.0,False,,0.0,92.5
MSN04192,TB2-G02,Gamma,2025,12,2025-12-11,3,16.98,16.98,0.0,102.6,False,95.5,False,,0.0,92.5
MSN04193,TB2-G04,Gamma,2025,12,2025-12-13,4,13.75,13.75,0.0,115.3,False,79.0,False,,0.0,85.1
MSN04194,TB2-G02,Gamma,2025,12,2025-12-28,3,14.43,14.43,0.0,96.5,False,72.3,False,,0.0,92.5
MSN04196,TB2-G01,Gamma,2025,12,2025-12-22,5,17.56,17.56,0.0,112.3,False,111.6,False,,0.0,91.0
MSN04197,TB2-G03,Gamma,2025,12,2025-12-07,4,14.49,14.49,0.0,118.6,False,112.7,False,,0.0,87.6
MSN04198,TB2-G01,Gamma,2026,1,2026-01-07,6,17.9,17.9,0.0,124.5,False,121.4,False,,0.0,80.3
MSN04200,TB2-G01,Gamma,2026,1,2026-01-10,6,13.75,13.75,0.0,141.2,False,115.9,False,,0.0,80.3
MSN04201,TB2-G04,Gamma,2026,1,2026-01-28,5,19.2,19.2,0.0,70.0,False,107.6,False,,0.0,86.5
MSN04202,TB2-G03,Gamma,2026,1,2026-01-01,5,17.78,17.78,0.0,119.0,False,115.2,False,,0.0,91.0
MSN04203,TB2-G03,Gamma,2026,1,2026-01-20,5,15.56,15.56,0.0,107.1,False,102.2,True,Engine,29.0,91.0
MSN04206,TB2-G03,Gamma,2026,2,2026-02-08,5,20.0,20.0,0.0,119.6,False,101.7,False,,0.0,90.8
MSN04210,TB2-G01,Gamma,2026,2,2026-02-13,6,16.14,16.14,0.0,134.3,False,111.5,False,,0.0,81.8
MSN04211,TB2-G03,Gamma,2026,2,2026-02-03,5,18.54,18.54,0.0,93.8,False,141.6,False,,0.0,90.8
MSN04212,TB2-G03,Gamma,2026,2,2026-02-28,5,19.24,19.24,0.0,88.6,False,90.1,False,,0.0,90.8
MSN04213,TB2-G01,Gamma,2026,2,2026-02-10,6,19.08,19.08,0.0,191.9,True,143.6,False,,0.0,81.8
MSN04215,TB2-G01,Gamma,2026,2,2026-02-01,6,17.02,17.02,0.0,136.0,True,118.0,False,,0.0,81.8
MSN04216,TB2-G01,Gamma,2026,2,2026-02-20,6,16.31,16.31,0.0,117.7,False,128.5,False,,0.0,81.8
MSN04217,TB2-G01,Gamma,2026,3,2026-03-19,6,15.39,15.39,0.0,125.9,False,143.3,False,,0.0,81.5
MSN04218,TB2-G01,Gamma,2026,3,2026-03-05,6,19.16,19.16,0.0,116.5,False,128.5,False,,0.0,81.5
MSN04219,TB2-G01,Gamma,2026,3,2026-03-03,6,15.55,15.55,0.0,140.9,False,110.3,False,,0.0,81.5
MSN04220,TB2-G03,Gamma,2026,3,2026-03-26,5,16.45,16.45,0.0,125.3,False,95.5,False,,0.0,87.7
MSN04221,TB2-G02,Gamma,2026,3,2026-03-14,4,15.02,15.02,0.0,109.7,False,121.0,False,,0.0,94.6
MSN04222,TB2-G01,Gamma,2026,3,2026-03-22,6,14.83,14.83,0.0,147.7,False,118.5,False,,0.0,81.5
MSN04225,TB2-G03,Gamma,2026,3,2026-03-19,5,18.56,18.56,0.0,103.6,False,117.9,False,,0.0,87.7
MSN04226,TB2-G02,Gamma,2026,3,2026-03-01,4,14.09,14.09,0.0,116.2,False,87.4,False,,0.0,94.6
MSN04227,TB2-G04,Gamma,2026,3,2026-03-27,5,19.08,19.08,0.0,114.7,False,104.1,True,Sensor/Payload,17.7,80.0
MSN04228,TB2-G01,Gamma,2026,3,2026-03-22,6,20.0,20.0,0.0,127.0,False,117.8,False,,0.0,81.5
MSN04229,TB2-G04,Gamma,2026,3,2026-03-27,5,15.58,15.58,0.0,118.6,False,97.7,True,Engine,15.2,80.0
MSN04230,TB2-G02,Gamma,2026,3,2026-03-10,4,16.25,16.25,0.0,81.4,False,98.6,False,,0.0,94.6
MSN04231,TB2-G02,Gamma,2026,3,2026-03-18,4,19.74,19.74,0.0,92.0,False,104.6,False,,0.0,94.6
MSN04232,TB2-G02,Gamma,2026,3,2026-03-04,4,16.35,16.35,0.0,93.6,False,111.7,False,,0.0,94.6
MSN04233,TB2-G01,Gamma,2026,3,2026-03-14,6,20.0,20.0,0.0,100.3,False,113.5,True,Sensor/Payload,22.8,81.5
MSN04234,TB2-G03,Gamma,2026,3,2026-03-28,5,19.38,19.38,0.0,123.1,False,129.6,False,,0.0,87.7
MSN04235,TB2-G04,Gamma,2026,4,2026-04-18,5,15.24,15.24,0.0,104.1,False,100.3,False,,0.0,81.4
MSN04236,TB2-G01,Gamma,2026,4,2026-04-18,6,13.37,13.37,0.0,117.0,False,104.3,False,,0.0,88.4
MSN04237,TB2-G03,Gamma,2026,4,2026-04-22,5,13.32,13.32,0.0,99.0,False,90.1,False,,0.0,89.4
MSN04238,TB2-G03,Gamma,2026,4,2026-04-23,5,17.77,17.77,0.0,109.9,False,99.0,False,,0.0,89.4
MSN04239,TB2-G04,Gamma,2026,4,2026-04-03,5,14.96,14.96,0.0,192.9,True,95.4,False,,0.0,81.4
MSN04240,TB2-G01,Gamma,2026,4,2026-04-24,6,16.63,16.63,0.0,131.8,False,121.6,False,,0.0,88.4
MSN04241,TB2-G03,Gamma,2026,4,2026-04-26,5,20.0,20.0,0.0,103.0,False,110.4,False,,0.0,89.4
MSN04242,TB2-G02,Gamma,2026,4,2026-04-08,4,16.42,16.42,0.0,97.0,False,85.2,False,,0.0,84.1
MSN04243,TB2-G02,Gamma,2026,4,2026-04-05,4,18.45,18.45,0.0,147.3,True,101.1,False,,0.0,84.1
MSN04244,TB2-G03,Gamma,2026,4,2026-04-21,5,16.54,16.54,0.0,119.1,False,118.3,False,,0.0,89.4
MSN04245,TB2-G02,Gamma,2026,4,2026-04-14,4,18.71,18.71,0.0,112.0,True,99.6,False,,0.0,84.1
MSN04246,TB2-G02,Gamma,2026,4,2026-04-06,4,17.28,14.58,2.7,118.2,False,102.8,True,Sensor/Payload,162.0,84.1
MSN04247,TB2-G03,Gamma,2026,4,2026-04-04,5,16.72,16.72,0.0,123.1,False,121.4,False,,0.0,89.4
MSN04248,TB2-G01,Gamma,2026,4,2026-04-11,6,18.82,18.82,0.0,119.0,False,108.5,False,,0.0,88.4
MSN04249,TB2-G01,Gamma,2026,4,2026-04-12,6,18.24,18.24,0.0,128.3,False,113.5,True,Communication Link,29.6,88.4
MSN04250,TB2-G03,Gamma,2026,4,2026-04-06,5,14.64,11.17,3.47,120.6,False,103.5,True,Electrical System,208.2,89.4
MSN04251,TB2-G01,Gamma,2026,4,2026-04-27,6,18.05,18.05,0.0,166.7,True,129.3,False,,0.0,88.4
MSN04252,TB2-G01,Gamma,2026,4,2026-04-21,6,15.35,15.35,0.0,107.6,False,127.2,False,,0.0,88.4
MSN04253,TB2-G01,Gamma,2026,5,2026-05-27,6,16.7,16.7,0.0,111.9,False,98.7,False,,0.0,79.9
MSN04255,TB2-G04,Gamma,2026,5,2026-05-08,5,17.9,17.9,0.0,97.2,False,126.2,False,,0.0,86.0
MSN04256,TB2-G01,Gamma,2026,5,2026-05-06,6,18.22,18.22,0.0,129.0,False,110.9,False,,0.0,79.9
MSN04257,TB2-G03,Gamma,2026,5,2026-05-07,5,19.19,19.19,0.0,112.1,False,106.3,False,,0.0,90.5
MSN04258,TB2-G04,Gamma,2026,5,2026-05-05,5,16.13,14.98,1.15,130.8,False,109.9,True,Sensor/Payload,69.0,86.0
MSN04259,TB2-G03,Gamma,2026,5,2026-05-07,5,19.81,16.07,3.74,171.6,True,108.6,True,Engine,224.4,90.5
MSN04260,TB2-G04,Gamma,2026,5,2026-05-08,5,19.21,19.21,0.0,104.3,False,99.9,False,,0.0,86.0
MSN04261,TB2-G04,Gamma,2026,5,2026-05-28,5,14.66,14.66,0.0,105.7,False,115.4,False,,0.0,86.0
MSN04262,TB2-G04,Gamma,2026,5,2026-05-23,5,16.12,16.12,0.0,127.3,True,117.8,False,,0.0,86.0
MSN04263,TB2-G02,Gamma,2026,5,2026-05-26,4,15.46,14.6,0.86,108.7,False,107.8,True,Sensor/Payload,51.6,91.9
MSN04264,TB2-G04,Gamma,2026,5,2026-05-08,5,18.02,18.02,0.0,117.1,False,100.0,False,,0.0,86.0
MSN04265,TB2-G03,Gamma,2026,5,2026-05-05,5,20.0,20.0,0.0,136.2,False,94.7,False,,0.0,90.5
MSN04266,TB2-G01,Gamma,2026,5,2026-05-26,6,20.0,20.0,0.0,84.3,False,109.1,False,,0.0,79.9
MSN04267,TB2-G04,Gamma,2026,5,2026-05-23,5,14.71,14.71,0.0,116.6,False,113.3,True,Communication Link,5.0,86.0
MSN04268,TB2-G01,Gamma,2026,6,2026-06-26,6,18.89,18.89,0.0,110.1,False,89.9,False,,0.0,82.9
MSN04269,TB2-G01,Gamma,2026,6,2026-06-05,6,14.92,14.92,0.0,137.5,False,125.9,False,,0.0,82.9
MSN04271,TB2-G03,Gamma,2026,6,2026-06-03,5,17.53,17.53,0.0,114.6,False,103.7,True,Control Surface,37.0,85.9
MSN04272,TB2-G03,Gamma,2026,6,2026-06-08,5,19.46,19.46,0.0,88.6,False,96.1,False,,0.0,85.9
MSN04273,TB2-G03,Gamma,2026,6,2026-06-23,5,19.39,19.39,0.0,99.4,False,108.6,False,,0.0,85.9
MSN04274,TB2-G01,Gamma,2026,6,2026-06-26,6,17.97,17.97,0.0,157.8,True,132.6,False,,0.0,82.9
MSN04275,TB2-G02,Gamma,2026,6,2026-06-17,4,16.94,16.94,0.0,140.2,True,77.8,False,,0.0,90.0
MSN04276,TB2-G03,Gamma,2026,6,2026-06-14,5,15.2,15.2,0.0,123.4,False,101.7,False,,0.0,85.9
MSN04277,TB2-G02,Gamma,2026,6,2026-06-01,4,15.5,15.5,0.0,112.0,False,95.0,False,,0.0,90.0
MSN04278,TB2-G04,Gamma,2026,6,2026-06-27,5,18.36,18.36,0.0,110.0,False,93.0,False,,0.0,82.2
MSN04279,TB2-G02,Gamma,2026,6,2026-06-12,4,17.35,13.45,3.9,66.5,False,105.6,True,Communication Link,234.0,90.0
MSN04280,TB2-G03,Gamma,2026,6,2026-06-08,5,17.24,17.24,0.0,205.0,True,117.8,False,,0.0,85.9
MSN04281,TB2-G04,Gamma,2026,6,2026-06-11,5,14.98,14.98,0.0,117.1,False,114.3,False,,0.0,82.2
MSN04282,TB2-G03,Gamma,2026,6,2026-06-03,5,15.2,15.2,0.0,109.2,False,103.9,False,,0.0,85.9
MSN04283,TB2-G03,Gamma,2026,6,2026-06-06,5,14.99,14.99,0.0,167.0,True,115.7,False,,0.0,85.9
MSN04284,TB2-G03,Gamma,2026,6,2026-06-03,5,19.77,19.77,0.0,98.1,False,97.7,False,,0.0,85.9
MSN04285,TB2-G02,Gamma,2026,6,2026-06-17,4,13.57,13.57,0.0,95.9,False,103.1,False,,0.0,90.0
MSN04286,TB2-G02,Gamma,2026,6,2026-06-28,4,19.68,19.68,0.0,106.4,False,110.1,False,,0.0,90.0
MSN04287,TB2-G01,Gamma,2026,6,2026-06-16,6,19.62,19.62,0.0,121.9,False,111.6,False,,0.0,82.9
MSN04288,TB2-G02,Gamma,2026,6,2026-06-23,4,18.63,18.63,0.0,103.4,False,95.4,False,,0.0,90.0
MSN04289,TB2-G04,Gamma,2026,6,2026-06-23,5,13.78,13.78,0.0,97.2,False,104.2,False,,0.0,82.2
MSN04290,TB2-G02,Gamma,2026,6,2026-06-20,4,15.18,15.18,0.0,88.6,False,101.2,False,,0.0,90.0
MSN04291,TB2-G02,Gamma,2026,6,2026-06-09,4,19.53,19.53,0.0,95.8,False,93.4,False,,0.0,90.0
MSN04292,TB2-G04,Gamma,2026,6,2026-06-23,5,14.31,14.31,0.0,122.2,False,86.0,False,,0.0,82.2
MSN04293,TB2-S04,Sigma,2021,1,2021-01-20,0,18.79,18.79,0.0,49.9,False,55.4,False,,0.0,80.7
MSN04295,TB2-S04,Sigma,2021,1,2021-01-08,0,15.32,15.32,0.0,119.6,True,56.1,False,,0.0,80.7
MSN04296,TB2-S04,Sigma,2021,1,2021-01-23,0,19.39,19.39,0.0,59.8,False,66.2,False,,0.0,80.7
MSN04297,TB2-S04,Sigma,2021,1,2021-01-25,0,16.64,16.64,0.0,38.2,False,75.2,False,,0.0,80.7
MSN04298,TB2-S04,Sigma,2021,1,2021-01-13,0,13.62,13.62,0.0,116.0,True,42.9,False,,0.0,80.7
MSN04301,TB2-S04,Sigma,2021,1,2021-01-10,0,17.46,17.46,0.0,92.4,True,67.0,False,,0.0,80.7
MSN04302,TB2-S04,Sigma,2021,1,2021-01-25,0,18.74,18.74,0.0,60.4,False,33.2,False,,0.0,80.7
MSN04303,TB2-S04,Sigma,2021,1,2021-01-01,0,16.77,16.77,0.0,60.4,False,55.7,False,,0.0,80.7
MSN04304,TB2-S04,Sigma,2021,2,2021-02-24,0,17.91,17.91,0.0,53.7,False,44.2,False,,0.0,80.6
MSN04305,TB2-S04,Sigma,2021,2,2021-02-22,0,16.69,16.69,0.0,30.0,False,37.6,False,,0.0,80.6
MSN04306,TB2-S04,Sigma,2021,2,2021-02-12,0,15.3,15.3,0.0,74.6,False,52.0,False,,0.0,80.6
MSN04307,TB2-S04,Sigma,2021,2,2021-02-11,0,16.12,16.12,0.0,58.7,False,62.9,False,,0.0,80.6
MSN04308,TB2-S04,Sigma,2021,2,2021-02-14,0,17.17,17.17,0.0,58.0,True,64.8,False,,0.0,80.6
MSN04309,TB2-S04,Sigma,2021,2,2021-02-20,0,20.0,20.0,0.0,48.6,False,59.4,False,,0.0,80.6
MSN04310,TB2-S04,Sigma,2021,2,2021-02-02,0,20.0,20.0,0.0,48.0,False,63.0,False,,0.0,80.6
MSN04311,TB2-S04,Sigma,2021,2,2021-02-25,0,20.0,20.0,0.0,61.6,False,70.2,False,,0.0,80.6
MSN04312,TB2-S04,Sigma,2021,2,2021-02-10,0,16.17,16.17,0.0,103.9,True,73.9,False,,0.0,80.6
MSN04313,TB2-S04,Sigma,2021,2,2021-02-13,0,17.46,17.46,0.0,47.3,False,45.7,False,,0.0,80.6
MSN04314,TB2-S04,Sigma,2021,2,2021-02-01,0,17.39,17.39,0.0,62.1,False,33.7,False,,0.0,80.6
MSN04315,TB2-S04,Sigma,2021,3,2021-03-27,0,15.73,15.73,0.0,54.2,False,78.0,True,Communication Link,26.5,75.7
MSN04317,TB2-S04,Sigma,2021,3,2021-03-10,0,18.05,18.05,0.0,61.3,False,69.9,False,,0.0,75.7
MSN04318,TB2-S04,Sigma,2021,3,2021-03-24,0,16.48,16.48,0.0,66.6,False,58.4,False,,0.0,75.7
MSN04320,TB2-S04,Sigma,2021,3,2021-03-26,0,16.74,16.74,0.0,59.0,False,54.9,False,,0.0,75.7
MSN04321,TB2-S04,Sigma,2021,3,2021-03-08,0,17.3,17.3,0.0,45.1,False,89.5,True,Electrical System,24.1,75.7
MSN04322,TB2-S04,Sigma,2021,3,2021-03-06,0,17.03,17.03,0.0,52.2,False,77.8,False,,0.0,75.7
MSN04323,TB2-S04,Sigma,2021,3,2021-03-15,0,20.0,20.0,0.0,154.7,True,83.7,False,,0.0,75.7
MSN04324,TB2-S04,Sigma,2021,3,2021-03-14,0,12.68,12.68,0.0,59.5,False,62.4,False,,0.0,75.7
MSN04325,TB2-S04,Sigma,2021,3,2021-03-20,0,15.03,15.03,0.0,111.7,True,50.6,False,,0.0,75.7
MSN04326,TB2-S04,Sigma,2021,3,2021-03-24,0,17.24,17.24,0.0,49.1,False,53.4,False,,0.0,75.7
MSN04327,TB2-S04,Sigma,2021,3,2021-03-23,0,15.41,15.41,0.0,74.6,False,40.1,False,,0.0,75.7
MSN04329,TB2-S04,Sigma,2021,3,2021-03-17,0,15.16,15.16,0.0,78.5,True,54.9,False,,0.0,75.7
MSN04330,TB2-S04,Sigma,2021,3,2021-03-06,0,14.87,14.87,0.0,78.9,True,58.3,False,,0.0,75.7
MSN04331,TB2-S04,Sigma,2021,3,2021-03-06,0,17.76,14.17,3.59,52.7,False,46.6,True,Navigation/GPS,215.4,75.7
MSN04333,TB2-S04,Sigma,2021,4,2021-04-26,0,17.58,17.58,0.0,62.4,False,64.8,False,,0.0,74.2
MSN04334,TB2-S04,Sigma,2021,4,2021-04-18,0,15.64,15.64,0.0,61.8,False,56.8,False,,0.0,74.2
MSN04336,TB2-S04,Sigma,2021,4,2021-04-16,0,17.24,16.67,0.57,58.9,False,65.4,True,Control Surface,34.2,74.2
MSN04337,TB2-S04,Sigma,2021,4,2021-04-27,0,19.35,19.35,0.0,71.8,False,56.4,False,,0.0,74.2
MSN04338,TB2-S04,Sigma,2021,4,2021-04-13,0,15.15,15.15,0.0,66.7,False,58.6,False,,0.0,74.2
MSN04339,TB2-S04,Sigma,2021,4,2021-04-18,0,16.67,16.67,0.0,39.0,False,58.2,False,,0.0,74.2
MSN04340,TB2-S04,Sigma,2021,4,2021-04-12,0,14.66,14.66,0.0,54.2,False,69.7,False,,0.0,74.2
MSN04341,TB2-S04,Sigma,2021,4,2021-04-19,0,16.09,16.09,0.0,62.5,False,69.2,False,,0.0,74.2
MSN04342,TB2-S04,Sigma,2021,4,2021-04-13,0,19.9,19.9,0.0,77.5,False,51.2,False,,0.0,74.2
MSN04343,TB2-S04,Sigma,2021,4,2021-04-16,0,14.92,14.92,0.0,91.2,True,63.6,False,,0.0,74.2
MSN04344,TB2-S04,Sigma,2021,4,2021-04-23,0,13.88,13.88,0.0,119.9,True,54.1,False,,0.0,74.2
MSN04345,TB2-S04,Sigma,2021,4,2021-04-21,0,16.13,16.13,0.0,127.8,True,62.0,False,,0.0,74.2
MSN04346,TB2-S04,Sigma,2021,4,2021-04-17,0,15.62,15.62,0.0,70.9,False,60.6,False,,0.0,74.2
MSN04347,TB2-S04,Sigma,2021,4,2021-04-09,0,19.86,19.86,0.0,59.6,False,48.3,False,,0.0,74.2
MSN04348,TB2-S04,Sigma,2021,4,2021-04-13,0,19.16,19.16,0.0,91.0,False,57.4,False,,0.0,74.2
MSN04349,TB2-S04,Sigma,2021,4,2021-04-02,0,20.0,20.0,0.0,44.3,False,77.0,False,,0.0,74.2
MSN04350,TB2-S04,Sigma,2021,4,2021-04-17,0,16.18,16.18,0.0,140.5,True,60.5,False,,0.0,74.2
MSN04351,TB2-S04,Sigma,2021,4,2021-04-05,0,17.04,17.04,0.0,42.8,False,69.7,False,,0.0,74.2
MSN04352,TB2-S04,Sigma,2021,4,2021-04-07,0,18.27,18.27,0.0,63.0,False,66.7,False,,0.0,74.2
MSN04353,TB2-S04,Sigma,2021,5,2021-05-21,0,14.63,14.63,0.0,66.7,False,47.0,False,,0.0,72.7
MSN04354,TB2-S04,Sigma,2021,5,2021-05-11,0,17.26,17.26,0.0,56.0,False,63.7,True,Navigation/GPS,25.1,72.7
MSN04355,TB2-S04,Sigma,2021,5,2021-05-24,0,16.8,14.15,2.65,42.2,False,58.2,True,Navigation/GPS,159.0,72.7
MSN04356,TB2-S04,Sigma,2021,5,2021-05-18,0,18.2,17.65,0.55,51.2,False,58.2,True,Navigation/GPS,33.0,72.7
MSN04357,TB2-S04,Sigma,2021,5,2021-05-26,0,15.73,15.73,0.0,87.2,True,56.4,False,,0.0,72.7
MSN04358,TB2-S04,Sigma,2021,5,2021-05-13,0,18.37,18.37,0.0,53.4,False,63.3,False,,0.0,72.7
MSN04359,TB2-S04,Sigma,2021,5,2021-05-21,0,20.0,20.0,0.0,49.6,False,52.2,True,Communication Link,43.2,72.7
MSN04360,TB2-S04,Sigma,2021,5,2021-05-21,0,18.89,18.89,0.0,53.7,False,61.3,False,,0.0,72.7
MSN04361,TB2-S04,Sigma,2021,5,2021-05-22,0,14.15,14.15,0.0,76.5,True,63.6,True,Control Surface,34.3,72.7
MSN04362,TB2-S04,Sigma,2021,5,2021-05-08,0,17.06,17.06,0.0,61.0,False,52.9,False,,0.0,72.7
MSN04363,TB2-S04,Sigma,2021,5,2021-05-05,0,15.29,15.29,0.0,77.3,False,65.1,False,,0.0,72.7
MSN04364,TB2-S04,Sigma,2021,5,2021-05-19,0,18.58,18.58,0.0,117.1,True,84.5,False,,0.0,72.7
MSN04365,TB2-S04,Sigma,2021,5,2021-05-26,0,16.28,16.28,0.0,90.3,True,62.3,False,,0.0,72.7
MSN04366,TB2-S04,Sigma,2021,5,2021-05-17,0,15.19,15.19,0.0,49.5,False,59.8,False,,0.0,72.7
MSN04367,TB2-S04,Sigma,2021,5,2021-05-28,0,15.36,15.36,0.0,30.0,False,30.0,False,,0.0,72.7
MSN04368,TB2-S04,Sigma,2021,5,2021-05-24,0,18.42,18.42,0.0,61.5,False,77.4,False,,0.0,72.7
MSN04369,TB2-S04,Sigma,2021,5,2021-05-11,0,17.07,17.07,0.0,71.6,False,57.5,False,,0.0,72.7
MSN04370,TB2-S04,Sigma,2021,5,2021-05-07,0,15.55,15.55,0.0,105.3,True,89.8,False,,0.0,72.7
MSN04371,TB2-S04,Sigma,2021,5,2021-05-19,0,15.34,15.34,0.0,40.3,False,63.0,False,,0.0,72.7
MSN04372,TB2-S04,Sigma,2021,5,2021-05-23,0,19.18,19.18,0.0,54.3,False,57.3,False,,0.0,72.7
MSN04373,TB2-S04,Sigma,2021,5,2021-05-22,0,19.69,19.69,0.0,65.3,False,50.0,False,,0.0,72.7
MSN04374,TB2-S04,Sigma,2021,5,2021-05-04,0,19.24,19.24,0.0,78.2,True,60.4,False,,0.0,72.7
MSN04375,TB2-S04,Sigma,2021,5,2021-05-07,0,13.48,13.48,0.0,45.2,False,54.5,False,,0.0,72.7
MSN04376,TB2-S04,Sigma,2021,5,2021-05-18,0,15.45,15.45,0.0,74.8,False,60.0,False,,0.0,72.7
MSN04377,TB2-S04,Sigma,2021,5,2021-05-16,0,12.69,12.69,0.0,105.1,True,64.7,False,,0.0,72.7
MSN04378,TB2-S04,Sigma,2021,5,2021-05-11,0,19.07,19.07,0.0,128.5,True,58.7,False,,0.0,72.7
MSN04379,TB2-S04,Sigma,2021,5,2021-05-20,0,16.71,16.71,0.0,51.0,False,65.9,False,,0.0,72.7
MSN04380,TB2-S04,Sigma,2021,5,2021-05-14,0,15.74,15.74,0.0,76.5,False,48.6,False,,0.0,72.7
MSN04381,TB2-S04,Sigma,2021,5,2021-05-13,0,15.14,15.14,0.0,56.1,False,55.4,False,,0.0,72.7
MSN04382,TB2-S04,Sigma,2021,5,2021-05-12,0,16.92,9.27,7.65,51.3,False,59.8,True,Navigation/GPS,459.0,72.7
MSN04383,TB2-S04,Sigma,2021,5,2021-05-28,0,13.09,13.09,0.0,88.5,True,60.8,True,Navigation/GPS,17.8,72.7
MSN04384,TB2-S04,Sigma,2021,6,2021-06-26,0,18.71,18.71,0.0,55.2,False,65.6,True,Control Surface,33.7,80.5
MSN04385,TB2-S04,Sigma,2021,6,2021-06-19,0,14.2,14.2,0.0,48.2,False,37.3,True,Sensor/Payload,16.0,80.5
MSN04386,TB2-S04,Sigma,2021,6,2021-06-27,0,16.04,16.04,0.0,62.1,False,43.4,False,,0.0,80.5
MSN04387,TB2-S04,Sigma,2021,6,2021-06-06,0,15.65,15.65,0.0,58.5,False,65.4,False,,0.0,80.5
MSN04388,TB2-S04,Sigma,2021,6,2021-06-03,0,20.0,20.0,0.0,36.8,False,55.6,False,,0.0,80.5
MSN04389,TB2-S04,Sigma,2021,6,2021-06-24,0,16.92,16.92,0.0,41.0,False,86.9,False,,0.0,80.5
MSN04390,TB2-S04,Sigma,2021,6,2021-06-04,0,16.36,16.36,0.0,62.6,False,59.5,False,,0.0,80.5
MSN04391,TB2-S04,Sigma,2021,6,2021-06-02,0,16.72,16.72,0.0,66.4,False,41.6,False,,0.0,80.5
MSN04392,TB2-S04,Sigma,2021,6,2021-06-26,0,17.75,17.75,0.0,58.0,False,42.8,False,,0.0,80.5
MSN04393,TB2-S04,Sigma,2021,6,2021-06-22,0,15.58,15.58,0.0,59.1,False,65.2,False,,0.0,80.5
MSN04394,TB2-S04,Sigma,2021,6,2021-06-07,0,15.79,15.79,0.0,79.1,False,75.1,False,,0.0,80.5
MSN04395,TB2-S04,Sigma,2021,6,2021-06-07,0,13.47,13.47,0.0,76.9,False,65.1,False,,0.0,80.5
MSN04396,TB2-S04,Sigma,2021,6,2021-06-26,0,18.07,18.07,0.0,51.7,False,65.6,False,,0.0,80.5
MSN04397,TB2-S04,Sigma,2021,6,2021-06-20,0,12.68,12.68,0.0,63.3,False,74.0,False,,0.0,80.5
MSN04398,TB2-S04,Sigma,2021,6,2021-06-15,0,17.75,17.75,0.0,112.6,True,49.7,False,,0.0,80.5
MSN04399,TB2-S04,Sigma,2021,6,2021-06-28,0,20.0,19.45,0.55,52.9,False,67.3,True,Engine,33.0,80.5
MSN04400,TB2-S04,Sigma,2021,6,2021-06-14,0,17.32,17.32,0.0,69.2,False,63.7,False,,0.0,80.5
MSN04401,TB2-S04,Sigma,2021,6,2021-06-22,0,15.85,15.85,0.0,50.1,False,52.3,False,,0.0,80.5
MSN04402,TB2-S04,Sigma,2021,7,2021-07-05,0,16.9,16.9,0.0,62.8,False,80.2,False,,0.0,70.5
MSN04403,TB2-S04,Sigma,2021,7,2021-07-13,0,19.05,19.05,0.0,69.6,False,53.4,False,,0.0,70.5
MSN04404,TB2-S04,Sigma,2021,7,2021-07-03,0,17.24,17.24,0.0,78.9,False,35.2,False,,0.0,70.5
MSN04405,TB2-S04,Sigma,2021,7,2021-07-11,0,17.6,17.6,0.0,68.7,False,60.2,False,,0.0,70.5
MSN04406,TB2-S04,Sigma,2021,7,2021-07-22,0,19.53,19.53,0.0,30.4,False,68.5,False,,0.0,70.5
MSN04407,TB2-S04,Sigma,2021,7,2021-07-16,0,16.88,16.88,0.0,57.7,False,75.5,False,,0.0,70.5
MSN04408,TB2-S04,Sigma,2021,7,2021-07-07,0,13.74,13.74,0.0,90.5,True,54.8,False,,0.0,70.5
MSN04409,TB2-S04,Sigma,2021,7,2021-07-17,0,18.57,18.57,0.0,47.8,False,76.5,False,,0.0,70.5
MSN04410,TB2-S04,Sigma,2021,7,2021-07-21,0,18.21,18.21,0.0,54.5,False,45.1,True,Control Surface,36.5,70.5
MSN04411,TB2-S04,Sigma,2021,7,2021-07-11,0,16.71,16.71,0.0,90.5,True,67.2,False,,0.0,70.5
MSN04412,TB2-S04,Sigma,2021,7,2021-07-18,0,20.0,20.0,0.0,79.0,True,47.8,False,,0.0,70.5
MSN04413,TB2-S04,Sigma,2021,7,2021-07-02,0,17.97,17.97,0.0,90.9,True,67.0,False,,0.0,70.5
MSN04414,TB2-S04,Sigma,2021,7,2021-07-07,0,18.12,18.12,0.0,60.2,False,54.1,False,,0.0,70.5
MSN04415,TB2-S04,Sigma,2021,7,2021-07-22,0,17.94,17.94,0.0,47.9,False,47.9,True,Communication Link,12.4,70.5
MSN04416,TB2-S04,Sigma,2021,7,2021-07-19,0,14.84,14.84,0.0,125.3,True,42.6,False,,0.0,70.5
MSN04417,TB2-S04,Sigma,2021,7,2021-07-18,0,20.0,20.0,0.0,59.8,False,48.7,True,Electrical System,18.1,70.5
MSN04418,TB2-S04,Sigma,2021,7,2021-07-22,0,19.85,19.85,0.0,92.1,True,42.0,True,Communication Link,19.2,70.5
MSN04419,TB2-S04,Sigma,2021,7,2021-07-18,0,15.26,15.26,0.0,90.6,True,50.4,False,,0.0,70.5
MSN04420,TB2-S04,Sigma,2021,8,2021-08-21,0,18.39,18.39,0.0,60.8,False,43.7,False,,0.0,74.8
MSN04421,TB2-S04,Sigma,2021,8,2021-08-09,0,15.09,14.04,1.05,52.2,False,44.4,True,Navigation/GPS,63.0,74.8
MSN04422,TB2-S04,Sigma,2021,8,2021-08-13,0,18.82,18.82,0.0,96.2,True,76.2,False,,0.0,74.8
MSN04423,TB2-S04,Sigma,2021,8,2021-08-01,0,14.67,14.67,0.0,53.4,False,60.2,False,,0.0,74.8
MSN04424,TB2-S04,Sigma,2021,8,2021-08-05,0,15.0,15.0,0.0,63.6,False,78.5,True,Navigation/GPS,22.1,74.8
MSN04425,TB2-S04,Sigma,2021,8,2021-08-08,0,19.37,19.37,0.0,62.5,False,60.3,False,,0.0,74.8
MSN04426,TB2-S04,Sigma,2021,8,2021-08-02,0,18.92,18.92,0.0,63.6,False,51.4,False,,0.0,74.8
MSN04427,TB2-S04,Sigma,2021,8,2021-08-21,0,15.64,15.64,0.0,60.0,False,71.9,False,,0.0,74.8
MSN04428,TB2-S04,Sigma,2021,8,2021-08-27,0,18.26,18.26,0.0,70.0,False,51.2,False,,0.0,74.8
MSN04429,TB2-S04,Sigma,2021,8,2021-08-04,0,14.66,14.66,0.0,55.3,False,57.9,False,,0.0,74.8
MSN04430,TB2-S04,Sigma,2021,8,2021-08-03,0,16.41,16.41,0.0,128.3,True,82.5,True,Sensor/Payload,27.7,74.8
MSN04431,TB2-S04,Sigma,2021,8,2021-08-08,0,15.05,15.05,0.0,66.2,False,80.1,False,,0.0,74.8
MSN04432,TB2-S04,Sigma,2021,8,2021-08-16,0,20.0,20.0,0.0,53.9,False,64.4,False,,0.0,74.8
MSN04434,TB2-S04,Sigma,2021,8,2021-08-01,0,13.5,13.5,0.0,58.3,False,72.9,True,Control Surface,35.4,74.8
MSN04435,TB2-S04,Sigma,2021,9,2021-09-21,0,20.0,20.0,0.0,111.8,True,59.3,False,,0.0,76.0
MSN04436,TB2-S04,Sigma,2021,9,2021-09-24,0,17.65,17.65,0.0,57.3,False,60.6,False,,0.0,76.0
MSN04437,TB2-S04,Sigma,2021,9,2021-09-08,0,20.0,20.0,0.0,50.0,False,52.6,False,,0.0,76.0
MSN04438,TB2-S04,Sigma,2021,9,2021-09-03,0,14.73,14.73,0.0,54.3,False,68.9,False,,0.0,76.0
MSN04439,TB2-S04,Sigma,2021,9,2021-09-23,0,17.07,17.07,0.0,102.6,True,54.9,True,Sensor/Payload,18.6,76.0
MSN04440,TB2-S04,Sigma,2021,9,2021-09-05,0,17.26,17.26,0.0,44.2,False,59.5,False,,0.0,76.0
MSN04441,TB2-S04,Sigma,2021,9,2021-09-28,0,14.2,10.88,3.32,102.6,True,40.2,True,Electrical System,199.2,76.0
MSN04442,TB2-S04,Sigma,2021,9,2021-09-21,0,15.6,15.6,0.0,65.2,True,71.4,False,,0.0,76.0
MSN04443,TB2-S04,Sigma,2021,9,2021-09-27,0,16.66,16.66,0.0,125.2,True,51.8,False,,0.0,76.0
MSN04444,TB2-S04,Sigma,2021,9,2021-09-27,0,13.59,13.59,0.0,56.5,False,64.2,False,,0.0,76.0
MSN04445,TB2-S04,Sigma,2021,9,2021-09-19,0,18.3,18.3,0.0,61.9,False,55.8,False,,0.0,76.0
MSN04446,TB2-S04,Sigma,2021,9,2021-09-21,0,20.0,20.0,0.0,117.4,True,62.0,False,,0.0,76.0
MSN04447,TB2-S04,Sigma,2021,9,2021-09-09,0,15.56,15.56,0.0,59.0,False,77.4,False,,0.0,76.0
MSN04448,TB2-S04,Sigma,2021,9,2021-09-25,0,17.91,17.91,0.0,49.8,False,80.5,False,,0.0,76.0
MSN04449,TB2-S04,Sigma,2021,9,2021-09-23,0,17.09,17.09,0.0,63.0,False,60.3,False,,0.0,76.0
MSN04450,TB2-S04,Sigma,2021,9,2021-09-17,0,15.83,15.83,0.0,65.1,False,62.3,False,,0.0,76.0
MSN04451,TB2-S04,Sigma,2021,9,2021-09-02,0,16.57,16.57,0.0,78.0,False,54.6,False,,0.0,76.0
MSN04452,TB2-S04,Sigma,2021,10,2021-10-18,0,15.95,15.95,0.0,87.6,True,91.8,False,,0.0,77.8
MSN04453,TB2-S04,Sigma,2021,10,2021-10-07,0,19.2,19.2,0.0,57.5,False,58.3,False,,0.0,77.8
MSN04454,TB2-S04,Sigma,2021,10,2021-10-27,0,16.23,16.23,0.0,69.5,False,44.0,False,,0.0,77.8
MSN04455,TB2-S04,Sigma,2021,10,2021-10-21,0,16.49,16.49,0.0,54.4,False,76.4,False,,0.0,77.8
MSN04456,TB2-S04,Sigma,2021,10,2021-10-20,0,18.37,18.37,0.0,50.9,False,63.8,False,,0.0,77.8
MSN04457,TB2-S04,Sigma,2021,10,2021-10-03,0,16.84,16.84,0.0,106.2,True,85.2,False,,0.0,77.8
MSN04458,TB2-S04,Sigma,2021,11,2021-11-10,0,20.0,20.0,0.0,75.8,False,41.2,False,,0.0,74.2
MSN04459,TB2-S04,Sigma,2021,11,2021-11-09,0,17.43,17.08,0.35,125.8,True,68.6,True,Engine,21.0,74.2
MSN04460,TB2-S04,Sigma,2021,11,2021-11-24,0,18.54,18.54,0.0,68.9,False,38.1,False,,0.0,74.2
MSN04461,TB2-S04,Sigma,2021,11,2021-11-09,0,13.76,13.76,0.0,68.4,False,49.0,False,,0.0,74.2
MSN04462,TB2-S04,Sigma,2021,11,2021-11-27,0,16.51,16.51,0.0,64.2,False,61.0,False,,0.0,74.2
MSN04463,TB2-S04,Sigma,2021,11,2021-11-10,0,15.28,14.53,0.75,99.5,True,66.1,True,Control Surface,45.0,74.2
MSN04465,TB2-S04,Sigma,2021,11,2021-11-26,0,17.58,17.58,0.0,57.5,False,63.0,True,Navigation/GPS,21.1,74.2
MSN04466,TB2-S04,Sigma,2021,11,2021-11-08,0,15.9,15.9,0.0,106.8,True,58.7,False,,0.0,74.2
MSN04467,TB2-S04,Sigma,2021,11,2021-11-28,0,17.69,17.69,0.0,66.6,False,92.4,False,,0.0,74.2
MSN04469,TB2-S04,Sigma,2021,11,2021-11-21,0,19.91,19.91,0.0,81.4,True,49.8,False,,0.0,74.2
MSN04471,TB2-S04,Sigma,2021,12,2021-12-09,0,14.6,14.6,0.0,60.8,False,71.0,True,Sensor/Payload,24.4,75.4
MSN04472,TB2-S04,Sigma,2021,12,2021-12-13,0,15.78,15.58,0.2,73.2,False,59.1,True,Control Surface,12.0,75.4
MSN04473,TB2-S04,Sigma,2021,12,2021-12-25,0,20.0,20.0,0.0,86.2,False,66.5,True,Navigation/GPS,25.0,75.4
MSN04474,TB2-S04,Sigma,2021,12,2021-12-18,0,16.94,16.94,0.0,79.2,True,36.4,True,Navigation/GPS,26.0,75.4
MSN04476,TB2-S04,Sigma,2021,12,2021-12-02,0,16.99,16.99,0.0,50.4,False,48.8,False,,0.0,75.4
MSN04477,TB2-S04,Sigma,2021,12,2021-12-18,0,16.05,16.05,0.0,64.5,False,62.9,False,,0.0,75.4
MSN04478,TB2-S04,Sigma,2021,12,2021-12-10,0,15.5,15.5,0.0,83.3,False,50.7,False,,0.0,75.4
MSN04480,TB2-S04,Sigma,2021,12,2021-12-17,0,17.99,17.99,0.0,71.5,False,74.2,True,Communication Link,29.6,75.4
MSN04481,TB2-S04,Sigma,2021,12,2021-12-05,0,16.69,16.69,0.0,74.5,False,79.8,False,,0.0,75.4
MSN04484,TB2-S04,Sigma,2022,1,2022-01-28,1,14.65,14.65,0.0,87.2,True,100.9,False,,0.0,76.0
MSN04485,TB2-S04,Sigma,2022,1,2022-01-12,1,17.13,17.13,0.0,71.4,False,56.4,False,,0.0,76.0
MSN04486,TB2-S04,Sigma,2022,1,2022-01-22,1,14.76,14.76,0.0,76.8,False,61.5,False,,0.0,76.0
MSN04487,TB2-S04,Sigma,2022,1,2022-01-12,1,13.92,13.92,0.0,67.7,False,102.1,False,,0.0,76.0
MSN04488,TB2-S04,Sigma,2022,1,2022-01-01,1,20.0,20.0,0.0,144.4,True,83.6,False,,0.0,76.0
MSN04489,TB2-S04,Sigma,2022,2,2022-02-25,1,16.63,16.63,0.0,82.6,True,91.4,False,,0.0,71.0
MSN04490,TB2-S04,Sigma,2022,2,2022-02-15,1,16.03,16.03,0.0,88.1,True,72.8,False,,0.0,71.0
MSN04491,TB2-S04,Sigma,2022,2,2022-02-17,1,16.55,16.55,0.0,72.0,False,77.2,False,,0.0,71.0
MSN04493,TB2-S04,Sigma,2022,2,2022-02-04,1,16.97,16.97,0.0,76.7,False,73.7,False,,0.0,71.0
MSN04494,TB2-S04,Sigma,2022,2,2022-02-16,1,19.37,19.37,0.0,72.5,False,79.3,False,,0.0,71.0
MSN04495,TB2-S04,Sigma,2022,2,2022-02-25,1,18.69,18.69,0.0,96.1,True,61.8,False,,0.0,71.0
MSN04496,TB2-S04,Sigma,2022,3,2022-03-09,1,13.83,13.83,0.0,62.9,False,78.1,False,,0.0,70.7
MSN04498,TB2-S01,Sigma,2022,3,2022-03-26,0,19.57,19.57,0.0,66.0,False,69.0,False,,0.0,84.5
MSN04499,TB2-S01,Sigma,2022,3,2022-03-10,0,18.05,18.05,0.0,74.5,False,72.6,False,,0.0,84.5
MSN04500,TB2-S01,Sigma,2022,3,2022-03-22,0,16.94,15.18,1.76,41.4,False,42.6,True,Navigation/GPS,105.6,84.5
MSN04501,TB2-S04,Sigma,2022,3,2022-03-12,1,18.97,18.97,0.0,77.4,False,51.4,False,,0.0,70.7
MSN04502,TB2-S01,Sigma,2022,3,2022-03-28,0,17.11,17.11,0.0,68.7,False,79.2,False,,0.0,84.5
MSN04503,TB2-S01,Sigma,2022,3,2022-03-10,0,18.34,18.34,0.0,43.2,False,72.1,False,,0.0,84.5
MSN04504,TB2-S04,Sigma,2022,3,2022-03-07,1,17.88,17.88,0.0,79.1,False,84.2,False,,0.0,70.7
MSN04505,TB2-S01,Sigma,2022,3,2022-03-06,0,16.17,16.17,0.0,54.8,False,48.2,False,,0.0,84.5
MSN04506,TB2-S04,Sigma,2022,3,2022-03-22,1,15.23,15.23,0.0,92.7,False,72.1,False,,0.0,70.7
MSN04507,TB2-S01,Sigma,2022,3,2022-03-13,0,15.64,15.64,0.0,47.8,False,50.7,False,,0.0,84.5
MSN04508,TB2-S01,Sigma,2022,4,2022-04-14,0,17.41,17.41,0.0,36.0,False,69.5,False,,0.0,82.5
MSN04509,TB2-S01,Sigma,2022,4,2022-04-16,0,18.99,18.99,0.0,48.9,False,46.6,False,,0.0,82.5
MSN04510,TB2-S01,Sigma,2022,4,2022-04-24,0,16.08,16.08,0.0,76.5,False,82.4,False,,0.0,82.5
MSN04511,TB2-S04,Sigma,2022,4,2022-04-20,1,19.28,19.28,0.0,50.4,False,55.4,False,,0.0,74.4
MSN04512,TB2-S04,Sigma,2022,4,2022-04-16,1,14.71,14.71,0.0,75.0,False,61.4,False,,0.0,74.4
MSN04513,TB2-S01,Sigma,2022,4,2022-04-08,0,15.91,15.91,0.0,75.4,False,75.5,False,,0.0,82.5
MSN04514,TB2-S04,Sigma,2022,4,2022-04-11,1,16.95,16.95,0.0,67.2,False,52.6,False,,0.0,74.4
MSN04515,TB2-S01,Sigma,2022,4,2022-04-27,0,15.61,12.64,2.97,60.5,False,50.1,True,Sensor/Payload,178.2,82.5
MSN04516,TB2-S01,Sigma,2022,4,2022-04-04,0,13.8,13.8,0.0,55.0,False,74.0,False,,0.0,82.5
MSN04518,TB2-S04,Sigma,2022,4,2022-04-24,1,15.62,15.62,0.0,137.6,True,92.1,False,,0.0,74.4
MSN04519,TB2-S04,Sigma,2022,4,2022-04-18,1,17.05,17.05,0.0,76.1,False,62.3,False,,0.0,74.4
MSN04520,TB2-S01,Sigma,2022,4,2022-04-28,0,17.17,17.17,0.0,49.7,False,58.4,False,,0.0,82.5
MSN04521,TB2-S01,Sigma,2022,4,2022-04-19,0,13.99,13.99,0.0,48.8,False,61.8,False,,0.0,82.5
MSN04522,TB2-S01,Sigma,2022,4,2022-04-25,0,17.87,14.77,3.1,54.4,False,64.7,True,Sensor/Payload,186.0,82.5
MSN04523,TB2-S04,Sigma,2022,4,2022-04-25,1,19.12,19.12,0.0,122.7,True,74.7,False,,0.0,74.4
MSN04524,TB2-S01,Sigma,2022,5,2022-05-11,0,18.0,18.0,0.0,67.7,False,61.6,False,,0.0,79.8
MSN04525,TB2-S04,Sigma,2022,5,2022-05-03,1,20.0,20.0,0.0,75.0,False,70.3,False,,0.0,80.6
MSN04526,TB2-S01,Sigma,2022,5,2022-05-07,0,10.86,10.86,0.0,67.5,False,46.3,False,,0.0,79.8
MSN04527,TB2-S04,Sigma,2022,5,2022-05-02,1,15.45,15.45,0.0,115.9,True,60.9,False,,0.0,80.6
MSN04528,TB2-S04,Sigma,2022,5,2022-05-02,1,16.67,16.67,0.0,75.8,False,67.0,False,,0.0,80.6
MSN04529,TB2-S01,Sigma,2022,5,2022-05-21,0,18.94,18.94,0.0,39.0,False,81.1,False,,0.0,79.8
MSN04530,TB2-S04,Sigma,2022,5,2022-05-09,1,17.19,17.19,0.0,79.4,False,74.4,False,,0.0,80.6
MSN04531,TB2-S04,Sigma,2022,5,2022-05-11,1,15.88,15.88,0.0,84.5,False,70.9,False,,0.0,80.6
MSN04532,TB2-S04,Sigma,2022,5,2022-05-28,1,15.37,15.37,0.0,67.8,False,85.9,False,,0.0,80.6
MSN04533,TB2-S01,Sigma,2022,5,2022-05-19,0,13.61,13.61,0.0,139.2,True,64.3,False,,0.0,79.8
MSN04534,TB2-S04,Sigma,2022,5,2022-05-08,1,14.85,14.85,0.0,66.8,False,68.7,False,,0.0,80.6
MSN04535,TB2-S04,Sigma,2022,5,2022-05-12,1,17.18,17.18,0.0,61.0,False,74.7,False,,0.0,80.6
MSN04536,TB2-S04,Sigma,2022,5,2022-05-20,1,20.0,20.0,0.0,63.0,False,56.0,False,,0.0,80.6
MSN04537,TB2-S01,Sigma,2022,5,2022-05-03,0,14.78,14.78,0.0,62.4,False,73.9,False,,0.0,79.8
MSN04538,TB2-S01,Sigma,2022,5,2022-05-08,0,18.64,18.64,0.0,44.4,False,44.5,False,,0.0,79.8
MSN04539,TB2-S04,Sigma,2022,5,2022-05-25,1,15.46,15.46,0.0,64.7,False,81.3,True,Control Surface,33.8,80.6
MSN04540,TB2-S01,Sigma,2022,5,2022-05-21,0,17.1,17.1,0.0,49.3,False,56.2,True,Navigation/GPS,20.0,79.8
MSN04541,TB2-S01,Sigma,2022,5,2022-05-10,0,14.9,14.9,0.0,57.6,False,48.7,False,,0.0,79.8
MSN04542,TB2-S04,Sigma,2022,5,2022-05-10,1,17.12,17.12,0.0,79.3,False,63.7,False,,0.0,80.6
MSN04543,TB2-S04,Sigma,2022,5,2022-05-27,1,14.76,14.76,0.0,59.2,False,91.1,False,,0.0,80.6
MSN04544,TB2-S01,Sigma,2022,5,2022-05-14,0,17.98,17.98,0.0,69.1,False,74.8,False,,0.0,79.8
MSN04545,TB2-S04,Sigma,2022,5,2022-05-07,1,17.11,17.11,0.0,65.0,False,84.7,False,,0.0,80.6
MSN04546,TB2-S01,Sigma,2022,5,2022-05-14,0,14.42,14.42,0.0,46.1,False,67.9,False,,0.0,79.8
MSN04547,TB2-S04,Sigma,2022,5,2022-05-28,1,16.55,16.55,0.0,54.7,False,73.2,False,,0.0,80.6
MSN04548,TB2-S01,Sigma,2022,5,2022-05-28,0,16.81,16.81,0.0,61.9,False,69.0,False,,0.0,79.8
MSN04549,TB2-S04,Sigma,2022,5,2022-05-06,1,15.83,15.83,0.0,82.4,False,76.6,False,,0.0,80.6
MSN04550,TB2-S04,Sigma,2022,5,2022-05-13,1,18.25,18.25,0.0,157.0,True,64.4,False,,0.0,80.6
MSN04551,TB2-S01,Sigma,2022,5,2022-05-19,0,20.0,20.0,0.0,62.7,False,43.5,False,,0.0,79.8
MSN04552,TB2-S04,Sigma,2022,5,2022-05-07,1,19.98,19.98,0.0,106.6,True,58.9,False,,0.0,80.6
MSN04553,TB2-S01,Sigma,2022,5,2022-05-17,0,15.36,15.36,0.0,48.0,False,68.5,False,,0.0,79.8
MSN04554,TB2-S04,Sigma,2022,5,2022-05-16,1,16.78,16.78,0.0,87.9,False,83.8,False,,0.0,80.6
MSN04555,TB2-S04,Sigma,2022,5,2022-05-06,1,15.83,10.73,5.1,57.9,False,60.2,True,Control Surface,306.0,80.6
MSN04556,TB2-S01,Sigma,2022,5,2022-05-28,0,20.0,20.0,0.0,66.5,False,70.8,False,,0.0,79.8
MSN04557,TB2-S04,Sigma,2022,6,2022-06-11,1,18.62,18.62,0.0,72.1,False,79.9,False,,0.0,73.8
MSN04558,TB2-S01,Sigma,2022,6,2022-06-09,0,17.06,17.06,0.0,58.6,False,60.3,False,,0.0,80.3
MSN04559,TB2-S01,Sigma,2022,6,2022-06-17,0,16.07,16.07,0.0,67.7,False,70.7,False,,0.0,80.3
MSN04560,TB2-S01,Sigma,2022,6,2022-06-22,0,16.27,16.27,0.0,35.8,False,84.6,False,,0.0,80.3
MSN04561,TB2-S04,Sigma,2022,6,2022-06-03,1,18.0,18.0,0.0,72.5,False,91.3,False,,0.0,73.8
MSN04562,TB2-S04,Sigma,2022,6,2022-06-16,1,15.61,15.61,0.0,46.2,False,51.3,False,,0.0,73.8
MSN04563,TB2-S04,Sigma,2022,6,2022-06-12,1,15.51,15.51,0.0,124.7,True,62.6,False,,0.0,73.8
MSN04564,TB2-S04,Sigma,2022,6,2022-06-09,1,19.0,19.0,0.0,112.8,True,69.7,False,,0.0,73.8
MSN04565,TB2-S01,Sigma,2022,6,2022-06-16,0,14.62,14.62,0.0,163.3,True,74.8,True,Communication Link,13.6,80.3
MSN04566,TB2-S04,Sigma,2022,6,2022-06-18,1,16.95,16.95,0.0,59.8,False,72.7,False,,0.0,73.8
MSN04567,TB2-S01,Sigma,2022,6,2022-06-16,0,20.0,20.0,0.0,53.8,False,73.8,False,,0.0,80.3
MSN04568,TB2-S01,Sigma,2022,6,2022-06-14,0,19.16,16.07,3.09,70.8,False,72.8,True,Electrical System,185.4,80.3
MSN04569,TB2-S04,Sigma,2022,6,2022-06-20,1,16.18,16.18,0.0,50.2,False,70.2,False,,0.0,73.8
MSN04570,TB2-S04,Sigma,2022,6,2022-06-14,1,14.34,14.34,0.0,81.6,False,79.2,False,,0.0,73.8
MSN04571,TB2-S01,Sigma,2022,6,2022-06-13,0,18.67,17.12,1.55,77.3,False,39.4,True,Control Surface,93.0,80.3
MSN04572,TB2-S04,Sigma,2022,6,2022-06-22,1,17.05,17.05,0.0,58.5,False,68.1,True,Engine,6.5,73.8
MSN04573,TB2-S04,Sigma,2022,7,2022-07-28,1,14.5,14.5,0.0,145.0,True,89.8,True,Navigation/GPS,13.5,74.8
MSN04574,TB2-S04,Sigma,2022,7,2022-07-03,1,16.44,16.44,0.0,70.1,False,60.3,False,,0.0,74.8
MSN04575,TB2-S01,Sigma,2022,7,2022-07-20,0,18.6,18.6,0.0,47.8,False,68.9,False,,0.0,86.7
MSN04576,TB2-S04,Sigma,2022,7,2022-07-03,1,17.01,17.01,0.0,93.1,False,77.1,False,,0.0,74.8
MSN04577,TB2-S04,Sigma,2022,7,2022-07-01,1,20.0,20.0,0.0,80.9,False,89.2,False,,0.0,74.8
MSN04578,TB2-S01,Sigma,2022,7,2022-07-14,0,16.69,16.69,0.0,63.6,False,62.2,False,,0.0,86.7
MSN04579,TB2-S01,Sigma,2022,7,2022-07-14,0,19.15,19.15,0.0,54.4,False,52.8,False,,0.0,86.7
MSN04581,TB2-S01,Sigma,2022,7,2022-07-27,0,19.65,19.65,0.0,76.5,False,53.6,False,,0.0,86.7
MSN04582,TB2-S04,Sigma,2022,7,2022-07-04,1,17.25,17.25,0.0,63.9,False,63.4,False,,0.0,74.8
MSN04583,TB2-S01,Sigma,2022,7,2022-07-16,0,15.36,15.36,0.0,61.2,False,63.8,True,Communication Link,29.9,86.7
MSN04584,TB2-S01,Sigma,2022,7,2022-07-10,0,15.72,15.72,0.0,38.8,False,53.7,False,,0.0,86.7
MSN04585,TB2-S01,Sigma,2022,7,2022-07-09,0,20.0,20.0,0.0,68.3,False,67.9,False,,0.0,86.7
MSN04586,TB2-S01,Sigma,2022,7,2022-07-05,0,17.7,17.7,0.0,75.9,False,45.5,False,,0.0,86.7
MSN04587,TB2-S01,Sigma,2022,7,2022-07-03,0,15.93,15.93,0.0,52.2,False,58.9,False,,0.0,86.7
MSN04588,TB2-S04,Sigma,2022,7,2022-07-17,1,15.36,15.36,0.0,64.9,False,86.4,False,,0.0,74.8
MSN04589,TB2-S01,Sigma,2022,7,2022-07-26,0,17.07,17.07,0.0,54.7,False,51.6,False,,0.0,86.7
MSN04590,TB2-S04,Sigma,2022,7,2022-07-25,1,17.07,17.07,0.0,54.1,False,65.0,False,,0.0,74.8
MSN04591,TB2-S01,Sigma,2022,8,2022-08-20,0,15.85,15.85,0.0,35.1,False,60.3,False,,0.0,84.7
MSN04592,TB2-S01,Sigma,2022,8,2022-08-10,0,19.57,19.57,0.0,68.6,False,56.0,False,,0.0,84.7
MSN04593,TB2-S01,Sigma,2022,8,2022-08-17,0,16.67,16.67,0.0,50.4,False,62.4,False,,0.0,84.7
MSN04594,TB2-S04,Sigma,2022,8,2022-08-18,1,15.36,12.06,3.3,65.1,False,65.8,True,Engine,198.0,72.0
MSN04595,TB2-S01,Sigma,2022,8,2022-08-22,0,19.44,19.44,0.0,60.0,False,72.0,False,,0.0,84.7
MSN04596,TB2-S04,Sigma,2022,8,2022-08-12,1,16.17,16.17,0.0,68.8,False,88.6,False,,0.0,72.0
MSN04597,TB2-S01,Sigma,2022,8,2022-08-07,0,15.21,15.21,0.0,52.6,False,56.4,False,,0.0,84.7
MSN04598,TB2-S01,Sigma,2022,8,2022-08-05,0,14.54,14.54,0.0,55.9,False,58.5,False,,0.0,84.7
MSN04599,TB2-S04,Sigma,2022,8,2022-08-25,1,17.37,17.37,0.0,44.5,False,56.4,False,,0.0,72.0
MSN04600,TB2-S01,Sigma,2022,8,2022-08-18,0,15.58,15.58,0.0,103.6,True,79.7,False,,0.0,84.7
MSN04601,TB2-S04,Sigma,2022,8,2022-08-14,1,19.15,19.15,0.0,104.1,True,92.4,True,Engine,41.3,72.0
MSN04602,TB2-S04,Sigma,2022,8,2022-08-07,1,20.0,20.0,0.0,79.1,False,80.9,False,,0.0,72.0
MSN04603,TB2-S01,Sigma,2022,8,2022-08-28,0,13.43,13.43,0.0,73.3,False,54.8,False,,0.0,84.7
MSN04604,TB2-S01,Sigma,2022,8,2022-08-06,0,19.32,19.32,0.0,65.5,False,66.5,False,,0.0,84.7
MSN04605,TB2-S04,Sigma,2022,8,2022-08-26,1,18.52,18.52,0.0,127.9,True,98.5,True,Electrical System,13.1,72.0
MSN04606,TB2-S01,Sigma,2022,8,2022-08-18,0,15.47,15.47,0.0,95.8,True,50.3,True,Sensor/Payload,13.8,84.7
MSN04607,TB2-S01,Sigma,2022,8,2022-08-17,0,15.78,15.78,0.0,43.1,False,70.1,False,,0.0,84.7
MSN04608,TB2-S01,Sigma,2022,9,2022-09-25,0,18.89,18.89,0.0,44.6,False,55.4,False,,0.0,81.0
MSN04609,TB2-S04,Sigma,2022,9,2022-09-19,1,18.21,18.21,0.0,79.9,False,82.3,False,,0.0,77.4
MSN04610,TB2-S01,Sigma,2022,9,2022-09-10,0,15.72,15.72,0.0,67.5,False,65.9,True,Navigation/GPS,43.5,81.0
MSN04611,TB2-S01,Sigma,2022,9,2022-09-11,0,18.84,18.84,0.0,30.0,False,62.7,False,,0.0,81.0
MSN04612,TB2-S01,Sigma,2022,9,2022-09-17,0,16.61,16.61,0.0,121.1,True,57.5,False,,0.0,81.0
MSN04613,TB2-S01,Sigma,2022,9,2022-09-19,0,17.06,17.06,0.0,58.4,False,76.2,True,Control Surface,17.6,81.0
MSN04614,TB2-S04,Sigma,2022,9,2022-09-09,1,16.94,16.94,0.0,76.9,False,87.4,False,,0.0,77.4
MSN04615,TB2-S04,Sigma,2022,9,2022-09-02,1,12.23,12.23,0.0,77.0,False,48.0,True,Navigation/GPS,30.5,77.4
MSN04616,TB2-S01,Sigma,2022,9,2022-09-08,0,16.32,16.32,0.0,117.3,True,46.7,False,,0.0,81.0
MSN04617,TB2-S01,Sigma,2022,9,2022-09-28,0,18.42,18.42,0.0,58.0,True,58.7,False,,0.0,81.0
MSN04618,TB2-S01,Sigma,2022,9,2022-09-07,0,15.1,15.1,0.0,62.7,False,68.2,False,,0.0,81.0
MSN04619,TB2-S04,Sigma,2022,9,2022-09-04,1,16.06,16.06,0.0,96.6,False,53.2,False,,0.0,77.4
MSN04620,TB2-S01,Sigma,2022,9,2022-09-15,0,14.14,14.14,0.0,46.4,False,73.6,False,,0.0,81.0
MSN04621,TB2-S01,Sigma,2022,9,2022-09-03,0,16.84,16.84,0.0,138.4,True,72.7,False,,0.0,81.0
MSN04622,TB2-S01,Sigma,2022,10,2022-10-04,0,17.91,17.91,0.0,104.7,True,47.7,False,,0.0,82.0
MSN04623,TB2-S04,Sigma,2022,10,2022-10-15,1,15.02,15.02,0.0,66.1,False,61.3,False,,0.0,74.6
MSN04624,TB2-S04,Sigma,2022,10,2022-10-07,1,16.91,16.91,0.0,121.6,True,73.3,False,,0.0,74.6
MSN04626,TB2-S04,Sigma,2022,10,2022-10-04,1,17.26,17.26,0.0,136.4,True,57.2,True,Navigation/GPS,22.9,74.6
MSN04627,TB2-S04,Sigma,2022,10,2022-10-26,1,18.76,18.76,0.0,94.6,True,71.4,False,,0.0,74.6
MSN04628,TB2-S01,Sigma,2022,10,2022-10-18,0,14.27,14.27,0.0,65.3,False,65.7,False,,0.0,82.0
MSN04629,TB2-S01,Sigma,2022,10,2022-10-25,0,15.88,15.88,0.0,64.0,False,41.6,False,,0.0,82.0
MSN04630,TB2-S01,Sigma,2022,10,2022-10-04,0,17.21,17.21,0.0,67.8,False,53.7,False,,0.0,82.0
MSN04632,TB2-S01,Sigma,2022,10,2022-10-02,0,18.95,18.95,0.0,50.1,False,77.6,False,,0.0,82.0
MSN04633,TB2-S04,Sigma,2022,10,2022-10-04,1,18.19,18.19,0.0,60.9,False,60.9,False,,0.0,74.6
MSN04634,TB2-S01,Sigma,2022,10,2022-10-20,0,16.85,16.85,0.0,47.3,False,73.7,False,,0.0,82.0
MSN04635,TB2-S01,Sigma,2022,10,2022-10-02,0,17.51,17.51,0.0,62.8,False,38.2,False,,0.0,82.0
MSN04636,TB2-S04,Sigma,2022,10,2022-10-01,1,17.2,17.2,0.0,74.3,False,76.8,False,,0.0,74.6
MSN04637,TB2-S01,Sigma,2022,10,2022-10-22,0,15.56,15.56,0.0,67.8,False,63.8,False,,0.0,82.0
MSN04638,TB2-S01,Sigma,2022,10,2022-10-04,0,15.97,15.97,0.0,56.2,False,57.6,False,,0.0,82.0
MSN04639,TB2-S01,Sigma,2022,10,2022-10-17,0,17.83,17.83,0.0,74.2,False,60.5,False,,0.0,82.0
MSN04640,TB2-S04,Sigma,2022,11,2022-11-03,1,13.96,13.96,0.0,121.6,True,73.2,False,,0.0,78.4
MSN04642,TB2-S01,Sigma,2022,11,2022-11-23,0,17.7,17.7,0.0,62.7,False,71.2,False,,0.0,84.8
MSN04644,TB2-S04,Sigma,2022,11,2022-11-11,1,16.78,16.11,0.67,53.8,False,64.6,True,Electrical System,40.2,78.4
MSN04645,TB2-S01,Sigma,2022,11,2022-11-07,0,20.0,20.0,0.0,98.8,True,32.5,False,,0.0,84.8
MSN04646,TB2-S01,Sigma,2022,12,2022-12-15,0,16.23,16.23,0.0,52.1,False,56.3,False,,0.0,82.2
MSN04647,TB2-S04,Sigma,2022,12,2022-12-19,1,17.46,17.46,0.0,69.3,True,64.5,False,,0.0,69.5
MSN04648,TB2-S04,Sigma,2022,12,2022-12-09,1,20.0,20.0,0.0,79.3,False,48.5,True,Control Surface,27.9,69.5
MSN04649,TB2-S01,Sigma,2022,12,2022-12-05,0,18.76,18.76,0.0,51.2,False,62.1,False,,0.0,82.2
MSN04650,TB2-S04,Sigma,2022,12,2022-12-07,1,14.94,14.94,0.0,66.1,False,55.8,False,,0.0,69.5
MSN04652,TB2-S01,Sigma,2022,12,2022-12-21,0,19.04,19.04,0.0,52.0,False,55.3,False,,0.0,82.2
MSN04654,TB2-S04,Sigma,2022,12,2022-12-01,1,16.85,16.85,0.0,84.2,False,68.7,False,,0.0,69.5
MSN04656,TB2-S04,Sigma,2022,12,2022-12-04,1,16.45,16.45,0.0,74.6,True,42.3,False,,0.0,69.5
MSN04657,TB2-S01,Sigma,2022,12,2022-12-28,0,15.05,15.05,0.0,42.4,False,69.7,False,,0.0,82.2
MSN04658,TB2-S04,Sigma,2022,12,2022-12-06,1,13.93,13.93,0.0,63.7,False,77.1,False,,0.0,69.5
MSN04659,TB2-S01,Sigma,2022,12,2022-12-03,0,18.23,18.23,0.0,105.2,True,66.3,False,,0.0,82.2
MSN04660,TB2-S01,Sigma,2023,1,2023-01-11,1,15.99,15.99,0.0,87.2,False,74.8,False,,0.0,83.0
MSN04661,TB2-S01,Sigma,2023,1,2023-01-06,1,16.57,16.57,0.0,74.8,False,71.2,True,Control Surface,19.1,83.0
MSN04663,TB2-S04,Sigma,2023,1,2023-01-05,2,17.46,17.46,0.0,82.3,False,80.4,False,,0.0,77.1
MSN04665,TB2-S04,Sigma,2023,1,2023-01-21,2,16.02,16.02,0.0,91.7,False,63.2,False,,0.0,77.1
MSN04666,TB2-S04,Sigma,2023,1,2023-01-13,2,19.72,19.72,0.0,70.0,False,68.3,False,,0.0,77.1
MSN04667,TB2-S01,Sigma,2023,1,2023-01-17,1,14.11,14.11,0.0,78.0,False,65.1,False,,0.0,83.0
MSN04668,TB2-S04,Sigma,2023,1,2023-01-23,2,20.0,20.0,0.0,77.7,False,103.1,False,,0.0,77.1
MSN04671,TB2-S01,Sigma,2023,1,2023-01-18,1,18.69,18.69,0.0,109.7,True,56.9,False,,0.0,83.0
MSN04672,TB2-S01,Sigma,2023,1,2023-01-03,1,14.95,14.95,0.0,62.7,False,75.9,False,,0.0,83.0
MSN04674,TB2-S01,Sigma,2023,1,2023-01-24,1,16.57,16.57,0.0,66.0,False,65.5,False,,0.0,83.0
MSN04675,TB2-S04,Sigma,2023,1,2023-01-28,2,20.0,20.0,0.0,66.9,False,68.7,False,,0.0,77.1
MSN04677,TB2-S01,Sigma,2023,2,2023-02-12,1,14.68,14.68,0.0,62.6,False,92.4,False,,0.0,77.8
MSN04679,TB2-S04,Sigma,2023,2,2023-02-10,2,16.73,16.73,0.0,90.7,False,74.9,False,,0.0,71.6
MSN04680,TB2-S01,Sigma,2023,2,2023-02-08,1,15.45,15.45,0.0,60.5,False,72.5,True,Control Surface,13.5,77.8
MSN04681,TB2-S04,Sigma,2023,2,2023-02-20,2,16.89,16.89,0.0,79.4,False,63.1,False,,0.0,71.6
MSN04682,TB2-S04,Sigma,2023,2,2023-02-21,2,20.0,20.0,0.0,99.5,True,86.2,False,,0.0,71.6
MSN04683,TB2-S04,Sigma,2023,2,2023-02-04,2,17.78,15.95,1.83,84.9,False,96.4,True,Sensor/Payload,109.8,71.6
MSN04684,TB2-S01,Sigma,2023,2,2023-02-19,1,17.61,17.61,0.0,75.6,False,57.5,False,,0.0,77.8
MSN04685,TB2-S01,Sigma,2023,2,2023-02-22,1,17.55,17.55,0.0,84.6,False,64.8,True,Communication Link,38.9,77.8
MSN04686,TB2-S01,Sigma,2023,2,2023-02-28,1,19.11,19.11,0.0,76.1,False,71.1,False,,0.0,77.8
MSN04687,TB2-S04,Sigma,2023,2,2023-02-15,2,16.28,16.28,0.0,183.4,True,81.6,False,,0.0,71.6
MSN04688,TB2-S01,Sigma,2023,2,2023-02-28,1,17.43,17.43,0.0,69.2,False,88.8,False,,0.0,77.8
MSN04689,TB2-S01,Sigma,2023,2,2023-02-23,1,15.11,15.11,0.0,79.3,False,69.6,False,,0.0,77.8
MSN04690,TB2-S01,Sigma,2023,2,2023-02-11,1,15.88,15.88,0.0,116.5,True,56.8,False,,0.0,77.8
MSN04691,TB2-S04,Sigma,2023,3,2023-03-25,2,17.48,17.48,0.0,73.7,False,79.2,False,,0.0,77.6
MSN04692,TB2-S01,Sigma,2023,3,2023-03-22,1,16.43,16.43,0.0,104.4,False,67.6,False,,0.0,76.5
MSN04694,TB2-S04,Sigma,2023,3,2023-03-10,2,17.76,17.76,0.0,102.7,True,65.5,False,,0.0,77.6
MSN04695,TB2-S01,Sigma,2023,3,2023-03-21,1,14.63,14.63,0.0,82.5,False,44.9,False,,0.0,76.5
MSN04696,TB2-S01,Sigma,2023,3,2023-03-08,1,17.37,17.37,0.0,71.1,False,92.3,False,,0.0,76.5
MSN04697,TB2-S01,Sigma,2023,3,2023-03-24,1,17.65,17.65,0.0,56.0,False,55.3,False,,0.0,76.5
MSN04698,TB2-S04,Sigma,2023,3,2023-03-05,2,17.31,17.31,0.0,58.5,False,66.3,False,,0.0,77.6
MSN04699,TB2-S04,Sigma,2023,3,2023-03-10,2,17.33,17.33,0.0,87.8,False,81.9,False,,0.0,77.6
MSN04700,TB2-S04,Sigma,2023,3,2023-03-13,2,17.33,17.33,0.0,74.0,False,89.7,False,,0.0,77.6
MSN04702,TB2-S01,Sigma,2023,3,2023-03-21,1,17.86,17.86,0.0,83.4,False,70.2,False,,0.0,76.5
MSN04703,TB2-S04,Sigma,2023,3,2023-03-25,2,17.47,17.47,0.0,77.1,False,53.4,False,,0.0,77.6
MSN04704,TB2-S01,Sigma,2023,4,2023-04-08,1,18.69,18.69,0.0,73.0,False,72.5,False,,0.0,81.8
MSN04706,TB2-S04,Sigma,2023,4,2023-04-25,2,17.33,17.33,0.0,90.3,False,69.0,False,,0.0,75.1
MSN04707,TB2-S01,Sigma,2023,4,2023-04-01,1,18.99,18.99,0.0,84.5,False,73.2,False,,0.0,81.8
MSN04708,TB2-S04,Sigma,2023,4,2023-04-23,2,13.15,13.15,0.0,85.5,False,73.9,False,,0.0,75.1
MSN04709,TB2-S04,Sigma,2023,4,2023-04-01,2,14.89,14.89,0.0,66.5,False,70.6,False,,0.0,75.1
MSN04710,TB2-S04,Sigma,2023,4,2023-04-13,2,18.13,18.13,0.0,79.3,False,88.1,False,,0.0,75.1
MSN04711,TB2-S01,Sigma,2023,4,2023-04-10,1,20.0,20.0,0.0,72.5,False,66.6,False,,0.0,81.8
MSN04712,TB2-S01,Sigma,2023,4,2023-04-19,1,13.43,13.43,0.0,62.0,False,40.3,True,Engine,17.8,81.8
MSN04713,TB2-S01,Sigma,2023,4,2023-04-18,1,16.96,16.96,0.0,44.6,False,72.4,False,,0.0,81.8
MSN04714,TB2-S04,Sigma,2023,5,2023-05-20,2,18.95,18.95,0.0,71.6,False,91.6,False,,0.0,73.6
MSN04715,TB2-S04,Sigma,2023,5,2023-05-20,2,18.36,18.36,0.0,62.8,False,79.9,False,,0.0,73.6
MSN04716,TB2-S01,Sigma,2023,5,2023-05-05,1,18.38,18.38,0.0,78.1,False,76.0,False,,0.0,76.1
MSN04717,TB2-S04,Sigma,2023,5,2023-05-03,2,17.3,17.3,0.0,91.2,False,90.5,False,,0.0,73.6
MSN04718,TB2-S04,Sigma,2023,5,2023-05-28,2,13.48,13.48,0.0,71.1,False,67.9,False,,0.0,73.6
MSN04719,TB2-S04,Sigma,2023,5,2023-05-27,2,17.6,17.6,0.0,146.5,True,110.6,False,,0.0,73.6
MSN04720,TB2-S01,Sigma,2023,5,2023-05-06,1,17.84,17.84,0.0,75.3,False,75.7,False,,0.0,76.1
MSN04721,TB2-S04,Sigma,2023,5,2023-05-19,2,16.37,16.37,0.0,161.2,True,72.3,False,,0.0,73.6
MSN04722,TB2-S01,Sigma,2023,5,2023-05-15,1,17.25,17.25,0.0,108.0,True,73.6,False,,0.0,76.1
MSN04723,TB2-S04,Sigma,2023,5,2023-05-09,2,15.49,15.49,0.0,76.7,False,92.3,False,,0.0,73.6
MSN04724,TB2-S04,Sigma,2023,5,2023-05-11,2,18.09,17.89,0.2,63.2,False,86.9,True,Control Surface,12.0,73.6
MSN04725,TB2-S01,Sigma,2023,5,2023-05-14,1,19.47,19.47,0.0,67.2,False,63.0,True,Communication Link,33.1,76.1
MSN04726,TB2-S04,Sigma,2023,5,2023-05-27,2,15.74,15.74,0.0,82.0,False,81.7,False,,0.0,73.6
MSN04727,TB2-S01,Sigma,2023,5,2023-05-20,1,18.81,18.81,0.0,30.0,False,63.1,False,,0.0,76.1
MSN04728,TB2-S04,Sigma,2023,5,2023-05-26,2,19.73,19.73,0.0,73.7,False,86.6,False,,0.0,73.6
MSN04729,TB2-S04,Sigma,2023,5,2023-05-10,2,15.84,15.84,0.0,90.2,False,65.4,True,Navigation/GPS,19.5,73.6
MSN04730,TB2-S04,Sigma,2023,5,2023-05-21,2,15.85,15.85,0.0,137.0,True,74.5,False,,0.0,73.6
MSN04731,TB2-S04,Sigma,2023,5,2023-05-28,2,15.25,15.25,0.0,89.0,False,95.8,False,,0.0,73.6
MSN04732,TB2-S04,Sigma,2023,5,2023-05-06,2,16.29,16.29,0.0,161.6,True,90.8,False,,0.0,73.6
MSN04733,TB2-S04,Sigma,2023,6,2023-06-15,2,17.26,17.26,0.0,83.1,False,91.7,False,,0.0,73.0
MSN04734,TB2-S01,Sigma,2023,6,2023-06-06,1,16.49,16.49,0.0,100.2,True,93.1,False,,0.0,79.0
MSN04735,TB2-S01,Sigma,2023,6,2023-06-07,1,16.89,16.89,0.0,61.3,False,65.4,False,,0.0,79.0
MSN04736,TB2-S01,Sigma,2023,6,2023-06-05,1,16.07,16.07,0.0,63.7,False,76.1,False,,0.0,79.0
MSN04737,TB2-S01,Sigma,2023,6,2023-06-23,1,15.12,15.12,0.0,79.4,False,84.4,False,,0.0,79.0
MSN04738,TB2-S01,Sigma,2023,6,2023-06-14,1,14.87,14.87,0.0,82.6,False,76.2,False,,0.0,79.0
MSN04739,TB2-S01,Sigma,2023,6,2023-06-22,1,18.44,18.44,0.0,51.0,False,74.3,False,,0.0,79.0
MSN04740,TB2-S04,Sigma,2023,6,2023-06-02,2,18.7,18.7,0.0,58.1,False,103.2,False,,0.0,73.0
MSN04741,TB2-S01,Sigma,2023,6,2023-06-28,1,20.0,20.0,0.0,75.9,False,60.0,False,,0.0,79.0
MSN04743,TB2-S04,Sigma,2023,6,2023-06-21,2,15.44,15.44,0.0,116.1,True,81.9,False,,0.0,73.0
MSN04744,TB2-S01,Sigma,2023,6,2023-06-22,1,17.07,17.07,0.0,152.1,True,78.2,False,,0.0,79.0
MSN04745,TB2-S01,Sigma,2023,6,2023-06-17,1,18.98,18.98,0.0,59.5,False,48.9,False,,0.0,79.0
MSN04746,TB2-S04,Sigma,2023,6,2023-06-19,2,13.53,13.53,0.0,86.4,False,80.2,False,,0.0,73.0
MSN04747,TB2-S04,Sigma,2023,6,2023-06-09,2,15.66,15.66,0.0,49.6,False,82.5,False,,0.0,73.0
MSN04748,TB2-S01,Sigma,2023,6,2023-06-04,1,20.0,20.0,0.0,120.4,True,57.9,False,,0.0,79.0
MSN04749,TB2-S04,Sigma,2023,6,2023-06-18,2,15.57,15.57,0.0,109.2,True,68.3,False,,0.0,73.0
MSN04750,TB2-S01,Sigma,2023,6,2023-06-19,1,15.24,15.24,0.0,87.7,False,63.2,False,,0.0,79.0
MSN04751,TB2-S01,Sigma,2023,6,2023-06-02,1,17.15,17.15,0.0,94.6,True,71.9,False,,0.0,79.0
MSN04752,TB2-S01,Sigma,2023,6,2023-06-06,1,15.67,15.67,0.0,89.3,True,84.4,False,,0.0,79.0
MSN04753,TB2-S01,Sigma,2023,7,2023-07-16,1,14.86,14.86,0.0,63.4,False,61.7,False,,0.0,78.9
MSN04754,TB2-S04,Sigma,2023,7,2023-07-05,2,18.46,18.46,0.0,70.0,False,74.2,False,,0.0,78.5
MSN04755,TB2-S04,Sigma,2023,7,2023-07-24,2,16.02,14.78,1.24,63.5,False,72.4,True,Communication Link,74.4,78.5
MSN04756,TB2-S01,Sigma,2023,7,2023-07-07,1,16.19,16.19,0.0,65.8,False,55.0,True,Sensor/Payload,5.3,78.9
MSN04757,TB2-S04,Sigma,2023,7,2023-07-27,2,18.85,18.85,0.0,105.9,True,81.1,False,,0.0,78.5
MSN04758,TB2-S04,Sigma,2023,7,2023-07-11,2,15.36,15.36,0.0,86.7,False,67.1,False,,0.0,78.5
MSN04759,TB2-S04,Sigma,2023,7,2023-07-15,2,18.07,18.07,0.0,109.9,True,78.6,False,,0.0,78.5
MSN04760,TB2-S01,Sigma,2023,7,2023-07-10,1,15.26,15.26,0.0,59.3,False,56.9,False,,0.0,78.9
MSN04761,TB2-S01,Sigma,2023,7,2023-07-05,1,12.85,12.85,0.0,60.5,False,84.1,True,Control Surface,13.9,78.9
MSN04762,TB2-S01,Sigma,2023,7,2023-07-14,1,15.29,15.29,0.0,61.5,False,71.1,True,Electrical System,14.2,78.9
MSN04763,TB2-S01,Sigma,2023,7,2023-07-10,1,17.1,17.1,0.0,130.4,True,70.5,False,,0.0,78.9
MSN04764,TB2-S01,Sigma,2023,7,2023-07-18,1,17.44,17.44,0.0,78.9,False,73.8,False,,0.0,78.9
MSN04765,TB2-S01,Sigma,2023,7,2023-07-19,1,19.68,19.68,0.0,54.5,False,69.9,True,Communication Link,21.1,78.9
MSN04766,TB2-S01,Sigma,2023,7,2023-07-06,1,17.1,17.1,0.0,90.6,False,74.7,False,,0.0,78.9
MSN04767,TB2-S04,Sigma,2023,7,2023-07-27,2,17.54,17.54,0.0,109.4,True,84.7,False,,0.0,78.5
MSN04768,TB2-S04,Sigma,2023,7,2023-07-05,2,18.05,18.05,0.0,69.7,False,57.6,False,,0.0,78.5
MSN04769,TB2-S01,Sigma,2023,7,2023-07-10,1,18.71,18.71,0.0,73.7,False,60.7,False,,0.0,78.9
MSN04770,TB2-S01,Sigma,2023,7,2023-07-03,1,15.18,15.18,0.0,84.3,False,55.6,False,,0.0,78.9
MSN04771,TB2-S04,Sigma,2023,7,2023-07-08,2,17.96,17.96,0.0,70.6,False,87.8,False,,0.0,78.5
MSN04772,TB2-S01,Sigma,2023,7,2023-07-13,1,15.57,15.57,0.0,92.6,False,56.4,True,Communication Link,22.8,78.9
MSN04773,TB2-S01,Sigma,2023,7,2023-07-18,1,15.96,15.96,0.0,59.3,False,50.6,True,Communication Link,17.5,78.9
MSN04774,TB2-S01,Sigma,2023,7,2023-07-25,1,16.43,16.43,0.0,78.1,False,53.0,False,,0.0,78.9
MSN04775,TB2-S01,Sigma,2023,7,2023-07-28,1,19.36,19.36,0.0,80.0,False,66.0,False,,0.0,78.9
MSN04776,TB2-S04,Sigma,2023,7,2023-07-27,2,15.53,15.53,0.0,152.5,True,97.1,False,,0.0,78.5
MSN04777,TB2-S04,Sigma,2023,7,2023-07-17,2,18.95,18.95,0.0,70.6,False,101.2,False,,0.0,78.5
MSN04779,TB2-S01,Sigma,2023,7,2023-07-24,1,18.36,18.36,0.0,53.8,False,58.6,True,Electrical System,51.9,78.9
MSN04780,TB2-S04,Sigma,2023,7,2023-07-11,2,16.2,16.2,0.0,49.4,False,77.7,False,,0.0,78.5
MSN04781,TB2-S04,Sigma,2023,7,2023-07-27,2,19.99,19.99,0.0,82.4,False,49.4,False,,0.0,78.5
MSN04782,TB2-S04,Sigma,2023,7,2023-07-05,2,15.83,15.83,0.0,122.4,True,56.1,False,,0.0,78.5
MSN04783,TB2-S04,Sigma,2023,8,2023-08-24,2,18.14,18.14,0.0,79.5,False,99.8,False,,0.0,78.2
MSN04784,TB2-S01,Sigma,2023,8,2023-08-22,1,18.48,18.48,0.0,67.1,False,59.0,False,,0.0,82.0
MSN04785,TB2-S04,Sigma,2023,8,2023-08-22,2,14.76,14.76,0.0,84.1,False,76.0,False,,0.0,78.2
MSN04786,TB2-S04,Sigma,2023,8,2023-08-13,2,13.82,13.82,0.0,121.9,True,60.9,True,Communication Link,18.4,78.2
MSN04787,TB2-S01,Sigma,2023,8,2023-08-21,1,16.94,16.94,0.0,64.7,False,51.5,False,,0.0,82.0
MSN04788,TB2-S04,Sigma,2023,8,2023-08-26,2,16.81,16.81,0.0,147.7,True,81.1,False,,0.0,78.2
MSN04789,TB2-S04,Sigma,2023,8,2023-08-05,2,15.29,15.29,0.0,169.9,True,85.4,True,Control Surface,20.8,78.2
MSN04790,TB2-S01,Sigma,2023,8,2023-08-10,1,14.15,14.15,0.0,116.2,True,56.8,False,,0.0,82.0
MSN04791,TB2-S01,Sigma,2023,8,2023-08-27,1,17.86,17.86,0.0,53.1,False,60.4,False,,0.0,82.0
MSN04792,TB2-S01,Sigma,2023,8,2023-08-05,1,18.09,18.09,0.0,124.4,True,57.5,False,,0.0,82.0
MSN04793,TB2-S04,Sigma,2023,8,2023-08-28,2,17.98,17.98,0.0,105.1,False,79.1,False,,0.0,78.2
MSN04794,TB2-S01,Sigma,2023,8,2023-08-28,1,16.41,16.41,0.0,50.9,False,67.7,False,,0.0,82.0
MSN04795,TB2-S01,Sigma,2023,8,2023-08-25,1,18.92,18.92,0.0,91.9,False,65.4,False,,0.0,82.0
MSN04796,TB2-S01,Sigma,2023,8,2023-08-15,1,19.46,19.46,0.0,129.5,True,83.2,False,,0.0,82.0
MSN04797,TB2-S01,Sigma,2023,8,2023-08-10,1,15.82,15.82,0.0,79.6,False,63.7,False,,0.0,82.0
MSN04798,TB2-S01,Sigma,2023,8,2023-08-07,1,20.0,20.0,0.0,65.5,False,81.5,False,,0.0,82.0
MSN04799,TB2-S04,Sigma,2023,8,2023-08-06,2,15.69,15.69,0.0,119.7,True,82.3,False,,0.0,78.2
MSN04800,TB2-S01,Sigma,2023,8,2023-08-10,1,20.0,20.0,0.0,58.4,False,78.4,True,Sensor/Payload,21.2,82.0
MSN04801,TB2-S04,Sigma,2023,8,2023-08-27,2,20.0,20.0,0.0,57.7,False,107.9,False,,0.0,78.2
MSN04802,TB2-S04,Sigma,2023,8,2023-08-27,2,18.28,14.63,3.65,88.9,False,99.5,True,Communication Link,219.0,78.2
MSN04803,TB2-S04,Sigma,2023,8,2023-08-09,2,15.51,15.51,0.0,89.4,False,71.6,False,,0.0,78.2
MSN04804,TB2-S01,Sigma,2023,8,2023-08-17,1,15.36,15.36,0.0,72.9,False,58.6,False,,0.0,82.0
MSN04805,TB2-S04,Sigma,2023,8,2023-08-23,2,15.27,15.27,0.0,167.9,True,76.2,True,Sensor/Payload,22.9,78.2
MSN04806,TB2-S01,Sigma,2023,9,2023-09-07,1,15.98,15.98,0.0,67.0,False,62.5,True,Control Surface,18.8,80.9
MSN04807,TB2-S04,Sigma,2023,9,2023-09-05,2,17.12,17.12,0.0,83.2,False,69.3,False,,0.0,70.8
MSN04808,TB2-S04,Sigma,2023,9,2023-09-15,2,16.03,16.03,0.0,101.4,False,73.4,False,,0.0,70.8
MSN04809,TB2-S04,Sigma,2023,9,2023-09-06,2,20.0,20.0,0.0,56.0,False,57.7,False,,0.0,70.8
MSN04810,TB2-S01,Sigma,2023,9,2023-09-02,1,19.21,19.21,0.0,67.1,False,76.9,True,Communication Link,26.2,80.9
MSN04811,TB2-S04,Sigma,2023,9,2023-09-04,2,17.14,17.14,0.0,113.0,True,87.5,False,,0.0,70.8
MSN04812,TB2-S01,Sigma,2023,9,2023-09-12,1,15.88,15.88,0.0,61.9,False,79.0,False,,0.0,80.9
MSN04813,TB2-S04,Sigma,2023,9,2023-09-17,2,18.31,18.31,0.0,79.4,False,90.3,False,,0.0,70.8
MSN04814,TB2-S01,Sigma,2023,9,2023-09-21,1,17.13,17.13,0.0,57.2,False,64.2,False,,0.0,80.9
MSN04815,TB2-S01,Sigma,2023,9,2023-09-10,1,16.33,16.33,0.0,123.8,True,65.1,False,,0.0,80.9
MSN04816,TB2-S01,Sigma,2023,9,2023-09-08,1,13.46,13.46,0.0,85.2,False,44.1,False,,0.0,80.9
MSN04817,TB2-S04,Sigma,2023,9,2023-09-14,2,14.23,14.23,0.0,86.7,False,83.9,False,,0.0,70.8
MSN04818,TB2-S01,Sigma,2023,9,2023-09-20,1,15.81,15.81,0.0,73.3,False,79.9,False,,0.0,80.9
MSN04819,TB2-S04,Sigma,2023,9,2023-09-22,2,18.25,18.25,0.0,60.5,False,106.8,True,Communication Link,18.9,70.8
MSN04820,TB2-S04,Sigma,2023,9,2023-09-28,2,16.57,16.57,0.0,87.9,True,83.3,False,,0.0,70.8
MSN04821,TB2-S01,Sigma,2023,9,2023-09-01,1,14.97,14.97,0.0,74.4,False,68.2,False,,0.0,80.9
MSN04822,TB2-S01,Sigma,2023,9,2023-09-18,1,19.66,19.66,0.0,63.4,False,67.1,False,,0.0,80.9
MSN04823,TB2-S04,Sigma,2023,9,2023-09-20,2,14.81,14.81,0.0,113.9,True,100.3,False,,0.0,70.8
MSN04824,TB2-S01,Sigma,2023,9,2023-09-14,1,13.93,13.93,0.0,80.6,True,62.4,False,,0.0,80.9
MSN04825,TB2-S02,Sigma,2023,10,2023-10-26,0,16.76,16.76,0.0,64.6,False,62.4,False,,0.0,88.0
MSN04826,TB2-S02,Sigma,2023,10,2023-10-14,0,18.06,18.06,0.0,54.0,False,54.5,False,,0.0,88.0
MSN04827,TB2-S04,Sigma,2023,10,2023-10-07,2,16.58,16.58,0.0,83.0,False,74.0,False,,0.0,68.2
MSN04828,TB2-S02,Sigma,2023,10,2023-10-13,0,16.88,16.88,0.0,60.3,False,38.7,False,,0.0,88.0
MSN04830,TB2-S01,Sigma,2023,10,2023-10-10,1,17.79,17.79,0.0,83.1,False,44.3,True,Communication Link,17.6,79.0
MSN04831,TB2-S03,Sigma,2023,10,2023-10-02,0,19.57,19.57,0.0,54.3,False,63.2,False,,0.0,87.4
MSN04832,TB2-S02,Sigma,2023,10,2023-10-20,0,15.91,15.91,0.0,113.1,True,41.0,False,,0.0,88.0
MSN04833,TB2-S03,Sigma,2023,10,2023-10-02,0,15.16,15.16,0.0,52.2,False,73.9,False,,0.0,87.4
MSN04834,TB2-S04,Sigma,2023,10,2023-10-10,2,14.42,14.42,0.0,125.4,True,83.9,False,,0.0,68.2
MSN04835,TB2-S01,Sigma,2023,10,2023-10-25,1,18.28,18.28,0.0,70.7,False,70.4,False,,0.0,79.0
MSN04836,TB2-S04,Sigma,2023,10,2023-10-06,2,15.07,15.07,0.0,85.4,False,90.4,False,,0.0,68.2
MSN04837,TB2-S03,Sigma,2023,10,2023-10-08,0,16.54,16.54,0.0,62.3,False,52.4,True,Electrical System,43.0,87.4
MSN04838,TB2-S04,Sigma,2023,10,2023-10-15,2,20.0,20.0,0.0,68.9,False,72.6,False,,0.0,68.2
MSN04839,TB2-S02,Sigma,2023,10,2023-10-26,0,16.96,16.96,0.0,33.4,False,48.4,False,,0.0,88.0
MSN04841,TB2-S01,Sigma,2023,10,2023-10-14,1,14.93,14.93,0.0,75.0,False,76.7,False,,0.0,79.0
MSN04842,TB2-S02,Sigma,2023,10,2023-10-16,0,19.03,19.03,0.0,64.9,False,39.3,False,,0.0,88.0
MSN04843,TB2-S02,Sigma,2023,10,2023-10-28,0,15.17,15.17,0.0,106.7,True,53.0,False,,0.0,88.0
MSN04844,TB2-S02,Sigma,2023,10,2023-10-09,0,16.28,16.28,0.0,51.9,False,65.2,False,,0.0,88.0
MSN04845,TB2-S01,Sigma,2023,10,2023-10-26,1,18.34,18.34,0.0,155.0,True,73.9,False,,0.0,79.0
MSN04846,TB2-S02,Sigma,2023,11,2023-11-05,0,16.06,16.06,0.0,73.6,False,46.8,True,Communication Link,34.3,90.6
MSN04847,TB2-S04,Sigma,2023,11,2023-11-21,2,16.61,16.61,0.0,65.7,False,56.9,False,,0.0,71.2
MSN04848,TB2-S04,Sigma,2023,11,2023-11-12,2,15.24,15.24,0.0,83.2,False,78.9,False,,0.0,71.2
MSN04850,TB2-S03,Sigma,2023,11,2023-11-18,0,18.24,18.24,0.0,36.9,False,45.4,False,,0.0,83.9
MSN04851,TB2-S02,Sigma,2023,11,2023-11-20,0,20.0,20.0,0.0,85.2,False,78.3,False,,0.0,90.6
MSN04852,TB2-S02,Sigma,2023,11,2023-11-08,0,19.57,19.57,0.0,60.2,False,43.0,False,,0.0,90.6
MSN04853,TB2-S02,Sigma,2023,11,2023-11-28,0,19.51,19.51,0.0,61.4,False,62.0,False,,0.0,90.6
MSN04855,TB2-S02,Sigma,2023,11,2023-11-10,0,17.24,17.24,0.0,54.1,False,53.1,True,Electrical System,14.7,90.6
MSN04856,TB2-S02,Sigma,2023,11,2023-11-16,0,14.41,14.41,0.0,75.4,False,64.5,False,,0.0,90.6
MSN04857,TB2-S02,Sigma,2023,11,2023-11-16,0,17.44,17.44,0.0,63.7,False,58.2,False,,0.0,90.6
MSN04859,TB2-S04,Sigma,2023,11,2023-11-25,2,20.0,20.0,0.0,57.8,False,59.3,False,,0.0,71.2
MSN04860,TB2-S02,Sigma,2023,11,2023-11-08,0,16.28,16.28,0.0,66.2,False,58.4,False,,0.0,90.6
MSN04861,TB2-S03,Sigma,2023,11,2023-11-05,0,20.0,20.0,0.0,82.7,True,65.6,False,,0.0,83.9
MSN04862,TB2-S04,Sigma,2023,11,2023-11-03,2,15.55,15.55,0.0,61.7,False,87.1,False,,0.0,71.2
MSN04863,TB2-S04,Sigma,2023,11,2023-11-15,2,15.46,13.76,1.7,119.2,True,97.5,True,Engine,102.0,71.2
MSN04864,TB2-S03,Sigma,2023,11,2023-11-08,0,14.76,14.76,0.0,42.9,False,52.5,False,,0.0,83.9
MSN04865,TB2-S03,Sigma,2023,12,2023-12-05,0,17.9,17.9,0.0,61.5,False,60.6,False,,0.0,78.9
MSN04866,TB2-S04,Sigma,2023,12,2023-12-07,2,16.57,16.57,0.0,139.9,True,81.4,False,,0.0,73.0
MSN04867,TB2-S02,Sigma,2023,12,2023-12-08,0,19.54,19.54,0.0,47.8,False,49.5,False,,0.0,85.5
MSN04868,TB2-S03,Sigma,2023,12,2023-12-08,0,20.0,20.0,0.0,88.6,True,68.4,False,,0.0,78.9
MSN04869,TB2-S03,Sigma,2023,12,2023-12-06,0,18.98,18.98,0.0,59.7,False,60.3,False,,0.0,78.9
MSN04870,TB2-S01,Sigma,2023,12,2023-12-15,1,19.61,19.61,0.0,79.1,False,65.6,False,,0.0,80.3
MSN04871,TB2-S03,Sigma,2023,12,2023-12-18,0,17.1,17.1,0.0,64.5,False,46.5,False,,0.0,78.9
MSN04872,TB2-S03,Sigma,2023,12,2023-12-15,0,18.69,18.69,0.0,55.2,False,33.1,False,,0.0,78.9
MSN04873,TB2-S04,Sigma,2023,12,2023-12-18,2,16.61,16.61,0.0,78.0,False,61.7,False,,0.0,73.0
MSN04874,TB2-S02,Sigma,2023,12,2023-12-02,0,17.61,17.61,0.0,67.3,False,51.0,False,,0.0,85.5
MSN04877,TB2-S01,Sigma,2024,1,2024-01-15,2,15.42,15.42,0.0,77.3,True,93.7,False,,0.0,80.8
MSN04878,TB2-S02,Sigma,2024,1,2024-01-18,1,16.57,16.57,0.0,85.9,False,60.6,False,,0.0,78.5
MSN04879,TB2-S04,Sigma,2024,1,2024-01-10,3,18.45,15.73,2.72,89.5,False,99.9,True,Engine,163.2,74.8
MSN04880,TB2-S03,Sigma,2024,1,2024-01-16,1,18.48,18.48,0.0,59.5,False,68.8,False,,0.0,77.7
MSN04881,TB2-S02,Sigma,2024,1,2024-01-11,1,16.71,16.71,0.0,119.1,True,49.1,False,,0.0,78.5
MSN04882,TB2-S01,Sigma,2024,1,2024-01-08,2,16.62,16.62,0.0,81.2,False,65.1,False,,0.0,80.8
MSN04883,TB2-S04,Sigma,2024,1,2024-01-18,3,17.04,17.04,0.0,88.4,False,91.9,False,,0.0,74.8
MSN04884,TB2-S02,Sigma,2024,1,2024-01-09,1,20.0,20.0,0.0,72.0,False,67.9,False,,0.0,78.5
MSN04885,TB2-S02,Sigma,2024,1,2024-01-23,1,17.27,17.27,0.0,82.5,False,63.6,False,,0.0,78.5
MSN04886,TB2-S01,Sigma,2024,1,2024-01-14,2,20.0,20.0,0.0,75.8,False,92.3,False,,0.0,80.8
MSN04888,TB2-S03,Sigma,2024,1,2024-01-24,1,17.89,17.89,0.0,66.5,False,71.7,False,,0.0,77.7
MSN04889,TB2-S03,Sigma,2024,1,2024-01-05,1,17.78,17.78,0.0,81.6,False,87.7,False,,0.0,77.7
MSN04890,TB2-S01,Sigma,2024,2,2024-02-16,2,17.78,17.78,0.0,115.0,True,65.3,False,,0.0,78.8
MSN04892,TB2-S04,Sigma,2024,2,2024-02-24,3,13.33,13.33,0.0,79.3,False,83.5,False,,0.0,71.0
MSN04894,TB2-S03,Sigma,2024,2,2024-02-02,1,17.86,17.86,0.0,83.2,False,53.8,False,,0.0,81.2
MSN04895,TB2-S01,Sigma,2024,2,2024-02-23,2,14.49,14.49,0.0,55.7,False,95.5,False,,0.0,78.8
MSN04896,TB2-S03,Sigma,2024,2,2024-02-01,1,19.35,19.15,0.2,52.1,False,63.6,True,Sensor/Payload,12.0,81.2
MSN04898,TB2-S04,Sigma,2024,2,2024-02-14,3,16.76,16.76,0.0,75.2,False,115.8,False,,0.0,71.0
MSN04899,TB2-S02,Sigma,2024,2,2024-02-26,1,18.28,18.28,0.0,68.0,False,76.9,False,,0.0,82.8
MSN04900,TB2-S04,Sigma,2024,2,2024-02-21,3,17.24,16.1,1.14,78.9,False,93.6,True,Sensor/Payload,68.4,71.0
MSN04901,TB2-S04,Sigma,2024,2,2024-02-06,3,17.28,17.28,0.0,148.1,True,97.4,False,,0.0,71.0
MSN04902,TB2-S04,Sigma,2024,2,2024-02-18,3,17.37,17.37,0.0,117.3,True,83.7,False,,0.0,71.0
MSN04903,TB2-S04,Sigma,2024,3,2024-03-09,3,16.83,16.83,0.0,158.2,True,99.3,False,,0.0,72.8
MSN04904,TB2-S03,Sigma,2024,3,2024-03-23,1,17.57,17.57,0.0,57.3,False,76.6,False,,0.0,79.2
MSN04906,TB2-S01,Sigma,2024,3,2024-03-18,2,18.9,18.9,0.0,136.6,True,82.1,False,,0.0,76.3
MSN04907,TB2-S04,Sigma,2024,3,2024-03-09,3,16.65,16.65,0.0,90.4,False,83.6,True,Control Surface,42.1,72.8
MSN04908,TB2-S04,Sigma,2024,3,2024-03-06,3,16.73,16.73,0.0,107.7,False,96.6,False,,0.0,72.8
MSN04909,TB2-S02,Sigma,2024,3,2024-03-25,1,19.18,19.18,0.0,56.7,False,73.3,False,,0.0,85.5
MSN04910,TB2-S03,Sigma,2024,3,2024-03-20,1,16.03,16.03,0.0,102.9,True,39.1,False,,0.0,79.2
MSN04911,TB2-S04,Sigma,2024,3,2024-03-25,3,16.56,16.56,0.0,90.9,False,104.4,False,,0.0,72.8
MSN04912,TB2-S01,Sigma,2024,4,2024-04-19,2,14.73,14.73,0.0,69.2,False,63.9,False,,0.0,77.8
MSN04913,TB2-S02,Sigma,2024,4,2024-04-26,1,16.67,16.67,0.0,86.6,False,62.5,False,,0.0,86.5
MSN04914,TB2-S02,Sigma,2024,4,2024-04-18,1,20.0,20.0,0.0,77.2,False,67.9,False,,0.0,86.5
MSN04915,TB2-S04,Sigma,2024,4,2024-04-23,3,20.0,15.54,4.46,127.7,True,88.7,True,Sensor/Payload,267.6,70.0
MSN04916,TB2-S03,Sigma,2024,4,2024-04-09,1,18.88,18.88,0.0,70.5,False,62.2,False,,0.0,78.3
MSN04917,TB2-S02,Sigma,2024,4,2024-04-15,1,17.22,17.22,0.0,84.8,False,85.7,False,,0.0,86.5
MSN04918,TB2-S01,Sigma,2024,4,2024-04-11,2,17.74,15.49,2.25,99.2,False,75.1,True,Sensor/Payload,135.0,77.8
MSN04919,TB2-S01,Sigma,2024,4,2024-04-03,2,17.63,17.63,0.0,85.2,False,86.5,True,Engine,32.3,77.8
MSN04920,TB2-S04,Sigma,2024,4,2024-04-04,3,18.8,18.8,0.0,123.2,False,71.7,True,Sensor/Payload,5.0,70.0
MSN04921,TB2-S02,Sigma,2024,4,2024-04-11,1,15.46,15.46,0.0,58.0,False,70.7,False,,0.0,86.5
MSN04922,TB2-S01,Sigma,2024,4,2024-04-13,2,17.81,17.81,0.0,88.3,False,79.3,False,,0.0,77.8
MSN04923,TB2-S02,Sigma,2024,4,2024-04-08,1,18.57,18.57,0.0,59.0,False,73.8,True,Navigation/GPS,17.1,86.5
MSN04924,TB2-S01,Sigma,2024,4,2024-04-06,2,16.67,16.67,0.0,79.2,False,67.8,False,,0.0,77.8
MSN04925,TB2-S03,Sigma,2024,4,2024-04-17,1,20.0,20.0,0.0,86.6,False,62.4,False,,0.0,78.3
MSN04926,TB2-S01,Sigma,2024,4,2024-04-02,2,19.15,19.15,0.0,78.6,False,66.5,False,,0.0,77.8
MSN04927,TB2-S03,Sigma,2024,4,2024-04-19,1,17.75,17.75,0.0,132.0,True,80.2,False,,0.0,78.3
MSN04928,TB2-S04,Sigma,2024,4,2024-04-11,3,16.81,16.81,0.0,85.0,False,95.1,False,,0.0,70.0
MSN04929,TB2-S04,Sigma,2024,4,2024-04-18,3,15.26,15.26,0.0,145.6,True,77.7,False,,0.0,70.0
MSN04930,TB2-S01,Sigma,2024,4,2024-04-08,2,16.92,16.92,0.0,112.6,True,104.0,False,,0.0,77.8
MSN04931,TB2-S03,Sigma,2024,4,2024-04-26,1,14.99,14.99,0.0,84.5,False,69.5,False,,0.0,78.3
MSN04932,TB2-S02,Sigma,2024,4,2024-04-17,1,18.27,18.27,0.0,52.2,False,66.2,False,,0.0,86.5
MSN04933,TB2-S04,Sigma,2024,4,2024-04-05,3,15.39,15.39,0.0,66.3,False,99.0,False,,0.0,70.0
MSN04934,TB2-S02,Sigma,2024,5,2024-05-08,1,16.51,16.51,0.0,75.3,False,91.9,False,,0.0,80.6
MSN04935,TB2-S03,Sigma,2024,5,2024-05-05,1,15.92,15.92,0.0,79.5,False,74.5,False,,0.0,79.4
MSN04937,TB2-S04,Sigma,2024,5,2024-05-16,3,16.23,16.23,0.0,138.8,True,90.3,True,Control Surface,19.0,69.4
MSN04938,TB2-S02,Sigma,2024,5,2024-05-28,1,16.08,16.08,0.0,64.1,False,67.3,False,,0.0,80.6
MSN04939,TB2-S02,Sigma,2024,5,2024-05-23,1,12.1,10.07,2.03,117.6,True,67.7,True,Sensor/Payload,121.8,80.6
MSN04940,TB2-S03,Sigma,2024,5,2024-05-08,1,13.76,13.76,0.0,69.4,False,68.3,False,,0.0,79.4
MSN04941,TB2-S04,Sigma,2024,5,2024-05-13,3,18.66,18.66,0.0,93.9,False,95.7,False,,0.0,69.4
MSN04942,TB2-S01,Sigma,2024,5,2024-05-20,2,16.28,16.28,0.0,89.3,False,80.5,False,,0.0,75.1
MSN04943,TB2-S04,Sigma,2024,5,2024-05-26,3,17.09,17.09,0.0,110.5,True,93.6,False,,0.0,69.4
MSN04944,TB2-S01,Sigma,2024,5,2024-05-19,2,14.92,14.92,0.0,88.1,False,87.4,True,Sensor/Payload,21.2,75.1
MSN04945,TB2-S03,Sigma,2024,5,2024-05-25,1,19.48,19.48,0.0,87.8,False,48.4,False,,0.0,79.4
MSN04946,TB2-S04,Sigma,2024,5,2024-05-07,3,17.49,15.54,1.95,75.4,False,88.6,True,Navigation/GPS,117.0,69.4
MSN04947,TB2-S01,Sigma,2024,5,2024-05-28,2,16.03,16.03,0.0,56.3,False,74.0,False,,0.0,75.1
MSN04948,TB2-S02,Sigma,2024,5,2024-05-11,1,20.0,20.0,0.0,77.4,False,61.9,False,,0.0,80.6
MSN04949,TB2-S04,Sigma,2024,5,2024-05-03,3,17.37,17.37,0.0,89.9,False,100.1,False,,0.0,69.4
MSN04950,TB2-S03,Sigma,2024,5,2024-05-22,1,17.46,17.46,0.0,75.4,False,91.2,False,,0.0,79.4
MSN04951,TB2-S04,Sigma,2024,5,2024-05-12,3,15.7,15.7,0.0,79.7,False,82.5,False,,0.0,69.4
MSN04952,TB2-S01,Sigma,2024,5,2024-05-01,2,16.66,16.66,0.0,54.3,False,87.7,False,,0.0,75.1
MSN04953,TB2-S02,Sigma,2024,5,2024-05-28,1,14.3,14.3,0.0,60.8,False,60.3,False,,0.0,80.6
MSN04954,TB2-S02,Sigma,2024,5,2024-05-19,1,16.93,16.93,0.0,66.1,False,86.8,True,Control Surface,7.3,80.6
MSN04955,TB2-S03,Sigma,2024,5,2024-05-12,1,13.94,13.94,0.0,81.2,False,58.7,False,,0.0,79.4
MSN04956,TB2-S01,Sigma,2024,5,2024-05-09,2,17.63,15.49,2.14,95.3,False,87.8,True,Sensor/Payload,128.4,75.1
MSN04957,TB2-S04,Sigma,2024,6,2024-06-14,3,17.71,17.71,0.0,78.4,False,88.2,True,Control Surface,32.1,68.8
MSN04958,TB2-S01,Sigma,2024,6,2024-06-01,2,13.67,13.67,0.0,80.0,False,73.6,False,,0.0,75.5
MSN04959,TB2-S04,Sigma,2024,6,2024-06-16,3,16.62,16.62,0.0,97.6,False,94.1,True,Communication Link,29.0,68.8
MSN04960,TB2-S03,Sigma,2024,6,2024-06-19,1,17.23,17.23,0.0,106.8,True,61.3,False,,0.0,76.9
MSN04961,TB2-S01,Sigma,2024,6,2024-06-07,2,20.0,20.0,0.0,88.5,False,86.7,False,,0.0,75.5
MSN04962,TB2-S03,Sigma,2024,6,2024-06-07,1,15.26,15.26,0.0,51.1,False,92.0,False,,0.0,76.9
MSN04963,TB2-S03,Sigma,2024,6,2024-06-18,1,18.65,18.65,0.0,139.2,True,78.1,False,,0.0,76.9
MSN04964,TB2-S02,Sigma,2024,6,2024-06-21,1,17.13,17.13,0.0,78.1,True,54.5,False,,0.0,76.1
MSN04965,TB2-S04,Sigma,2024,6,2024-06-28,3,17.78,17.78,0.0,73.9,False,96.1,False,,0.0,68.8
MSN04966,TB2-S04,Sigma,2024,6,2024-06-02,3,19.42,19.42,0.0,119.8,True,99.5,False,,0.0,68.8
MSN04967,TB2-S02,Sigma,2024,6,2024-06-03,1,13.41,13.41,0.0,59.0,False,65.9,False,,0.0,76.1
MSN04968,TB2-S02,Sigma,2024,6,2024-06-11,1,14.84,14.84,0.0,163.6,True,69.1,False,,0.0,76.1
MSN04969,TB2-S01,Sigma,2024,6,2024-06-12,2,19.92,19.92,0.0,71.2,False,81.7,True,Navigation/GPS,19.8,75.5
MSN04970,TB2-S03,Sigma,2024,7,2024-07-10,1,18.37,18.37,0.0,70.9,False,65.7,False,,0.0,82.0
MSN04971,TB2-S01,Sigma,2024,7,2024-07-11,2,18.29,18.29,0.0,81.5,False,88.7,False,,0.0,77.8
MSN04972,TB2-S03,Sigma,2024,7,2024-07-02,1,18.9,18.9,0.0,131.5,True,68.9,True,Navigation/GPS,18.3,82.0
MSN04973,TB2-S02,Sigma,2024,7,2024-07-02,1,14.58,6.89,7.69,75.3,False,72.9,True,Engine,461.4,79.8
MSN04974,TB2-S03,Sigma,2024,7,2024-07-28,1,19.21,19.21,0.0,84.3,True,78.4,False,,0.0,82.0
MSN04975,TB2-S03,Sigma,2024,7,2024-07-09,1,18.52,18.52,0.0,73.2,False,82.6,False,,0.0,82.0
MSN04976,TB2-S02,Sigma,2024,7,2024-07-03,1,17.22,17.22,0.0,111.9,True,51.6,False,,0.0,79.8
MSN04977,TB2-S01,Sigma,2024,7,2024-07-16,2,17.18,17.18,0.0,137.0,True,72.6,False,,0.0,77.8
MSN04978,TB2-S01,Sigma,2024,7,2024-07-08,2,18.74,18.74,0.0,73.9,False,66.8,True,Navigation/GPS,20.9,77.8
MSN04979,TB2-S04,Sigma,2024,7,2024-07-10,3,18.96,18.96,0.0,86.9,False,97.6,False,,0.0,72.0
MSN04980,TB2-S01,Sigma,2024,7,2024-07-14,2,17.26,17.26,0.0,80.2,False,80.6,False,,0.0,77.8
MSN04981,TB2-S01,Sigma,2024,7,2024-07-06,2,16.09,16.09,0.0,59.0,False,90.4,False,,0.0,77.8
MSN04982,TB2-S01,Sigma,2024,7,2024-07-28,2,16.46,16.46,0.0,82.4,False,72.1,False,,0.0,77.8
MSN04983,TB2-S01,Sigma,2024,7,2024-07-25,2,17.66,17.66,0.0,100.4,False,83.7,False,,0.0,77.8
MSN04984,TB2-S01,Sigma,2024,7,2024-07-09,2,14.56,14.56,0.0,145.5,True,63.1,False,,0.0,77.8
MSN04985,TB2-S04,Sigma,2024,7,2024-07-16,3,17.38,17.38,0.0,90.6,False,100.6,False,,0.0,72.0
MSN04986,TB2-S04,Sigma,2024,7,2024-07-23,3,16.23,16.23,0.0,84.5,False,92.8,True,Engine,15.3,72.0
MSN04987,TB2-S01,Sigma,2024,7,2024-07-03,2,15.25,15.25,0.0,88.3,False,76.0,False,,0.0,77.8
MSN04988,TB2-S01,Sigma,2024,7,2024-07-03,2,12.76,12.76,0.0,163.8,True,71.7,False,,0.0,77.8
MSN04989,TB2-S04,Sigma,2024,7,2024-07-22,3,15.13,11.91,3.22,90.0,False,95.9,True,Engine,193.2,72.0
MSN04990,TB2-S03,Sigma,2024,7,2024-07-12,1,19.22,19.22,0.0,86.9,False,53.4,False,,0.0,82.0
MSN04991,TB2-S03,Sigma,2024,8,2024-08-04,1,16.1,16.1,0.0,48.6,False,80.4,True,Navigation/GPS,15.1,87.6
MSN04992,TB2-S03,Sigma,2024,8,2024-08-26,1,19.04,19.04,0.0,86.6,False,91.3,False,,0.0,87.6
MSN04993,TB2-S02,Sigma,2024,8,2024-08-24,1,15.45,15.45,0.0,102.7,True,74.4,False,,0.0,83.0
MSN04994,TB2-S03,Sigma,2024,8,2024-08-10,1,19.02,19.02,0.0,72.7,False,79.6,False,,0.0,87.6
MSN04995,TB2-S03,Sigma,2024,8,2024-08-10,1,15.92,15.61,0.31,65.8,False,66.7,True,Sensor/Payload,18.6,87.6
MSN04996,TB2-S03,Sigma,2024,8,2024-08-07,1,18.6,18.6,0.0,75.1,False,81.9,False,,0.0,87.6
MSN04997,TB2-S02,Sigma,2024,8,2024-08-14,1,17.29,17.09,0.2,72.6,False,66.9,True,Electrical System,12.0,83.0
MSN04998,TB2-S01,Sigma,2024,8,2024-08-20,2,16.69,16.69,0.0,118.1,False,109.1,False,,0.0,82.3
MSN04999,TB2-S04,Sigma,2024,8,2024-08-22,3,17.67,17.67,0.0,83.8,False,96.1,False,,0.0,70.5
MSN05000,TB2-S01,Sigma,2024,8,2024-08-16,2,17.64,17.44,0.2,73.5,False,81.4,True,Engine,12.0,82.3
MSN05001,TB2-S03,Sigma,2024,8,2024-08-20,1,16.05,16.05,0.0,67.8,False,80.8,False,,0.0,87.6
MSN05002,TB2-S02,Sigma,2024,8,2024-08-24,1,19.44,19.44,0.0,73.2,False,74.5,False,,0.0,83.0
MSN05003,TB2-S02,Sigma,2024,8,2024-08-13,1,17.58,17.58,0.0,77.9,False,78.7,False,,0.0,83.0
MSN05004,TB2-S04,Sigma,2024,8,2024-08-26,3,16.07,16.07,0.0,128.9,True,97.4,False,,0.0,70.5
MSN05005,TB2-S04,Sigma,2024,8,2024-08-24,3,16.1,16.1,0.0,110.7,False,101.3,False,,0.0,70.5
MSN05006,TB2-S01,Sigma,2024,8,2024-08-26,2,18.49,18.49,0.0,81.0,False,78.8,False,,0.0,82.3
MSN05007,TB2-S02,Sigma,2024,8,2024-08-07,1,18.48,18.48,0.0,134.6,True,52.2,False,,0.0,83.0
MSN05008,TB2-S02,Sigma,2024,8,2024-08-27,1,18.23,18.23,0.0,79.8,False,68.6,False,,0.0,83.0
MSN05009,TB2-S01,Sigma,2024,9,2024-09-25,2,16.94,16.94,0.0,88.5,False,114.6,False,,0.0,81.6
MSN05011,TB2-S01,Sigma,2024,9,2024-09-11,2,16.85,16.85,0.0,85.8,False,101.5,False,,0.0,81.6
MSN05012,TB2-S01,Sigma,2024,9,2024-09-16,2,13.13,13.13,0.0,82.2,False,79.3,True,Engine,17.1,81.6
MSN05013,TB2-S01,Sigma,2024,9,2024-09-07,2,17.52,17.52,0.0,118.8,True,84.9,False,,0.0,81.6
MSN05014,TB2-S03,Sigma,2024,9,2024-09-23,1,17.84,17.84,0.0,74.3,False,58.2,False,,0.0,80.8
MSN05015,TB2-S03,Sigma,2024,9,2024-09-07,1,15.92,15.92,0.0,71.6,False,61.9,False,,0.0,80.8
MSN05016,TB2-S02,Sigma,2024,9,2024-09-14,1,20.0,20.0,0.0,65.9,False,55.2,False,,0.0,82.2
MSN05017,TB2-S02,Sigma,2024,9,2024-09-10,1,17.5,17.5,0.0,47.9,False,52.6,False,,0.0,82.2
MSN05018,TB2-S02,Sigma,2024,9,2024-09-18,1,20.0,20.0,0.0,82.6,False,58.8,False,,0.0,82.2
MSN05019,TB2-S03,Sigma,2024,9,2024-09-13,1,17.31,17.31,0.0,54.1,False,50.2,False,,0.0,80.8
MSN05020,TB2-S04,Sigma,2024,9,2024-09-15,3,17.91,17.91,0.0,100.7,False,71.7,False,,0.0,68.3
MSN05021,TB2-S02,Sigma,2024,9,2024-09-20,1,16.55,16.55,0.0,98.8,False,60.7,False,,0.0,82.2
MSN05022,TB2-S02,Sigma,2024,9,2024-09-23,1,17.95,17.95,0.0,75.3,False,82.2,False,,0.0,82.2
MSN05023,TB2-S03,Sigma,2024,9,2024-09-03,1,15.72,15.72,0.0,55.1,False,63.3,False,,0.0,80.8
MSN05024,TB2-S03,Sigma,2024,9,2024-09-06,1,15.24,15.24,0.0,64.7,False,73.7,False,,0.0,80.8
MSN05027,TB2-S02,Sigma,2024,9,2024-09-21,1,18.97,18.97,0.0,70.3,False,69.8,False,,0.0,82.2
MSN05028,TB2-S02,Sigma,2024,9,2024-09-20,1,18.11,18.11,0.0,75.2,False,67.9,False,,0.0,82.2
MSN05029,TB2-S01,Sigma,2024,10,2024-10-23,2,16.2,16.2,0.0,83.1,False,72.7,False,,0.0,83.0
MSN05030,TB2-S03,Sigma,2024,10,2024-10-05,1,17.65,17.65,0.0,119.7,True,52.3,False,,0.0,83.6
MSN05031,TB2-S04,Sigma,2024,10,2024-10-25,3,18.21,18.21,0.0,77.4,False,95.2,False,,0.0,71.3
MSN05032,TB2-S04,Sigma,2024,10,2024-10-05,3,17.02,17.02,0.0,103.7,False,114.5,False,,0.0,71.3
MSN05033,TB2-S04,Sigma,2024,10,2024-10-14,3,17.33,17.33,0.0,147.8,True,67.4,False,,0.0,71.3
MSN05034,TB2-S01,Sigma,2024,10,2024-10-19,2,18.23,18.23,0.0,85.8,False,82.8,True,Sensor/Payload,41.7,83.0
MSN05035,TB2-S02,Sigma,2024,10,2024-10-02,1,20.0,20.0,0.0,86.4,False,77.9,False,,0.0,78.4
MSN05036,TB2-S02,Sigma,2024,10,2024-10-19,1,15.09,15.09,0.0,91.0,False,59.6,False,,0.0,78.4
MSN05037,TB2-S04,Sigma,2024,10,2024-10-27,3,18.9,18.9,0.0,71.1,False,91.8,False,,0.0,71.3
MSN05038,TB2-S03,Sigma,2024,10,2024-10-15,1,18.79,18.79,0.0,64.7,False,86.4,True,Electrical System,15.4,83.6
MSN05039,TB2-S02,Sigma,2024,10,2024-10-02,1,16.38,16.38,0.0,77.1,False,66.1,False,,0.0,78.4
MSN05040,TB2-S02,Sigma,2024,10,2024-10-06,1,19.92,19.21,0.71,130.6,True,68.3,True,Communication Link,42.6,78.4
MSN05041,TB2-S02,Sigma,2024,10,2024-10-14,1,18.15,18.15,0.0,80.4,False,71.6,False,,0.0,78.4
MSN05042,TB2-S03,Sigma,2024,10,2024-10-22,1,17.62,17.62,0.0,49.8,False,84.3,False,,0.0,83.6
MSN05043,TB2-S03,Sigma,2024,10,2024-10-20,1,18.25,18.25,0.0,71.7,False,81.6,True,Sensor/Payload,35.6,83.6
MSN05044,TB2-S04,Sigma,2024,11,2024-11-28,3,13.74,13.74,0.0,152.1,True,70.6,False,,0.0,72.5
MSN05045,TB2-S02,Sigma,2024,11,2024-11-21,1,18.25,18.25,0.0,33.7,False,82.9,False,,0.0,85.7
MSN05046,TB2-S02,Sigma,2024,11,2024-11-08,1,17.08,17.08,0.0,85.6,False,70.4,False,,0.0,85.7
MSN05047,TB2-S03,Sigma,2024,11,2024-11-07,1,19.48,19.48,0.0,88.4,False,68.0,True,Control Surface,32.6,76.4
MSN05048,TB2-S01,Sigma,2024,11,2024-11-08,2,13.71,13.71,0.0,108.2,True,82.5,False,,0.0,77.3
MSN05049,TB2-S03,Sigma,2024,11,2024-11-15,1,19.58,19.58,0.0,67.8,False,57.8,False,,0.0,76.4
MSN05050,TB2-S01,Sigma,2024,11,2024-11-11,2,14.98,14.98,0.0,75.4,False,84.8,False,,0.0,77.3
MSN05053,TB2-S03,Sigma,2024,11,2024-11-22,1,15.49,15.49,0.0,60.4,False,75.5,False,,0.0,76.4
MSN05054,TB2-S02,Sigma,2024,11,2024-11-25,1,16.56,16.56,0.0,64.6,False,65.2,False,,0.0,85.7
MSN05055,TB2-S01,Sigma,2024,11,2024-11-04,2,15.48,15.48,0.0,81.4,False,95.2,False,,0.0,77.3
MSN05056,TB2-S04,Sigma,2024,12,2024-12-16,3,17.07,17.07,0.0,97.4,False,92.3,False,,0.0,81.4
MSN05057,TB2-S03,Sigma,2024,12,2024-12-15,1,15.67,15.67,0.0,66.7,False,57.4,False,,0.0,84.2
MSN05058,TB2-S03,Sigma,2024,12,2024-12-11,1,15.97,15.97,0.0,65.5,False,82.2,False,,0.0,84.2
MSN05059,TB2-S03,Sigma,2024,12,2024-12-22,1,17.04,17.04,0.0,65.1,False,69.8,False,,0.0,84.2
MSN05060,TB2-S02,Sigma,2024,12,2024-12-23,1,18.01,18.01,0.0,82.5,False,67.0,False,,0.0,78.5
MSN05061,TB2-S04,Sigma,2024,12,2024-12-14,3,17.22,17.22,0.0,69.9,False,92.3,True,Engine,23.4,81.4
MSN05062,TB2-S03,Sigma,2024,12,2024-12-10,1,18.02,15.16,2.86,69.0,False,85.6,True,Sensor/Payload,171.6,84.2
MSN05063,TB2-S04,Sigma,2024,12,2024-12-07,3,16.27,16.27,0.0,78.2,False,92.1,False,,0.0,81.4
MSN05064,TB2-S02,Sigma,2024,12,2024-12-28,1,16.44,16.44,0.0,78.0,False,69.5,False,,0.0,78.5
MSN05065,TB2-S02,Sigma,2024,12,2024-12-22,1,18.54,18.54,0.0,64.4,False,74.5,False,,0.0,78.5
MSN05066,TB2-S02,Sigma,2024,12,2024-12-02,1,18.71,18.71,0.0,82.7,False,82.3,True,Engine,28.3,78.5
MSN05067,TB2-S03,Sigma,2024,12,2024-12-15,1,17.47,17.47,0.0,74.2,False,45.8,False,,0.0,84.2
MSN05069,TB2-S04,Sigma,2024,12,2024-12-25,3,15.11,15.11,0.0,88.8,False,93.0,False,,0.0,81.4
MSN05070,TB2-S03,Sigma,2024,12,2024-12-11,1,17.95,17.95,0.0,55.7,False,68.6,False,,0.0,84.2
MSN05072,TB2-S03,Sigma,2024,12,2024-12-11,1,17.87,17.87,0.0,89.2,False,80.7,False,,0.0,84.2
MSN05073,TB2-S01,Sigma,2024,12,2024-12-17,2,14.99,14.99,0.0,86.1,False,105.5,False,,0.0,83.0
MSN05074,TB2-S01,Sigma,2024,12,2024-12-08,2,20.0,20.0,0.0,83.0,False,65.1,False,,0.0,83.0
MSN05075,TB2-S02,Sigma,2024,12,2024-12-10,1,16.35,16.35,0.0,71.8,False,82.3,False,,0.0,78.5
MSN05076,TB2-S04,Sigma,2025,1,2025-01-02,4,15.3,2.1,13.2,94.0,False,98.0,True,Communication Link,792.0,70.4
MSN05077,TB2-S01,Sigma,2025,1,2025-01-01,3,12.28,12.28,0.0,83.0,False,96.7,False,,0.0,75.2
MSN05078,TB2-S02,Sigma,2025,1,2025-01-14,2,17.81,9.51,8.3,74.3,False,73.9,True,Engine,498.0,78.2
MSN05079,TB2-S04,Sigma,2025,1,2025-01-09,4,18.58,18.58,0.0,175.5,True,88.2,False,,0.0,70.4
MSN05080,TB2-S04,Sigma,2025,1,2025-01-25,4,17.51,17.51,0.0,166.0,True,104.2,False,,0.0,70.4
MSN05081,TB2-S03,Sigma,2025,1,2025-01-08,2,16.97,16.97,0.0,108.5,True,81.3,False,,0.0,78.5
MSN05082,TB2-S01,Sigma,2025,1,2025-01-24,3,18.09,18.09,0.0,86.0,False,62.7,False,,0.0,75.2
MSN05083,TB2-S03,Sigma,2025,1,2025-01-23,2,15.32,15.32,0.0,65.1,False,94.0,False,,0.0,78.5
MSN05084,TB2-S04,Sigma,2025,1,2025-01-09,4,18.89,18.89,0.0,103.0,False,97.6,False,,0.0,70.4
MSN05085,TB2-S01,Sigma,2025,1,2025-01-26,3,20.0,20.0,0.0,93.5,False,81.5,False,,0.0,75.2
MSN05086,TB2-S03,Sigma,2025,1,2025-01-28,2,18.05,18.05,0.0,136.4,True,87.8,False,,0.0,78.5
MSN05088,TB2-S01,Sigma,2025,2,2025-02-03,3,16.4,16.4,0.0,93.0,False,70.8,True,Communication Link,35.1,76.2
MSN05089,TB2-S04,Sigma,2025,2,2025-02-21,4,19.99,19.99,0.0,117.6,False,92.0,False,,0.0,68.7
MSN05090,TB2-S01,Sigma,2025,2,2025-02-16,3,12.36,12.36,0.0,82.0,False,67.0,False,,0.0,76.2
MSN05091,TB2-S01,Sigma,2025,2,2025-02-02,3,15.42,15.42,0.0,133.7,True,104.3,False,,0.0,76.2
MSN05092,TB2-S03,Sigma,2025,2,2025-02-02,2,20.0,20.0,0.0,63.1,False,90.7,False,,0.0,81.5
MSN05093,TB2-S01,Sigma,2025,2,2025-02-27,3,14.88,14.88,0.0,107.0,False,94.9,False,,0.0,76.2
MSN05094,TB2-S01,Sigma,2025,2,2025-02-21,3,18.05,18.05,0.0,90.0,False,85.1,False,,0.0,76.2
MSN05095,TB2-S03,Sigma,2025,2,2025-02-15,2,17.56,17.56,0.0,60.5,False,83.6,False,,0.0,81.5
MSN05096,TB2-S02,Sigma,2025,2,2025-02-21,2,18.28,18.28,0.0,77.1,False,69.8,False,,0.0,79.1
MSN05097,TB2-S02,Sigma,2025,2,2025-02-14,2,18.69,18.69,0.0,100.9,False,80.3,False,,0.0,79.1
MSN05098,TB2-S01,Sigma,2025,2,2025-02-18,3,15.06,15.06,0.0,99.2,False,100.9,False,,0.0,76.2
MSN05100,TB2-S01,Sigma,2025,2,2025-02-01,3,20.0,20.0,0.0,86.9,False,98.7,True,Sensor/Payload,32.0,76.2
MSN05101,TB2-S02,Sigma,2025,2,2025-02-11,2,15.37,15.37,0.0,115.8,True,81.1,False,,0.0,79.1
MSN05102,TB2-S03,Sigma,2025,3,2025-03-13,2,17.7,17.7,0.0,133.3,True,74.2,False,,0.0,75.3
MSN05103,TB2-S02,Sigma,2025,3,2025-03-02,2,15.75,15.75,0.0,77.9,False,70.2,False,,0.0,80.3
MSN05104,TB2-S01,Sigma,2025,3,2025-03-23,3,18.27,18.27,0.0,86.2,False,91.1,False,,0.0,78.9
MSN05105,TB2-S04,Sigma,2025,3,2025-03-20,4,19.26,19.26,0.0,105.6,True,105.1,False,,0.0,71.1
MSN05106,TB2-S01,Sigma,2025,3,2025-03-01,3,20.0,16.76,3.24,124.9,True,83.1,True,Sensor/Payload,194.4,78.9
MSN05107,TB2-S01,Sigma,2025,3,2025-03-03,3,17.65,17.25,0.4,129.3,True,90.0,True,Sensor/Payload,24.0,78.9
MSN05108,TB2-S01,Sigma,2025,3,2025-03-21,3,13.98,13.98,0.0,93.3,False,100.9,False,,0.0,78.9
MSN05110,TB2-S01,Sigma,2025,3,2025-03-06,3,20.0,19.8,0.2,131.2,True,81.9,True,Engine,12.0,78.9
MSN05112,TB2-S03,Sigma,2025,3,2025-03-22,2,14.84,14.84,0.0,74.6,False,70.4,False,,0.0,75.3
MSN05113,TB2-S01,Sigma,2025,3,2025-03-12,3,17.9,17.9,0.0,83.7,False,99.8,False,,0.0,78.9
MSN05114,TB2-S04,Sigma,2025,3,2025-03-16,4,19.9,19.9,0.0,93.1,False,108.5,False,,0.0,71.1
MSN05115,TB2-S04,Sigma,2025,3,2025-03-04,4,16.06,16.06,0.0,104.4,False,93.7,False,,0.0,71.1
MSN05116,TB2-S03,Sigma,2025,3,2025-03-04,2,15.88,15.88,0.0,79.1,False,88.7,False,,0.0,75.3
MSN05117,TB2-S04,Sigma,2025,3,2025-03-04,4,18.83,18.83,0.0,153.1,True,95.5,False,,0.0,71.1
MSN05118,TB2-S02,Sigma,2025,3,2025-03-15,2,16.4,16.4,0.0,128.8,True,96.2,False,,0.0,80.3
MSN05119,TB2-S01,Sigma,2025,4,2025-04-18,3,14.9,14.9,0.0,106.5,True,100.1,True,Control Surface,30.5,77.6
MSN05120,TB2-S03,Sigma,2025,4,2025-04-09,2,14.85,13.97,0.88,84.7,False,99.8,True,Sensor/Payload,52.8,79.5
MSN05121,TB2-S01,Sigma,2025,4,2025-04-05,3,19.24,19.24,0.0,94.4,False,81.4,False,,0.0,77.6
MSN05123,TB2-S04,Sigma,2025,4,2025-04-28,4,17.37,17.37,0.0,103.9,False,104.9,False,,0.0,76.0
MSN05124,TB2-S04,Sigma,2025,4,2025-04-02,4,14.11,14.11,0.0,107.8,True,100.4,False,,0.0,76.0
MSN05125,TB2-S04,Sigma,2025,4,2025-04-07,4,18.03,18.03,0.0,99.6,False,92.4,False,,0.0,76.0
MSN05126,TB2-S04,Sigma,2025,4,2025-04-24,4,16.24,16.24,0.0,101.6,False,90.8,False,,0.0,76.0
MSN05127,TB2-S02,Sigma,2025,4,2025-04-16,2,18.54,18.54,0.0,109.5,True,85.6,False,,0.0,81.3
MSN05128,TB2-S03,Sigma,2025,4,2025-04-27,2,14.09,14.09,0.0,69.2,False,71.9,False,,0.0,79.5
MSN05129,TB2-S02,Sigma,2025,4,2025-04-21,2,18.48,17.99,0.49,72.4,False,74.0,True,Control Surface,29.4,81.3
MSN05130,TB2-S04,Sigma,2025,4,2025-04-04,4,16.92,16.92,0.0,107.4,False,97.7,False,,0.0,76.0
MSN05131,TB2-S03,Sigma,2025,4,2025-04-20,2,18.51,18.51,0.0,103.6,True,108.3,False,,0.0,79.5
MSN05132,TB2-S03,Sigma,2025,4,2025-04-05,2,15.02,14.82,0.2,84.2,False,77.6,True,Sensor/Payload,12.0,79.5
MSN05133,TB2-S02,Sigma,2025,4,2025-04-21,2,20.0,20.0,0.0,96.6,False,67.8,False,,0.0,81.3
MSN05134,TB2-S02,Sigma,2025,4,2025-04-28,2,16.52,16.52,0.0,72.8,False,73.7,False,,0.0,81.3
MSN05135,TB2-S02,Sigma,2025,4,2025-04-06,2,16.88,16.88,0.0,123.2,True,97.6,False,,0.0,81.3
MSN05136,TB2-S01,Sigma,2025,4,2025-04-18,3,13.2,13.2,0.0,86.6,False,80.8,False,,0.0,77.6
MSN05137,TB2-S03,Sigma,2025,4,2025-04-09,2,17.58,17.58,0.0,90.5,False,61.1,False,,0.0,79.5
MSN05138,TB2-S02,Sigma,2025,5,2025-05-05,2,17.42,17.42,0.0,82.4,False,88.1,False,,0.0,83.1
MSN05139,TB2-S01,Sigma,2025,5,2025-05-01,3,15.41,15.41,0.0,92.8,True,76.3,False,,0.0,74.8
MSN05140,TB2-S01,Sigma,2025,5,2025-05-08,3,13.37,13.37,0.0,103.5,False,79.6,True,Engine,13.6,74.8
MSN05141,TB2-S01,Sigma,2025,5,2025-05-26,3,17.4,17.4,0.0,67.5,False,98.1,False,,0.0,74.8
MSN05142,TB2-S03,Sigma,2025,5,2025-05-04,2,13.41,13.41,0.0,91.1,False,89.2,False,,0.0,76.4
MSN05143,TB2-S01,Sigma,2025,5,2025-05-17,3,17.56,15.2,2.36,93.8,False,87.6,True,Control Surface,141.6,74.8
MSN05144,TB2-S01,Sigma,2025,5,2025-05-28,3,14.87,14.87,0.0,99.2,False,81.7,False,,0.0,74.8
MSN05145,TB2-S03,Sigma,2025,5,2025-05-17,2,20.0,18.44,1.56,88.4,False,68.6,True,Communication Link,93.6,76.4
MSN05146,TB2-S04,Sigma,2025,5,2025-05-01,4,16.26,16.26,0.0,93.5,False,79.3,False,,0.0,73.6
MSN05147,TB2-S01,Sigma,2025,5,2025-05-09,3,16.32,16.32,0.0,100.3,False,101.8,True,Electrical System,21.6,74.8
MSN05148,TB2-S03,Sigma,2025,5,2025-05-26,2,13.66,13.66,0.0,58.1,False,81.7,False,,0.0,76.4
MSN05149,TB2-S01,Sigma,2025,5,2025-05-17,3,17.86,17.86,0.0,128.2,True,83.6,False,,0.0,74.8
MSN05150,TB2-S01,Sigma,2025,5,2025-05-08,3,17.83,17.83,0.0,129.3,True,86.7,False,,0.0,74.8
MSN05151,TB2-S01,Sigma,2025,5,2025-05-27,3,17.49,17.49,0.0,112.3,False,96.1,False,,0.0,74.8
MSN05152,TB2-S02,Sigma,2025,5,2025-05-21,2,18.8,18.8,0.0,88.5,False,78.0,False,,0.0,83.1
MSN05153,TB2-S01,Sigma,2025,5,2025-05-27,3,14.89,14.89,0.0,95.7,False,103.4,False,,0.0,74.8
MSN05154,TB2-S01,Sigma,2025,5,2025-05-02,3,17.83,17.83,0.0,102.7,False,94.6,True,Engine,16.5,74.8
MSN05155,TB2-S03,Sigma,2025,5,2025-05-19,2,18.39,18.39,0.0,85.6,False,76.0,False,,0.0,76.4
MSN05156,TB2-S04,Sigma,2025,5,2025-05-25,4,17.07,17.07,0.0,130.3,True,89.1,True,Navigation/GPS,45.1,73.6
MSN05157,TB2-S01,Sigma,2025,5,2025-05-06,3,14.69,14.69,0.0,108.0,False,86.2,False,,0.0,74.8
MSN05158,TB2-S04,Sigma,2025,5,2025-05-05,4,16.72,16.72,0.0,108.4,False,111.0,False,,0.0,73.6
MSN05159,TB2-S03,Sigma,2025,5,2025-05-23,2,17.4,17.4,0.0,61.1,False,100.3,False,,0.0,76.4
MSN05160,TB2-S01,Sigma,2025,5,2025-05-13,3,15.72,15.72,0.0,74.9,False,95.6,False,,0.0,74.8
MSN05161,TB2-S01,Sigma,2025,6,2025-06-05,3,15.9,15.9,0.0,129.2,True,82.0,False,,0.0,76.5
MSN05162,TB2-S03,Sigma,2025,6,2025-06-13,2,16.92,16.92,0.0,69.6,False,58.4,False,,0.0,77.1
MSN05163,TB2-S04,Sigma,2025,6,2025-06-02,4,19.12,19.12,0.0,99.7,False,96.3,False,,0.0,70.9
MSN05164,TB2-S01,Sigma,2025,6,2025-06-06,3,15.24,15.24,0.0,80.1,False,87.0,False,,0.0,76.5
MSN05165,TB2-S01,Sigma,2025,6,2025-06-10,3,19.65,19.65,0.0,111.7,True,82.8,False,,0.0,76.5
MSN05166,TB2-S01,Sigma,2025,6,2025-06-13,3,20.0,20.0,0.0,120.2,True,81.2,False,,0.0,76.5
MSN05167,TB2-S04,Sigma,2025,6,2025-06-20,4,15.92,14.25,1.67,93.5,False,99.0,True,Control Surface,100.2,70.9
MSN05168,TB2-S03,Sigma,2025,6,2025-06-11,2,18.23,18.23,0.0,78.9,False,80.4,False,,0.0,77.1
MSN05169,TB2-S01,Sigma,2025,6,2025-06-16,3,20.0,20.0,0.0,77.5,False,113.5,False,,0.0,76.5
MSN05170,TB2-S02,Sigma,2025,6,2025-06-08,2,17.19,17.19,0.0,113.3,True,67.7,True,Sensor/Payload,21.7,78.2
MSN05171,TB2-S04,Sigma,2025,6,2025-06-13,4,19.85,19.85,0.0,143.8,True,110.0,False,,0.0,70.9
MSN05172,TB2-S02,Sigma,2025,6,2025-06-18,2,16.69,16.69,0.0,62.8,False,87.9,False,,0.0,78.2
MSN05173,TB2-S02,Sigma,2025,6,2025-06-09,2,18.41,18.41,0.0,107.2,False,81.3,False,,0.0,78.2
MSN05174,TB2-S02,Sigma,2025,6,2025-06-27,2,17.33,17.33,0.0,63.3,False,96.6,False,,0.0,78.2
MSN05175,TB2-S02,Sigma,2025,6,2025-06-09,2,19.0,19.0,0.0,97.0,False,81.9,False,,0.0,78.2
MSN05176,TB2-S04,Sigma,2025,6,2025-06-12,4,17.56,17.56,0.0,97.4,False,119.4,False,,0.0,70.9
MSN05177,TB2-S04,Sigma,2025,6,2025-06-24,4,19.08,19.08,0.0,85.2,False,107.2,True,Electrical System,24.0,70.9
MSN05178,TB2-S04,Sigma,2025,6,2025-06-15,4,16.84,16.84,0.0,104.3,True,98.0,False,,0.0,70.9
MSN05179,TB2-S01,Sigma,2025,6,2025-06-14,3,17.67,11.22,6.45,78.0,False,80.6,True,Engine,387.0,76.5
MSN05180,TB2-S02,Sigma,2025,6,2025-06-13,2,16.01,16.01,0.0,69.0,False,87.7,False,,0.0,78.2
MSN05181,TB2-S01,Sigma,2025,6,2025-06-25,3,15.32,15.32,0.0,147.8,True,84.2,False,,0.0,76.5
MSN05183,TB2-S04,Sigma,2025,6,2025-06-13,4,14.95,14.95,0.0,105.7,False,87.5,False,,0.0,70.9
MSN05184,TB2-S02,Sigma,2025,6,2025-06-25,2,15.8,15.8,0.0,92.0,False,71.0,False,,0.0,78.2
MSN05185,TB2-S02,Sigma,2025,6,2025-06-09,2,19.68,19.68,0.0,137.3,True,71.6,False,,0.0,78.2
MSN05186,TB2-S01,Sigma,2025,6,2025-06-01,3,13.24,13.24,0.0,93.1,False,96.3,True,Sensor/Payload,27.9,76.5
MSN05187,TB2-S01,Sigma,2025,7,2025-07-05,3,12.31,12.31,0.0,103.6,False,83.8,False,,0.0,78.5
MSN05188,TB2-S01,Sigma,2025,7,2025-07-24,3,18.48,18.48,0.0,117.6,True,104.9,False,,0.0,78.5
MSN05189,TB2-S02,Sigma,2025,7,2025-07-12,2,17.77,17.77,0.0,109.9,False,77.7,False,,0.0,85.4
MSN05190,TB2-S01,Sigma,2025,7,2025-07-23,3,17.2,17.2,0.0,99.0,False,90.4,False,,0.0,78.5
MSN05191,TB2-S01,Sigma,2025,7,2025-07-13,3,17.61,17.61,0.0,95.7,False,108.2,False,,0.0,78.5
MSN05192,TB2-S03,Sigma,2025,7,2025-07-09,2,15.96,15.96,0.0,68.3,False,93.2,False,,0.0,77.1
MSN05193,TB2-S03,Sigma,2025,7,2025-07-18,2,17.13,17.13,0.0,83.5,False,58.5,False,,0.0,77.1
MSN05194,TB2-S03,Sigma,2025,7,2025-07-15,2,15.41,13.12,2.29,67.5,False,82.8,True,Communication Link,137.4,77.1
MSN05196,TB2-S04,Sigma,2025,7,2025-07-24,4,14.8,14.8,0.0,162.7,True,109.9,True,Electrical System,43.1,70.4
MSN05197,TB2-S03,Sigma,2025,7,2025-07-12,2,15.56,15.56,0.0,99.2,False,89.0,False,,0.0,77.1
MSN05198,TB2-S04,Sigma,2025,7,2025-07-05,4,20.0,20.0,0.0,81.2,False,90.3,False,,0.0,70.4
MSN05199,TB2-S03,Sigma,2025,7,2025-07-08,2,16.38,9.37,7.01,96.3,False,79.3,True,Communication Link,420.6,77.1
MSN05200,TB2-S02,Sigma,2025,7,2025-07-09,2,16.15,16.15,0.0,173.9,True,64.7,False,,0.0,85.4
MSN05201,TB2-S03,Sigma,2025,7,2025-07-10,2,18.25,18.25,0.0,123.1,True,80.3,False,,0.0,77.1
MSN05202,TB2-S01,Sigma,2025,7,2025-07-28,3,18.04,16.28,1.76,88.8,False,73.4,True,Engine,105.6,78.5
MSN05203,TB2-S01,Sigma,2025,7,2025-07-19,3,17.05,17.05,0.0,89.1,False,88.5,True,Control Surface,22.4,78.5
MSN05204,TB2-S04,Sigma,2025,7,2025-07-10,4,20.0,19.71,0.29,95.8,False,108.3,True,Sensor/Payload,17.4,70.4
MSN05205,TB2-S04,Sigma,2025,7,2025-07-14,4,15.92,15.92,0.0,107.5,False,85.3,False,,0.0,70.4
MSN05206,TB2-S02,Sigma,2025,7,2025-07-26,2,15.95,15.95,0.0,89.0,True,49.1,True,Navigation/GPS,26.0,85.4
MSN05207,TB2-S01,Sigma,2025,8,2025-08-16,3,16.22,16.22,0.0,82.9,False,110.2,False,,0.0,80.5
MSN05208,TB2-S02,Sigma,2025,8,2025-08-18,2,20.0,20.0,0.0,61.3,False,73.2,False,,0.0,80.9
MSN05209,TB2-S01,Sigma,2025,8,2025-08-23,3,15.99,15.99,0.0,95.4,False,78.3,False,,0.0,80.5
MSN05210,TB2-S01,Sigma,2025,8,2025-08-05,3,20.0,20.0,0.0,89.1,False,102.2,True,Communication Link,22.5,80.5
MSN05211,TB2-S02,Sigma,2025,8,2025-08-18,2,14.11,14.11,0.0,83.5,False,106.5,False,,0.0,80.9
MSN05212,TB2-S01,Sigma,2025,8,2025-08-27,3,18.49,18.49,0.0,95.0,False,87.6,False,,0.0,80.5
MSN05213,TB2-S01,Sigma,2025,8,2025-08-04,3,19.03,19.03,0.0,70.2,False,63.9,False,,0.0,80.5
MSN05214,TB2-S01,Sigma,2025,8,2025-08-10,3,19.5,19.5,0.0,95.4,False,101.0,False,,0.0,80.5
MSN05215,TB2-S04,Sigma,2025,8,2025-08-27,4,17.41,17.41,0.0,105.5,False,106.7,False,,0.0,71.1
MSN05216,TB2-S02,Sigma,2025,8,2025-08-23,2,18.71,18.71,0.0,86.7,False,82.9,False,,0.0,80.9
MSN05217,TB2-S04,Sigma,2025,8,2025-08-08,4,16.69,16.69,0.0,99.3,False,117.6,False,,0.0,71.1
MSN05218,TB2-S04,Sigma,2025,8,2025-08-05,4,16.64,16.64,0.0,94.4,False,93.2,False,,0.0,71.1
MSN05219,TB2-S04,Sigma,2025,8,2025-08-25,4,19.52,19.52,0.0,106.7,False,97.8,False,,0.0,71.1
MSN05220,TB2-S01,Sigma,2025,8,2025-08-08,3,17.28,17.28,0.0,142.0,True,89.1,True,Engine,42.4,80.5
MSN05221,TB2-S01,Sigma,2025,8,2025-08-02,3,19.54,19.54,0.0,93.8,False,102.1,False,,0.0,80.5
MSN05222,TB2-S02,Sigma,2025,8,2025-08-26,2,14.15,14.15,0.0,75.1,False,64.3,False,,0.0,80.9
MSN05223,TB2-S04,Sigma,2025,8,2025-08-18,4,17.2,17.2,0.0,103.5,False,99.0,False,,0.0,71.1
MSN05224,TB2-S02,Sigma,2025,8,2025-08-01,2,15.69,15.69,0.0,82.0,False,93.3,False,,0.0,80.9
MSN05225,TB2-S03,Sigma,2025,8,2025-08-21,2,20.0,20.0,0.0,87.9,False,75.4,False,,0.0,73.7
MSN05226,TB2-S03,Sigma,2025,8,2025-08-08,2,17.14,17.14,0.0,74.6,False,74.1,False,,0.0,73.7
MSN05227,TB2-S02,Sigma,2025,8,2025-08-24,2,13.59,13.59,0.0,83.2,False,79.3,True,Engine,20.8,80.9
MSN05228,TB2-S04,Sigma,2025,8,2025-08-20,4,17.58,17.58,0.0,110.2,False,105.4,True,Control Surface,10.6,71.1
MSN05229,TB2-S02,Sigma,2025,8,2025-08-07,2,16.88,16.88,0.0,73.1,False,91.5,False,,0.0,80.9
MSN05230,TB2-S03,Sigma,2025,8,2025-08-05,2,16.78,16.78,0.0,81.1,False,81.3,False,,0.0,73.7
MSN05231,TB2-S02,Sigma,2025,9,2025-09-26,2,17.06,17.06,0.0,140.6,True,85.8,False,,0.0,79.3
MSN05232,TB2-S01,Sigma,2025,9,2025-09-26,3,19.12,19.12,0.0,91.7,False,91.9,False,,0.0,77.1
MSN05233,TB2-S01,Sigma,2025,9,2025-09-11,3,16.09,16.09,0.0,106.2,False,83.5,False,,0.0,77.1
MSN05234,TB2-S04,Sigma,2025,9,2025-09-04,4,13.96,13.96,0.0,90.3,False,106.4,False,,0.0,75.5
MSN05235,TB2-S02,Sigma,2025,9,2025-09-25,2,15.46,15.46,0.0,104.1,False,99.3,False,,0.0,79.3
MSN05236,TB2-S03,Sigma,2025,9,2025-09-10,2,17.36,17.36,0.0,78.9,False,72.3,True,Communication Link,42.7,73.7
MSN05237,TB2-S02,Sigma,2025,9,2025-09-08,2,20.0,20.0,0.0,91.7,False,81.9,False,,0.0,79.3
MSN05238,TB2-S01,Sigma,2025,9,2025-09-15,3,18.8,18.8,0.0,84.3,False,93.0,False,,0.0,77.1
MSN05239,TB2-S02,Sigma,2025,9,2025-09-24,2,18.42,18.42,0.0,84.1,False,66.7,False,,0.0,79.3
MSN05240,TB2-S02,Sigma,2025,9,2025-09-18,2,17.42,17.42,0.0,75.4,False,73.2,False,,0.0,79.3
MSN05241,TB2-S01,Sigma,2025,9,2025-09-09,3,15.04,15.04,0.0,124.7,True,72.7,False,,0.0,77.1
MSN05242,TB2-S01,Sigma,2025,9,2025-09-08,3,17.32,17.32,0.0,78.1,False,74.2,True,Sensor/Payload,21.4,77.1
MSN05243,TB2-S02,Sigma,2025,9,2025-09-09,2,20.0,20.0,0.0,93.5,False,64.9,False,,0.0,79.3
MSN05244,TB2-S01,Sigma,2025,9,2025-09-08,3,16.22,16.22,0.0,121.3,True,81.1,False,,0.0,77.1
MSN05245,TB2-S03,Sigma,2025,9,2025-09-09,2,17.23,17.23,0.0,127.9,True,96.9,False,,0.0,73.7
MSN05246,TB2-S04,Sigma,2025,9,2025-09-03,4,15.98,15.98,0.0,98.5,False,98.3,True,Sensor/Payload,27.7,75.5
MSN05247,TB2-S02,Sigma,2025,9,2025-09-27,2,14.45,14.45,0.0,64.0,False,84.0,False,,0.0,79.3
MSN05248,TB2-S03,Sigma,2025,9,2025-09-08,2,17.7,17.7,0.0,97.0,False,76.5,True,Sensor/Payload,22.0,73.7
MSN05249,TB2-S03,Sigma,2025,9,2025-09-14,2,16.2,16.2,0.0,72.3,False,104.4,False,,0.0,73.7
MSN05250,TB2-S02,Sigma,2025,9,2025-09-10,2,15.91,15.91,0.0,94.9,False,80.7,False,,0.0,79.3
MSN05251,TB2-S01,Sigma,2025,10,2025-10-05,3,16.36,16.36,0.0,76.6,False,96.1,False,,0.0,81.9
MSN05252,TB2-S02,Sigma,2025,10,2025-10-09,2,18.53,18.53,0.0,149.1,True,72.1,False,,0.0,80.8
MSN05253,TB2-S02,Sigma,2025,10,2025-10-14,2,16.87,16.56,0.31,71.9,False,83.8,True,Sensor/Payload,18.6,80.8
MSN05254,TB2-S04,Sigma,2025,10,2025-10-15,4,19.01,19.01,0.0,96.6,False,104.9,False,,0.0,73.7
MSN05255,TB2-S03,Sigma,2025,10,2025-10-23,2,15.78,15.78,0.0,89.7,False,60.7,False,,0.0,83.0
MSN05256,TB2-S04,Sigma,2025,10,2025-10-04,4,16.46,16.46,0.0,108.6,False,74.9,False,,0.0,73.7
MSN05257,TB2-S02,Sigma,2025,10,2025-10-12,2,15.23,15.23,0.0,75.7,False,69.7,True,Sensor/Payload,16.3,80.8
MSN05258,TB2-S02,Sigma,2025,10,2025-10-09,2,15.15,15.15,0.0,74.5,False,97.2,False,,0.0,80.8
MSN05259,TB2-S01,Sigma,2025,10,2025-10-04,3,17.05,17.05,0.0,96.6,True,95.5,False,,0.0,81.9
MSN05260,TB2-S04,Sigma,2025,10,2025-10-04,4,17.79,17.79,0.0,158.6,True,114.2,False,,0.0,73.7
MSN05261,TB2-S03,Sigma,2025,10,2025-10-09,2,19.79,19.79,0.0,68.0,False,62.9,True,Communication Link,26.7,83.0
MSN05262,TB2-S02,Sigma,2025,10,2025-10-14,2,14.03,13.49,0.54,82.0,False,85.3,True,Sensor/Payload,32.4,80.8
MSN05263,TB2-S03,Sigma,2025,10,2025-10-22,2,16.18,16.18,0.0,87.2,False,93.6,False,,0.0,83.0
MSN05264,TB2-S03,Sigma,2025,10,2025-10-01,2,16.69,16.69,0.0,86.6,False,89.2,False,,0.0,83.0
MSN05265,TB2-S02,Sigma,2025,10,2025-10-11,2,18.01,18.01,0.0,122.1,True,80.2,False,,0.0,80.8
MSN05266,TB2-S01,Sigma,2025,10,2025-10-06,3,14.53,14.53,0.0,88.9,False,83.3,False,,0.0,81.9
MSN05267,TB2-S04,Sigma,2025,10,2025-10-23,4,16.25,16.25,0.0,111.1,True,122.4,False,,0.0,73.7
MSN05268,TB2-S01,Sigma,2025,10,2025-10-04,3,19.77,19.77,0.0,127.5,True,88.2,False,,0.0,81.9
MSN05269,TB2-S03,Sigma,2025,10,2025-10-21,2,18.84,18.84,0.0,82.4,False,88.9,False,,0.0,83.0
MSN05270,TB2-S03,Sigma,2025,10,2025-10-15,2,19.23,19.23,0.0,95.3,False,82.6,False,,0.0,83.0
MSN05271,TB2-S03,Sigma,2025,11,2025-11-02,2,15.48,15.48,0.0,73.5,False,78.8,False,,0.0,76.1
MSN05272,TB2-S03,Sigma,2025,11,2025-11-07,2,17.86,17.86,0.0,70.9,False,88.8,False,,0.0,76.1
MSN05273,TB2-S03,Sigma,2025,11,2025-11-01,2,15.68,15.68,0.0,53.6,False,64.4,False,,0.0,76.1
MSN05274,TB2-S04,Sigma,2025,11,2025-11-03,4,16.63,16.3,0.33,107.3,False,96.5,True,Control Surface,19.8,67.2
MSN05275,TB2-S01,Sigma,2025,11,2025-11-01,3,18.44,18.44,0.0,99.4,False,123.9,False,,0.0,79.1
MSN05276,TB2-S03,Sigma,2025,11,2025-11-26,2,18.31,16.7,1.61,80.9,False,103.9,True,Control Surface,96.6,76.1
MSN05278,TB2-S02,Sigma,2025,11,2025-11-21,2,19.1,19.1,0.0,72.4,False,82.9,False,,0.0,81.4
MSN05279,TB2-S02,Sigma,2025,11,2025-11-10,2,15.39,15.39,0.0,69.0,False,94.2,False,,0.0,81.4
MSN05280,TB2-S02,Sigma,2025,11,2025-11-04,2,13.0,13.0,0.0,81.0,False,85.4,False,,0.0,81.4
MSN05281,TB2-S02,Sigma,2025,11,2025-11-04,2,19.67,19.67,0.0,79.1,False,77.2,False,,0.0,81.4
MSN05282,TB2-S04,Sigma,2025,11,2025-11-07,4,13.86,13.86,0.0,102.1,False,115.0,False,,0.0,67.2
MSN05283,TB2-S04,Sigma,2025,11,2025-11-11,4,19.69,18.33,1.36,97.6,False,103.0,True,Control Surface,81.6,67.2
MSN05284,TB2-S01,Sigma,2025,11,2025-11-05,3,19.46,19.46,0.0,56.0,False,93.8,False,,0.0,79.1
MSN05285,TB2-S03,Sigma,2025,11,2025-11-01,2,17.43,17.43,0.0,97.9,False,68.0,False,,0.0,76.1
MSN05286,TB2-S02,Sigma,2025,11,2025-11-01,2,14.94,14.94,0.0,114.8,True,105.6,False,,0.0,81.4
MSN05287,TB2-S03,Sigma,2025,12,2025-12-04,2,19.17,19.17,0.0,99.1,False,74.5,False,,0.0,75.5
MSN05289,TB2-S01,Sigma,2025,12,2025-12-08,3,19.82,19.82,0.0,85.2,False,78.3,False,,0.0,77.0
MSN05290,TB2-S02,Sigma,2025,12,2025-12-07,2,18.18,18.18,0.0,66.6,False,58.1,False,,0.0,81.9
MSN05291,TB2-S01,Sigma,2025,12,2025-12-27,3,16.13,16.13,0.0,111.0,False,84.9,False,,0.0,77.0
MSN05292,TB2-S02,Sigma,2025,12,2025-12-14,2,15.9,15.9,0.0,83.2,False,88.1,False,,0.0,81.9
MSN05293,TB2-S03,Sigma,2025,12,2025-12-20,2,17.1,17.1,0.0,80.2,False,74.0,False,,0.0,75.5
MSN05294,TB2-S01,Sigma,2025,12,2025-12-16,3,18.65,18.65,0.0,75.4,False,85.2,False,,0.0,77.0
MSN05295,TB2-S02,Sigma,2025,12,2025-12-13,2,15.55,15.55,0.0,63.5,False,97.9,False,,0.0,81.9
MSN05297,TB2-S04,Sigma,2025,12,2025-12-15,4,19.6,19.6,0.0,168.4,True,97.8,False,,0.0,74.3
MSN05299,TB2-S01,Sigma,2025,12,2025-12-10,3,17.24,17.24,0.0,83.6,False,93.7,False,,0.0,77.0
MSN05301,TB2-S03,Sigma,2026,1,2026-01-04,3,18.24,18.24,0.0,73.9,False,94.5,False,,0.0,76.9
MSN05303,TB2-S04,Sigma,2026,1,2026-01-03,5,18.8,18.8,0.0,128.8,True,99.3,False,,0.0,70.6
MSN05304,TB2-S02,Sigma,2026,1,2026-01-01,3,12.22,12.22,0.0,86.6,False,70.8,False,,0.0,79.6
MSN05306,TB2-S04,Sigma,2026,1,2026-01-23,5,13.4,13.4,0.0,116.8,False,103.3,True,Control Surface,31.4,70.6
MSN05307,TB2-S03,Sigma,2026,1,2026-01-11,3,18.22,18.22,0.0,84.0,False,87.8,True,Communication Link,27.1,76.9
MSN05308,TB2-S02,Sigma,2026,1,2026-01-04,3,16.36,16.36,0.0,130.4,True,90.8,False,,0.0,79.6
MSN05309,TB2-S02,Sigma,2026,1,2026-01-08,3,19.57,19.57,0.0,100.8,False,86.6,False,,0.0,79.6
MSN05310,TB2-S04,Sigma,2026,1,2026-01-01,5,16.21,16.21,0.0,107.8,False,106.8,False,,0.0,70.6
MSN05311,TB2-S01,Sigma,2026,1,2026-01-18,4,18.83,18.83,0.0,103.8,False,85.3,False,,0.0,74.6
MSN05313,TB2-S01,Sigma,2026,1,2026-01-25,4,15.52,15.52,0.0,159.0,True,87.7,False,,0.0,74.6
MSN05314,TB2-S02,Sigma,2026,1,2026-01-26,3,20.0,20.0,0.0,79.1,False,97.5,False,,0.0,79.6
MSN05315,TB2-S04,Sigma,2026,1,2026-01-26,5,14.65,14.65,0.0,106.6,False,102.5,True,Electrical System,25.8,70.6
MSN05317,TB2-S01,Sigma,2026,2,2026-02-25,4,20.0,20.0,0.0,110.9,False,102.9,False,,0.0,79.3
MSN05319,TB2-S03,Sigma,2026,2,2026-02-27,3,19.72,19.72,0.0,72.0,False,105.4,False,,0.0,73.5
MSN05320,TB2-S01,Sigma,2026,2,2026-02-05,4,17.0,17.0,0.0,101.9,False,114.1,False,,0.0,79.3
MSN05321,TB2-S03,Sigma,2026,2,2026-02-10,3,14.41,14.41,0.0,105.1,False,77.2,False,,0.0,73.5
MSN05322,TB2-S04,Sigma,2026,2,2026-02-23,5,16.8,16.8,0.0,95.8,False,110.8,False,,0.0,72.6
MSN05323,TB2-S02,Sigma,2026,2,2026-02-12,3,16.72,16.72,0.0,88.6,False,79.2,False,,0.0,80.3
MSN05324,TB2-S04,Sigma,2026,2,2026-02-06,5,16.57,16.57,0.0,104.3,False,100.4,True,Control Surface,21.1,72.6
MSN05326,TB2-S02,Sigma,2026,2,2026-02-01,3,20.0,20.0,0.0,113.2,False,83.1,False,,0.0,80.3
MSN05327,TB2-S04,Sigma,2026,2,2026-02-25,5,14.28,14.28,0.0,124.9,False,105.8,False,,0.0,72.6
MSN05328,TB2-S01,Sigma,2026,2,2026-02-25,4,13.4,13.4,0.0,123.0,False,87.9,False,,0.0,79.3
MSN05329,TB2-S02,Sigma,2026,2,2026-02-07,3,15.35,15.35,0.0,155.4,True,92.4,False,,0.0,80.3
MSN05330,TB2-S02,Sigma,2026,2,2026-02-21,3,13.57,13.57,0.0,98.1,False,84.1,False,,0.0,80.3
MSN05331,TB2-S01,Sigma,2026,3,2026-03-19,4,15.73,15.73,0.0,81.5,False,103.8,False,,0.0,83.2
MSN05332,TB2-S02,Sigma,2026,3,2026-03-21,3,15.49,15.49,0.0,85.6,False,98.6,False,,0.0,82.6
MSN05334,TB2-S03,Sigma,2026,3,2026-03-02,3,16.81,16.81,0.0,87.6,False,67.1,False,,0.0,80.8
MSN05335,TB2-S03,Sigma,2026,3,2026-03-04,3,17.03,17.03,0.0,98.2,False,82.2,False,,0.0,80.8
MSN05336,TB2-S01,Sigma,2026,3,2026-03-10,4,18.75,18.75,0.0,80.3,False,87.1,False,,0.0,83.2
MSN05337,TB2-S02,Sigma,2026,3,2026-03-12,3,16.92,16.92,0.0,85.8,False,100.5,False,,0.0,82.6
MSN05338,TB2-S02,Sigma,2026,3,2026-03-26,3,16.5,16.5,0.0,79.9,False,101.7,True,Sensor/Payload,28.5,82.6
MSN05339,TB2-S01,Sigma,2026,3,2026-03-04,4,19.13,18.23,0.9,93.1,False,103.4,True,Navigation/GPS,54.0,83.2
MSN05340,TB2-S02,Sigma,2026,3,2026-03-14,3,18.86,18.86,0.0,97.4,False,73.4,False,,0.0,82.6
MSN05343,TB2-S01,Sigma,2026,3,2026-03-27,4,18.15,18.15,0.0,96.4,False,120.3,False,,0.0,83.2
MSN05344,TB2-S03,Sigma,2026,3,2026-03-17,3,16.4,16.4,0.0,172.7,True,101.6,False,,0.0,80.8
MSN05345,TB2-S01,Sigma,2026,3,2026-03-28,4,20.0,20.0,0.0,111.6,False,114.0,False,,0.0,83.2
MSN05346,TB2-S02,Sigma,2026,3,2026-03-24,3,20.0,20.0,0.0,85.9,True,75.7,False,,0.0,82.6
MSN05347,TB2-S03,Sigma,2026,3,2026-03-20,3,16.98,16.98,0.0,129.4,True,82.9,False,,0.0,80.8
MSN05348,TB2-S02,Sigma,2026,3,2026-03-28,3,14.73,14.73,0.0,91.2,False,97.8,False,,0.0,82.6
MSN05349,TB2-S01,Sigma,2026,3,2026-03-17,4,15.57,15.57,0.0,88.8,False,104.2,False,,0.0,83.2
MSN05350,TB2-S01,Sigma,2026,4,2026-04-06,4,18.21,18.21,0.0,110.7,False,82.5,False,,0.0,68.0
MSN05351,TB2-S03,Sigma,2026,4,2026-04-13,3,16.52,16.52,0.0,142.9,True,98.5,False,,0.0,73.8
MSN05352,TB2-S03,Sigma,2026,4,2026-04-18,3,19.89,14.43,5.46,79.2,False,81.3,True,Engine,327.6,73.8
MSN05353,TB2-S02,Sigma,2026,4,2026-04-05,3,16.46,16.46,0.0,136.5,True,97.9,False,,0.0,80.6
MSN05354,TB2-S03,Sigma,2026,4,2026-04-04,3,12.01,9.31,2.7,85.8,False,88.3,True,Engine,162.0,73.8
MSN05355,TB2-S02,Sigma,2026,4,2026-04-13,3,18.61,18.61,0.0,97.1,False,88.8,True,Communication Link,28.0,80.6
MSN05356,TB2-S04,Sigma,2026,4,2026-04-18,5,16.4,16.4,0.0,106.8,False,107.3,False,,0.0,62.7
MSN05357,TB2-S01,Sigma,2026,4,2026-04-22,4,15.34,15.02,0.32,122.1,True,80.3,True,Sensor/Payload,19.2,68.0
MSN05358,TB2-S01,Sigma,2026,4,2026-04-11,4,15.37,15.37,0.0,86.2,False,116.9,True,Control Surface,23.5,68.0
MSN05359,TB2-S01,Sigma,2026,4,2026-04-22,4,16.41,16.41,0.0,100.6,False,92.2,False,,0.0,68.0
MSN05360,TB2-S03,Sigma,2026,4,2026-04-02,3,16.34,14.89,1.45,85.2,False,89.3,True,Engine,87.0,73.8
MSN05361,TB2-S01,Sigma,2026,4,2026-04-04,4,17.32,17.32,0.0,101.7,False,96.8,False,,0.0,68.0
MSN05362,TB2-S02,Sigma,2026,4,2026-04-19,3,14.81,14.81,0.0,54.5,False,92.6,False,,0.0,80.6
MSN05363,TB2-S01,Sigma,2026,4,2026-04-25,4,19.08,19.08,0.0,112.5,False,104.4,False,,0.0,68.0
MSN05364,TB2-S03,Sigma,2026,4,2026-04-22,3,18.66,18.66,0.0,93.7,False,76.8,False,,0.0,73.8
MSN05365,TB2-S04,Sigma,2026,4,2026-04-04,5,17.54,17.54,0.0,104.0,False,115.1,False,,0.0,62.7
MSN05366,TB2-S03,Sigma,2026,4,2026-04-24,3,16.8,16.8,0.0,102.1,True,93.9,True,Control Surface,21.7,73.8
MSN05367,TB2-S01,Sigma,2026,4,2026-04-02,4,14.33,14.33,0.0,100.4,False,105.5,False,,0.0,68.0
MSN05368,TB2-S02,Sigma,2026,4,2026-04-03,3,15.5,15.5,0.0,99.8,False,75.5,False,,0.0,80.6
MSN05369,TB2-S02,Sigma,2026,5,2026-05-04,3,16.13,16.13,0.0,76.6,False,97.1,False,,0.0,76.2
MSN05370,TB2-S02,Sigma,2026,5,2026-05-23,3,17.42,17.42,0.0,95.9,False,59.6,False,,0.0,76.2
MSN05371,TB2-S03,Sigma,2026,5,2026-05-03,3,15.62,15.62,0.0,163.6,True,78.2,False,,0.0,73.9
MSN05372,TB2-S04,Sigma,2026,5,2026-05-10,5,15.42,15.42,0.0,114.2,False,115.4,False,,0.0,70.9
MSN05373,TB2-S02,Sigma,2026,5,2026-05-27,3,16.29,16.29,0.0,123.2,True,100.8,False,,0.0,76.2
MSN05374,TB2-S02,Sigma,2026,5,2026-05-19,3,15.24,15.24,0.0,97.2,False,97.4,False,,0.0,76.2
MSN05375,TB2-S02,Sigma,2026,5,2026-05-16,3,18.23,18.23,0.0,115.7,False,93.5,False,,0.0,76.2
MSN05376,TB2-S02,Sigma,2026,5,2026-05-24,3,17.01,17.01,0.0,61.4,False,83.8,False,,0.0,76.2
MSN05377,TB2-S03,Sigma,2026,5,2026-05-20,3,17.21,17.21,0.0,93.4,False,91.9,False,,0.0,73.9
MSN05378,TB2-S03,Sigma,2026,5,2026-05-23,3,17.53,17.53,0.0,72.3,False,90.9,False,,0.0,73.9
MSN05379,TB2-S04,Sigma,2026,5,2026-05-14,5,15.6,15.6,0.0,118.2,True,104.8,False,,0.0,70.9
MSN05380,TB2-S01,Sigma,2026,5,2026-05-19,4,17.28,17.28,0.0,109.3,False,84.1,False,,0.0,74.7
MSN05381,TB2-S01,Sigma,2026,5,2026-05-18,4,17.96,17.96,0.0,112.1,False,67.1,False,,0.0,74.7
MSN05382,TB2-S02,Sigma,2026,5,2026-05-09,3,15.35,15.35,0.0,93.9,False,86.7,False,,0.0,76.2
MSN05383,TB2-S03,Sigma,2026,5,2026-05-03,3,19.17,19.17,0.0,95.2,False,74.5,False,,0.0,73.9
MSN05384,TB2-S01,Sigma,2026,5,2026-05-24,4,18.32,18.32,0.0,110.8,False,110.1,False,,0.0,74.7
MSN05385,TB2-S04,Sigma,2026,5,2026-05-14,5,16.76,16.76,0.0,168.6,True,127.4,False,,0.0,70.9
MSN05386,TB2-S04,Sigma,2026,5,2026-05-12,5,17.73,17.73,0.0,183.1,True,92.2,False,,0.0,70.9
MSN05387,TB2-S02,Sigma,2026,5,2026-05-07,3,12.29,12.29,0.0,126.7,False,81.0,False,,0.0,76.2
MSN05388,TB2-S02,Sigma,2026,5,2026-05-08,3,14.15,14.15,0.0,87.1,False,101.4,False,,0.0,76.2
MSN05389,TB2-S01,Sigma,2026,5,2026-05-28,4,14.94,14.94,0.0,118.5,True,123.8,False,,0.0,74.7
MSN05390,TB2-S04,Sigma,2026,5,2026-05-18,5,19.77,19.77,0.0,123.1,False,84.1,False,,0.0,70.9
MSN05391,TB2-S01,Sigma,2026,5,2026-05-18,4,17.27,17.27,0.0,138.1,True,116.7,False,,0.0,74.7
MSN05392,TB2-S01,Sigma,2026,5,2026-05-02,4,17.27,17.27,0.0,90.5,False,123.4,False,,0.0,74.7
MSN05393,TB2-S02,Sigma,2026,5,2026-05-06,3,19.12,19.12,0.0,97.6,False,89.9,True,Engine,19.3,76.2
MSN05394,TB2-S02,Sigma,2026,6,2026-06-20,3,20.0,20.0,0.0,142.8,True,81.9,False,,0.0,77.5
MSN05396,TB2-S02,Sigma,2026,6,2026-06-27,3,14.99,14.99,0.0,87.3,False,87.3,False,,0.0,77.5
MSN05397,TB2-S01,Sigma,2026,6,2026-06-15,4,20.0,20.0,0.0,155.3,True,89.2,False,,0.0,75.5
MSN05398,TB2-S01,Sigma,2026,6,2026-06-20,4,20.0,20.0,0.0,80.2,False,79.8,True,Navigation/GPS,20.4,75.5
MSN05399,TB2-S04,Sigma,2026,6,2026-06-27,5,16.6,16.6,0.0,175.7,True,125.1,False,,0.0,73.4
MSN05400,TB2-S03,Sigma,2026,6,2026-06-22,3,19.3,19.3,0.0,95.0,False,84.4,False,,0.0,69.6
MSN05401,TB2-S02,Sigma,2026,6,2026-06-01,3,18.62,18.62,0.0,97.0,False,82.1,False,,0.0,77.5
MSN05402,TB2-S01,Sigma,2026,6,2026-06-27,4,15.95,15.95,0.0,74.4,False,106.7,True,Control Surface,21.1,75.5
MSN05403,TB2-S04,Sigma,2026,6,2026-06-10,5,17.98,17.98,0.0,167.5,True,108.6,False,,0.0,73.4
MSN05404,TB2-S01,Sigma,2026,6,2026-06-14,4,14.74,14.74,0.0,100.6,False,102.5,False,,0.0,75.5
MSN05405,TB2-S04,Sigma,2026,6,2026-06-18,5,16.99,16.99,0.0,105.4,False,117.6,False,,0.0,73.4
MSN05406,TB2-S01,Sigma,2026,6,2026-06-13,4,17.88,17.88,0.0,106.2,False,104.8,False,,0.0,75.5
MSN05407,TB2-S03,Sigma,2026,6,2026-06-20,3,18.8,18.8,0.0,85.1,False,93.9,False,,0.0,69.6
MSN05408,TB2-S02,Sigma,2026,6,2026-06-10,3,15.73,15.73,0.0,91.3,False,83.4,True,Navigation/GPS,12.5,77.5
MSN05409,TB2-S04,Sigma,2026,6,2026-06-12,5,18.09,18.09,0.0,114.9,False,138.7,False,,0.0,73.4
MSN05410,TB2-S01,Sigma,2026,6,2026-06-08,4,19.56,19.56,0.0,109.1,True,97.7,False,,0.0,75.5
MSN05411,TB2-S01,Sigma,2026,6,2026-06-06,4,18.49,18.49,0.0,97.5,False,88.6,False,,0.0,75.5
MSN05413,TB2-S01,Sigma,2026,6,2026-06-28,4,20.0,20.0,0.0,111.6,False,84.0,False,,0.0,75.5
