person_id,first_name,last_name,father_name,gender,fin_code,id_card_number,military_ticket_number,has_driving_license,driving_license_number,birth_date,age,home_region,education_level,university_admission_year,university_graduation_year,rank_group,rank,specialization,is_leadership,officer_commissioning_source,military_academy_type,years_as_enlisted_before_commission,prior_enlisted_specialization,department,total_military_service_years,uav_service_years,current_department_years,rotation_count,last_rotation_date,contract_start_date,contract_end_date,contract_length_years,pua_course_cohort
AO07216,Vaqif,Rəhimov,Cavid oğlu,M,AZL7353,GU1882843,HB075141,False,,1984-02-15,42,Lənkəran,Higher Military Education,2003,2007,Officer,Lieutenant Colonel,Department Commander,True,Military Academy,General Military Academy,,,Alpha,19.13,1.77,1.77,0,,2017-11-05,2027-11-05,10,2
AO12605,Sənan,Rüstəmov,Zaur oğlu,M,T8D9F8J,CL7365352,HB120821,True,SV0957763,1991-10-23,34,Sumqayıt,In-Service Officer Commissioning Program,2010,2012,Officer,Major,Chief of Operations,True,Prior Enlisted (Gizir) Commission,,1.58,UAV Operator,Alpha,14.03,5.32,2.32,1,2024-03-05,2023-04-15,2028-04-15,5,3
AO17018,Adil,Yaqubov,Azər oğlu,M,KEP8X6V,HP0245644,HB176006,True,SV4971056,1995-07-23,30,Qazax,Higher Military Education,2013,2017,Officer,Captain,Pilot-Operator Lead,True,Military Academy,General Military Academy,,,Alpha,8.69,5.5,2.5,1,2023-12-30,2021-10-29,2028-10-29,7,1
G22139,Elnur,İbrahimov,Elvin oğlu,M,B9V2Q6U,TK3168887,HB225409,True,SV8645911,2000-11-06,25,Zaqatala,Vocational/Technical College,2020,2022,Warrant Officer,Warrant Officer,Technical Service Lead,True,,,,,Alpha,4.01,4.01,1.01,1,2025-06-27,2025-05-17,2030-05-17,5,5
AO16543,Osman,Qurbanov,Şəmsəddin oğlu,M,7QF5Q24,GU4247238,HB168953,True,SV1312434,1992-12-30,33,Gəncə,Higher Military Education,2012,2016,Officer,Captain,Training & Standardization Lead,True,Military Academy,General Military Academy,,,Alpha,9.6,5.46,2.46,1,2024-01-14,2021-06-19,2028-06-19,7,2
AO22963,Rövşən,Fərəcov,Şahin oğlu,M,AM258PZ,PQ2240364,HB226574,True,SV4160350,1998-07-08,27,Ağdam,Higher Military Education,2018,2022,Officer,Senior Lieutenant,Operations Officer,False,Military Academy,Military Aviation School,,,Alpha,4.44,4.44,1.44,1,2025-01-21,2023-11-09,2026-11-09,3,2
AO19391,Ramin,Rüstəmov,Kənan oğlu,M,8P4RZB8,FB9002862,HB197220,True,SV1942369,1996-12-11,29,Şirvan,Higher Military Education,2015,2019,Officer,Captain,Operations Officer,False,Military Academy,Military Aviation School,,,Alpha,7.03,2.64,2.64,0,,2024-10-21,2029-10-21,5,2
AO18976,Elçin,Rüstəmov,Vüsal oğlu,M,CYWD25V,CZ7343538,HB189810,False,,1996-02-01,30,Şirvan,Higher Military Education,2014,2018,Officer,Captain,Operations Officer,False,Military Academy,Military Aviation School,,,Alpha,8.36,2.56,2.56,0,,2019-10-15,2026-10-15,7,4
AO13357,Ramin,Xəlilov,Vüqar oğlu,M,3TRPZJ5,VC8246308,HB131211,True,SV2738720,1989-10-30,36,Şəki,Higher Military Education,2009,2013,Officer,Major,Operations Officer,False,Military Academy,General Military Academy,,,Alpha,13.01,4.54,1.54,1,2024-12-15,2022-10-29,2027-10-29,5,1
AO23290,Şahin,Sultanov,Nicat oğlu,M,3CHYKUR,NL7372211,HB232875,True,SV5712479,2000-12-29,25,Salyan,Higher Civilian Education,2019,2023,Officer,Lieutenant,Operations Officer,False,Civilian Direct Commission,,,,Alpha,2.69,2.69,2.69,0,,2024-02-12,2029-02-12,5,5
AO16547,Elçin,Məmmədov,Emin oğlu,M,EBBK8W2,CA2439281,HB167578,True,SV4561890,1994-05-17,32,Lənkəran,Higher Civilian Education,2012,2016,Officer,Captain,Operations Officer,False,Civilian Direct Commission,,,,Alpha,9.92,1.97,1.97,0,,2025-08-06,2030-08-06,5,1
AO13497,Namiq,Cəfərov,Aqşin oğlu,M,UPUB8D2,RG0251464,HB137445,True,SV2280227,1990-03-01,36,Bərdə,Higher Military Education,2009,2013,Officer,Major,Operations Officer,False,Military Academy,General Military Academy,,,Alpha,13.14,4.09,1.09,1,2025-05-28,2022-09-12,2032-09-12,10,2
AO17259,Tural,Həsənov,Kamran oğlu,M,3V47QQK,KG5458760,HB170768,True,SV6850785,1993-12-08,32,Naxçıvan,Higher Civilian Education,2013,2017,Officer,Captain,Operations Officer,False,Civilian Direct Commission,,,,Alpha,9.47,4.24,1.24,1,2025-04-04,2018-03-24,2028-03-24,10,4
AO21304,Şahin,Həsənov,Elşən oğlu,M,PLDFPRX,KU0021788,HB212793,True,SV8405644,1998-07-13,27,Gəncə,Higher Military Education,2017,2021,Officer,Senior Lieutenant,Operations Officer,False,Military Academy,General Military Academy,,,Alpha,5.41,5.41,2.41,1,2024-02-01,2022-06-05,2027-06-05,5,2
AO24033,Tofiq,Məmmədov,Vüqar oğlu,M,3YKAPH4,CY6192744,HB248427,True,SV4115710,2002-08-27,23,Ağdam,Higher Civilian Education,2020,2024,Officer,Lieutenant,Operations Officer,False,Civilian Direct Commission,,,,Alpha,1.58,1.58,1.58,0,,2021-08-24,2031-08-24,10,3
AO25712,Şahin,Musaov,Aqşin oğlu,M,ETMTTQL,ES5270778,HB252118,True,SV6894055,2001-08-27,24,Şirvan,Higher Military Education,2021,2025,Officer,Lieutenant,Operations Officer,False,Military Academy,General Military Academy,,,Alpha,1.2,1.2,1.2,0,,2023-07-26,2028-07-26,5,4
AO21586,Fərid,Nəsirov,Vüqar oğlu,M,YW555NL,TU8006997,HB212621,True,SV0684690,2001-09-26,24,Gəncə,In-Service Officer Commissioning Program,2019,2021,Officer,Senior Lieutenant,Operations Officer,False,Prior Enlisted (Gizir) Commission,,3.73,UAV Operator,Alpha,4.73,4.73,1.73,1,2024-10-07,2025-09-30,2035-09-30,10,3
AO24023,Günel,Rəhimova,Kamran qızı,F,C5VH7EQ,GG0896143,HB240443,True,SV6428134,2002-02-08,24,Lənkəran,Higher Civilian Education,2020,2024,Officer,Lieutenant,Operations Officer,False,Civilian Direct Commission,,,,Alpha,1.53,1.53,1.53,0,,2023-02-01,2028-02-01,5,4
AO21458,Elvin,Nəsirov,Murad oğlu,M,5297Z46,UF8212776,HB215876,True,SV0607031,1997-04-16,29,Şamaxı,Higher Military Education,2017,2021,Officer,Senior Lieutenant,Operations Officer,False,Military Academy,General Military Academy,,,Alpha,5.22,2.48,2.48,0,,2019-12-01,2029-12-01,10,3
AO18524,Zaur,Nəsirov,Kamran oğlu,M,J4R3ZLD,ZD9879983,HB180657,False,,1996-07-31,29,Bakı,Higher Military Education,2014,2018,Officer,Captain,Flight Control Officer,False,Military Academy,Military Aviation School,,,Alpha,7.65,3.7,0.7,1,2025-10-18,2021-03-09,2031-03-09,10,3
AO12328,Rəşad,Abbasov,Sənan oğlu,M,HA6T7HC,VX3419340,HB122506,False,,1989-03-25,37,Mingəçevir,Higher Military Education,2008,2012,Officer,Major,Flight Control Officer,False,Military Academy,General Military Academy,,,Alpha,13.92,4.36,1.36,1,2025-02-19,2020-09-26,2027-09-26,7,4
AO16636,Fuad,Qaraov,Elnur oğlu,M,6W4V8JY,FL2393960,HB161664,True,SV9980269,1992-10-14,33,Gəncə,Higher Civilian Education,2012,2016,Officer,Captain,Flight Control Officer,False,Civilian Direct Commission,,,,Alpha,10.37,4.72,1.72,1,2024-10-10,2022-04-22,2032-04-22,10,3
AO25389,Murad,İbrahimov,Vüsal oğlu,M,4H23VJ9,ZN7181375,HB253566,True,SV2141043,2003-03-09,23,Bərdə,Higher Civilian Education,2021,2025,Officer,Lieutenant,Training & Standardization Officer,False,Civilian Direct Commission,,,,Alpha,1.06,1.06,1.06,0,,2024-03-12,2027-03-12,3,1
AO25228,Turanə,Musaova,Namiq qızı,F,Q8BRNXR,XB0602653,HB254852,False,,2002-08-20,23,Salyan,Higher Civilian Education,2021,2025,Officer,Lieutenant,Training & Standardization Officer,False,Civilian Direct Commission,,,,Alpha,1.42,1.42,1.42,0,,2017-05-28,2027-05-28,10,3
AO18688,Vaqif,Xəlilov,Kənan oğlu,M,T5P6P4N,TH3296400,HB189583,True,SV7310956,1995-01-10,31,Ağdam,Higher Civilian Education,2014,2018,Officer,Captain,Training & Standardization Officer,False,Civilian Direct Commission,,,,Alpha,8.26,1.5,1.5,0,,2017-12-19,2027-12-19,10,3
AO20164,Elşən,Kərimov,Rəşad oğlu,M,UGXHD5M,UP8898660,HB207077,False,,1997-10-27,28,Quba,Higher Military Education,2016,2020,Officer,Senior Lieutenant,Pilot-Operator,False,Military Academy,General Military Academy,,,Alpha,5.83,5.58,2.58,1,2023-12-01,2025-08-20,2028-08-20,3,1
AO25328,Orxan,Rüstəmov,Elnur oğlu,M,Z9CSNQF,HH9581700,HB252953,True,SV4642531,2004-05-22,22,Bərdə,In-Service Officer Commissioning Program,2023,2025,Officer,Lieutenant,Pilot-Operator,False,Prior Enlisted (Gizir) Commission,,1.0,UAV Operator,Alpha,1.49,1.49,1.49,0,,2020-11-01,2030-11-01,10,4
AO24416,Kənan,İbrahimov,Elnur oğlu,M,2KDRPET,FP6337440,HB249031,True,SV4462491,2001-11-19,24,Yevlax,Higher Military Education,2020,2024,Officer,Lieutenant,Pilot-Operator,False,Military Academy,Military Aviation School,,,Alpha,2.17,2.17,2.17,0,,2025-11-20,2028-11-20,3,4
AO22646,Nərgiz,Yusifova,Rövşən qızı,F,5ZH2CWS,EU3961121,HB229398,True,SV7096455,1999-11-18,26,Bərdə,Higher Military Education,2018,2022,Officer,Senior Lieutenant,Pilot-Operator,False,Military Academy,General Military Academy,,,Alpha,4.44,4.44,1.44,1,2025-01-21,2023-07-23,2028-07-23,5,5
AO22701,Namiq,Xəlilov,İlkin oğlu,M,JBSKQB4,BW8654578,HB221766,True,SV8634101,1998-05-17,28,Qazax,Higher Civilian Education,2018,2022,Officer,Senior Lieutenant,Pilot-Operator,False,Civilian Direct Commission,,,,Alpha,4.18,2.58,2.58,0,,2024-02-27,2029-02-27,5,1
AO24250,Elşən,Rəhimov,Elşən oğlu,M,7N2XBWL,HP3289610,HB245564,True,SV9366170,2001-10-01,24,İmişli,Higher Military Education,2020,2024,Officer,Lieutenant,Pilot-Operator,False,Military Academy,Military Aviation School,,,Alpha,2.25,2.25,2.25,0,,2023-11-20,2028-11-20,5,4
AO22585,Orxan,Yusifov,Tofiq oğlu,M,XSAK8L2,EZ1275575,HB223531,True,SV8651166,2000-02-10,26,Naxçıvan,Higher Military Education,2018,2022,Officer,Senior Lieutenant,Pilot-Operator,False,Military Academy,Military Aviation School,,,Alpha,4.13,4.13,1.13,1,2025-05-14,2016-07-11,2026-07-11,10,4
AO12461,Turanə,Vəliova,Anar qızı,F,K3R4M89,MG3598812,HB121469,True,SV8518827,1991-06-20,35,Quba,In-Service Officer Commissioning Program,2010,2012,Officer,Major,Pilot-Operator,False,Prior Enlisted (Gizir) Commission,,2.09,UAV Operator,Alpha,13.59,5.85,2.85,1,2023-08-25,2018-08-28,2028-08-28,10,4
AO19336,Ceyhun,Abbasov,Elvin oğlu,M,PNMNCHL,CT3109487,HB192524,True,SV6902196,1996-07-27,29,Ağdam,Higher Military Education,2015,2019,Officer,Captain,Pilot-Operator,False,Military Academy,Military Aviation School,,,Alpha,7.05,5.73,2.73,1,2023-10-07,2024-03-27,2029-03-27,5,1
AO17172,Rəşad,Həsənov,Zaur oğlu,M,6VASHEP,QF4609055,HB172676,False,,1995-02-07,31,İmişli,Higher Military Education,2013,2017,Officer,Captain,Pilot-Operator,False,Military Academy,Military Aviation School,,,Alpha,9.15,2.19,2.19,0,,2022-02-19,2029-02-19,7,1
AO22921,Elşən,Məmmədov,İlkin oğlu,M,CHXDU2E,JJ6869411,HB223349,True,SV9027833,1999-05-03,27,Goranboy,Higher Civilian Education,2018,2022,Officer,Senior Lieutenant,Pilot-Operator,False,Civilian Direct Commission,,,,Alpha,4.22,4.18,1.18,1,2025-04-26,2023-12-16,2033-12-16,10,5
AO20473,Aqşin,Əliov,Tofiq oğlu,M,LDM6Z6N,ZM4958706,HB206918,False,,1998-07-07,27,İmişli,Higher Civilian Education,2016,2020,Officer,Senior Lieutenant,Pilot-Operator,False,Civilian Direct Commission,,,,Alpha,5.91,4.23,1.23,1,2025-04-07,2022-03-09,2027-03-09,5,3
AO24361,Kamran,Tağıov,Elçin oğlu,M,QQZ7VPW,UB6457108,HB241590,True,SV4126390,2002-05-03,24,Mingəçevir,Higher Civilian Education,2020,2024,Officer,Lieutenant,Pilot-Operator,False,Civilian Direct Commission,,,,Alpha,2.0,2.0,2.0,0,,2023-06-27,2028-06-27,5,4
AO11628,Ramin,Xəlilov,Anar oğlu,M,8AFS7D2,SF6692101,HB116488,True,SV9899675,1988-05-11,38,Şamaxı,Higher Military Education,2007,2011,Officer,Major,Pilot-Operator,False,Military Academy,Military Aviation School,,,Alpha,14.61,3.87,0.87,1,2025-08-17,2023-09-15,2030-09-15,7,3
AO21607,Vüsal,Hüseynov,İlkin oğlu,M,E3ATM3T,QC3975780,HB219293,False,,1997-06-03,29,Sumqayıt,Higher Military Education,2017,2021,Officer,Senior Lieutenant,Pilot-Operator,False,Military Academy,General Military Academy,,,Alpha,5.22,4.19,1.19,1,2025-04-22,2021-05-28,2031-05-28,10,4
AO17445,Kamran,Fərəcov,Kənan oğlu,M,8P7BDEF,HT3988265,HB172653,True,SV3551916,1994-04-20,32,Yevlax,Higher Civilian Education,2013,2017,Officer,Captain,Pilot-Operator,False,Civilian Direct Commission,,,,Alpha,9.16,1.64,1.64,0,,2020-12-26,2030-12-26,10,3
AO22937,Ramin,Fərəcov,Tofiq oğlu,M,GUVA6TW,HF8446144,HB220163,True,SV1839337,1998-11-05,27,Salyan,Higher Military Education,2018,2022,Officer,Senior Lieutenant,Pilot-Operator,False,Military Academy,General Military Academy,,,Alpha,4.0,1.14,1.14,0,,2024-07-29,2027-07-29,3,5
AO23491,Cavid,Hacıov,Anar oğlu,M,8647ZGF,ZM8403425,HB232328,True,SV2586201,2003-05-23,23,Mingəçevir,In-Service Officer Commissioning Program,2021,2023,Officer,Lieutenant,Pilot-Operator,False,Prior Enlisted (Gizir) Commission,,1.73,UAV Operator,Alpha,2.86,2.86,2.86,0,,2023-08-28,2026-08-28,3,3
AO18742,Namiq,Nağıov,Orxan oğlu,M,NQT4VVE,CJ9531640,HB185623,True,SV7851819,1995-07-15,30,Qazax,Higher Military Education,2014,2018,Officer,Captain,Pilot-Operator,False,Military Academy,General Military Academy,,,Alpha,8.23,3.0,0.0,1,2026-06-30,2025-02-19,2032-02-19,7,2
AO15635,Emin,Yusifov,Şahin oğlu,M,YK4MX9U,VT6049775,HB152651,True,SV5166816,1992-06-22,34,Gəncə,Higher Civilian Education,2011,2015,Officer,Captain,Pilot-Operator,False,Civilian Direct Commission,,,,Alpha,10.79,5.21,2.21,1,2024-04-14,2022-12-12,2029-12-12,7,5
G23402,Cavid,Quliyov,Elçin oğlu,M,GSVR5ZY,NP9439455,HB238064,True,SV8682492,2001-06-17,25,Şamaxı,Vocational/Technical College,2021,2023,Warrant Officer,Warrant Officer,UAV Operator,False,,,,,Alpha,3.14,1.55,1.55,0,,2025-07-22,2028-07-22,3,2
G19017,Elçin,Sultanov,Şahin oğlu,M,LM73JDX,KZ8982273,HB197686,True,SV2425961,1997-09-07,28,Yevlax,Vocational/Technical College,2017,2019,Warrant Officer,Senior Warrant Officer,UAV Operator,False,,,,,Alpha,6.93,5.91,2.91,1,2023-08-03,2022-12-23,2027-12-23,5,5
G22746,Tural,Vəliov,Rəşad oğlu,M,PYD2AT7,KY8419369,HB223763,True,SV5579918,2002-06-27,24,Naxçıvan,Vocational/Technical College,2020,2022,Warrant Officer,Warrant Officer,UAV Operator,False,,,,,Alpha,3.53,1.25,1.25,0,,2024-11-30,2031-11-30,7,1
G23357,Vaqif,Kərimov,Tural oğlu,M,AUD9K9T,MY8411142,HB236353,True,SV7757188,2001-01-30,25,Ağdam,Vocational/Technical College,2021,2023,Warrant Officer,Warrant Officer,UAV Operator,False,,,,,Alpha,3.42,2.98,2.98,0,,2021-10-25,2026-10-25,5,5
G18673,Fərid,Səfərov,Ceyhun oğlu,M,HJH28KZ,AR6013458,HB186312,True,SV3192621,1997-10-27,28,Mingəçevir,Vocational/Technical College,2016,2018,Warrant Officer,Senior Warrant Officer,UAV Operator,False,,,,,Alpha,8.02,3.0,0.0,1,2026-06-30,2023-07-19,2026-07-19,3,4
G11740,Kənan,Səfərov,Emin oğlu,M,342XV3S,NJ9189251,HB113089,False,,1990-04-02,36,Zaqatala,Vocational/Technical College,2009,2011,Warrant Officer,Senior Warrant Officer,UAV Operator,False,,,,,Alpha,14.75,4.03,1.03,1,2025-06-19,2023-09-30,2028-09-30,5,1
G23944,İlkin,Cəfərov,Tural oğlu,M,QSQBQ3Z,KV7503099,HB234170,True,SV9047796,2001-11-23,24,Ağdam,Vocational/Technical College,2021,2023,Warrant Officer,Warrant Officer,UAV Operator,False,,,,,Alpha,3.24,3.24,0.24,1,2026-04-04,2022-01-03,2027-01-03,5,3
G22677,Orxan,Rüstəmov,Sənan oğlu,M,85E5D9N,DZ8794743,HB220359,True,SV4118706,2000-04-30,26,Yevlax,Vocational/Technical College,2020,2022,Warrant Officer,Warrant Officer,UAV Operator,False,,,,,Alpha,4.18,2.91,2.91,0,,2020-02-23,2027-02-23,7,1
G25596,Elçin,Musaov,Aqşin oğlu,M,BZNHG5B,NG8735633,HB251831,True,SV6230989,2004-11-15,21,Ağdam,Vocational/Technical College,2023,2025,Warrant Officer,Junior Warrant Officer,UAV Operator,False,,,,,Alpha,1.14,1.14,1.14,0,,2024-04-07,2029-04-07,5,5
G23288,Fərid,Yusifov,Elçin oğlu,M,PEN2R5K,SV9595122,HB234092,True,SV9807126,2002-09-11,23,Yevlax,Vocational/Technical College,2021,2023,Warrant Officer,Junior Warrant Officer,UAV Operator,False,,,,,Alpha,2.81,2.81,2.81,0,,2021-10-18,2028-10-18,7,1
G25878,Vüsal,Nağıov,Şahin oğlu,M,G7K7GGZ,TU9673232,HB252308,True,SV6338487,2003-04-09,23,Qazax,Vocational/Technical College,2023,2025,Warrant Officer,Junior Warrant Officer,UAV Operator,False,,,,,Alpha,1.48,1.48,1.48,0,,2022-11-16,2027-11-16,5,2
G25956,Aysel,Quliyova,Ramin qızı,F,TUZKGHU,FP9374774,HB257145,True,SV3151899,2004-06-29,22,Salyan,Vocational/Technical College,2023,2025,Warrant Officer,Junior Warrant Officer,UAV Operator,False,,,,,Alpha,1.26,1.26,1.26,0,,2025-05-21,2030-05-21,5,1
G22091,Cavid,Məmmədov,Elnur oğlu,M,4HYASMV,SQ4405052,HB223595,False,,2000-11-13,25,Bakı,Vocational/Technical College,2020,2022,Warrant Officer,Warrant Officer,UAV Operator,False,,,,,Alpha,3.95,1.37,1.37,0,,2026-02-26,2033-02-26,7,5
G18716,Ceyhun,Hüseynov,Rəşad oğlu,M,SHVJM3C,ZM2628096,HB186458,True,SV4346708,1997-01-04,29,Qazax,Vocational/Technical College,2016,2018,Warrant Officer,Senior Warrant Officer,UAV Operator,False,,,,,Alpha,7.86,4.37,1.37,1,2025-02-15,2020-02-16,2027-02-16,7,5
G22153,Vüsal,Vəliov,Vaqif oğlu,M,56RBC76,PA9395773,HB223232,True,SV1283837,2000-09-09,25,Mingəçevir,Vocational/Technical College,2020,2022,Warrant Officer,Warrant Officer,UAV Operator,False,,,,,Alpha,3.85,3.85,0.85,1,2025-08-24,2020-01-25,2027-01-25,7,1
G11488,Səbinə,Həsənova,Vüqar qızı,F,28N2AJ9,MJ9466067,HB111578,True,SV0176731,1990-05-24,36,Bakı,Vocational/Technical College,2009,2011,Warrant Officer,Senior Warrant Officer,UAV Operator,False,,,,,Alpha,15.1,5.87,2.87,1,2023-08-17,2025-03-09,2028-03-09,3,3
G24197,Nicat,Tağıov,Emin oğlu,M,TPAMCVL,KH3099951,HB243187,True,SV1340444,2003-10-19,22,Sumqayıt,Vocational/Technical College,2022,2024,Warrant Officer,Junior Warrant Officer,UAV Operator,False,,,,,Alpha,1.81,1.81,1.81,0,,2026-03-28,2029-03-28,3,3
G17139,Nicat,İbrahimov,Rəşad oğlu,M,EAN4N5Q,LV6536641,HB179160,True,SV3769732,1997-04-06,29,Goranboy,Vocational/Technical College,2015,2017,Warrant Officer,Senior Warrant Officer,UAV Operator,False,,,,,Alpha,8.73,2.23,2.23,0,,2023-07-12,2028-07-12,5,3
G22314,Kənan,Musaov,Emin oğlu,M,AZ8G34C,WV6132143,HB224155,True,SV5559840,2002-06-06,24,Tovuz,Vocational/Technical College,2020,2022,Warrant Officer,Warrant Officer,UAV Operator,False,,,,,Alpha,3.84,3.82,0.82,1,2025-09-04,2023-10-07,2028-10-07,5,5
G23423,Elşən,Musaov,Kamran oğlu,M,WB9XN28,LA2555543,HB233609,True,SV5530149,2002-06-17,24,Şirvan,Vocational/Technical College,2021,2023,Warrant Officer,Junior Warrant Officer,UAV Operator,False,,,,,Alpha,2.85,2.85,2.85,0,,2025-10-03,2028-10-03,3,2
G13885,Şahin,Abbasov,Rəşad oğlu,M,QYLK3D5,RS1921159,HB130810,True,SV4164061,1992-07-19,33,Bərdə,Vocational/Technical College,2011,2013,Warrant Officer,Senior Warrant Officer,Technical Staff,False,,,,,Alpha,13.25,2.72,2.72,0,,2023-11-20,2028-11-20,5,4
G08643,Xəyalə,Həsənova,Rəşad qızı,F,3TMGDXR,ZH3313416,HB083998,False,,1988-03-06,38,Yevlax,Vocational/Technical College,2006,2008,Warrant Officer,Senior Warrant Officer,Technical Staff,False,,,,,Alpha,17.54,4.52,1.52,1,2024-12-22,2024-03-27,2027-03-27,3,5
G08693,Elşən,Rəhimov,Elçin oğlu,M,ENVUPRT,YY1121868,HB083721,False,,1988-08-06,37,Xaçmaz,Vocational/Technical College,2006,2008,Warrant Officer,Senior Warrant Officer,Technical Staff,False,,,,,Alpha,17.73,1.67,1.67,0,,2025-07-29,2028-07-29,3,2
G23673,Sənan,Tağıov,Şahin oğlu,M,P4RCA2K,GN1477511,HB239135,True,SV8380759,2002-09-04,23,Şirvan,Vocational/Technical College,2021,2023,Warrant Officer,Warrant Officer,Technical Staff,False,,,,,Alpha,3.43,2.92,2.92,0,,2023-03-24,2028-03-24,5,2
G24293,Ülviyyə,Həsənova,Aqşin qızı,F,92H3UMY,RD1220325,HB243354,True,SV7228960,2004-02-21,22,Ağdam,Vocational/Technical College,2022,2024,Warrant Officer,Junior Warrant Officer,Technical Staff,False,,,,,Alpha,1.76,1.76,1.76,0,,2024-10-03,2029-10-03,5,1
G23445,Elnur,Vəliov,Elçin oğlu,M,LH4NEWW,KB7747684,HB237444,True,SV5880966,2001-12-10,24,Sumqayıt,Vocational/Technical College,2021,2023,Warrant Officer,Junior Warrant Officer,Technical Staff,False,,,,,Alpha,2.57,2.57,2.57,0,,2023-11-24,2026-11-24,3,5
G21944,Nərmin,Şıxəliova,Namiq qızı,F,LUURLXB,CU4184092,HB212516,True,SV1619262,2000-10-16,25,Tovuz,Vocational/Technical College,2019,2021,Warrant Officer,Warrant Officer,Technical Staff,False,,,,,Alpha,4.91,4.91,1.91,1,2024-08-02,2023-01-14,2030-01-14,7,2
G22075,Tofiq,Tağıov,Orxan oğlu,M,YAREHXA,SV9410371,HB226689,True,SV8177191,2001-12-14,24,Salyan,Vocational/Technical College,2020,2022,Warrant Officer,Warrant Officer,Technical Staff,False,,,,,Alpha,4.44,4.13,1.13,1,2025-05-14,2022-09-19,2027-09-19,5,5
G23253,Fuad,Xəlilov,Elnur oğlu,M,7VQG6ED,TJ4726267,HB232978,True,SV9088261,2003-07-16,22,Goranboy,Vocational/Technical College,2021,2023,Warrant Officer,Junior Warrant Officer,Technical Staff,False,,,,,Alpha,2.94,2.94,2.94,0,,2022-11-20,2027-11-20,5,3
G22963,Rəşad,Rüstəmov,Anar oğlu,M,RVS997E,WP3679700,HB227675,True,SV0075654,2000-09-14,25,Goranboy,Vocational/Technical College,2020,2022,Warrant Officer,Warrant Officer,Technical Staff,False,,,,,Alpha,4.5,4.5,1.5,1,2024-12-30,2025-04-18,2030-04-18,5,1
G22206,Turanə,Həsənova,Ceyhun qızı,F,G3TNW4X,BS7800446,HB227224,True,SV7717719,2001-03-16,25,Salyan,Vocational/Technical College,2020,2022,Warrant Officer,Warrant Officer,Technical Staff,False,,,,,Alpha,4.01,3.69,0.69,1,2025-10-21,2026-03-31,2029-03-31,3,5
G23305,Fuad,Nəsirov,Vaqif oğlu,M,D6LPSJ9,RM5081178,HB232679,True,SV1708003,2002-01-04,24,Mingəçevir,Vocational/Technical College,2021,2023,Warrant Officer,Junior Warrant Officer,Technical Staff,False,,,,,Alpha,2.92,2.92,2.92,0,,2026-02-12,2029-02-12,3,2
G24645,Tofiq,Qaraov,Cavid oğlu,M,HH7L4UD,SB2504887,HB241752,True,SV0432772,2002-06-11,24,Tovuz,Vocational/Technical College,2022,2024,Warrant Officer,Junior Warrant Officer,Technical Staff,False,,,,,Alpha,2.19,2.19,2.19,0,,2021-12-04,2026-12-04,5,5
G25276,Aytac,Nağıova,İlkin qızı,F,HAPHM46,YA6871524,HB252372,True,SV9709857,2003-04-25,23,Tovuz,Vocational/Technical College,2023,2025,Warrant Officer,Junior Warrant Officer,Technical Staff,False,,,,,Alpha,1.24,1.24,1.24,0,,2022-11-02,2027-11-02,5,4
G24726,Orxan,Rüstəmov,Murad oğlu,M,UP8HJL3,ST3202751,HB243654,True,SV4459232,2002-05-11,24,Şirvan,Vocational/Technical College,2022,2024,Warrant Officer,Junior Warrant Officer,Technical Staff,False,,,,,Alpha,2.19,1.42,1.42,0,,2026-02-04,2029-02-04,3,1
G22585,Vüsal,Əliov,Zaur oğlu,M,5EY8NBK,VE9855017,HB221109,True,SV0721469,2002-01-04,24,Sumqayıt,Vocational/Technical College,2020,2022,Warrant Officer,Warrant Officer,Technical Staff,False,,,,,Alpha,4.17,4.17,1.17,1,2025-04-29,2021-08-13,2028-08-13,7,5
G18574,Vaqif,İbrahimov,Tofiq oğlu,M,QE64LBQ,EP8306121,HB188745,True,SV8062245,1997-04-06,29,Gəncə,Vocational/Technical College,2016,2018,Warrant Officer,Senior Warrant Officer,Technical Staff,False,,,,,Alpha,8.06,5.59,2.59,1,2023-11-28,2023-07-04,2026-07-04,3,1
G24803,Anar,Yusifov,Tofiq oğlu,M,9TANYR3,JP3205082,HB248819,False,,2004-02-23,22,Xaçmaz,Vocational/Technical College,2022,2024,Warrant Officer,Junior Warrant Officer,Technical Staff,False,,,,,Alpha,1.79,1.69,1.69,0,,2023-11-06,2026-11-06,3,5
G24422,Sənan,Vəliov,Anar oğlu,M,J47B9H5,VJ8815869,HB240662,True,SV7955198,2004-02-25,22,Xaçmaz,Vocational/Technical College,2022,2024,Warrant Officer,Junior Warrant Officer,Technical Staff,False,,,,,Alpha,1.63,1.63,1.63,0,,2026-01-06,2029-01-06,3,5
G24379,Aysel,Vəliova,Ruslan qızı,F,RLV3LF3,WB1711530,HB240714,True,SV6533974,2003-12-16,22,Xaçmaz,Vocational/Technical College,2022,2024,Warrant Officer,Junior Warrant Officer,Technical Staff,False,,,,,Alpha,1.92,1.92,1.92,0,,2025-10-18,2028-10-18,3,3
G20209,Anar,Abbasov,Sənan oğlu,M,UFKYEZ8,YK9906992,HB206714,True,SV9172918,2000-01-18,26,Sumqayıt,Vocational/Technical College,2018,2020,Warrant Officer,Senior Warrant Officer,Technical Service,False,,,,,Alpha,6.1,5.84,2.84,1,2023-08-28,2021-11-09,2026-11-09,5,3
G23995,Aytac,Nəsirova,Rəşad qızı,F,ZBQPFP6,JK8757247,HB230351,True,SV0213810,2002-09-25,23,Sumqayıt,Vocational/Technical College,2021,2023,Warrant Officer,Junior Warrant Officer,Technical Service,False,,,,,Alpha,2.87,2.33,2.33,0,,2026-04-18,2029-04-18,3,3
G15195,Kamran,Xəlilov,Vüqar oğlu,M,6FDGGYZ,TG2205813,HB156847,True,SV2661012,1994-10-08,31,Sumqayıt,Vocational/Technical College,2013,2015,Warrant Officer,Senior Warrant Officer,Technical Service,False,,,,,Alpha,10.54,4.07,1.07,1,2025-06-05,2026-05-07,2031-05-07,5,4
G10686,Ramin,Musaov,Orxan oğlu,M,WNMNFBQ,GW5160684,HB101364,True,SV2035969,1989-04-04,37,Bərdə,Vocational/Technical College,2008,2010,Warrant Officer,Senior Warrant Officer,Technical Service,False,,,,,Alpha,15.55,2.54,2.54,0,,2025-01-10,2028-01-10,3,2
G11957,Murad,Yusifov,Vaqif oğlu,M,SU9E8Q8,EF1006281,HB110063,True,SV3780558,1990-09-25,35,Salyan,Vocational/Technical College,2009,2011,Warrant Officer,Senior Warrant Officer,Technical Service,False,,,,,Alpha,14.81,1.39,1.39,0,,2021-06-30,2028-06-30,7,4
G17797,Rəşad,Tağıov,Cavid oğlu,M,EUU8DD2,UW8826541,HB179986,True,SV6643860,1995-03-04,31,Xaçmaz,Vocational/Technical College,2015,2017,Warrant Officer,Senior Warrant Officer,Technical Service,False,,,,,Alpha,9.49,1.06,1.06,0,,2023-07-23,2028-07-23,5,3
G19538,Zaur,Nəsirov,Şahin oğlu,M,5X9HKZ2,HT6049445,HB192430,True,SV0707475,1997-09-10,28,Bərdə,Vocational/Technical College,2017,2019,Warrant Officer,Senior Warrant Officer,Technical Service,False,,,,,Alpha,7.01,1.1,1.1,0,,2024-05-17,2031-05-17,7,1
G24344,Nicat,Əliov,Tural oğlu,M,7YJ4SWD,AJ5185318,HB244466,True,SV6231598,2004-01-15,22,Lənkəran,Vocational/Technical College,2022,2024,Warrant Officer,Junior Warrant Officer,Technical Service,False,,,,,Alpha,2.11,2.11,2.11,0,,2026-04-29,2029-04-29,3,2
G22249,Elvin,Musaov,Şahin oğlu,M,7WVAJ3K,ZR4332468,HB222012,True,SV1568366,2001-07-08,24,Şamaxı,Vocational/Technical College,2020,2022,Warrant Officer,Warrant Officer,Technical Service,False,,,,,Alpha,4.44,3.05,0.05,1,2026-06-12,2024-02-27,2027-02-27,3,1
G22769,Ramin,Nəsirov,Tofiq oğlu,M,Y6KE263,VQ6676924,HB227008,True,SV0751725,2002-01-01,24,Xaçmaz,Vocational/Technical College,2020,2022,Warrant Officer,Warrant Officer,Technical Service,False,,,,,Alpha,3.53,2.68,2.68,0,,2025-07-08,2028-07-08,3,3
G08859,Namiq,Rəhimov,Rəşad oğlu,M,RZZT786,RF2848354,HB082905,True,SV0656411,1987-10-17,38,Goranboy,Vocational/Technical College,2006,2008,Warrant Officer,Senior Warrant Officer,Technical Service,False,,,,,Alpha,17.69,5.23,2.23,1,2024-04-07,2020-05-10,2027-05-10,7,5
G22733,Fərid,İbrahimov,Cavid oğlu,M,969E5FC,HZ3042751,HB227475,False,,2002-05-08,24,Sumqayıt,Vocational/Technical College,2020,2022,Warrant Officer,Warrant Officer,Technical Service,False,,,,,Alpha,3.55,1.27,1.27,0,,2025-07-15,2032-07-15,7,2
G11223,Elvin,Rüstəmov,Tural oğlu,M,TZ862SA,AT2831530,HB115271,True,SV9455461,1990-09-16,35,Xaçmaz,Vocational/Technical College,2009,2011,Warrant Officer,Senior Warrant Officer,Repair Specialist,False,,,,,Alpha,14.56,4.17,1.17,1,2025-04-29,2021-08-31,2026-08-31,5,3
G13364,Anar,Məmmədov,Anar oğlu,M,ZEZUFMW,AX2509660,HB137941,True,SV4354166,1991-09-19,34,Şamaxı,Vocational/Technical College,2011,2013,Warrant Officer,Senior Warrant Officer,Repair Specialist,False,,,,,Alpha,13.28,1.82,1.82,0,,2020-10-25,2027-10-25,7,4
G25102,Nigar,Quliyova,Zaur qızı,F,6SVK3RV,UV9341596,HB252933,True,SV2001549,2004-01-09,22,Salyan,Vocational/Technical College,2023,2025,Warrant Officer,Junior Warrant Officer,Repair Specialist,False,,,,,Alpha,1.15,1.15,1.15,0,,2024-09-04,2027-09-04,3,1
G13541,Ramin,Kərimov,Nicat oğlu,M,B455MXP,CW8016389,HB134773,True,SV7331448,1991-11-14,34,Xaçmaz,Vocational/Technical College,2011,2013,Warrant Officer,Senior Warrant Officer,Repair Specialist,False,,,,,Alpha,13.18,1.51,1.51,0,,2025-10-21,2028-10-21,3,4
G23338,Aqşin,Əliov,Kamran oğlu,M,D7RUQV2,QW8784484,HB235909,True,SV6085772,2001-11-24,24,Qazax,Vocational/Technical College,2021,2023,Warrant Officer,Warrant Officer,Repair Specialist,False,,,,,Alpha,3.3,3.3,0.3,1,2026-03-13,2024-05-28,2027-05-28,3,5
G21587,Şahin,Vəliov,Elşən oğlu,M,XWE46VA,YN4417332,HB210287,True,SV5380450,2000-08-25,25,Xaçmaz,Vocational/Technical College,2019,2021,Warrant Officer,Warrant Officer,Repair Specialist,False,,,,,Alpha,4.8,4.5,1.5,1,2024-12-30,2024-07-04,2027-07-04,3,4
G08482,Cavid,Rüstəmov,Tural oğlu,M,TACVVKS,ES9302456,HB089106,True,SV6717238,1987-05-21,39,Şamaxı,Vocational/Technical College,2006,2008,Warrant Officer,Senior Warrant Officer,Repair Specialist,False,,,,,Alpha,18.48,5.9,2.9,1,2023-08-06,2026-05-29,2031-05-29,5,5
G25255,Zaur,Quliyov,Elçin oğlu,M,ZPJGD5G,VE3706618,HB251230,True,SV5590754,2004-03-29,22,Bərdə,Vocational/Technical College,2023,2025,Warrant Officer,Junior Warrant Officer,Repair Specialist,False,,,,,Alpha,1.21,1.21,1.21,0,,2026-01-03,2029-01-03,3,4
AO97199,Günel,Yusifova,Nicat qızı,F,FUU5EZ8,AU2226573,HB972900,False,,1975-05-15,51,Gəncə,Higher Civilian Education,1993,1997,Officer,Lieutenant Colonel,Department Commander,True,Civilian Direct Commission,,,,Beta,28.65,5.82,2.82,1,2023-09-04,2019-08-28,2029-08-28,10,1
AO16486,Murad,Nəsirov,Emin oğlu,M,UNNU6CJ,ZF4837808,HB167803,True,SV2521168,1992-10-29,33,Lənkəran,Higher Military Education,2012,2016,Officer,Captain,Chief of Operations,True,Military Academy,Military Aviation School,,,Beta,10.26,3.61,0.61,1,2025-11-20,2018-02-23,2028-02-23,10,4
AO12560,Elvin,Tağıov,Anar oğlu,M,BUFWBUB,GE9550762,HB127983,True,SV4981867,1989-09-17,36,Naxçıvan,Higher Military Education,2008,2012,Officer,Major,Pilot-Operator Lead,True,Military Academy,General Military Academy,,,Beta,13.82,3.39,0.39,1,2026-02-08,2025-09-08,2030-09-08,5,5
G15848,Vüqar,Cəfərov,Murad oğlu,M,CNEAS7X,VQ1958570,HB152800,True,SV9509644,1993-11-24,32,Gəncə,Vocational/Technical College,2013,2015,Warrant Officer,Senior Warrant Officer,Technical Service Lead,True,,,,,Beta,11.28,2.32,2.32,0,,2024-10-14,2029-10-14,5,5
AO13826,Murad,Sultanov,Rəşad oğlu,M,PJ27CVT,GA7055328,HB130590,True,SV1452556,1990-10-17,35,Goranboy,Higher Military Education,2009,2013,Officer,Major,Training & Standardization Lead,True,Military Academy,General Military Academy,,,Beta,12.74,4.84,1.84,1,2024-08-27,2022-06-23,2027-06-23,5,2
AO21460,Namiq,Nəsirov,Murad oğlu,M,MYZ5XZQ,SD2435671,HB216854,False,,1998-03-28,28,Bakı,Higher Civilian Education,2017,2021,Officer,Senior Lieutenant,Operations Officer,False,Civilian Direct Commission,,,,Beta,4.69,3.41,0.41,1,2026-02-01,2023-09-23,2028-09-23,5,1
AO18804,Tural,Hacıov,Fuad oğlu,M,N9VSYV8,VR4268205,HB184616,True,SV2102019,1995-09-30,30,Goranboy,Higher Military Education,2014,2018,Officer,Captain,Operations Officer,False,Military Academy,General Military Academy,,,Beta,7.55,1.44,1.44,0,,2024-08-24,2029-08-24,5,3
AO17999,Namiq,Nağıov,Fuad oğlu,M,47M8JVG,YP2410298,HB174592,False,,1995-01-17,31,İmişli,Higher Military Education,2013,2017,Officer,Captain,Operations Officer,False,Military Academy,General Military Academy,,,Beta,9.05,1.08,1.08,0,,2017-04-22,2027-04-22,10,5
AO21945,Kənan,Şıxəliov,Nicat oğlu,M,X65RJN3,FS8435722,HB211319,True,SV7351325,1998-12-24,27,Naxçıvan,Higher Civilian Education,2017,2021,Officer,Senior Lieutenant,Operations Officer,False,Civilian Direct Commission,,,,Beta,4.63,2.89,2.89,0,,2025-04-11,2030-04-11,5,2
AO22715,Zaur,Vəliov,Vüqar oğlu,M,M2DC8RA,WY8338852,HB225983,True,SV7537154,1998-08-06,27,İmişli,Higher Military Education,2018,2022,Officer,Senior Lieutenant,Operations Officer,False,Military Academy,Military Aviation School,,,Beta,4.43,4.43,1.43,1,2025-01-24,2025-06-27,2030-06-27,5,1
AO16664,Səbinə,Cəfərova,Elçin qızı,F,AXNDM5F,GG9314473,HB168113,True,SV4596878,1993-05-16,33,İmişli,Higher Military Education,2012,2016,Officer,Captain,Operations Officer,False,Military Academy,Military Aviation School,,,Beta,9.75,1.87,1.87,0,,2019-07-08,2029-07-08,10,4
AO24322,Ülviyyə,Tağıova,Elnur qızı,F,95SZ3KT,PK6084643,HB249402,True,SV5920189,2000-06-23,26,Şəki,Higher Military Education,2020,2024,Officer,Lieutenant,Operations Officer,False,Military Academy,Military Aviation School,,,Beta,2.42,2.42,2.42,0,,2026-06-12,2031-06-12,5,5
AO24715,Kənan,Səfərov,Fuad oğlu,M,QCVQ85W,YL6490336,HB248756,True,SV6387975,2002-01-25,24,Zaqatala,Higher Military Education,2020,2024,Officer,Lieutenant,Operations Officer,False,Military Academy,General Military Academy,,,Beta,2.08,2.08,2.08,0,,2023-02-16,2028-02-16,5,4
AO16557,Kamran,İbrahimov,Rövşən oğlu,M,DC6TAN2,BG1683226,HB165261,True,SV8068349,1996-03-16,30,İmişli,In-Service Officer Commissioning Program,2014,2016,Officer,Captain,Operations Officer,False,Prior Enlisted (Gizir) Commission,,3.56,UAV Operator,Beta,10.04,4.09,1.09,1,2025-05-28,2018-12-30,2028-12-30,10,3
AO20423,Tofiq,Qaraov,Vaqif oğlu,M,USWKMT3,LJ2308834,HB200343,True,SV9940422,1996-09-16,29,Bakı,Higher Military Education,2016,2020,Officer,Senior Lieutenant,Operations Officer,False,Military Academy,Military Aviation School,,,Beta,5.89,3.7,0.7,1,2025-10-18,2023-04-19,2030-04-19,7,5
AO15870,Tofiq,Qaraov,Rövşən oğlu,M,4HCWS3V,SG6521011,HB159249,True,SV4743190,1993-02-03,33,Şirvan,Higher Civilian Education,2011,2015,Officer,Captain,Operations Officer,False,Civilian Direct Commission,,,,Beta,10.58,3.8,0.8,1,2025-09-11,2025-09-04,2030-09-04,5,3
AO17162,Vüsal,Səfərov,Fərid oğlu,M,P3RMYBC,UD2351823,HB176916,True,SV9739291,1994-05-18,32,Şirvan,Higher Civilian Education,2013,2017,Officer,Captain,Operations Officer,False,Civilian Direct Commission,,,,Beta,8.69,4.64,1.64,1,2024-11-08,2025-09-30,2030-09-30,5,5
AO24225,Tural,Qaraov,Fuad oğlu,M,7SJWG65,FC6312170,HB243677,True,SV7453010,2001-12-16,24,Yevlax,Higher Military Education,2020,2024,Officer,Lieutenant,Operations Officer,False,Military Academy,Military Aviation School,,,Beta,1.76,1.76,1.76,0,,2024-11-27,2034-11-27,10,3
AO24481,Elnur,Hüseynov,Şahin oğlu,M,H9323QG,SJ1844261,HB242572,True,SV3728950,2001-09-19,24,Mingəçevir,Higher Military Education,2020,2024,Officer,Lieutenant,Operations Officer,False,Military Academy,General Military Academy,,,Beta,1.53,1.3,1.3,0,,2021-08-02,2028-08-02,7,4
AO12508,Fuad,Rüstəmov,Kamran oğlu,M,6VMVLC8,VE6712430,HB127178,True,SV0910110,1989-12-02,36,Goranboy,Higher Civilian Education,2008,2012,Officer,Major,Flight Control Officer,False,Civilian Direct Commission,,,,Beta,14.05,2.84,2.84,0,,2024-08-02,2027-08-02,3,4
AO23007,Tofiq,İbrahimov,Şahin oğlu,M,74QWMZ6,VV0657802,HB234739,True,SV1231659,2001-05-31,25,İmişli,Higher Military Education,2019,2023,Officer,Lieutenant,Flight Control Officer,False,Military Academy,General Military Academy,,,Beta,2.57,2.57,2.57,0,,2025-12-30,2032-12-30,7,5
AO21316,Cavid,Musaov,Vaqif oğlu,M,D3TSXTV,YX5984683,HB216543,True,SV5357349,1999-07-26,26,Bakı,Higher Civilian Education,2017,2021,Officer,Senior Lieutenant,Flight Control Officer,False,Civilian Direct Commission,,,,Beta,4.72,4.19,1.19,1,2025-04-22,2024-03-16,2029-03-16,5,1
AO21906,Vüsal,Vəliov,Aqşin oğlu,M,L2847SU,PC4128223,HB215722,True,SV5203448,1998-02-10,28,Bərdə,Higher Military Education,2017,2021,Officer,Senior Lieutenant,Training & Standardization Officer,False,Military Academy,General Military Academy,,,Beta,5.35,5.35,2.35,1,2024-02-23,2024-12-30,2029-12-30,5,1
AO24203,Elşən,Şıxəliov,Vaqif oğlu,M,4P55HWV,AU3305152,HB241052,True,SV7345522,2000-09-29,25,Goranboy,Higher Military Education,2020,2024,Officer,Lieutenant,Training & Standardization Officer,False,Military Academy,Military Aviation School,,,Beta,2.29,2.29,2.29,0,,2026-04-29,2029-04-29,3,2
AO20690,Elnur,Sultanov,Kənan oğlu,M,ETRWGVZ,FB7390643,HB202754,True,SV5039694,1999-10-06,26,Mingəçevir,In-Service Officer Commissioning Program,2018,2020,Officer,Senior Lieutenant,Training & Standardization Officer,False,Prior Enlisted (Gizir) Commission,,1.25,UAV Operator,Beta,5.59,1.97,1.97,0,,2024-12-26,2027-12-26,3,4
AO19316,Anar,Əliov,Vüqar oğlu,M,754AYDQ,AF5252471,HB195562,True,SV0560127,1998-11-27,27,Yevlax,In-Service Officer Commissioning Program,2017,2019,Officer,Captain,Pilot-Operator,False,Prior Enlisted (Gizir) Commission,,3.45,UAV Operator,Beta,7.19,4.64,1.64,1,2024-11-08,2025-05-17,2035-05-17,10,3
AO20211,Elvin,Hüseynov,Namiq oğlu,M,5WHN9DL,WN1549025,HB200034,True,SV3133629,2000-11-24,25,Salyan,In-Service Officer Commissioning Program,2018,2020,Officer,Senior Lieutenant,Pilot-Operator,False,Prior Enlisted (Gizir) Commission,,2.96,UAV Operator,Beta,5.58,3.51,0.51,1,2025-12-26,2019-11-24,2029-11-24,10,3
AO14299,Ramin,Nağıov,Anar oğlu,M,E6XCN8V,RF2199352,HB141716,True,SV5883751,1990-07-31,35,Mingəçevir,Higher Military Education,2010,2014,Officer,Major,Pilot-Operator,False,Military Academy,General Military Academy,,,Beta,12.16,5.45,2.45,1,2024-01-18,2026-03-17,2036-03-17,10,5
AO23728,Fuad,Quliyov,Elvin oğlu,M,26PPQ76,YG7117625,HB232451,True,SV2636456,2000-08-22,25,Tovuz,Higher Military Education,2019,2023,Officer,Lieutenant,Pilot-Operator,False,Military Academy,Military Aviation School,,,Beta,2.74,2.74,2.74,0,,2025-07-19,2028-07-19,3,2
AO22709,Ceyhun,Məmmədov,Ramin oğlu,M,8HXGGF8,LQ6884768,HB220175,True,SV3955670,1999-10-09,26,Şirvan,Higher Military Education,2018,2022,Officer,Senior Lieutenant,Pilot-Operator,False,Military Academy,General Military Academy,,,Beta,4.45,1.97,1.97,0,,2024-03-16,2027-03-16,3,4
AO18592,Tural,Qaraov,Emin oğlu,M,N28GQ62,GD2969460,HB184173,True,SV1585330,1994-04-09,32,Zaqatala,Higher Civilian Education,2014,2018,Officer,Captain,Pilot-Operator,False,Civilian Direct Commission,,,,Beta,8.47,5.39,2.39,1,2024-02-09,2023-10-22,2028-10-22,5,5
AO18652,İlkin,Sultanov,Kamran oğlu,M,YDDQMSN,UN9337956,HB188308,True,SV8174374,1994-12-10,31,Naxçıvan,Higher Military Education,2014,2018,Officer,Captain,Pilot-Operator,False,Military Academy,General Military Academy,,,Beta,7.79,1.45,1.45,0,,2023-04-04,2028-04-04,5,1
AO24038,Turanə,Səfərova,İlkin qızı,F,A6HURPC,QF5658016,HB241371,True,SV8682904,2002-08-03,23,Naxçıvan,Higher Military Education,2020,2024,Officer,Lieutenant,Pilot-Operator,False,Military Academy,General Military Academy,,,Beta,1.9,1.9,1.9,0,,2025-01-02,2028-01-02,3,2
AO23051,Fuad,Cəfərov,Murad oğlu,M,MB2L642,WB4183422,HB232364,True,SV5950767,2000-03-11,26,Şamaxı,Higher Military Education,2019,2023,Officer,Lieutenant,Pilot-Operator,False,Military Academy,General Military Academy,,,Beta,2.92,2.92,2.92,0,,2024-09-22,2034-09-22,10,4
AO25210,Şahin,Fərəcov,Ruslan oğlu,M,ZR36HKG,CM7726403,HB253167,False,,2002-05-14,24,Şəki,Higher Military Education,2021,2025,Officer,Lieutenant,Pilot-Operator,False,Military Academy,Military Aviation School,,,Beta,1.08,1.08,1.08,0,,2025-11-05,2030-11-05,5,1
AO25050,Rəşad,Məmmədov,Sənan oğlu,M,LNU84G4,YM4011488,HB252998,True,SV8905565,2002-09-01,23,Bakı,Higher Military Education,2021,2025,Officer,Lieutenant,Pilot-Operator,False,Military Academy,General Military Academy,,,Beta,1.32,1.32,1.32,0,,2023-09-30,2028-09-30,5,2
AO24602,Fərid,Məmmədov,Rövşən oğlu,M,W4UNV52,SH0442492,HB242896,True,SV1779404,2000-09-25,25,Salyan,Higher Military Education,2020,2024,Officer,Lieutenant,Pilot-Operator,False,Military Academy,Military Aviation School,,,Beta,1.93,1.93,1.93,0,,2026-01-17,2029-01-17,3,2
AO23001,Sənan,Yusifov,Elnur oğlu,M,GBN5DKB,WW3817707,HB231851,True,SV2225762,2002-03-04,24,Naxçıvan,In-Service Officer Commissioning Program,2021,2023,Officer,Lieutenant,Pilot-Operator,False,Prior Enlisted (Gizir) Commission,,1.86,UAV Operator,Beta,2.86,2.86,2.86,0,,2023-11-17,2026-11-17,3,3
AO16430,İlkin,Sultanov,Namiq oğlu,M,UFK6TBA,XB3037866,HB164267,True,SV3317809,1995-11-17,30,Zaqatala,In-Service Officer Commissioning Program,2014,2016,Officer,Captain,Pilot-Operator,False,Prior Enlisted (Gizir) Commission,,3.87,UAV Operator,Beta,9.5,4.78,1.78,1,2024-09-18,2024-08-06,2031-08-06,7,5
AO23143,Şahin,Cəfərov,Anar oğlu,M,8E6JMF7,HW3401482,HB236155,True,SV5547150,2002-01-28,24,Şamaxı,In-Service Officer Commissioning Program,2021,2023,Officer,Lieutenant,Pilot-Operator,False,Prior Enlisted (Gizir) Commission,,1.58,UAV Operator,Beta,2.58,2.58,2.58,0,,2021-07-11,2028-07-11,7,5
AO24756,Rövşən,Səfərov,Orxan oğlu,M,L4U3P3T,FR0954545,HB242487,False,,2000-11-23,25,Naxçıvan,Higher Civilian Education,2020,2024,Officer,Lieutenant,Pilot-Operator,False,Civilian Direct Commission,,,,Beta,2.42,2.19,2.19,0,,2025-09-11,2030-09-11,5,3
AO12366,Tofiq,Səfərov,Sənan oğlu,M,BGEU232,RL2642827,HB124686,True,SV9979956,1990-09-20,35,Salyan,Higher Military Education,2008,2012,Officer,Major,Pilot-Operator,False,Military Academy,Military Aviation School,,,Beta,13.56,5.07,2.07,1,2024-06-04,2022-09-15,2032-09-15,10,4
AO24395,Zaur,Nağıov,Elşən oğlu,M,DKAPUWY,KL2115834,HB241546,True,SV8106186,2002-04-13,24,Mingəçevir,Higher Military Education,2020,2024,Officer,Lieutenant,Pilot-Operator,False,Military Academy,General Military Academy,,,Beta,2.09,2.09,2.09,0,,2026-06-27,2036-06-27,10,1
AO23430,Ruslan,Cəfərov,Cavid oğlu,M,TQMFVU5,FN4539571,HB232886,True,SV6179974,2002-01-02,24,Sumqayıt,In-Service Officer Commissioning Program,2021,2023,Officer,Lieutenant,Pilot-Operator,False,Prior Enlisted (Gizir) Commission,,1.77,UAV Operator,Beta,2.77,2.77,2.77,0,,2020-04-07,2030-04-07,10,5
AO24998,Turanə,Xəlilova,İlkin qızı,F,UV6TAQ6,PH3921653,HB242832,False,,2001-12-17,24,Quba,Higher Military Education,2020,2024,Officer,Lieutenant,Pilot-Operator,False,Military Academy,Military Aviation School,,,Beta,1.59,1.59,1.59,0,,2025-09-19,2035-09-19,10,1
G22440,İlkin,Kərimov,Fuad oğlu,M,VKCS5JE,GW0115148,HB227168,True,SV7478301,2001-04-15,25,Mingəçevir,Vocational/Technical College,2020,2022,Warrant Officer,Warrant Officer,UAV Operator,False,,,,,Beta,3.95,3.89,0.89,1,2025-08-09,2023-03-20,2028-03-20,5,4
G11589,Tofiq,Qaraov,Kamran oğlu,M,GZMW2DF,KH7753741,HB110760,False,,1990-04-02,36,Bakı,Vocational/Technical College,2009,2011,Warrant Officer,Senior Warrant Officer,UAV Operator,False,,,,,Beta,14.74,3.06,0.06,1,2026-06-09,2024-07-07,2027-07-07,3,3
G23771,Tural,Musaov,Rəşad oğlu,M,7W8P75L,GC6377751,HB236174,True,SV6156800,2001-02-28,25,Şirvan,Vocational/Technical College,2021,2023,Warrant Officer,Warrant Officer,UAV Operator,False,,,,,Beta,3.48,3.24,0.24,1,2026-04-04,2021-09-08,2026-09-08,5,4
G17117,Orxan,Hacıov,Tural oğlu,M,8X48WYD,WD6859862,HB176403,True,SV9692497,1997-02-18,29,Qazax,Vocational/Technical College,2015,2017,Warrant Officer,Senior Warrant Officer,UAV Operator,False,,,,,Beta,8.66,4.63,1.63,1,2024-11-12,2026-05-25,2029-05-25,3,3
G15417,Tural,Şıxəliov,Ramin oğlu,M,8JQR7VF,MD7269710,HB151023,True,SV2481696,1995-06-15,31,Quba,Vocational/Technical College,2013,2015,Warrant Officer,Senior Warrant Officer,UAV Operator,False,,,,,Beta,10.72,1.37,1.37,0,,2024-08-02,2029-08-02,5,2
G24483,Şahin,Səfərov,Cavid oğlu,M,NZ3CHNY,UC5933096,HB241249,True,SV8387225,2003-08-03,22,Goranboy,Vocational/Technical College,2022,2024,Warrant Officer,Junior Warrant Officer,UAV Operator,False,,,,,Beta,1.51,1.51,1.51,0,,2023-12-01,2028-12-01,5,2
G24819,Orxan,Səfərov,Vaqif oğlu,M,WZEGZUR,BN3584900,HB246096,False,,2003-11-14,22,Gəncə,Vocational/Technical College,2022,2024,Warrant Officer,Junior Warrant Officer,UAV Operator,False,,,,,Beta,2.03,2.03,2.03,0,,2024-06-04,2027-06-04,3,4
G22927,Aqşin,Musaov,Aqşin oğlu,M,TZHCZRA,XQ2606980,HB226993,True,SV8081560,2002-03-29,24,Şəki,Vocational/Technical College,2020,2022,Warrant Officer,Warrant Officer,UAV Operator,False,,,,,Beta,4.02,4.02,1.02,1,2025-06-23,2024-03-16,2029-03-16,5,4
G24599,Sənan,Hüseynov,Murad oğlu,M,TL8GBFC,GU1312517,HB244850,True,SV3180097,2003-07-10,22,Bərdə,Vocational/Technical College,2022,2024,Warrant Officer,Junior Warrant Officer,UAV Operator,False,,,,,Beta,2.3,2.3,2.3,0,,2024-06-26,2029-06-26,5,3
G25161,Günel,İbrahimova,Tofiq qızı,F,JQHFYVY,QC8345199,HB250280,True,SV8954620,2004-06-22,22,Şirvan,Vocational/Technical College,2023,2025,Warrant Officer,Junior Warrant Officer,UAV Operator,False,,,,,Beta,1.19,1.19,1.19,0,,2023-01-14,2028-01-14,5,2
G13723,Ceyhun,Musaov,Tural oğlu,M,BMGJV6Q,CB5105024,HB133695,True,SV4782122,1992-02-16,34,Ağdam,Vocational/Technical College,2011,2013,Warrant Officer,Senior Warrant Officer,UAV Operator,False,,,,,Beta,13.0,5.84,2.84,1,2023-08-28,2025-08-13,2030-08-13,5,2
G24135,Elnur,Tağıov,Vüsal oğlu,M,7QNEZW9,ED6018413,HB248378,False,,2003-06-27,23,Yevlax,Vocational/Technical College,2022,2024,Warrant Officer,Junior Warrant Officer,UAV Operator,False,,,,,Beta,2.26,2.1,2.1,0,,2024-01-29,2029-01-29,5,2
G21624,Aqşin,Nağıov,Anar oğlu,M,C5R9U4J,TT2358515,HB218892,True,SV9047054,2000-03-31,26,Şirvan,Vocational/Technical College,2019,2021,Warrant Officer,Warrant Officer,UAV Operator,False,,,,,Beta,4.67,4.19,1.19,1,2025-04-22,2025-08-24,2030-08-24,5,4
G08986,Vüsal,Tağıov,Elnur oğlu,M,MH9AXFQ,PQ9417186,HB083388,True,SV0636527,1987-04-29,39,Yevlax,Vocational/Technical College,2006,2008,Warrant Officer,Senior Warrant Officer,UAV Operator,False,,,,,Beta,18.18,1.42,1.42,0,,2023-01-10,2028-01-10,5,5
G21223,Fuad,Şıxəliov,Ceyhun oğlu,M,B8X6DMV,JE5072921,HB211371,True,SV9592723,2000-09-18,25,Quba,Vocational/Technical College,2019,2021,Warrant Officer,Warrant Officer,UAV Operator,False,,,,,Beta,4.63,2.04,2.04,0,,2023-05-25,2028-05-25,5,5
G23268,Ruslan,Səfərov,Ruslan oğlu,M,4RT46QM,SS9818031,HB235251,False,,2002-02-01,24,Sumqayıt,Vocational/Technical College,2021,2023,Warrant Officer,Warrant Officer,UAV Operator,False,,,,,Beta,3.05,2.39,2.39,0,,2025-06-16,2028-06-16,3,1
G25106,Ruslan,İbrahimov,Tofiq oğlu,M,APX7RPZ,AE0885356,HB255007,False,,2005-01-06,21,Xaçmaz,Vocational/Technical College,2023,2025,Warrant Officer,Junior Warrant Officer,UAV Operator,False,,,,,Beta,1.15,1.15,1.15,0,,2026-01-17,2029-01-17,3,5
G25990,Elnur,Fərəcov,Vaqif oğlu,M,3FJR92B,JL1972986,HB251047,True,SV1203121,2004-01-10,22,İmişli,Vocational/Technical College,2023,2025,Warrant Officer,Junior Warrant Officer,UAV Operator,False,,,,,Beta,1.14,1.14,1.14,0,,2024-03-16,2029-03-16,5,1
G15161,Emin,Rəhimov,Namiq oğlu,M,DA7287E,ZP5628979,HB150977,True,SV7793140,1994-01-20,32,İmişli,Vocational/Technical College,2013,2015,Warrant Officer,Senior Warrant Officer,UAV Operator,False,,,,,Beta,11.11,5.89,2.89,1,2023-08-10,2025-02-22,2028-02-22,3,1
G22969,Fərid,Həsənov,Tural oğlu,M,VGS32GC,WS9934650,HB222326,True,SV3743033,2002-04-02,24,Zaqatala,Vocational/Technical College,2020,2022,Warrant Officer,Warrant Officer,UAV Operator,False,,,,,Beta,3.63,3.01,0.01,1,2026-06-27,2023-05-18,2030-05-18,7,5
G25008,Namiq,Cəfərov,Kamran oğlu,M,39P6EUC,EM8909704,HB250745,False,,2005-04-24,21,Ağdam,Vocational/Technical College,2023,2025,Warrant Officer,Junior Warrant Officer,Technical Staff,False,,,,,Beta,1.01,1.01,1.01,0,,2021-07-15,2026-07-15,5,2
G24879,Zaur,Rəhimov,Rövşən oğlu,M,KR4KURZ,FU1366162,HB241845,True,SV9607495,2002-11-23,23,Tovuz,Vocational/Technical College,2022,2024,Warrant Officer,Junior Warrant Officer,Technical Staff,False,,,,,Beta,2.49,2.49,2.49,0,,2025-10-25,2030-10-25,5,5
G16019,Zaur,Sultanov,Rəşad oğlu,M,MZAJUEQ,SJ0369026,HB166781,True,SV1675133,1995-03-02,31,Şamaxı,Vocational/Technical College,2014,2016,Warrant Officer,Senior Warrant Officer,Technical Staff,False,,,,,Beta,10.37,3.18,0.18,1,2026-04-26,2024-06-08,2027-06-08,3,3
G24796,Elvin,Quliyov,Elnur oğlu,M,SMRL7DE,FE8685557,HB246102,True,SV4089433,2002-10-03,23,Zaqatala,Vocational/Technical College,2022,2024,Warrant Officer,Junior Warrant Officer,Technical Staff,False,,,,,Beta,2.37,2.37,2.37,0,,2024-10-03,2027-10-03,3,5
G23895,Zaur,Qaraov,Rəşad oğlu,M,H5EHEEC,SU0770175,HB234270,True,SV1206779,2002-08-07,23,Şəki,Vocational/Technical College,2021,2023,Warrant Officer,Junior Warrant Officer,Technical Staff,False,,,,,Beta,2.85,2.85,2.85,0,,2025-08-02,2028-08-02,3,5
G21967,Ramin,Qaraov,Murad oğlu,M,MFSZHUD,PA2129590,HB212322,True,SV5735491,1999-03-27,27,Tovuz,Vocational/Technical College,2019,2021,Warrant Officer,Senior Warrant Officer,Technical Staff,False,,,,,Beta,5.46,1.92,1.92,0,,2026-03-24,2029-03-24,3,4
G24128,Rəşad,Şıxəliov,Nicat oğlu,M,DE2YTBL,CG6394528,HB242517,True,SV0846194,2003-02-27,23,Şirvan,Vocational/Technical College,2022,2024,Warrant Officer,Junior Warrant Officer,Technical Staff,False,,,,,Beta,2.49,2.49,2.49,0,,2022-09-08,2027-09-08,5,4
G17208,Elçin,Rüstəmov,Murad oğlu,M,9Z6FMGG,WK2447757,HB175543,False,,1996-03-14,30,Goranboy,Vocational/Technical College,2015,2017,Warrant Officer,Senior Warrant Officer,Technical Staff,False,,,,,Beta,9.42,4.29,1.29,1,2025-03-16,2026-01-24,2029-01-24,3,3
G23922,Günel,Nəsirova,Kənan qızı,F,QDRH8AZ,VM0163367,HB239684,True,SV5442455,2002-10-10,23,İmişli,Vocational/Technical College,2021,2023,Warrant Officer,Junior Warrant Officer,Technical Staff,False,,,,,Beta,2.77,2.77,2.77,0,,2024-01-29,2029-01-29,5,5
G11685,Nigar,Hüseynova,Nicat qızı,F,LNQBT5K,SM1741666,HB115351,True,SV4853496,1991-09-28,34,Tovuz,Vocational/Technical College,2009,2011,Warrant Officer,Senior Warrant Officer,Technical Staff,False,,,,,Beta,14.72,4.82,1.82,1,2024-09-04,2020-05-03,2027-05-03,7,3
G23964,İlkin,Abbasov,Fuad oğlu,M,U2WNP9P,BF2306811,HB236266,True,SV0645404,2003-02-08,23,Bakı,Vocational/Technical College,2021,2023,Warrant Officer,Junior Warrant Officer,Technical Staff,False,,,,,Beta,2.75,1.14,1.14,0,,2023-12-27,2026-12-27,3,3
G24038,Elçin,Hüseynov,Sənan oğlu,M,GR3XFK9,ER9082225,HB247134,False,,2003-08-04,22,Yevlax,Vocational/Technical College,2022,2024,Warrant Officer,Junior Warrant Officer,Technical Staff,False,,,,,Beta,2.15,2.15,2.15,0,,2022-06-16,2027-06-16,5,1
G23945,İlkin,Fərəcov,Ruslan oğlu,M,RG3WK3P,NE4647107,HB233151,False,,2001-11-21,24,Bərdə,Vocational/Technical College,2021,2023,Warrant Officer,Warrant Officer,Technical Staff,False,,,,,Beta,3.17,3.17,0.17,1,2026-04-29,2025-02-15,2030-02-15,5,4
G10758,Emin,Xəlilov,İlkin oğlu,M,V2PUWSM,DD6343802,HB108284,True,SV8626411,1990-03-07,36,Lənkəran,Vocational/Technical College,2008,2010,Warrant Officer,Senior Warrant Officer,Technical Staff,False,,,,,Beta,15.89,5.81,2.81,1,2023-09-08,2024-02-27,2029-02-27,5,3
G08002,Vüsal,Əliov,Kamran oğlu,M,JA3JTWB,TU0832098,HB088218,True,SV8388255,1987-10-19,38,Şirvan,Vocational/Technical College,2006,2008,Warrant Officer,Senior Warrant Officer,Technical Staff,False,,,,,Beta,17.77,3.8,0.8,1,2025-09-11,2023-04-08,2028-04-08,5,5
G24250,Vaqif,Səfərov,Orxan oğlu,M,HD3LUNZ,FL1194254,HB248903,True,SV9346989,2002-12-09,23,Tovuz,Vocational/Technical College,2022,2024,Warrant Officer,Junior Warrant Officer,Technical Staff,False,,,,,Beta,2.23,2.23,2.23,0,,2023-11-13,2028-11-13,5,4
G24010,Tural,Hacıov,Zaur oğlu,M,Z3B7XJN,RS9652409,HB246834,False,,2002-09-22,23,Quba,Vocational/Technical College,2022,2024,Warrant Officer,Junior Warrant Officer,Technical Staff,False,,,,,Beta,2.34,2.34,2.34,0,,2023-08-06,2026-08-06,3,3
G24043,Vüsalə,Rəhimova,Nicat qızı,F,W62PB54,YM4878886,HB248778,True,SV3687400,2003-10-25,22,Naxçıvan,Vocational/Technical College,2022,2024,Warrant Officer,Junior Warrant Officer,Technical Staff,False,,,,,Beta,2.5,2.5,2.5,0,,2025-11-12,2028-11-12,3,4
G22635,Murad,Şıxəliov,Orxan oğlu,M,DHY2WEV,KY4811532,HB227837,True,SV3338500,2000-08-16,25,İmişli,Vocational/Technical College,2020,2022,Warrant Officer,Warrant Officer,Technical Staff,False,,,,,Beta,4.29,1.68,1.68,0,,2023-05-11,2028-05-11,5,5
G22413,Aqşin,Sultanov,Kamran oğlu,M,BVVE8FU,AN7984229,HB229988,False,,2001-09-28,24,Quba,Vocational/Technical College,2020,2022,Warrant Officer,Warrant Officer,Technical Staff,False,,,,,Beta,3.5,3.5,0.5,1,2025-12-30,2025-02-08,2032-02-08,7,3
G21070,Zaur,İbrahimov,Namiq oğlu,M,ZGF3A9H,LF5604893,HB219905,True,SV3450509,2000-02-07,26,Xaçmaz,Vocational/Technical College,2019,2021,Warrant Officer,Warrant Officer,Technical Service,False,,,,,Beta,4.9,2.91,2.91,0,,2025-06-19,2030-06-19,5,3
G23299,İlkin,Qaraov,Tural oğlu,M,ASN9XE6,AE1434074,HB233199,True,SV3949234,2001-01-12,25,Quba,Vocational/Technical College,2021,2023,Warrant Officer,Warrant Officer,Technical Service,False,,,,,Beta,3.47,3.47,0.47,1,2026-01-10,2022-04-22,2029-04-22,7,5
G25915,Fərid,Rəhimov,Fuad oğlu,M,92E5X3B,DF0274990,HB254658,True,SV7448810,2003-06-13,23,Şamaxı,Vocational/Technical College,2023,2025,Warrant Officer,Junior Warrant Officer,Technical Service,False,,,,,Beta,1.39,1.39,1.39,0,,2024-04-25,2029-04-25,5,2
G22473,Murad,Musaov,Vüsal oğlu,M,U9SUPC2,SX0663598,HB229993,True,SV0864950,2000-07-04,25,Gəncə,Vocational/Technical College,2020,2022,Warrant Officer,Warrant Officer,Technical Service,False,,,,,Beta,4.32,4.32,1.32,1,2025-03-05,2022-07-22,2029-07-22,7,5
G24309,Elnur,Fərəcov,Vüsal oğlu,M,53K3ZTV,CG2730234,HB248183,True,SV9128799,2002-06-19,24,Yevlax,Vocational/Technical College,2022,2024,Warrant Officer,Junior Warrant Officer,Technical Service,False,,,,,Beta,2.13,2.13,2.13,0,,2022-10-29,2027-10-29,5,2
G18175,Vaqif,Cəfərov,Rövşən oğlu,M,RUP23VP,LA3426146,HB182415,True,SV2494119,1998-04-01,28,Lənkəran,Vocational/Technical College,2016,2018,Warrant Officer,Senior Warrant Officer,Technical Service,False,,,,,Beta,7.53,1.48,1.48,0,,2025-11-23,2028-11-23,3,5
G10138,Rəşad,Yusifov,Ruslan oğlu,M,PDXUJJC,NC6113082,HB105508,True,SV4662981,1989-12-17,36,Naxçıvan,Vocational/Technical College,2008,2010,Warrant Officer,Senior Warrant Officer,Technical Service,False,,,,,Beta,15.68,3.84,0.84,1,2025-08-28,2021-11-27,2026-11-27,5,1
G24284,Elvin,Nağıov,Elvin oğlu,M,NAWQNXZ,TH8669680,HB246577,True,SV1861041,2003-04-14,23,Lənkəran,Vocational/Technical College,2022,2024,Warrant Officer,Junior Warrant Officer,Technical Service,False,,,,,Beta,1.72,1.72,1.72,0,,2025-10-03,2032-10-03,7,4
G22544,Elnur,Cəfərov,Şahin oğlu,M,PD6ZQRA,LF2833184,HB225691,True,SV4579035,2000-11-07,25,Yevlax,Vocational/Technical College,2020,2022,Warrant Officer,Warrant Officer,Technical Service,False,,,,,Beta,3.96,3.96,0.96,1,2025-07-15,2026-01-24,2031-01-24,5,4
G14731,Orxan,Nağıov,Ramin oğlu,M,6PRR8MY,AG1322936,HB144060,False,,1993-09-25,32,Zaqatala,Vocational/Technical College,2012,2014,Warrant Officer,Senior Warrant Officer,Technical Service,False,,,,,Beta,12.3,1.3,1.3,0,,2024-10-07,2027-10-07,3,2
G23763,Tofiq,Musaov,Fuad oğlu,M,MR9FGYC,ME1479425,HB230024,False,,2001-07-27,24,Tovuz,Vocational/Technical College,2021,2023,Warrant Officer,Warrant Officer,Technical Service,False,,,,,Beta,3.16,3.16,0.16,1,2026-05-03,2025-03-31,2028-03-31,3,3
G08568,İlkin,Əliov,Orxan oğlu,M,LDHTR93,UU5888610,HB089984,False,,1987-05-31,39,Zaqatala,Vocational/Technical College,2006,2008,Warrant Officer,Senior Warrant Officer,Technical Service,False,,,,,Beta,18.37,1.79,1.79,0,,2020-03-27,2027-03-27,7,1
G12593,Zaur,Hüseynov,Emin oğlu,M,BDW57FK,LN7063184,HB121055,True,SV7283503,1990-02-23,36,Ağdam,Vocational/Technical College,2010,2012,Warrant Officer,Senior Warrant Officer,Repair Specialist,False,,,,,Beta,14.4,4.91,1.91,1,2024-08-02,2022-03-17,2027-03-17,5,3
G08962,Elnur,Vəliov,İlkin oğlu,M,P768SX8,LU7503474,HB086313,True,SV0915997,1987-07-01,38,Salyan,Vocational/Technical College,2006,2008,Warrant Officer,Senior Warrant Officer,Repair Specialist,False,,,,,Beta,17.74,2.23,2.23,0,,2023-11-06,2028-11-06,5,3
G12425,Fuad,Qaraov,Fərid oğlu,M,7AJS7YQ,EP7668741,HB127631,True,SV0377192,1991-12-24,34,Sumqayıt,Vocational/Technical College,2010,2012,Warrant Officer,Senior Warrant Officer,Repair Specialist,False,,,,,Beta,13.68,5.43,2.43,1,2024-01-25,2022-02-15,2027-02-15,5,5
G25778,Vaqif,Məmmədov,İlkin oğlu,M,TJ4KPSZ,WG5179450,HB252672,True,SV2757968,2004-04-28,22,Lənkəran,Vocational/Technical College,2023,2025,Warrant Officer,Junior Warrant Officer,Repair Specialist,False,,,,,Beta,1.07,1.07,1.07,0,,2025-09-11,2030-09-11,5,3
G13609,Elçin,Quliyov,Rövşən oğlu,M,SHLU4MD,TV0084435,HB139801,True,SV5324449,1992-10-18,33,Xaçmaz,Vocational/Technical College,2011,2013,Warrant Officer,Senior Warrant Officer,Repair Specialist,False,,,,,Beta,13.1,4.33,1.33,1,2025-03-02,2022-06-27,2029-06-27,7,4
G24580,Şəbnəm,Quliyova,Ruslan qızı,F,5DGRZ8M,YQ4150139,HB244881,True,SV4715088,2003-01-26,23,Şəki,Vocational/Technical College,2022,2024,Warrant Officer,Junior Warrant Officer,Repair Specialist,False,,,,,Beta,1.78,1.72,1.72,0,,2024-05-14,2027-05-14,3,2
G21267,Cavid,Əliov,Şahin oğlu,M,UU63RZV,UN4448376,HB212192,True,SV2359876,2000-02-24,26,Naxçıvan,Vocational/Technical College,2019,2021,Warrant Officer,Warrant Officer,Repair Specialist,False,,,,,Beta,4.71,3.44,0.44,1,2026-01-21,2025-06-12,2028-06-12,3,1
G23226,Tofiq,Hüseynov,Emin oğlu,M,C8T28S2,NA6592288,HB238840,True,SV0535493,2002-03-04,24,Naxçıvan,Vocational/Technical College,2021,2023,Warrant Officer,Warrant Officer,Repair Specialist,False,,,,,Beta,3.18,3.18,0.18,1,2026-04-26,2023-09-08,2028-09-08,5,4
AO05709,Vüsal,Məmmədov,Vüsal oğlu,M,KHJF5HG,EG1816832,HB053110,True,SV3315764,1982-11-20,43,Sumqayıt,Higher Military Education,2001,2005,Officer,Lieutenant Colonel,Department Commander,True,Military Academy,Military Aviation School,,,Delta,20.73,4.16,1.16,1,2025-05-03,2022-11-24,2032-11-24,10,1
AO12824,Fərid,Abbasov,Vüqar oğlu,M,PW72U5K,DF6215547,HB124317,False,,1989-01-07,37,Yevlax,Higher Civilian Education,2008,2012,Officer,Major,Chief of Operations,True,Civilian Direct Commission,,,,Delta,13.63,4.97,1.97,1,2024-07-11,2025-05-14,2028-05-14,3,1
AO16360,Nicat,Yusifov,Kamran oğlu,M,LMYYRJN,YQ0228338,HB161734,True,SV9351043,1993-08-25,32,Bərdə,Higher Civilian Education,2012,2016,Officer,Captain,Pilot-Operator Lead,True,Civilian Direct Commission,,,,Delta,10.07,5.41,2.41,1,2024-02-01,2022-10-03,2032-10-03,10,1
G11837,Elşən,Tağıov,İlkin oğlu,M,RJAQJC6,HN5022135,HB112940,True,SV6277816,1990-05-21,36,Mingəçevir,Vocational/Technical College,2009,2011,Warrant Officer,Senior Warrant Officer,Technical Service Lead,True,,,,,Delta,15.18,4.11,1.11,1,2025-05-21,2024-02-27,2029-02-27,5,5
AO13387,Zaur,Rüstəmov,Murad oğlu,M,2AW985H,TF2554830,HB132474,False,,1991-05-11,35,Ağdam,Higher Military Education,2009,2013,Officer,Major,Training & Standardization Lead,True,Military Academy,Military Aviation School,,,Delta,12.54,5.11,2.11,1,2024-05-21,2022-06-16,2032-06-16,10,4
AO18342,Namiq,Quliyov,Fuad oğlu,M,A34LPXN,UN3079193,HB184053,True,SV6689235,1995-05-29,31,Şəki,Higher Civilian Education,2014,2018,Officer,Captain,Operations Officer,False,Civilian Direct Commission,,,,Delta,8.19,3.79,0.79,1,2025-09-15,2023-08-10,2028-08-10,5,4
AO23991,Zaur,Əliov,Elçin oğlu,M,VAG7NGK,NL3039391,HB233203,True,SV7392838,2002-10-21,23,Xaçmaz,In-Service Officer Commissioning Program,2021,2023,Officer,Lieutenant,Operations Officer,False,Prior Enlisted (Gizir) Commission,,1.79,UAV Operator,Delta,2.79,2.79,2.79,0,,2024-11-01,2027-11-01,3,2
AO11296,Elnur,Məmmədov,Nicat oğlu,M,CN3S76Q,PT2847726,HB114426,False,,1988-08-15,37,Naxçıvan,Higher Military Education,2007,2011,Officer,Major,Operations Officer,False,Military Academy,General Military Academy,,,Delta,14.7,3.51,0.51,1,2025-12-26,2024-07-26,2031-07-26,7,4
AO24278,Elçin,Rəhimov,Murad oğlu,M,DYB6F6T,RB7994713,HB240138,True,SV5741200,2000-07-04,25,Zaqatala,Higher Civilian Education,2020,2024,Officer,Lieutenant,Operations Officer,False,Civilian Direct Commission,,,,Delta,2.19,2.19,2.19,0,,2021-12-12,2026-12-12,5,4
AO21963,Vüsalə,Sultanova,Elnur qızı,F,LZRCTH8,DV8101253,HB210455,True,SV7613206,1998-09-08,27,Şəki,Higher Civilian Education,2017,2021,Officer,Senior Lieutenant,Operations Officer,False,Civilian Direct Commission,,,,Delta,5.01,1.97,1.97,0,,2025-09-30,2028-09-30,3,4
AO24578,Elçin,Rüstəmov,Namiq oğlu,M,QVBNGH7,EA0086090,HB241703,False,,2001-03-26,25,Naxçıvan,Higher Military Education,2020,2024,Officer,Lieutenant,Operations Officer,False,Military Academy,General Military Academy,,,Delta,1.64,1.64,1.64,0,,2017-07-11,2027-07-11,10,2
AO25711,Cavid,Rüstəmov,Rəşad oğlu,M,HDLAWAG,FR2608474,HB254144,False,,2003-10-22,22,İmişli,In-Service Officer Commissioning Program,2023,2025,Officer,Lieutenant,Operations Officer,False,Prior Enlisted (Gizir) Commission,,1.0,UAV Operator,Delta,1.06,1.06,1.06,0,,2019-12-16,2026-12-16,7,5
AO14187,Elnur,Sultanov,Fərid oğlu,M,F2Y9XCA,XL5757007,HB147111,True,SV2420142,1993-03-27,33,Goranboy,In-Service Officer Commissioning Program,2012,2014,Officer,Major,Operations Officer,False,Prior Enlisted (Gizir) Commission,,3.88,UAV Operator,Delta,12.06,5.91,2.91,1,2023-08-03,2019-09-08,2026-09-08,7,2
AO22316,Ramin,Quliyov,Fərid oğlu,M,W2S9WKA,WH2596267,HB225164,True,SV3340801,1998-11-05,27,Mingəçevir,Higher Military Education,2018,2022,Officer,Senior Lieutenant,Operations Officer,False,Military Academy,Military Aviation School,,,Delta,4.2,4.2,1.2,1,2025-04-18,2022-02-08,2027-02-08,5,2
AO18186,Namiq,Cəfərov,Kamran oğlu,M,ZHFHKQW,GU0931457,HB187953,True,SV8703879,1997-11-24,28,Yevlax,In-Service Officer Commissioning Program,2016,2018,Officer,Captain,Operations Officer,False,Prior Enlisted (Gizir) Commission,,1.52,UAV Operator,Delta,7.5,4.98,1.98,1,2024-07-07,2023-07-08,2030-07-08,7,5
AO20436,Fərid,Həsənov,Elnur oğlu,M,YG7A5ZM,KK3733908,HB201022,False,,2000-04-16,26,Şirvan,In-Service Officer Commissioning Program,2018,2020,Officer,Senior Lieutenant,Operations Officer,False,Prior Enlisted (Gizir) Commission,,3.18,UAV Operator,Delta,5.69,3.97,0.97,1,2025-07-11,2023-06-20,2028-06-20,5,4
AO18238,Ruslan,Abbasov,Elçin oğlu,M,RYYW7ZH,AV6666246,HB184081,True,SV6980769,1995-05-27,31,Goranboy,Higher Military Education,2014,2018,Officer,Captain,Operations Officer,False,Military Academy,Military Aviation School,,,Delta,7.57,5.79,2.79,1,2023-09-15,2018-12-23,2028-12-23,10,5
AO25379,Aygün,Sultanova,Ruslan qızı,F,8XNKP6Z,CR7317933,HB258714,False,,2001-03-09,25,Xaçmaz,Higher Military Education,2021,2025,Officer,Lieutenant,Operations Officer,False,Military Academy,Military Aviation School,,,Delta,1.49,1.49,1.49,0,,2025-03-20,2028-03-20,3,1
AO12189,Elçin,Rəhimov,Elnur oğlu,M,GF8Q4FB,EU2946681,HB123085,True,SV3235461,1991-12-28,34,Gəncə,In-Service Officer Commissioning Program,2010,2012,Officer,Major,Operations Officer,False,Prior Enlisted (Gizir) Commission,,3.32,UAV Operator,Delta,13.67,3.89,0.89,1,2025-08-09,2025-08-13,2030-08-13,5,3
AO15573,Rövşən,Məmmədov,Vüqar oğlu,M,S8JR2VL,SJ3233698,HB157390,False,,1992-06-28,34,Bakı,Higher Military Education,2011,2015,Officer,Captain,Flight Control Officer,False,Military Academy,Military Aviation School,,,Delta,10.84,5.94,2.94,1,2023-07-23,2024-12-04,2027-12-04,3,4
AO18127,Ramin,Yusifov,Elçin oğlu,M,2HQX5SX,AR9368976,HB183074,True,SV4773994,1995-02-26,31,Şirvan,Higher Military Education,2014,2018,Officer,Captain,Flight Control Officer,False,Military Academy,General Military Academy,,,Delta,7.67,5.63,2.63,1,2023-11-13,2026-02-15,2029-02-15,3,4
AO13278,Ruslan,Sultanov,Tural oğlu,M,E3KXT5F,LC6227604,HB135775,True,SV1997224,1991-04-15,35,Şirvan,Higher Civilian Education,2009,2013,Officer,Major,Flight Control Officer,False,Civilian Direct Commission,,,,Delta,12.82,1.72,1.72,0,,2022-06-30,2029-06-30,7,2
AO15860,Kənan,Fərəcov,Ceyhun oğlu,M,VWNYZNW,PW8210079,HB156522,True,SV1389500,1992-07-06,33,İmişli,Higher Military Education,2011,2015,Officer,Captain,Training & Standardization Officer,False,Military Academy,General Military Academy,,,Delta,11.0,4.98,1.98,1,2024-07-07,2025-05-17,2030-05-17,5,2
AO23574,Sənan,Yusifov,Vüqar oğlu,M,UDA5L4K,FS1278803,HB233315,True,SV6285622,2001-03-06,25,Goranboy,Higher Military Education,2019,2023,Officer,Lieutenant,Training & Standardization Officer,False,Military Academy,General Military Academy,,,Delta,2.68,2.68,2.68,0,,2020-11-30,2027-11-30,7,1
AO24436,Fuad,Sultanov,Tural oğlu,M,725ZK47,DA3443307,HB249549,True,SV9750378,2000-10-08,25,Gəncə,Higher Military Education,2020,2024,Officer,Lieutenant,Training & Standardization Officer,False,Military Academy,Military Aviation School,,,Delta,2.07,2.05,2.05,0,,2018-05-25,2028-05-25,10,3
AO24631,Vüsal,Quliyov,Vüsal oğlu,M,3GWM5D3,WK9610349,HB241797,True,SV5341721,2001-10-08,24,Goranboy,Higher Civilian Education,2020,2024,Officer,Lieutenant,Pilot-Operator,False,Civilian Direct Commission,,,,Delta,2.4,1.69,1.69,0,,2024-06-15,2031-06-15,7,4
AO15583,Sənan,Musaov,Orxan oğlu,M,25WJWMD,BM6505527,HB158748,False,,1992-04-21,34,Naxçıvan,Higher Civilian Education,2011,2015,Officer,Captain,Pilot-Operator,False,Civilian Direct Commission,,,,Delta,11.0,1.86,1.86,0,,2018-09-26,2028-09-26,10,4
AO24190,Kamran,Nağıov,Rövşən oğlu,M,4ATT3RS,QT7179815,HB248697,True,SV5811215,2001-08-14,24,Gəncə,Higher Military Education,2020,2024,Officer,Lieutenant,Pilot-Operator,False,Military Academy,General Military Academy,,,Delta,2.01,2.01,2.01,0,,2026-04-22,2029-04-22,3,1
AO15781,Anar,Məmmədov,Namiq oğlu,M,B86KTER,HX9656600,HB157081,True,SV8215527,1992-12-27,33,Ağdam,Higher Military Education,2011,2015,Officer,Captain,Pilot-Operator,False,Military Academy,General Military Academy,,,Delta,10.78,3.72,0.72,1,2025-10-11,2021-10-07,2026-10-07,5,1
AO12061,Cavid,Musaov,Elçin oğlu,M,EGWJWWY,PR5183739,HB120615,True,SV2564309,1989-01-28,37,Quba,Higher Military Education,2008,2012,Officer,Major,Pilot-Operator,False,Military Academy,Military Aviation School,,,Delta,14.12,1.82,1.82,0,,2021-10-11,2026-10-11,5,2
AO18148,İlkin,Hüseynov,Ceyhun oğlu,M,DS6U3DM,PG2003718,HB187395,True,SV7584526,1996-03-09,30,Mingəçevir,Higher Military Education,2014,2018,Officer,Captain,Pilot-Operator,False,Military Academy,Military Aviation School,,,Delta,8.29,2.89,2.89,0,,2022-09-15,2032-09-15,10,2
AO13289,Vüqar,Musaov,Cavid oğlu,M,YF93SJP,YX8389430,HB131696,True,SV7910754,1992-12-21,33,Bakı,In-Service Officer Commissioning Program,2011,2013,Officer,Major,Pilot-Operator,False,Prior Enlisted (Gizir) Commission,,2.7,UAV Operator,Delta,12.99,5.59,2.59,1,2023-11-28,2022-08-10,2027-08-10,5,4
AO23475,Elçin,Nağıov,Rəşad oğlu,M,NV7ZYYZ,FT9885669,HB234749,True,SV8520859,2001-05-20,25,Ağdam,Higher Military Education,2019,2023,Officer,Lieutenant,Pilot-Operator,False,Military Academy,General Military Academy,,,Delta,2.84,2.84,2.84,0,,2021-10-03,2028-10-03,7,4
AO25607,Aqşin,Nağıov,Kənan oğlu,M,5KRJAWN,YY9589880,HB253554,True,SV4213740,2002-09-24,23,Ağdam,Higher Civilian Education,2021,2025,Officer,Lieutenant,Pilot-Operator,False,Civilian Direct Commission,,,,Delta,1.02,1.02,1.02,0,,2023-12-30,2033-12-30,10,4
AO21091,Anar,Nəsirov,Şahin oğlu,M,NKPF3DQ,WD3438110,HB216043,True,SV7911462,1999-04-23,27,Ağdam,In-Service Officer Commissioning Program,2019,2021,Officer,Senior Lieutenant,Pilot-Operator,False,Prior Enlisted (Gizir) Commission,,2.59,UAV Operator,Delta,5.39,3.98,0.98,1,2025-07-08,2024-03-09,2027-03-09,3,4
AO22207,Fuad,Yusifov,Ceyhun oğlu,M,Z4E83EM,AS0845042,HB224081,True,SV4671212,1998-11-28,27,Lənkəran,Higher Military Education,2018,2022,Officer,Senior Lieutenant,Pilot-Operator,False,Military Academy,General Military Academy,,,Delta,4.16,2.62,2.62,0,,2017-09-04,2027-09-04,10,4
AO17682,Tofiq,Fərəcov,Tofiq oğlu,M,EDNJGEA,EW3579240,HB172968,True,SV0139728,1995-09-23,30,Naxçıvan,In-Service Officer Commissioning Program,2015,2017,Officer,Captain,Pilot-Operator,False,Prior Enlisted (Gizir) Commission,,3.12,UAV Operator,Delta,9.15,4.51,1.51,1,2024-12-26,2023-07-08,2026-07-08,3,1
AO17015,Şahin,Nəsirov,Elşən oğlu,M,LDXX2EM,VT5622501,HB177347,True,SV6098814,1997-01-27,29,Şirvan,In-Service Officer Commissioning Program,2015,2017,Officer,Captain,Pilot-Operator,False,Prior Enlisted (Gizir) Commission,,2.98,UAV Operator,Delta,8.78,3.54,0.54,1,2025-12-15,2023-06-23,2030-06-23,7,1
AO13576,Tural,Quliyov,Elnur oğlu,M,GTJ6579,XL7904950,HB139629,True,SV6105767,1990-10-06,35,Goranboy,Higher Military Education,2009,2013,Officer,Major,Pilot-Operator,False,Military Academy,General Military Academy,,,Delta,13.13,3.37,0.37,1,2026-02-15,2021-02-26,2031-02-26,10,4
AO20306,Rövşən,Rüstəmov,Vüqar oğlu,M,JFFGY63,LS5327510,HB200088,True,SV0189276,1996-11-15,29,Lənkəran,Higher Military Education,2016,2020,Officer,Senior Lieutenant,Pilot-Operator,False,Military Academy,General Military Academy,,,Delta,5.68,1.83,1.83,0,,2022-08-28,2032-08-28,10,2
AO14271,Vaqif,Sultanov,Emin oğlu,M,JE6K9WA,JT2206895,HB149046,True,SV6926624,1991-06-07,35,Qazax,Higher Military Education,2010,2014,Officer,Major,Pilot-Operator,False,Military Academy,Military Aviation School,,,Delta,12.37,4.03,1.03,1,2025-06-19,2026-01-28,2031-01-28,5,3
AO25477,Fuad,Qaraov,Cavid oğlu,M,M6CFF5G,MT6011360,HB251847,True,SV2991578,2002-03-20,24,Yevlax,Higher Civilian Education,2021,2025,Officer,Lieutenant,Pilot-Operator,False,Civilian Direct Commission,,,,Delta,1.02,1.02,1.02,0,,2024-04-07,2029-04-07,5,1
AO16242,Elnur,Əliov,Anar oğlu,M,2J8V3A3,PV8017883,HB169842,True,SV2525005,1994-09-26,31,Şirvan,Higher Civilian Education,2012,2016,Officer,Captain,Pilot-Operator,False,Civilian Direct Commission,,,,Delta,9.72,5.13,2.13,1,2024-05-14,2020-01-21,2030-01-21,10,5
AO23405,Tofiq,Abbasov,Namiq oğlu,M,H6N64DF,CC9361998,HB234823,True,SV1556163,2001-11-12,24,Şamaxı,Higher Military Education,2019,2023,Officer,Lieutenant,Pilot-Operator,False,Military Academy,General Military Academy,,,Delta,2.63,2.12,2.12,0,,2024-07-26,2029-07-26,5,3
AO18046,Aytac,Həsənova,Elvin qızı,F,592EEQ3,ZV1471317,HB189394,True,SV4496619,1995-08-14,30,Lənkəran,Higher Military Education,2014,2018,Officer,Captain,Pilot-Operator,False,Military Academy,Military Aviation School,,,Delta,7.88,2.85,2.85,0,,2021-12-19,2026-12-19,5,4
G20303,Rövşən,Vəliov,Orxan oğlu,M,UPUYZYH,AZ0599038,HB205698,False,,2000-02-10,26,Mingəçevir,Vocational/Technical College,2018,2020,Warrant Officer,Senior Warrant Officer,UAV Operator,False,,,,,Delta,5.55,3.49,0.49,1,2026-01-03,2023-11-02,2028-11-02,5,3
G12516,Anar,Tağıov,Vüsal oğlu,M,4BE8YNA,ZJ7608803,HB124949,True,SV0581177,1991-06-27,35,Şamaxı,Vocational/Technical College,2010,2012,Warrant Officer,Senior Warrant Officer,UAV Operator,False,,,,,Delta,14.09,5.18,2.18,1,2024-04-25,2021-11-01,2026-11-01,5,4
G11545,Rəşad,Kərimov,Elnur oğlu,M,BWVFFNP,YL7253292,HB114002,True,SV3974038,1991-02-04,35,İmişli,Vocational/Technical College,2009,2011,Warrant Officer,Senior Warrant Officer,UAV Operator,False,,,,,Delta,14.58,2.69,2.69,0,,2023-01-06,2028-01-06,5,5
G24443,Rövşən,Xəlilov,Zaur oğlu,M,NBMPJDM,UJ2112091,HB245352,True,SV9205094,2002-10-24,23,Gəncə,Vocational/Technical College,2022,2024,Warrant Officer,Junior Warrant Officer,UAV Operator,False,,,,,Delta,2.0,2.0,2.0,0,,2024-12-04,2029-12-04,5,3
G24868,Ruslan,Rüstəmov,Vüsal oğlu,M,LNMEXL6,NN7074801,HB244294,True,SV0692261,2003-10-31,22,Naxçıvan,Vocational/Technical College,2022,2024,Warrant Officer,Junior Warrant Officer,UAV Operator,False,,,,,Delta,2.48,2.48,2.48,0,,2021-03-27,2028-03-27,7,5
G23314,Nicat,Şıxəliov,İlkin oğlu,M,EKV8BYX,FZ6959007,HB234948,True,SV8784412,2002-02-11,24,Sumqayıt,Vocational/Technical College,2021,2023,Warrant Officer,Warrant Officer,UAV Operator,False,,,,,Delta,3.35,3.35,0.35,1,2026-02-23,2021-11-05,2026-11-05,5,3
G19777,Aygün,Cəfərova,Şahin qızı,F,92Q789R,JG4664563,HB198286,True,SV4489090,1998-06-07,28,Lənkəran,Vocational/Technical College,2017,2019,Warrant Officer,Senior Warrant Officer,UAV Operator,False,,,,,Delta,6.91,2.77,2.77,0,,2024-05-14,2027-05-14,3,5
G08440,Aqşin,Rüstəmov,Orxan oğlu,M,H5XMQT4,CE1934403,HB083339,True,SV2714591,1988-04-05,38,Şəki,Vocational/Technical College,2006,2008,Warrant Officer,Senior Warrant Officer,UAV Operator,False,,,,,Delta,18.22,5.27,2.27,1,2024-03-23,2026-01-10,2029-01-10,3,3
G23726,İlkin,Abbasov,Cavid oğlu,M,9GGA2PJ,ED2084428,HB237255,True,SV0849219,2002-08-29,23,Xaçmaz,Vocational/Technical College,2021,2023,Warrant Officer,Junior Warrant Officer,UAV Operator,False,,,,,Delta,2.7,2.7,2.7,0,,2026-03-09,2031-03-09,5,4
G11657,Murad,Sultanov,Rövşən oğlu,M,4T6GZUE,RV7870894,HB118674,True,SV7627998,1990-04-03,36,Zaqatala,Vocational/Technical College,2009,2011,Warrant Officer,Senior Warrant Officer,UAV Operator,False,,,,,Delta,15.17,4.92,1.92,1,2024-07-29,2023-06-09,2030-06-09,7,5
G21722,Kənan,Nağıov,Kamran oğlu,M,VGGGX8M,JH3814943,HB219383,False,,2001-07-13,24,Ağdam,Vocational/Technical College,2019,2021,Warrant Officer,Warrant Officer,UAV Operator,False,,,,,Delta,4.77,2.09,2.09,0,,2023-07-23,2030-07-23,7,5
G22580,Kamran,Abbasov,Emin oğlu,M,VTN5YPK,QY8981664,HB220928,True,SV7904502,2000-03-13,26,Ağdam,Vocational/Technical College,2020,2022,Warrant Officer,Warrant Officer,UAV Operator,False,,,,,Delta,4.35,2.68,2.68,0,,2023-04-15,2030-04-15,7,2
G16308,Rəşad,Səfərov,Elşən oğlu,M,87P4YZA,JF2828742,HB162996,False,,1996-03-18,30,Ağdam,Vocational/Technical College,2014,2016,Warrant Officer,Senior Warrant Officer,UAV Operator,False,,,,,Delta,9.84,3.27,0.27,1,2026-03-24,2025-11-27,2028-11-27,3,1
G23263,Vüqar,Qaraov,Fərid oğlu,M,L89H9GW,VV5169195,HB230303,True,SV0856786,2003-03-24,23,Quba,Vocational/Technical College,2021,2023,Warrant Officer,Warrant Officer,UAV Operator,False,,,,,Delta,3.24,1.77,1.77,0,,2024-01-18,2027-01-18,3,5
G22662,Tofiq,Məmmədov,Kənan oğlu,M,UAY7CNZ,DL6328252,HB222843,False,,2002-02-23,24,Goranboy,Vocational/Technical College,2020,2022,Warrant Officer,Warrant Officer,UAV Operator,False,,,,,Delta,4.03,2.61,2.61,0,,2026-06-01,2029-06-01,3,3
G20911,Xəyalə,Xəlilova,Aqşin qızı,F,DQVDK6C,MJ8340090,HB203222,True,SV3398101,1999-06-24,27,Bərdə,Vocational/Technical College,2018,2020,Warrant Officer,Senior Warrant Officer,UAV Operator,False,,,,,Delta,5.7,2.37,2.37,0,,2022-02-08,2029-02-08,7,5
G22464,Vüqar,Hacıov,Emin oğlu,M,ASJDVTS,UF3801061,HB224554,True,SV1076484,2001-02-26,25,Goranboy,Vocational/Technical College,2020,2022,Warrant Officer,Warrant Officer,UAV Operator,False,,,,,Delta,3.63,1.59,1.59,0,,2025-06-16,2028-06-16,3,2
G21369,Rəşad,Rüstəmov,Murad oğlu,M,3UFGZPQ,QG3131388,HB212583,True,SV8924689,2001-03-27,25,Salyan,Vocational/Technical College,2019,2021,Warrant Officer,Warrant Officer,UAV Operator,False,,,,,Delta,4.76,1.99,1.99,0,,2021-06-23,2028-06-23,7,3
G18149,Elşən,Rəhimov,Anar oğlu,M,CXM2DLA,HM7853651,HB181250,True,SV6880847,1997-04-27,29,Qazax,Vocational/Technical College,2016,2018,Warrant Officer,Senior Warrant Officer,UAV Operator,False,,,,,Delta,8.38,1.57,1.57,0,,2023-06-27,2030-06-27,7,3
G07690,Cavid,Nəsirov,Rəşad oğlu,M,DFLNUKW,WZ9284890,HB072307,True,SV0087274,1987-05-08,39,İmişli,Vocational/Technical College,2005,2007,Warrant Officer,Senior Warrant Officer,UAV Operator,False,,,,,Delta,18.75,1.25,1.25,0,,2026-04-07,2031-04-07,5,3
G23804,Aqşin,Səfərov,Tofiq oğlu,M,8DMVABA,CH6411939,HB234992,False,,2002-05-19,24,Gəncə,Vocational/Technical College,2021,2023,Warrant Officer,Warrant Officer,Technical Staff,False,,,,,Delta,3.13,1.24,1.24,0,,2023-07-19,2026-07-19,3,3
G24311,Fərid,Nəsirov,Elçin oğlu,M,V3JFEQE,WU8944155,HB249113,True,SV9372220,2002-11-14,23,İmişli,Vocational/Technical College,2022,2024,Warrant Officer,Junior Warrant Officer,Technical Staff,False,,,,,Delta,1.86,1.22,1.22,0,,2025-08-02,2028-08-02,3,2
G07820,Tural,Səfərov,Vüsal oğlu,M,AG4GDGU,NW7341592,HB079323,True,SV9857121,1986-02-23,40,Şamaxı,Vocational/Technical College,2005,2007,Warrant Officer,Senior Warrant Officer,Technical Staff,False,,,,,Delta,19.03,4.68,1.68,1,2024-10-25,2026-04-07,2029-04-07,3,5
G24390,Aysel,Vəliova,Vaqif qızı,F,QJRSMDT,JF3434303,HB248802,False,,2003-04-02,23,Şəki,Vocational/Technical College,2022,2024,Warrant Officer,Junior Warrant Officer,Technical Staff,False,,,,,Delta,1.95,1.74,1.74,0,,2021-04-11,2028-04-11,7,3
G09841,Cavid,Yusifov,Rəşad oğlu,M,XW8HBBJ,BC2673178,HB092540,True,SV2732570,1988-10-18,37,Salyan,Vocational/Technical College,2007,2009,Warrant Officer,Senior Warrant Officer,Technical Staff,False,,,,,Delta,17.32,1.88,1.88,0,,2024-09-04,2027-09-04,3,5
G25584,Sənan,Şıxəliov,Orxan oğlu,M,FLQ8XPA,ZX1703408,HB254610,True,SV0062257,2004-05-23,22,Şirvan,Vocational/Technical College,2023,2025,Warrant Officer,Junior Warrant Officer,Technical Staff,False,,,,,Delta,1.15,1.15,1.15,0,,2024-10-29,2031-10-29,7,1
G23074,Ramin,Nağıov,Sənan oğlu,M,RMAMY62,WX5167098,HB238228,True,SV1427937,2002-09-12,23,Şəki,Vocational/Technical College,2021,2023,Warrant Officer,Warrant Officer,Technical Staff,False,,,,,Delta,3.19,3.19,0.19,1,2026-04-22,2022-10-29,2027-10-29,5,4
G23810,Vüsalə,Cəfərova,Ruslan qızı,F,F7MLU8J,EP7817573,HB238496,True,SV0916525,2002-04-08,24,Naxçıvan,Vocational/Technical College,2021,2023,Warrant Officer,Junior Warrant Officer,Technical Staff,False,,,,,Delta,2.95,2.95,2.95,0,,2021-09-30,2028-09-30,7,3
G21565,Namiq,İbrahimov,Zaur oğlu,M,UBKPXAJ,JG8671029,HB212472,True,SV5024386,2000-09-28,25,Ağdam,Vocational/Technical College,2019,2021,Warrant Officer,Warrant Officer,Technical Staff,False,,,,,Delta,4.78,1.32,1.32,0,,2025-02-19,2028-02-19,3,4
G20187,Kamran,Kərimov,Murad oğlu,M,P63E2JP,EH2941780,HB202642,True,SV6563349,1998-08-19,27,Zaqatala,Vocational/Technical College,2018,2020,Warrant Officer,Senior Warrant Officer,Technical Staff,False,,,,,Delta,5.93,1.49,1.49,0,,2025-08-02,2028-08-02,3,1
G24951,Vüqar,Quliyov,Ceyhun oğlu,M,KHSETUK,UK4088400,HB240958,False,,2002-06-14,24,Şirvan,Vocational/Technical College,2022,2024,Warrant Officer,Junior Warrant Officer,Technical Staff,False,,,,,Delta,2.22,1.13,1.13,0,,2026-01-21,2031-01-21,5,3
G25456,Rəşad,Əliov,Fuad oğlu,M,USYYST8,DX6167986,HB257956,True,SV0185210,2004-03-13,22,Salyan,Vocational/Technical College,2023,2025,Warrant Officer,Junior Warrant Officer,Technical Staff,False,,,,,Delta,1.11,1.11,1.11,0,,2023-01-17,2028-01-17,5,4
G15955,Zaur,Rəhimov,Anar oğlu,M,4T4X5VP,RE8617542,HB152687,True,SV9463614,1994-09-07,31,Ağdam,Vocational/Technical College,2013,2015,Warrant Officer,Senior Warrant Officer,Technical Staff,False,,,,,Delta,11.03,5.63,2.63,1,2023-11-13,2025-01-17,2028-01-17,3,2
G21305,Tural,Kərimov,Tofiq oğlu,M,WXQ7ME6,MA1582955,HB219707,True,SV1654817,2001-09-16,24,Şamaxı,Vocational/Technical College,2019,2021,Warrant Officer,Warrant Officer,Technical Staff,False,,,,,Delta,4.73,3.29,0.29,1,2026-03-17,2026-06-09,2031-06-09,5,4
G22415,Sənan,Hacıov,Kamran oğlu,M,U72SEL8,JQ4081019,HB226065,True,SV7987281,2002-06-14,24,Goranboy,Vocational/Technical College,2020,2022,Warrant Officer,Warrant Officer,Technical Staff,False,,,,,Delta,3.91,3.91,0.91,1,2025-08-02,2021-09-08,2026-09-08,5,4
G22037,Orxan,Qaraov,Nicat oğlu,M,2V47LYN,ZP1242218,HB223450,False,,2000-05-30,26,Şəki,Vocational/Technical College,2020,2022,Warrant Officer,Warrant Officer,Technical Staff,False,,,,,Delta,4.24,1.31,1.31,0,,2026-05-21,2029-05-21,3,1
G22579,Vaqif,Quliyov,Elvin oğlu,M,MPTCFZ7,RM8543651,HB220918,True,SV4300721,2000-12-24,25,Lənkəran,Vocational/Technical College,2020,2022,Warrant Officer,Warrant Officer,Technical Staff,False,,,,,Delta,4.35,4.15,1.15,1,2025-05-06,2025-06-23,2030-06-23,5,1
G22977,Rövşən,Nəsirov,Elçin oğlu,M,M5FKTHS,QH6585996,HB221281,True,SV4280283,2001-02-10,25,Gəncə,Vocational/Technical College,2020,2022,Warrant Officer,Warrant Officer,Technical Staff,False,,,,,Delta,4.18,2.65,2.65,0,,2023-09-04,2026-09-04,3,2
G24065,Elşən,Əliov,Orxan oğlu,M,8VVCT8J,BA5643890,HB246380,True,SV7858675,2003-01-29,23,Gəncə,Vocational/Technical College,2022,2024,Warrant Officer,Junior Warrant Officer,Technical Staff,False,,,,,Delta,2.43,2.43,2.43,0,,2023-06-12,2028-06-12,5,4
G07673,Rəşad,Quliyov,Nicat oğlu,M,DV6ML7H,CA4785088,HB074597,True,SV0042368,1986-05-24,40,Şamaxı,Vocational/Technical College,2005,2007,Warrant Officer,Senior Warrant Officer,Technical Staff,False,,,,,Delta,18.57,4.48,1.48,1,2025-01-06,2024-05-14,2029-05-14,5,2
G22535,Emin,Nəsirov,Vüsal oğlu,M,RZM7HY8,UH6526509,HB222835,True,SV6221927,2001-07-29,24,Şəki,Vocational/Technical College,2020,2022,Warrant Officer,Warrant Officer,Technical Service,False,,,,,Delta,3.71,3.39,0.39,1,2026-02-08,2026-04-07,2029-04-07,3,1
G23918,Nicat,Sultanov,Tofiq oğlu,M,28A4JUK,ZB8303423,HB238177,True,SV5607997,2002-05-20,24,Qazax,Vocational/Technical College,2021,2023,Warrant Officer,Warrant Officer,Technical Service,False,,,,,Delta,3.37,3.37,0.37,1,2026-02-15,2023-07-26,2026-07-26,3,3
G25132,Cavid,Hacıov,Aqşin oğlu,M,PZZBDNZ,SW9455513,HB258373,True,SV9107902,2003-08-13,22,İmişli,Vocational/Technical College,2023,2025,Warrant Officer,Junior Warrant Officer,Technical Service,False,,,,,Delta,1.26,1.26,1.26,0,,2024-10-18,2029-10-18,5,3
G22485,Ramin,Musaov,İlkin oğlu,M,W2AKX45,LA0036545,HB223781,True,SV8594272,2001-07-09,24,Xaçmaz,Vocational/Technical College,2020,2022,Warrant Officer,Warrant Officer,Technical Service,False,,,,,Delta,4.3,2.97,2.97,0,,2024-09-07,2029-09-07,5,2
G22220,Rəşad,Vəliov,Tofiq oğlu,M,BX5UBYB,TG2683763,HB229530,True,SV4523384,2001-12-17,24,Ağdam,Vocational/Technical College,2020,2022,Warrant Officer,Warrant Officer,Technical Service,False,,,,,Delta,4.08,1.87,1.87,0,,2021-11-27,2028-11-27,7,3
G22168,Vaqif,Tağıov,Tofiq oğlu,M,M8KAMKE,QC2377779,HB229111,True,SV5617699,2001-12-31,24,Lənkəran,Vocational/Technical College,2020,2022,Warrant Officer,Warrant Officer,Technical Service,False,,,,,Delta,4.21,2.63,2.63,0,,2024-10-29,2029-10-29,5,5
G13401,Rəşad,Qaraov,Aqşin oğlu,M,63VXSLG,PX3792396,HB134125,True,SV9405034,1992-09-19,33,Lənkəran,Vocational/Technical College,2011,2013,Warrant Officer,Senior Warrant Officer,Technical Service,False,,,,,Delta,12.77,3.87,0.87,1,2025-08-17,2024-05-28,2029-05-28,5,4
G25062,Anar,Nağıov,Kənan oğlu,M,7XXV3LD,KN1481141,HB259311,True,SV7741880,2003-06-15,23,Naxçıvan,Vocational/Technical College,2023,2025,Warrant Officer,Junior Warrant Officer,Technical Service,False,,,,,Delta,1.47,1.47,1.47,0,,2019-08-03,2026-08-03,7,1
G23312,Elnur,Abbasov,Rövşən oğlu,M,YHKL4LV,CT0999674,HB238332,True,SV7775851,2003-02-14,23,Bakı,Vocational/Technical College,2021,2023,Warrant Officer,Warrant Officer,Technical Service,False,,,,,Delta,3.11,3.11,0.11,1,2026-05-21,2020-03-01,2027-03-01,7,5
G11789,Ruslan,Rəhimov,Fuad oğlu,M,U8DKLU6,PW4331187,HB113849,False,,1990-09-13,35,Şəki,Vocational/Technical College,2009,2011,Warrant Officer,Senior Warrant Officer,Technical Service,False,,,,,Delta,14.61,4.37,1.37,1,2025-02-15,2024-11-23,2029-11-23,5,4
G25707,Kamran,Kərimov,Rəşad oğlu,M,KRHF8JV,CF2055150,HB251833,False,,2004-01-29,22,İmişli,Vocational/Technical College,2023,2025,Warrant Officer,Junior Warrant Officer,Technical Service,False,,,,,Delta,1.38,1.38,1.38,0,,2025-12-30,2030-12-30,5,2
G22436,Cavid,Fərəcov,Fuad oğlu,M,QEQ7Y7D,XM0126987,HB224232,True,SV0134760,2002-07-21,23,Qazax,Vocational/Technical College,2020,2022,Warrant Officer,Warrant Officer,Technical Service,False,,,,,Delta,3.93,3.93,0.93,1,2025-07-26,2025-11-20,2028-11-20,3,1
G13194,Sənan,Nağıov,Zaur oğlu,M,6BWAEN8,SG1872189,HB135815,False,,1992-02-21,34,Şəki,Vocational/Technical College,2011,2013,Warrant Officer,Senior Warrant Officer,Repair Specialist,False,,,,,Delta,13.49,5.66,2.66,1,2023-11-02,2024-11-27,2029-11-27,5,1
G24151,Cavid,Əliov,Elçin oğlu,M,JNUWRXF,HF2473340,HB245067,True,SV8729361,2003-12-20,22,Zaqatala,Vocational/Technical College,2022,2024,Warrant Officer,Junior Warrant Officer,Repair Specialist,False,,,,,Delta,1.66,1.66,1.66,0,,2022-12-12,2027-12-12,5,3
G07405,Zaur,Səfərov,İlkin oğlu,M,5VXAJG5,KP3648420,HB076249,True,SV2604285,1986-07-07,39,Şirvan,Vocational/Technical College,2005,2007,Warrant Officer,Senior Warrant Officer,Repair Specialist,False,,,,,Delta,18.66,2.74,2.74,0,,2026-02-12,2029-02-12,3,5
G11903,İlkin,Məmmədov,Rövşən oğlu,M,CY72TWS,JE1582893,HB119008,True,SV7900913,1990-09-11,35,Xaçmaz,Vocational/Technical College,2009,2011,Warrant Officer,Senior Warrant Officer,Repair Specialist,False,,,,,Delta,14.58,1.65,1.65,0,,2021-09-30,2026-09-30,5,1
G23626,Tural,Vəliov,Ramin oğlu,M,Z4NN465,BN7707590,HB239817,True,SV3887473,2002-10-02,23,Zaqatala,Vocational/Technical College,2021,2023,Warrant Officer,Warrant Officer,Repair Specialist,False,,,,,Delta,3.43,2.51,2.51,0,,2024-03-05,2027-03-05,3,2
G09553,Orxan,Tağıov,Anar oğlu,M,8TR7THA,MK3512932,HB098287,True,SV5638901,1989-01-28,37,Xaçmaz,Vocational/Technical College,2007,2009,Warrant Officer,Senior Warrant Officer,Repair Specialist,False,,,,,Delta,17.22,5.85,2.85,1,2023-08-25,2024-08-13,2029-08-13,5,5
G22502,Zaur,Qaraov,Murad oğlu,M,2BRPZ4B,SQ8225449,HB227989,True,SV4457794,2002-03-13,24,Sumqayıt,Vocational/Technical College,2020,2022,Warrant Officer,Warrant Officer,Repair Specialist,False,,,,,Delta,3.8,1.71,1.71,0,,2024-02-16,2029-02-16,5,4
G25177,Nicat,İbrahimov,Aqşin oğlu,M,9BPF3RZ,PK2429656,HB251475,True,SV6152675,2005-03-22,21,Quba,Vocational/Technical College,2023,2025,Warrant Officer,Junior Warrant Officer,Repair Specialist,False,,,,,Delta,1.02,1.02,1.02,0,,2025-11-20,2030-11-20,5,4
AO97317,Fərid,Quliyov,Kənan oğlu,M,7NLKX5V,NJ6908123,HB976515,True,SV0530240,1973-12-03,52,Şamaxı,Higher Military Education,1993,1997,Officer,Lieutenant Colonel,Department Commander,True,Military Academy,General Military Academy,,,Gamma,28.91,4.53,1.53,1,2024-12-19,2025-07-15,2035-07-15,10,4
AO14416,Cavid,Nəsirov,Kamran oğlu,M,FX4QCXD,WV0353449,HB144992,True,SV7326684,1993-09-22,32,Tovuz,In-Service Officer Commissioning Program,2012,2014,Officer,Major,Chief of Operations,True,Prior Enlisted (Gizir) Commission,,2.15,UAV Operator,Gamma,12.41,2.75,2.75,0,,2023-02-19,2030-02-19,7,4
AO14212,Aqşin,Rüstəmov,Sənan oğlu,M,CA8YJSV,WL4084053,HB141780,True,SV6702244,1990-07-10,35,Şamaxı,Higher Military Education,2010,2014,Officer,Major,Pilot-Operator Lead,True,Military Academy,General Military Academy,,,Gamma,12.03,1.56,1.56,0,,2025-03-24,2028-03-24,3,1
G23124,Kamran,Vəliov,Orxan oğlu,M,TEER6MQ,QY9985030,HB239504,True,SV7815736,2002-03-05,24,Şamaxı,Vocational/Technical College,2021,2023,Warrant Officer,Warrant Officer,Technical Service Lead,True,,,,,Gamma,3.13,2.79,2.79,0,,2024-04-11,2027-04-11,3,4
AO18162,Nərgiz,Tağıova,İlkin qızı,F,GJKS5H3,JM7477266,HB183052,False,,1995-04-03,31,Şamaxı,Higher Military Education,2014,2018,Officer,Captain,Training & Standardization Lead,True,Military Academy,Military Aviation School,,,Gamma,7.75,4.61,1.61,1,2024-11-19,2025-09-15,2035-09-15,10,3
AO17072,Fərid,Xəlilov,Rəşad oğlu,M,HALCKY4,QR3390334,HB175517,True,SV7266208,1995-10-13,30,Sumqayıt,In-Service Officer Commissioning Program,2015,2017,Officer,Captain,Operations Officer,False,Prior Enlisted (Gizir) Commission,,1.62,UAV Operator,Gamma,9.15,4.29,1.29,1,2025-03-16,2022-07-19,2027-07-19,5,4
AO24985,Nicat,Şıxəliov,Sənan oğlu,M,QEUVUP2,UG7935391,HB245006,True,SV2128799,2002-02-21,24,İmişli,Higher Military Education,2020,2024,Officer,Lieutenant,Operations Officer,False,Military Academy,Military Aviation School,,,Gamma,1.94,1.94,1.94,0,,2025-01-13,2030-01-13,5,4
AO21429,Rəşad,Xəlilov,Sənan oğlu,M,682LTN5,MM8491253,HB214683,True,SV1936946,1998-12-10,27,Yevlax,Higher Civilian Education,2017,2021,Officer,Senior Lieutenant,Operations Officer,False,Civilian Direct Commission,,,,Gamma,5.12,5.12,2.12,1,2024-05-17,2022-08-24,2027-08-24,5,2
AO20240,Kamran,Vəliov,Murad oğlu,M,WX8AV3N,NE9472471,HB208834,True,SV0054642,1998-08-21,27,Naxçıvan,In-Service Officer Commissioning Program,2018,2020,Officer,Senior Lieutenant,Operations Officer,False,Prior Enlisted (Gizir) Commission,,2.86,UAV Operator,Gamma,5.86,4.01,1.01,1,2025-06-27,2023-03-31,2033-03-31,10,4
AO16860,Fuad,Cəfərov,Orxan oğlu,M,ABX595C,LG7176504,HB164320,True,SV2387375,1992-10-26,33,Zaqatala,Higher Military Education,2012,2016,Officer,Captain,Operations Officer,False,Military Academy,Military Aviation School,,,Gamma,10.47,2.66,2.66,0,,2024-11-27,2034-11-27,10,4
AO24475,Kamran,Qaraov,Elşən oğlu,M,PL73GDW,BX4222476,HB242188,True,SV5712233,2000-07-20,25,Şamaxı,Higher Military Education,2020,2024,Officer,Lieutenant,Operations Officer,False,Military Academy,Military Aviation School,,,Gamma,2.25,2.25,2.25,0,,2020-12-15,2027-12-15,7,3
AO24451,İlkin,Qaraov,Elçin oğlu,M,EV5JH5U,DA3585499,HB240015,True,SV5553968,2001-02-23,25,Xaçmaz,Higher Military Education,2020,2024,Officer,Lieutenant,Operations Officer,False,Military Academy,Military Aviation School,,,Gamma,2.08,2.08,2.08,0,,2025-01-10,2030-01-10,5,2
AO25736,Ramin,Quliyov,Vüqar oğlu,M,23WMQ77,WW7522630,HB257717,True,SV0557890,2001-11-10,24,Bərdə,Higher Military Education,2021,2025,Officer,Lieutenant,Operations Officer,False,Military Academy,Military Aviation School,,,Gamma,1.3,1.3,1.3,0,,2025-06-19,2030-06-19,5,5
AO24080,Anar,Vəliov,Elçin oğlu,M,YF9JJZZ,YX1322740,HB240697,False,,2002-06-15,24,Gəncə,Higher Civilian Education,2020,2024,Officer,Lieutenant,Operations Officer,False,Civilian Direct Commission,,,,Gamma,1.53,1.53,1.53,0,,2021-12-08,2028-12-08,7,3
AO17637,Vüsal,Fərəcov,Vüqar oğlu,M,RUU5D62,EV6407641,HB172612,True,SV5928225,1994-03-11,32,Şamaxı,Higher Military Education,2013,2017,Officer,Captain,Operations Officer,False,Military Academy,Military Aviation School,,,Gamma,9.35,3.21,0.21,1,2026-04-15,2025-12-30,2030-12-30,5,4
AO23313,Orxan,Rəhimov,Kənan oğlu,M,PK7QWTF,UU2535136,HB235416,True,SV1177861,2003-08-05,22,Salyan,In-Service Officer Commissioning Program,2021,2023,Officer,Lieutenant,Operations Officer,False,Prior Enlisted (Gizir) Commission,,1.54,UAV Operator,Gamma,2.54,2.54,2.54,0,,2023-01-10,2030-01-10,7,4
AO23316,Elşən,Kərimov,Elnur oğlu,M,KZ4LKU2,AY0461428,HB230192,True,SV6280435,2000-04-29,26,Şəki,Higher Military Education,2019,2023,Officer,Lieutenant,Operations Officer,False,Military Academy,General Military Academy,,,Gamma,2.61,2.35,2.35,0,,2021-10-11,2031-10-11,10,2
AO17887,Murad,Qaraov,Şahin oğlu,M,882N8YH,ZQ0035424,HB173259,False,,1995-01-22,31,Sumqayıt,Higher Military Education,2013,2017,Officer,Captain,Operations Officer,False,Military Academy,General Military Academy,,,Gamma,8.89,1.37,1.37,0,,2024-04-29,2027-04-29,3,3
AO15343,Orxan,Nağıov,Nicat oğlu,M,HU2JSKA,UB7738948,HB157493,True,SV4436727,1991-11-21,34,Bakı,Higher Military Education,2011,2015,Officer,Captain,Operations Officer,False,Military Academy,General Military Academy,,,Gamma,10.96,5.37,2.37,1,2024-02-16,2022-06-23,2029-06-23,7,2
AO18123,Elşən,Yusifov,Elvin oğlu,M,U985LTK,JB0051158,HB181633,True,SV4610684,1998-02-11,28,Mingəçevir,In-Service Officer Commissioning Program,2016,2018,Officer,Captain,Flight Control Officer,False,Prior Enlisted (Gizir) Commission,,2.23,UAV Operator,Gamma,7.59,3.43,0.43,1,2026-01-24,2020-02-09,2027-02-09,7,3
AO18600,Rövşən,Məmmədov,Murad oğlu,M,KVNALE5,QU5628987,HB182129,True,SV1131590,1997-07-11,28,Mingəçevir,In-Service Officer Commissioning Program,2016,2018,Officer,Captain,Flight Control Officer,False,Prior Enlisted (Gizir) Commission,,2.94,UAV Operator,Gamma,8.29,4.04,1.04,1,2025-06-16,2022-03-06,2032-03-06,10,5
AO24112,Namiq,İbrahimov,Kamran oğlu,M,PJ7GME6,LW3477343,HB246361,True,SV3801971,2002-05-04,24,Şəki,Higher Civilian Education,2020,2024,Officer,Lieutenant,Flight Control Officer,False,Civilian Direct Commission,,,,Gamma,2.02,2.02,2.02,0,,2019-12-01,2029-12-01,10,1
AO18070,İlkin,Həsənov,Ruslan oğlu,M,MJDQA3N,WJ9848390,HB181385,True,SV3492631,1995-06-21,31,Lənkəran,Higher Military Education,2014,2018,Officer,Captain,Training & Standardization Officer,False,Military Academy,General Military Academy,,,Gamma,8.31,5.98,2.98,1,2023-07-08,2025-06-12,2030-06-12,5,2
AO24903,Aqşin,İbrahimov,Fuad oğlu,M,XMPFF78,TV1811436,HB242910,False,,2002-01-24,24,Quba,Higher Military Education,2020,2024,Officer,Lieutenant,Training & Standardization Officer,False,Military Academy,Military Aviation School,,,Gamma,2.12,2.12,2.12,0,,2025-11-20,2035-11-20,10,5
AO21835,Ceyhun,Quliyov,Cavid oğlu,M,BNVSFA6,CZ1498516,HB211917,True,SV3491636,1997-12-24,28,Şirvan,Higher Civilian Education,2017,2021,Officer,Senior Lieutenant,Training & Standardization Officer,False,Civilian Direct Commission,,,,Gamma,4.95,2.66,2.66,0,,2026-02-26,2036-02-26,10,4
AO21206,Anar,Quliyov,Sənan oğlu,M,CDN6DHF,RH9655871,HB211168,True,SV6590930,1998-04-18,28,Şəki,Higher Military Education,2017,2021,Officer,Senior Lieutenant,Pilot-Operator,False,Military Academy,General Military Academy,,,Gamma,5.06,1.63,1.63,0,,2020-11-08,2027-11-08,7,2
AO15626,Vüsal,Abbasov,Tofiq oğlu,M,59N9QJQ,TR5391387,HB157145,True,SV0872740,1994-01-02,32,İmişli,In-Service Officer Commissioning Program,2013,2015,Officer,Captain,Pilot-Operator,False,Prior Enlisted (Gizir) Commission,,2.9,UAV Operator,Gamma,10.82,3.62,0.62,1,2025-11-16,2025-01-21,2028-01-21,3,2
AO16652,Cavid,Cəfərov,Emin oğlu,M,9C5SN89,EW2073618,HB160819,True,SV8329531,1994-12-26,31,Naxçıvan,In-Service Officer Commissioning Program,2014,2016,Officer,Captain,Pilot-Operator,False,Prior Enlisted (Gizir) Commission,,3.93,UAV Operator,Gamma,9.85,5.06,2.06,1,2024-06-08,2025-06-16,2028-06-16,3,5
AO21394,Aqşin,Tağıov,Vüsal oğlu,M,J88K696,MD9025396,HB215285,False,,1997-08-27,28,Gəncə,Higher Civilian Education,2017,2021,Officer,Senior Lieutenant,Pilot-Operator,False,Civilian Direct Commission,,,,Gamma,4.98,4.58,1.58,1,2024-11-30,2019-10-22,2026-10-22,7,4
AO17667,Tofiq,Rəhimov,Cavid oğlu,M,NG4C8J6,CT9146701,HB173293,True,SV1646217,1996-12-11,29,Zaqatala,In-Service Officer Commissioning Program,2015,2017,Officer,Captain,Pilot-Operator,False,Prior Enlisted (Gizir) Commission,,2.44,UAV Operator,Gamma,9.23,5.86,2.86,1,2023-08-21,2022-08-02,2032-08-02,10,2
AO25008,Rəşad,Nəsirov,Tofiq oğlu,M,QU6Y32H,CZ6538689,HB257315,True,SV6827225,2003-08-17,22,Ağdam,In-Service Officer Commissioning Program,2023,2025,Officer,Lieutenant,Pilot-Operator,False,Prior Enlisted (Gizir) Commission,,1.0,UAV Operator,Gamma,1.05,1.05,1.05,0,,2022-09-04,2032-09-04,10,3
AO21911,Cavid,Fərəcov,Sənan oğlu,M,J94RVUV,WS0186009,HB216725,True,SV5768706,1998-12-15,27,Zaqatala,Higher Military Education,2017,2021,Officer,Senior Lieutenant,Pilot-Operator,False,Military Academy,Military Aviation School,,,Gamma,5.34,5.03,2.03,1,2024-06-19,2024-01-10,2029-01-10,5,4
AO24650,Vüsalə,Musaova,Elvin qızı,F,GFWLKPA,LX3639273,HB249339,True,SV6715867,2000-06-30,26,Tovuz,Higher Military Education,2020,2024,Officer,Lieutenant,Pilot-Operator,False,Military Academy,General Military Academy,,,Gamma,2.12,2.12,2.12,0,,2021-01-21,2028-01-21,7,2
AO13655,Fərid,Vəliov,Zaur oğlu,M,K7CNVW2,EW4343110,HB132919,True,SV3562516,1990-09-05,35,Sumqayıt,Higher Military Education,2009,2013,Officer,Major,Pilot-Operator,False,Military Academy,General Military Academy,,,Gamma,13.15,4.08,1.08,1,2025-06-01,2018-02-19,2028-02-19,10,2
AO19192,Rövşən,Abbasov,Elnur oğlu,M,7D846KU,BZ4056248,HB191050,False,,1997-08-17,28,Lənkəran,In-Service Officer Commissioning Program,2017,2019,Officer,Captain,Pilot-Operator,False,Prior Enlisted (Gizir) Commission,,3.13,UAV Operator,Gamma,7.04,4.44,1.44,1,2025-01-21,2025-06-23,2028-06-23,3,2
AO22118,Şahin,Hacıov,Zaur oğlu,M,QT9GFSN,PX3273843,HB222795,False,,1998-11-12,27,Lənkəran,Higher Civilian Education,2018,2022,Officer,Senior Lieutenant,Pilot-Operator,False,Civilian Direct Commission,,,,Gamma,4.01,1.73,1.73,0,,2021-09-04,2026-09-04,5,3
AO24579,Murad,Nağıov,Elnur oğlu,M,D79YTD4,FJ7982284,HB248232,True,SV5090468,2001-05-15,25,Xaçmaz,Higher Military Education,2020,2024,Officer,Lieutenant,Pilot-Operator,False,Military Academy,Military Aviation School,,,Gamma,1.74,1.74,1.74,0,,2019-06-23,2029-06-23,10,2
AO12488,Şahin,Hacıov,Cavid oğlu,M,Y89GQTX,HP8915630,HB123405,True,SV7319657,1990-10-07,35,Şəki,In-Service Officer Commissioning Program,2010,2012,Officer,Major,Pilot-Operator,False,Prior Enlisted (Gizir) Commission,,2.06,UAV Operator,Gamma,13.82,2.59,2.59,0,,2026-03-20,2036-03-20,10,2
AO24665,Rəşad,Qaraov,Fərid oğlu,M,C8U8NPY,DJ0378414,HB248156,True,SV9637506,2000-07-22,25,İmişli,Higher Military Education,2020,2024,Officer,Lieutenant,Pilot-Operator,False,Military Academy,General Military Academy,,,Gamma,1.96,1.96,1.96,0,,2023-09-15,2026-09-15,3,1
AO18360,Elvin,Kərimov,İlkin oğlu,M,6U58GVF,FJ8955878,HB181408,True,SV1800599,1996-06-25,30,Şamaxı,Higher Military Education,2014,2018,Officer,Captain,Pilot-Operator,False,Military Academy,Military Aviation School,,,Gamma,8.01,5.93,2.93,1,2023-07-26,2025-07-08,2028-07-08,3,3
AO12822,Ceyhun,Hacıov,Fərid oğlu,M,87TNQDT,JJ2814399,HB125218,False,,1990-11-05,35,Bərdə,In-Service Officer Commissioning Program,2010,2012,Officer,Major,Pilot-Operator,False,Prior Enlisted (Gizir) Commission,,3.05,UAV Operator,Gamma,14.47,3.38,0.38,1,2026-02-12,2026-01-10,2029-01-10,3,1
AO11938,Rövşən,Yusifov,Kənan oğlu,M,TGLQG8P,LB0156397,HB110031,True,SV6509359,1988-03-13,38,İmişli,Higher Military Education,2007,2011,Officer,Major,Pilot-Operator,False,Military Academy,Military Aviation School,,,Gamma,14.99,5.56,2.56,1,2023-12-08,2021-07-29,2028-07-29,7,2
AO21355,Tural,Nağıov,Zaur oğlu,M,45ZSFMY,XC9870226,HB213577,True,SV9269028,1998-06-24,28,Qazax,Higher Military Education,2017,2021,Officer,Senior Lieutenant,Pilot-Operator,False,Military Academy,General Military Academy,,,Gamma,4.95,1.24,1.24,0,,2025-07-22,2030-07-22,5,2
AO16958,Vüqar,Vəliov,Sənan oğlu,M,J7XY6K8,RX4083817,HB166329,True,SV0607160,1993-07-10,32,Şirvan,Higher Military Education,2012,2016,Officer,Captain,Pilot-Operator,False,Military Academy,General Military Academy,,,Gamma,10.23,5.19,2.19,1,2024-04-22,2026-01-24,2029-01-24,3,1
AO23557,Ceyhun,Sultanov,Elçin oğlu,M,NTKUDD4,XY5419412,HB234439,False,,2003-07-29,22,Naxçıvan,In-Service Officer Commissioning Program,2021,2023,Officer,Lieutenant,Pilot-Operator,False,Prior Enlisted (Gizir) Commission,,1.79,UAV Operator,Gamma,2.79,2.79,2.79,0,,2016-12-11,2026-12-11,10,1
G08994,Fuad,Cəfərov,Elnur oğlu,M,Q2XS92Z,BA1821490,HB083514,True,SV9526370,1986-11-29,39,Zaqatala,Vocational/Technical College,2006,2008,Warrant Officer,Senior Warrant Officer,UAV Operator,False,,,,,Gamma,18.06,5.03,2.03,1,2024-06-19,2024-08-24,2027-08-24,3,1
G21193,Fərid,Nağıov,Tural oğlu,M,DCSAZZL,AX6000358,HB210688,True,SV0508453,2000-02-13,26,Yevlax,Vocational/Technical College,2019,2021,Warrant Officer,Warrant Officer,UAV Operator,False,,,,,Gamma,4.69,4.01,1.01,1,2025-06-27,2026-01-06,2029-01-06,3,4
G23405,Tofiq,Abbasov,Nicat oğlu,M,R6Q6HKZ,ZK2174204,HB237612,False,,2002-06-23,24,Lənkəran,Vocational/Technical College,2021,2023,Warrant Officer,Warrant Officer,UAV Operator,False,,,,,Gamma,3.12,3.12,0.12,1,2026-05-18,2023-06-09,2028-06-09,5,4
G21265,Nicat,Tağıov,Fuad oğlu,M,Q8QLXES,FT5977348,HB212484,False,,2001-04-11,25,Tovuz,Vocational/Technical College,2019,2021,Warrant Officer,Warrant Officer,UAV Operator,False,,,,,Gamma,4.97,4.13,1.13,1,2025-05-14,2025-04-11,2028-04-11,3,3
G23583,Vaqif,Kərimov,Zaur oğlu,M,85PGL6X,YL9025196,HB230340,True,SV6581327,2003-01-15,23,Xaçmaz,Vocational/Technical College,2021,2023,Warrant Officer,Warrant Officer,UAV Operator,False,,,,,Gamma,3.03,1.71,1.71,0,,2024-07-15,2027-07-15,3,3
G16237,Sənan,Əliov,Rəşad oğlu,M,3CA5B5L,XE1283958,HB165894,True,SV7215914,1995-07-11,30,İmişli,Vocational/Technical College,2014,2016,Warrant Officer,Senior Warrant Officer,UAV Operator,False,,,,,Gamma,9.75,4.82,1.82,1,2024-09-04,2023-05-11,2028-05-11,5,5
G12759,Şəbnəm,Nəsirova,Aqşin qızı,F,69XEQ2E,KK1068951,HB120957,False,,1991-11-17,34,Xaçmaz,Vocational/Technical College,2010,2012,Warrant Officer,Senior Warrant Officer,UAV Operator,False,,,,,Gamma,13.8,3.81,0.81,1,2025-09-08,2022-12-30,2027-12-30,5,5
G21712,Elnur,Rəhimov,Vüqar oğlu,M,KNE93X8,HT9067084,HB219689,True,SV8125949,2000-12-05,25,Gəncə,Vocational/Technical College,2019,2021,Warrant Officer,Warrant Officer,UAV Operator,False,,,,,Gamma,4.88,2.7,2.7,0,,2025-05-21,2028-05-21,3,2
G11534,Fuad,Nəsirov,Kənan oğlu,M,XXLB57A,PH1436233,HB115820,True,SV9471321,1990-01-20,36,Şamaxı,Vocational/Technical College,2009,2011,Warrant Officer,Senior Warrant Officer,UAV Operator,False,,,,,Gamma,15.04,2.32,2.32,0,,2024-02-20,2031-02-20,7,3
G13338,Aqşin,Şıxəliov,Ruslan oğlu,M,6AE2HFC,PF0077390,HB139800,True,SV9963660,1993-10-23,32,Mingəçevir,Vocational/Technical College,2011,2013,Warrant Officer,Senior Warrant Officer,UAV Operator,False,,,,,Gamma,12.52,3.25,0.25,1,2026-03-31,2022-06-20,2027-06-20,5,2
G24740,Elvin,Həsənov,Cavid oğlu,M,3HBCLSR,EZ6126801,HB247245,True,SV1115967,2002-10-09,23,Sumqayıt,Vocational/Technical College,2022,2024,Warrant Officer,Junior Warrant Officer,UAV Operator,False,,,,,Gamma,1.89,1.89,1.89,0,,2024-05-06,2027-05-06,3,2
G24625,Zaur,Xəlilov,Murad oğlu,M,KPWGJMH,AX6210490,HB248592,True,SV4684963,2004-02-11,22,Tovuz,Vocational/Technical College,2022,2024,Warrant Officer,Junior Warrant Officer,UAV Operator,False,,,,,Gamma,2.01,2.01,2.01,0,,2025-05-10,2032-05-10,7,5
G08825,Elşən,Cəfərov,Fuad oğlu,M,3MKRTZH,ES4837948,HB087924,True,SV1739873,1987-07-28,38,Mingəçevir,Vocational/Technical College,2006,2008,Warrant Officer,Senior Warrant Officer,UAV Operator,False,,,,,Gamma,17.57,1.33,1.33,0,,2023-12-23,2026-12-23,3,4
G24228,Murad,Quliyov,Kamran oğlu,M,GARJGRF,VW2164484,HB247871,True,SV3197615,2004-01-24,22,Xaçmaz,Vocational/Technical College,2022,2024,Warrant Officer,Junior Warrant Officer,UAV Operator,False,,,,,Gamma,1.7,1.7,1.7,0,,2020-02-27,2027-02-27,7,2
G22914,Namiq,Xəlilov,Sənan oğlu,M,VVVSLMY,DP4032969,HB223850,False,,2001-04-10,25,Xaçmaz,Vocational/Technical College,2020,2022,Warrant Officer,Warrant Officer,UAV Operator,False,,,,,Gamma,4.39,1.06,1.06,0,,2026-01-06,2029-01-06,3,3
G23950,Fərid,Quliyov,İlkin oğlu,M,W9HUH4R,MA5076046,HB232723,False,,2002-02-26,24,Quba,Vocational/Technical College,2021,2023,Warrant Officer,Warrant Officer,UAV Operator,False,,,,,Gamma,3.23,3.23,0.23,1,2026-04-07,2025-12-01,2028-12-01,3,1
G18229,Elşən,Quliyov,Aqşin oğlu,M,2RHAMVT,UY4382819,HB180772,True,SV2085523,1997-10-26,28,Bakı,Vocational/Technical College,2016,2018,Warrant Officer,Senior Warrant Officer,UAV Operator,False,,,,,Gamma,7.78,4.89,1.89,1,2024-08-09,2025-02-11,2030-02-11,5,3
G10034,Orxan,Tağıov,Elşən oğlu,M,Q7EWTV2,CG2741191,HB101868,False,,1989-06-22,37,İmişli,Vocational/Technical College,2008,2010,Warrant Officer,Senior Warrant Officer,UAV Operator,False,,,,,Gamma,16.5,1.72,1.72,0,,2024-07-18,2027-07-18,3,4
G24055,Cavid,Xəlilov,Tofiq oğlu,M,LFV2WL2,AN7749111,HB244006,True,SV0330304,2004-01-04,22,Gəncə,Vocational/Technical College,2022,2024,Warrant Officer,Junior Warrant Officer,UAV Operator,False,,,,,Gamma,1.75,1.75,1.75,0,,2023-09-30,2028-09-30,5,5
G17751,Zaur,Həsənov,Vüsal oğlu,M,QD7JHWT,BW2022185,HB172186,True,SV7607466,1996-12-18,29,İmişli,Vocational/Technical College,2015,2017,Warrant Officer,Senior Warrant Officer,UAV Operator,False,,,,,Gamma,8.7,4.95,1.95,1,2024-07-18,2023-10-04,2028-10-04,5,1
G21335,Elşən,Məmmədov,Elçin oğlu,M,C6S4NEA,RQ2338721,HB215205,False,,2001-08-13,24,Goranboy,Vocational/Technical College,2019,2021,Warrant Officer,Warrant Officer,Technical Staff,False,,,,,Gamma,4.8,3.95,0.95,1,2025-07-19,2024-09-29,2027-09-29,3,1
G19692,Ruslan,Musaov,Kənan oğlu,M,NFB3Z5G,PT8688306,HB192947,True,SV8253213,1998-03-16,28,Xaçmaz,Vocational/Technical College,2017,2019,Warrant Officer,Senior Warrant Officer,Technical Staff,False,,,,,Gamma,6.99,3.26,0.26,1,2026-03-28,2021-08-28,2026-08-28,5,4
G18048,Şahin,Səfərov,Emin oğlu,M,V3X8CDA,AB0204790,HB181953,True,SV6973262,1997-05-21,29,Gəncə,Vocational/Technical College,2016,2018,Warrant Officer,Senior Warrant Officer,Technical Staff,False,,,,,Gamma,7.67,3.29,0.29,1,2026-03-17,2024-03-27,2027-03-27,3,1
G23617,Rəşad,İbrahimov,Ceyhun oğlu,M,W8367FD,TL8620506,HB230169,True,SV3304410,2002-06-11,24,Gəncə,Vocational/Technical College,2021,2023,Warrant Officer,Warrant Officer,Technical Staff,False,,,,,Gamma,3.45,2.31,2.31,0,,2020-04-14,2027-04-14,7,1
G18607,İlkin,İbrahimov,Ramin oğlu,M,AJ5HQAW,WW4942803,HB188698,True,SV4416351,1996-12-01,29,Tovuz,Vocational/Technical College,2016,2018,Warrant Officer,Senior Warrant Officer,Technical Staff,False,,,,,Gamma,7.66,5.38,2.38,1,2024-02-12,2022-11-27,2027-11-27,5,4
G22495,Elnur,Kərimov,Zaur oğlu,M,X6XP8CJ,DY6456839,HB220475,False,,2002-08-14,23,Mingəçevir,Vocational/Technical College,2020,2022,Warrant Officer,Warrant Officer,Technical Staff,False,,,,,Gamma,3.53,3.01,0.01,1,2026-06-27,2024-10-03,2029-10-03,5,5
G22236,Elnur,Fərəcov,Zaur oğlu,M,34N469T,NP2597674,HB223551,True,SV8395823,2002-02-10,24,Ağdam,Vocational/Technical College,2020,2022,Warrant Officer,Warrant Officer,Technical Staff,False,,,,,Gamma,3.7,3.7,0.7,1,2025-10-18,2022-03-28,2027-03-28,5,1
G22081,Elçin,İbrahimov,Elvin oğlu,M,693R7YK,UH2691022,HB224437,False,,2001-10-14,24,Sumqayıt,Vocational/Technical College,2020,2022,Warrant Officer,Warrant Officer,Technical Staff,False,,,,,Gamma,4.26,4.22,1.22,1,2025-04-11,2024-06-01,2027-06-01,3,1
G23603,Elvin,Rüstəmov,Elçin oğlu,M,VLMKV7W,QS9432477,HB236130,True,SV4589693,2003-04-27,23,Xaçmaz,Vocational/Technical College,2021,2023,Warrant Officer,Junior Warrant Officer,Technical Staff,False,,,,,Gamma,2.67,2.67,2.67,0,,2024-09-15,2029-09-15,5,1
G23250,Tofiq,Sultanov,Ceyhun oğlu,M,DNLVRLT,SL6065605,HB236185,True,SV1258572,2002-02-15,24,Şirvan,Vocational/Technical College,2021,2023,Warrant Officer,Warrant Officer,Technical Staff,False,,,,,Gamma,3.42,3.42,0.42,1,2026-01-28,2024-04-29,2027-04-29,3,5
G21406,Vüqar,Kərimov,Fərid oğlu,M,PX8CRHN,TR1332854,HB215174,True,SV8911196,2000-11-22,25,Bakı,Vocational/Technical College,2019,2021,Warrant Officer,Warrant Officer,Technical Staff,False,,,,,Gamma,4.62,4.62,1.62,1,2024-11-16,2026-01-03,2029-01-03,3,4
G24842,Elşən,Sultanov,Tofiq oğlu,M,TPBPYCC,XR4529100,HB245139,True,SV1655496,2003-02-07,23,Bərdə,Vocational/Technical College,2022,2024,Warrant Officer,Junior Warrant Officer,Technical Staff,False,,,,,Gamma,2.4,2.4,2.4,0,,2022-12-16,2027-12-16,5,4
G09851,Elçin,Qaraov,Rövşən oğlu,M,AB3DXUA,XD9881440,HB092569,True,SV6581158,1989-05-09,37,Sumqayıt,Vocational/Technical College,2007,2009,Warrant Officer,Senior Warrant Officer,Technical Staff,False,,,,,Gamma,16.91,1.2,1.2,0,,2025-08-06,2028-08-06,3,4
G17884,Zaur,Tağıov,Tofiq oğlu,M,MHJBP52,AS9368716,HB178524,False,,1996-08-07,29,Ağdam,Vocational/Technical College,2015,2017,Warrant Officer,Senior Warrant Officer,Technical Staff,False,,,,,Gamma,8.87,5.94,2.94,1,2023-07-23,2025-04-04,2030-04-04,5,2
G25117,Elvin,Hacıov,Cavid oğlu,M,CC6EWMN,MV9353395,HB252513,True,SV8669665,2004-10-13,21,Xaçmaz,Vocational/Technical College,2023,2025,Warrant Officer,Junior Warrant Officer,Technical Staff,False,,,,,Gamma,1.23,1.23,1.23,0,,2026-02-12,2031-02-12,5,3
G25881,Orxan,Xəlilov,Ramin oğlu,M,W75VH7L,FE9136256,HB256656,True,SV6786167,2005-01-13,21,İmişli,Vocational/Technical College,2023,2025,Warrant Officer,Junior Warrant Officer,Technical Staff,False,,,,,Gamma,1.28,1.28,1.28,0,,2024-12-11,2027-12-11,3,3
G22817,Vaqif,Qaraov,Namiq oğlu,M,WG34FWR,FM2551629,HB222159,False,,2002-04-30,24,Goranboy,Vocational/Technical College,2020,2022,Warrant Officer,Warrant Officer,Technical Staff,False,,,,,Gamma,3.76,3.31,0.31,1,2026-03-09,2025-11-27,2030-11-27,5,1
G24028,Murad,Nağıov,Zaur oğlu,M,JUGBP9V,MK1138082,HB248532,True,SV2796285,2003-12-18,22,Bakı,Vocational/Technical College,2022,2024,Warrant Officer,Junior Warrant Officer,Technical Staff,False,,,,,Gamma,2.4,2.4,2.4,0,,2025-01-02,2028-01-02,3,1
G21397,Anar,Vəliov,Vüqar oğlu,M,V27MHAU,UE9350156,HB219528,False,,2000-09-13,25,Xaçmaz,Vocational/Technical College,2019,2021,Warrant Officer,Senior Warrant Officer,Technical Staff,False,,,,,Gamma,5.12,4.12,1.12,1,2025-05-17,2025-03-16,2028-03-16,3,1
G22616,Vaqif,Rəhimov,Kamran oğlu,M,7JAXP55,LF8441887,HB220764,True,SV7264830,2002-01-02,24,Salyan,Vocational/Technical College,2020,2022,Warrant Officer,Warrant Officer,Technical Staff,False,,,,,Gamma,4.3,4.3,1.3,1,2025-03-13,2025-02-11,2028-02-11,3,5
G16679,Vüqar,Həsənov,Zaur oğlu,M,YN3GLNH,GF6409264,HB168873,False,,1996-02-17,30,Goranboy,Vocational/Technical College,2014,2016,Warrant Officer,Senior Warrant Officer,Technical Service,False,,,,,Gamma,9.59,3.21,0.21,1,2026-04-15,2026-01-24,2029-01-24,3,5
G25490,Orxan,Tağıov,Cavid oğlu,M,JHM9RF5,RQ8893709,HB259635,True,SV6009428,2004-10-06,21,Quba,Vocational/Technical College,2023,2025,Warrant Officer,Junior Warrant Officer,Technical Service,False,,,,,Gamma,1.04,1.04,1.04,0,,2022-11-16,2027-11-16,5,2
G22788,Vüqar,Həsənov,Tural oğlu,M,U355ZKR,LE0960727,HB222081,True,SV7531517,2001-11-20,24,Qazax,Vocational/Technical College,2020,2022,Warrant Officer,Warrant Officer,Technical Service,False,,,,,Gamma,4.15,2.56,2.56,0,,2025-05-03,2030-05-03,5,2
G21226,Rövşən,Əliov,Elnur oğlu,M,FR5HVM3,ML7716091,HB216590,True,SV5475784,2000-04-17,26,Salyan,Vocational/Technical College,2019,2021,Warrant Officer,Warrant Officer,Technical Service,False,,,,,Gamma,4.67,3.57,0.57,1,2025-12-04,2024-12-26,2027-12-26,3,3
G22189,Ruslan,Nəsirov,Ceyhun oğlu,M,PSR3GVM,HQ4333104,HB228850,True,SV1877632,2001-03-30,25,Bakı,Vocational/Technical College,2020,2022,Warrant Officer,Warrant Officer,Technical Service,False,,,,,Gamma,3.68,3.68,0.68,1,2025-10-25,2023-08-28,2030-08-28,7,2
G21086,Vüsalə,Abbasova,Vüsal qızı,F,QPB867K,BM3645354,HB213810,False,,1999-10-01,26,Xaçmaz,Vocational/Technical College,2019,2021,Warrant Officer,Warrant Officer,Technical Service,False,,,,,Gamma,4.94,2.26,2.26,0,,2024-05-10,2027-05-10,3,1
G07800,Elnur,Hüseynov,Fuad oğlu,M,YJAGSAN,VM6205144,HB079544,True,SV0775099,1987-04-13,39,Goranboy,Vocational/Technical College,2005,2007,Warrant Officer,Senior Warrant Officer,Technical Service,False,,,,,Gamma,18.51,1.97,1.97,0,,2025-05-03,2032-05-03,7,3
G21074,Aytac,Quliyova,Ceyhun qızı,F,GVJHBAE,LE7845929,HB217141,True,SV0772916,2000-08-16,25,Şirvan,Vocational/Technical College,2019,2021,Warrant Officer,Warrant Officer,Technical Service,False,,,,,Gamma,4.55,3.2,0.2,1,2026-04-18,2025-02-26,2030-02-26,5,1
G23622,Aqşin,Abbasov,Şahin oğlu,M,8JT64LX,NS8568728,HB238314,True,SV2939905,2002-02-05,24,Quba,Vocational/Technical College,2021,2023,Warrant Officer,Warrant Officer,Technical Service,False,,,,,Gamma,3.06,3.06,0.06,1,2026-06-09,2024-04-25,2027-04-25,3,1
G08080,Ülviyyə,Vəliova,Vaqif qızı,F,EDTMZPL,BD4903848,HB086676,True,SV4091284,1986-07-19,39,Goranboy,Vocational/Technical College,2006,2008,Warrant Officer,Senior Warrant Officer,Technical Service,False,,,,,Gamma,18.3,3.78,0.78,1,2025-09-19,2024-12-19,2031-12-19,7,5
G18336,Səbinə,Rəhimova,Kamran qızı,F,VU5DCZE,LX9761040,HB187502,True,SV8696601,1998-02-01,28,Şamaxı,Vocational/Technical College,2016,2018,Warrant Officer,Senior Warrant Officer,Technical Service,False,,,,,Gamma,7.98,3.15,0.15,1,2026-05-07,2025-10-07,2028-10-07,3,3
G19856,Zaur,Məmmədov,Ceyhun oğlu,M,GFN9DUV,NV2062660,HB192548,True,SV6086683,1999-05-07,27,Salyan,Vocational/Technical College,2017,2019,Warrant Officer,Senior Warrant Officer,Technical Service,False,,,,,Gamma,6.95,5.98,2.98,1,2023-07-08,2026-05-18,2029-05-18,3,3
G06810,İlkin,Vəliov,Aqşin oğlu,M,KLHEECU,CC4107657,HB062496,True,SV1695592,1986-05-11,40,Xaçmaz,Vocational/Technical College,2004,2006,Warrant Officer,Senior Warrant Officer,Repair Specialist,False,,,,,Gamma,19.55,4.53,1.53,1,2024-12-19,2022-06-20,2027-06-20,5,1
G09028,Rövşən,Nəsirov,Kamran oğlu,M,4Q835Q4,TS6978181,HB093295,True,SV0830154,1988-09-30,37,Quba,Vocational/Technical College,2007,2009,Warrant Officer,Senior Warrant Officer,Repair Specialist,False,,,,,Gamma,17.02,2.95,2.95,0,,2026-05-07,2029-05-07,3,2
G25779,Fərid,Sultanov,İlkin oğlu,M,VLD29GE,SW7235591,HB259984,True,SV7095294,2004-01-21,22,Şamaxı,Vocational/Technical College,2023,2025,Warrant Officer,Junior Warrant Officer,Repair Specialist,False,,,,,Gamma,1.0,1.0,1.0,0,,2023-05-03,2028-05-03,5,3
G16461,Ceyhun,Tağıov,Nicat oğlu,M,7VHLUQK,RA2922509,HB163725,True,SV3498285,1996-12-09,29,Ağdam,Vocational/Technical College,2014,2016,Warrant Officer,Senior Warrant Officer,Repair Specialist,False,,,,,Gamma,9.52,3.95,0.95,1,2025-07-19,2026-01-21,2033-01-21,7,1
G25044,Kənan,Kərimov,Vüqar oğlu,M,XRUTT25,YK7160432,HB259733,True,SV0971221,2004-01-31,22,Ağdam,Vocational/Technical College,2023,2025,Warrant Officer,Junior Warrant Officer,Repair Specialist,False,,,,,Gamma,1.41,1.41,1.41,0,,2023-04-19,2028-04-19,5,2
G24144,Elçin,Nağıov,Emin oğlu,M,WCED78C,UU2173585,HB245362,True,SV4673018,2002-09-01,23,İmişli,Vocational/Technical College,2022,2024,Warrant Officer,Junior Warrant Officer,Repair Specialist,False,,,,,Gamma,2.37,2.37,2.37,0,,2025-01-21,2030-01-21,5,3
G22135,Orxan,Həsənov,Kamran oğlu,M,EF4TR7W,AW7487416,HB224849,True,SV5697897,2001-02-04,25,İmişli,Vocational/Technical College,2020,2022,Warrant Officer,Warrant Officer,Repair Specialist,False,,,,,Gamma,3.95,3.95,0.95,1,2025-07-19,2021-08-24,2026-08-24,5,4
G22448,Vüsal,Cəfərov,Elvin oğlu,M,UAXMLZA,HM1057545,HB227511,True,SV7187625,2001-05-08,25,Ağdam,Vocational/Technical College,2020,2022,Warrant Officer,Warrant Officer,Repair Specialist,False,,,,,Gamma,4.37,4.21,1.21,1,2025-04-15,2026-05-14,2029-05-14,3,3
AO97468,Ramin,Rəhimov,Elçin oğlu,M,STX8767,ZX1955946,HB977452,False,,1974-12-25,51,Quba,Higher Military Education,1993,1997,Officer,Lieutenant Colonel,Department Commander,True,Military Academy,General Military Academy,,,Sigma,29.09,1.77,1.77,0,,2025-10-21,2028-10-21,3,3
AO12000,Kənan,Rüstəmov,Emin oğlu,M,QCU3EBZ,NW5367801,HB122542,False,,1988-12-09,37,Mingəçevir,Higher Military Education,2008,2012,Officer,Major,Chief of Operations,True,Military Academy,Military Aviation School,,,Sigma,14.09,4.86,1.86,1,2024-08-20,2025-04-11,2028-04-11,3,2
AO13467,Ruslan,Şıxəliov,Emin oğlu,M,CJT4BR4,DU6014460,HB135215,True,SV4693000,1990-06-11,36,Bakı,Higher Military Education,2009,2013,Officer,Major,Pilot-Operator Lead,True,Military Academy,General Military Academy,,,Sigma,12.84,5.42,2.42,1,2024-01-29,2023-09-26,2028-09-26,5,1
G06923,Orxan,Həsənov,Elçin oğlu,M,G8D3TM3,TQ7936752,HB061624,True,SV1516525,1986-09-13,39,Sumqayıt,Vocational/Technical College,2004,2006,Warrant Officer,Senior Warrant Officer,Technical Service Lead,True,,,,,Sigma,19.63,1.82,1.82,0,,2023-04-22,2028-04-22,5,2
AO12830,Tural,Səfərov,Ruslan oğlu,M,PAVAJHM,JJ5545212,HB123741,True,SV3638730,1988-10-01,37,Gəncə,Higher Civilian Education,2008,2012,Officer,Major,Training & Standardization Lead,True,Civilian Direct Commission,,,,Sigma,14.22,3.51,0.51,1,2025-12-26,2023-05-11,2033-05-11,10,4
AO22617,Kənan,Məmmədov,Vüqar oğlu,M,285SEB3,YW2589727,HB221115,False,,2001-08-17,24,Naxçıvan,In-Service Officer Commissioning Program,2020,2022,Officer,Senior Lieutenant,Operations Officer,False,Prior Enlisted (Gizir) Commission,,1.62,UAV Operator,Sigma,4.05,4.05,1.05,1,2025-06-12,2020-12-26,2027-12-26,7,5
AO25183,Tofiq,Yusifov,Orxan oğlu,M,NHXENXZ,NR6320871,HB254549,True,SV8419240,2001-06-11,25,Goranboy,Higher Military Education,2021,2025,Officer,Lieutenant,Operations Officer,False,Military Academy,General Military Academy,,,Sigma,1.19,1.19,1.19,0,,2022-09-04,2027-09-04,5,3
AO21436,Kamran,Əliov,Rövşən oğlu,M,3ZMTFG5,TS4378595,HB214003,False,,1998-12-25,27,Bakı,Higher Military Education,2017,2021,Officer,Senior Lieutenant,Operations Officer,False,Military Academy,General Military Academy,,,Sigma,5.2,5.2,2.2,1,2024-04-18,2025-01-17,2030-01-17,5,2
AO23681,Fuad,Şıxəliov,Elnur oğlu,M,Q4BYBXB,WF9273823,HB235723,True,SV3211055,2000-06-07,26,Şirvan,Higher Military Education,2019,2023,Officer,Lieutenant,Operations Officer,False,Military Academy,Military Aviation School,,,Sigma,2.95,2.95,2.95,0,,2023-07-19,2026-07-19,3,5
AO25376,Fərid,Xəlilov,Anar oğlu,M,BPBCC22,MZ9098775,HB259426,True,SV9208534,2004-10-06,21,İmişli,In-Service Officer Commissioning Program,2023,2025,Officer,Lieutenant,Operations Officer,False,Prior Enlisted (Gizir) Commission,,1.0,UAV Operator,Sigma,1.25,1.25,1.25,0,,2025-10-29,2030-10-29,5,2
AO22093,Ramin,Səfərov,Fuad oğlu,M,K9DZPAV,FJ7103015,HB229527,True,SV2523485,2000-04-23,26,Ağdam,Higher Military Education,2018,2022,Officer,Senior Lieutenant,Operations Officer,False,Military Academy,General Military Academy,,,Sigma,4.16,4.16,1.16,1,2025-05-03,2023-04-26,2028-04-26,5,2
AO23780,Fərid,Şıxəliov,Cavid oğlu,M,CJBZZET,YB3072949,HB231169,True,SV5074899,2002-02-03,24,Gəncə,In-Service Officer Commissioning Program,2021,2023,Officer,Lieutenant,Operations Officer,False,Prior Enlisted (Gizir) Commission,,1.52,UAV Operator,Sigma,2.52,2.52,2.52,0,,2025-02-22,2028-02-22,3,5
AO14671,Elnur,Rüstəmov,Sənan oğlu,M,QLZDFG6,JV5154845,HB140013,False,,1991-06-18,35,Yevlax,Higher Military Education,2010,2014,Officer,Major,Operations Officer,False,Military Academy,Military Aviation School,,,Sigma,12.24,4.04,1.04,1,2025-06-16,2018-11-13,2028-11-13,10,2
AO11537,Elvin,Nağıov,İlkin oğlu,M,SQGKRXT,XD0237064,HB119062,True,SV6035782,1989-04-22,37,Naxçıvan,Higher Military Education,2007,2011,Officer,Major,Operations Officer,False,Military Academy,General Military Academy,,,Sigma,14.61,5.82,2.82,1,2023-09-04,2025-08-02,2028-08-02,3,1
AO12140,Vüqar,Fərəcov,Tofiq oğlu,M,PV35X4W,UT6780517,HB128791,True,SV6515278,1990-01-06,36,Bərdə,Higher Military Education,2008,2012,Officer,Major,Operations Officer,False,Military Academy,General Military Academy,,,Sigma,13.97,5.04,2.04,1,2024-06-15,2023-07-04,2028-07-04,5,5
AO20080,Namiq,Vəliov,Kənan oğlu,M,E9NT8PY,ZM3179047,HB205515,True,SV9752663,1996-09-23,29,Lənkəran,Higher Military Education,2016,2020,Officer,Senior Lieutenant,Operations Officer,False,Military Academy,General Military Academy,,,Sigma,5.86,5.45,2.45,1,2024-01-18,2023-12-23,2026-12-23,3,5
AO19031,Vaqif,Tağıov,Sənan oğlu,M,DEYVLT5,DQ3642733,HB195188,True,SV0804466,1997-08-12,28,Mingəçevir,In-Service Officer Commissioning Program,2017,2019,Officer,Captain,Operations Officer,False,Prior Enlisted (Gizir) Commission,,3.69,UAV Operator,Sigma,7.37,5.18,2.18,1,2024-04-25,2017-07-11,2027-07-11,10,2
AO18862,Rövşən,Nəsirov,Emin oğlu,M,EU25J65,VD7065693,HB188413,False,,1996-04-09,30,Şirvan,Higher Military Education,2014,2018,Officer,Captain,Operations Officer,False,Military Academy,Military Aviation School,,,Sigma,7.55,5.62,2.62,1,2023-11-17,2023-12-19,2026-12-19,3,4
AO14110,Tural,Məmmədov,Orxan oğlu,M,NBWCWCZ,BK1615441,HB141218,True,SV2204421,1991-02-24,35,Zaqatala,Higher Military Education,2010,2014,Officer,Major,Operations Officer,False,Military Academy,Military Aviation School,,,Sigma,12.01,5.07,2.07,1,2024-06-04,2021-08-24,2026-08-24,5,2
AO23445,Fuad,Həsənov,Aqşin oğlu,M,RWRNBFY,QU2355012,HB235131,True,SV9937139,2001-01-19,25,Şirvan,Higher Military Education,2019,2023,Officer,Lieutenant,Flight Control Officer,False,Military Academy,General Military Academy,,,Sigma,2.62,1.65,1.65,0,,2026-06-09,2029-06-09,3,4
AO25358,Nərgiz,Hüseynova,Vüqar qızı,F,FNHP49L,MP9314853,HB258631,True,SV7150820,2003-02-26,23,Şirvan,Higher Military Education,2021,2025,Officer,Lieutenant,Flight Control Officer,False,Military Academy,Military Aviation School,,,Sigma,1.32,1.32,1.32,0,,2024-11-08,2034-11-08,10,4
AO13818,Rövşən,Hüseynov,Şahin oğlu,M,T76ZRS7,BW6885811,HB131792,True,SV9157476,1989-10-07,36,Lənkəran,Higher Civilian Education,2009,2013,Officer,Major,Flight Control Officer,False,Civilian Direct Commission,,,,Sigma,12.74,2.18,2.18,0,,2025-03-31,2030-03-31,5,4
AO23508,Sənan,Nağıov,Fərid oğlu,M,PLUQZRY,PR4914084,HB233104,False,,2000-01-05,26,Salyan,Higher Military Education,2019,2023,Officer,Lieutenant,Training & Standardization Officer,False,Military Academy,Military Aviation School,,,Sigma,2.84,2.22,2.22,0,,2024-12-11,2027-12-11,3,2
AO23410,Kamran,Rəhimov,Anar oğlu,M,WLF9XXA,JZ9641069,HB237343,True,SV5334505,2000-05-07,26,Quba,Higher Military Education,2019,2023,Officer,Lieutenant,Training & Standardization Officer,False,Military Academy,Military Aviation School,,,Sigma,2.62,2.62,2.62,0,,2024-07-07,2027-07-07,3,2
AO18024,Elnur,Rəhimov,Vaqif oğlu,M,7538YH4,LT7296268,HB180687,True,SV5003659,1995-10-08,30,Gəncə,Higher Civilian Education,2014,2018,Officer,Captain,Training & Standardization Officer,False,Civilian Direct Commission,,,,Sigma,7.51,2.44,2.44,0,,2026-05-21,2033-05-21,7,4
AO16212,Kamran,Musaov,Elvin oğlu,M,7QNCVZX,MQ4585448,HB168795,False,,1996-04-18,30,Mingəçevir,In-Service Officer Commissioning Program,2014,2016,Officer,Captain,Pilot-Operator,False,Prior Enlisted (Gizir) Commission,,3.77,UAV Operator,Sigma,9.73,4.55,1.55,1,2024-12-11,2023-10-18,2028-10-18,5,3
AO21707,Elvin,Yusifov,Rövşən oğlu,M,WX3MY6X,WU3734061,HB217590,False,,1997-02-23,29,Naxçıvan,Higher Military Education,2017,2021,Officer,Senior Lieutenant,Pilot-Operator,False,Military Academy,Military Aviation School,,,Sigma,5.36,1.19,1.19,0,,2024-04-07,2031-04-07,7,3
AO21034,Elşən,Quliyov,Zaur oğlu,M,4KWWETU,GK8819993,HB212525,True,SV0635394,1998-09-02,27,Qazax,Higher Military Education,2017,2021,Officer,Senior Lieutenant,Pilot-Operator,False,Military Academy,Military Aviation School,,,Sigma,5.46,3.62,0.62,1,2025-11-16,2024-07-11,2029-07-11,5,4
AO22645,Elşən,Musaov,Rəşad oğlu,M,H9STNM8,MG3836772,HB220268,True,SV0368880,2001-03-17,25,Şirvan,In-Service Officer Commissioning Program,2020,2022,Officer,Senior Lieutenant,Pilot-Operator,False,Prior Enlisted (Gizir) Commission,,2.73,UAV Operator,Sigma,4.48,4.06,1.06,1,2025-06-08,2023-11-06,2028-11-06,5,4
AO21263,Orxan,Əliov,Zaur oğlu,M,MNCKD4G,FE6247907,HB216694,True,SV3069188,1999-04-27,27,Şamaxı,Higher Military Education,2017,2021,Officer,Senior Lieutenant,Pilot-Operator,False,Military Academy,Military Aviation School,,,Sigma,4.78,4.78,1.78,1,2024-09-18,2025-04-26,2030-04-26,5,1
AO25112,Turanə,Səfərova,Tural qızı,F,V42AMHS,PU4895974,HB251581,False,,2004-04-24,22,Bərdə,In-Service Officer Commissioning Program,2023,2025,Officer,Lieutenant,Pilot-Operator,False,Prior Enlisted (Gizir) Commission,,1.0,UAV Operator,Sigma,1.27,1.27,1.27,0,,2024-09-18,2027-09-18,3,5
AO21878,Şahin,Quliyov,Elçin oğlu,M,LLZXTLU,ZV3761199,HB212823,False,,1997-10-29,28,Ağdam,Higher Civilian Education,2017,2021,Officer,Senior Lieutenant,Pilot-Operator,False,Civilian Direct Commission,,,,Sigma,5.16,3.69,0.69,1,2025-10-21,2022-03-09,2027-03-09,5,3
AO20873,Tofiq,Fərəcov,Vaqif oğlu,M,H8E6643,WB0302651,HB203168,True,SV3853594,2000-09-14,25,Xaçmaz,In-Service Officer Commissioning Program,2018,2020,Officer,Senior Lieutenant,Pilot-Operator,False,Prior Enlisted (Gizir) Commission,,3.8,UAV Operator,Sigma,5.78,4.2,1.2,1,2025-04-18,2023-04-19,2028-04-19,5,2
AO24366,Elnur,Tağıov,Fuad oğlu,M,AMSZFMG,ZN8158710,HB246352,True,SV1803030,2000-06-27,26,Sumqayıt,Higher Civilian Education,2020,2024,Officer,Lieutenant,Pilot-Operator,False,Civilian Direct Commission,,,,Sigma,2.21,2.21,2.21,0,,2023-07-26,2033-07-26,10,5
AO24140,Emin,Məmmədov,Kamran oğlu,M,2NYXFFM,MG9521150,HB246581,True,SV0887362,2001-10-16,24,Şirvan,Higher Civilian Education,2020,2024,Officer,Lieutenant,Pilot-Operator,False,Civilian Direct Commission,,,,Sigma,2.18,1.8,1.8,0,,2021-11-12,2031-11-12,10,4
AO17508,Vüsal,İbrahimov,Nicat oğlu,M,3Z7W887,HE5567897,HB172511,False,,1995-10-01,30,Bərdə,In-Service Officer Commissioning Program,2015,2017,Officer,Captain,Pilot-Operator,False,Prior Enlisted (Gizir) Commission,,3.61,UAV Operator,Sigma,9.31,5.8,2.8,1,2023-09-12,2025-02-15,2028-02-15,3,1
AO20321,Anar,Sultanov,İlkin oğlu,M,U6GTKPR,RT8282952,HB208912,True,SV8767148,1997-06-19,29,Bərdə,Higher Military Education,2016,2020,Officer,Senior Lieutenant,Pilot-Operator,False,Military Academy,Military Aviation School,,,Sigma,5.93,2.18,2.18,0,,2024-07-15,2027-07-15,3,4
AO18793,Ceyhun,Yusifov,Şahin oğlu,M,ZGY4E88,ND0691377,HB183861,True,SV1007486,1997-09-11,28,Zaqatala,In-Service Officer Commissioning Program,2016,2018,Officer,Captain,Pilot-Operator,False,Prior Enlisted (Gizir) Commission,,2.71,UAV Operator,Sigma,7.92,3.34,0.34,1,2026-02-26,2022-04-29,2029-04-29,7,5
AO25165,Sənan,Abbasov,Ruslan oğlu,M,MHT7373,VA0923057,HB252635,True,SV4389859,2002-06-24,24,Sumqayıt,Higher Military Education,2021,2025,Officer,Lieutenant,Pilot-Operator,False,Military Academy,General Military Academy,,,Sigma,1.14,1.14,1.14,0,,2021-06-12,2028-06-12,7,1
AO13943,Elvin,Musaov,Orxan oğlu,M,KRWZGVG,AK4250910,HB138093,True,SV1216744,1991-05-01,35,Mingəçevir,Higher Military Education,2009,2013,Officer,Major,Pilot-Operator,False,Military Academy,General Military Academy,,,Sigma,12.83,5.63,2.63,1,2023-11-13,2019-01-03,2029-01-03,10,1
AO25541,Rəşad,Əliov,Vüqar oğlu,M,ZQZX727,EQ7054356,HB258416,True,SV8871721,2003-09-24,22,Şamaxı,In-Service Officer Commissioning Program,2023,2025,Officer,Lieutenant,Pilot-Operator,False,Prior Enlisted (Gizir) Commission,,1.0,UAV Operator,Sigma,1.42,1.42,1.42,0,,2023-10-04,2026-10-04,3,1
AO17098,Fərid,Musaov,Elnur oğlu,M,EKE4UYM,ZT8076826,HB173830,True,SV1640091,1994-08-06,31,Quba,Higher Military Education,2013,2017,Officer,Captain,Pilot-Operator,False,Military Academy,General Military Academy,,,Sigma,8.65,1.7,1.7,0,,2026-06-16,2031-06-16,5,2
AO22788,Vüsal,Quliyov,Aqşin oğlu,M,A862A97,LJ1240507,HB221488,False,,1999-06-28,27,Ağdam,Higher Civilian Education,2018,2022,Officer,Senior Lieutenant,Pilot-Operator,False,Civilian Direct Commission,,,,Sigma,4.29,2.63,2.63,0,,2024-12-19,2029-12-19,5,4
AO24582,Səbinə,Hüseynova,Fərid qızı,F,J54XWHY,GF1694496,HB244616,True,SV8304693,2002-04-20,24,Ağdam,Higher Military Education,2020,2024,Officer,Lieutenant,Pilot-Operator,False,Military Academy,Military Aviation School,,,Sigma,1.74,1.63,1.63,0,,2023-03-31,2028-03-31,5,2
AO21338,Rəşad,Məmmədov,Tural oğlu,M,T23SBA7,VP1370155,HB214860,True,SV8641079,1997-10-09,28,Gəncə,Higher Military Education,2017,2021,Officer,Senior Lieutenant,Pilot-Operator,False,Military Academy,Military Aviation School,,,Sigma,5.04,1.68,1.68,0,,2021-11-16,2031-11-16,10,4
G21228,Nicat,Əliov,Elçin oğlu,M,HCB5MSJ,HV1705155,HB212947,True,SV4420101,2001-08-10,24,Şəki,Vocational/Technical College,2019,2021,Warrant Officer,Warrant Officer,UAV Operator,False,,,,,Sigma,4.72,3.54,0.54,1,2025-12-15,2025-12-26,2030-12-26,5,5
G23248,Zaur,Nəsirov,Cavid oğlu,M,6PEMCHE,WA0241960,HB238140,True,SV1444907,2002-04-24,24,Quba,Vocational/Technical College,2021,2023,Warrant Officer,Warrant Officer,UAV Operator,False,,,,,Sigma,3.38,3.38,0.38,1,2026-02-12,2023-06-02,2030-06-02,7,5
G17472,Kənan,Fərəcov,Elçin oğlu,M,5WJAH9C,UB6582889,HB170152,True,SV6966156,1997-05-20,29,Ağdam,Vocational/Technical College,2015,2017,Warrant Officer,Senior Warrant Officer,UAV Operator,False,,,,,Sigma,8.64,4.84,1.84,1,2024-08-27,2022-05-25,2027-05-25,5,4
G25334,Elnur,Hüseynov,Vüsal oğlu,M,R8RUH42,LF6552516,HB253263,False,,2004-03-10,22,Sumqayıt,Vocational/Technical College,2023,2025,Warrant Officer,Junior Warrant Officer,UAV Operator,False,,,,,Sigma,1.1,1.1,1.1,0,,2023-10-11,2026-10-11,3,3
G23853,Vüsal,Məmmədov,Nicat oğlu,M,BQ65DP4,RR6628959,HB234216,True,SV3765595,2003-01-17,23,Mingəçevir,Vocational/Technical College,2021,2023,Warrant Officer,Warrant Officer,UAV Operator,False,,,,,Sigma,3.12,3.12,0.12,1,2026-05-18,2021-11-16,2028-11-16,7,1
G24918,Tofiq,Yusifov,Murad oğlu,M,87S4597,XH1748359,HB246542,True,SV4540182,2004-05-29,22,Gəncə,Vocational/Technical College,2022,2024,Warrant Officer,Junior Warrant Officer,UAV Operator,False,,,,,Sigma,1.92,1.92,1.92,0,,2023-12-27,2026-12-27,3,4
G21956,Rövşən,İbrahimov,Murad oğlu,M,CVCWCF6,SQ7549173,HB210700,False,,2000-10-14,25,Xaçmaz,Vocational/Technical College,2019,2021,Warrant Officer,Warrant Officer,UAV Operator,False,,,,,Sigma,4.76,3.37,0.37,1,2026-02-15,2023-12-19,2026-12-19,3,1
G24754,İlkin,Həsənov,Murad oğlu,M,PMB6WFK,XS5331958,HB245092,True,SV6168972,2004-02-11,22,Yevlax,Vocational/Technical College,2022,2024,Warrant Officer,Junior Warrant Officer,UAV Operator,False,,,,,Sigma,1.85,1.85,1.85,0,,2026-02-23,2029-02-23,3,4
G13596,Ramin,Məmmədov,Nicat oğlu,M,SEQELNF,YP2625099,HB131671,True,SV2462049,1992-10-15,33,Goranboy,Vocational/Technical College,2011,2013,Warrant Officer,Senior Warrant Officer,UAV Operator,False,,,,,Sigma,12.94,2.24,2.24,0,,2024-08-27,2027-08-27,3,4
G22667,Cavid,Həsənov,Elvin oğlu,M,VCKG4U2,TJ7589871,HB227441,True,SV7839025,2001-11-26,24,Şirvan,Vocational/Technical College,2020,2022,Warrant Officer,Warrant Officer,UAV Operator,False,,,,,Sigma,4.29,4.29,1.29,1,2025-03-16,2023-06-27,2028-06-27,5,4
G22398,Kənan,Nəsirov,Namiq oğlu,M,RJVPW5Y,GU4847890,HB222671,True,SV7555059,2002-04-13,24,Bakı,Vocational/Technical College,2020,2022,Warrant Officer,Warrant Officer,UAV Operator,False,,,,,Sigma,3.55,3.55,0.55,1,2025-12-12,2025-12-30,2028-12-30,3,4
G23722,Cavid,Nəsirov,Ruslan oğlu,M,5DHLFNN,GL6696565,HB232976,True,SV5568359,2002-04-03,24,Gəncə,Vocational/Technical College,2021,2023,Warrant Officer,Warrant Officer,UAV Operator,False,,,,,Sigma,3.32,3.32,0.32,1,2026-03-06,2026-04-04,2029-04-04,3,1
G21555,Kənan,Musaov,Şahin oğlu,M,9H76BDR,LT2575342,HB217069,False,,2000-12-27,25,Mingəçevir,Vocational/Technical College,2019,2021,Warrant Officer,Senior Warrant Officer,UAV Operator,False,,,,,Sigma,5.26,1.67,1.67,0,,2025-08-06,2030-08-06,5,1
G23967,Aysel,Səfərova,Tural qızı,F,AWU3K9J,BY9629864,HB236508,True,SV3418938,2002-01-10,24,Xaçmaz,Vocational/Technical College,2021,2023,Warrant Officer,Warrant Officer,UAV Operator,False,,,,,Sigma,3.44,2.3,2.3,0,,2026-04-29,2029-04-29,3,4
G21563,Kənan,Kərimov,Fərid oğlu,M,8GSVPH3,GK3167321,HB216176,True,SV6390948,2000-12-11,25,Şirvan,Vocational/Technical College,2019,2021,Warrant Officer,Warrant Officer,UAV Operator,False,,,,,Sigma,4.87,4.87,1.87,1,2024-08-16,2022-08-02,2027-08-02,5,2
G13345,Elçin,Səfərov,Sənan oğlu,M,RN2VNDF,TC3959553,HB132828,True,SV7904537,1993-05-12,33,İmişli,Vocational/Technical College,2011,2013,Warrant Officer,Senior Warrant Officer,UAV Operator,False,,,,,Sigma,12.83,1.91,1.91,0,,2024-03-27,2029-03-27,5,2
G24895,Nicat,Abbasov,Ceyhun oğlu,M,3A3Q9PJ,DV0790527,HB241945,True,SV2353705,2003-10-14,22,Naxçıvan,Vocational/Technical College,2022,2024,Warrant Officer,Junior Warrant Officer,UAV Operator,False,,,,,Sigma,2.32,1.4,1.4,0,,2022-02-01,2027-02-01,5,3
G21379,Emin,Musaov,Elçin oğlu,M,2S6M28B,SL3363118,HB211245,True,SV9174767,1999-03-25,27,Xaçmaz,Vocational/Technical College,2019,2021,Warrant Officer,Senior Warrant Officer,UAV Operator,False,,,,,Sigma,5.3,5.3,2.3,1,2024-03-12,2026-02-12,2029-02-12,3,5
G17341,Kənan,Rüstəmov,Vüsal oğlu,M,HKWZRA5,PK1047608,HB172233,True,SV3203606,1996-05-29,30,Lənkəran,Vocational/Technical College,2015,2017,Warrant Officer,Senior Warrant Officer,UAV Operator,False,,,,,Sigma,8.62,5.92,2.92,1,2023-07-30,2021-12-26,2026-12-26,5,3
G10878,Fərid,Vəliov,Aqşin oğlu,M,HKB7YWD,BW4550492,HB108885,True,SV6320588,1988-09-08,37,Sumqayıt,Vocational/Technical College,2008,2010,Warrant Officer,Senior Warrant Officer,UAV Operator,False,,,,,Sigma,16.37,3.52,0.52,1,2025-12-23,2024-08-16,2027-08-16,3,4
G22691,Tofiq,Məmmədov,Sənan oğlu,M,W7ZLWDT,ZN2536595,HB222677,True,SV8753947,2001-01-22,25,Xaçmaz,Vocational/Technical College,2020,2022,Warrant Officer,Warrant Officer,Technical Staff,False,,,,,Sigma,4.23,2.09,2.09,0,,2023-09-26,2028-09-26,5,1
G23878,İlkin,Əliov,Orxan oğlu,M,59T8YFE,EP2452711,HB236998,True,SV5091821,2002-07-30,23,Salyan,Vocational/Technical College,2021,2023,Warrant Officer,Warrant Officer,Technical Staff,False,,,,,Sigma,3.37,3.25,0.25,1,2026-03-31,2025-05-14,2028-05-14,3,1
G23264,Zaur,Əliov,Rəşad oğlu,M,AH6AYNP,CX5665843,HB233427,True,SV0237292,2001-10-09,24,İmişli,Vocational/Technical College,2021,2023,Warrant Officer,Warrant Officer,Technical Staff,False,,,,,Sigma,3.3,3.3,0.3,1,2026-03-13,2026-01-21,2029-01-21,3,3
G09033,Kənan,Yusifov,Tural oğlu,M,3J32TEL,KZ3600794,HB093696,True,SV9082373,1988-02-02,38,Sumqayıt,Vocational/Technical College,2007,2009,Warrant Officer,Senior Warrant Officer,Technical Staff,False,,,,,Sigma,16.55,4.25,1.25,1,2025-03-31,2026-01-24,2031-01-24,5,3
G22782,Rövşən,Musaov,Cavid oğlu,M,JC6NM5Y,SX9904338,HB222169,False,,2002-07-01,23,Quba,Vocational/Technical College,2020,2022,Warrant Officer,Warrant Officer,Technical Staff,False,,,,,Sigma,3.96,3.96,0.96,1,2025-07-15,2021-08-20,2026-08-20,5,5
G10254,Cavid,İbrahimov,Cavid oğlu,M,TKETUVF,QU5555615,HB106594,True,SV6700843,1989-09-30,36,Sumqayıt,Vocational/Technical College,2008,2010,Warrant Officer,Senior Warrant Officer,Technical Staff,False,,,,,Sigma,15.81,3.61,0.61,1,2025-11-20,2024-03-05,2027-03-05,3,5
G22028,Orxan,Məmmədov,Elnur oğlu,M,PY9Q8ST,WK3087959,HB224795,False,,2002-01-18,24,Zaqatala,Vocational/Technical College,2020,2022,Warrant Officer,Warrant Officer,Technical Staff,False,,,,,Sigma,3.54,2.89,2.89,0,,2025-04-26,2030-04-26,5,3
G21049,Namiq,Cəfərov,Elçin oğlu,M,CZRNFCT,VR1074121,HB215492,True,SV4500798,2001-02-22,25,Tovuz,Vocational/Technical College,2019,2021,Warrant Officer,Warrant Officer,Technical Staff,False,,,,,Sigma,4.68,2.57,2.57,0,,2023-04-11,2030-04-11,7,3
G23282,Şahin,Abbasov,Zaur oğlu,M,4L2E5E5,JV7070398,HB232620,True,SV9421841,2001-06-22,25,Naxçıvan,Vocational/Technical College,2021,2023,Warrant Officer,Warrant Officer,Technical Staff,False,,,,,Sigma,3.19,1.53,1.53,0,,2023-02-01,2028-02-01,5,5
G25308,Orxan,Əliov,Şahin oğlu,M,S84FYYH,DL3997340,HB251816,True,SV5690596,2003-10-14,22,Zaqatala,Vocational/Technical College,2023,2025,Warrant Officer,Junior Warrant Officer,Technical Staff,False,,,,,Sigma,1.49,1.49,1.49,0,,2024-07-15,2031-07-15,7,1
G22471,Vaqif,Qaraov,Tural oğlu,M,ZH43BUG,AB4309279,HB220853,True,SV5753281,2000-08-05,25,Bərdə,Vocational/Technical College,2020,2022,Warrant Officer,Warrant Officer,Technical Staff,False,,,,,Sigma,3.94,3.94,0.94,1,2025-07-22,2025-03-20,2028-03-20,3,5
G23592,Səbinə,Tağıova,Elnur qızı,F,VJRD4CV,TY9235277,HB239793,True,SV3176460,2002-02-06,24,Şamaxı,Vocational/Technical College,2021,2023,Warrant Officer,Warrant Officer,Technical Staff,False,,,,,Sigma,3.46,3.46,0.46,1,2026-01-13,2022-03-02,2027-03-02,5,2
G25920,Kənan,Yusifov,Vaqif oğlu,M,4L7PB59,LT4527225,HB259003,True,SV3183999,2003-05-28,23,Şamaxı,Vocational/Technical College,2023,2025,Warrant Officer,Junior Warrant Officer,Technical Staff,False,,,,,Sigma,1.15,1.15,1.15,0,,2024-04-22,2029-04-22,5,4
G24364,Ceyhun,Cəfərov,Ramin oğlu,M,YNQLC8F,PT0099306,HB249761,True,SV0912994,2002-11-05,23,Salyan,Vocational/Technical College,2022,2024,Warrant Officer,Junior Warrant Officer,Technical Staff,False,,,,,Sigma,1.82,1.82,1.82,0,,2026-05-03,2029-05-03,3,4
G22982,Elçin,Kərimov,Nicat oğlu,M,XBYFAYM,FV9601001,HB226116,True,SV3758014,2002-03-28,24,Gəncə,Vocational/Technical College,2020,2022,Warrant Officer,Warrant Officer,Technical Staff,False,,,,,Sigma,4.07,4.07,1.07,1,2025-06-05,2025-07-04,2028-07-04,3,1
G23461,İlkin,Abbasov,Tofiq oğlu,M,XUQ6LQB,WC4115037,HB235186,True,SV6968092,2002-11-17,23,Yevlax,Vocational/Technical College,2021,2023,Warrant Officer,Junior Warrant Officer,Technical Staff,False,,,,,Sigma,2.98,2.69,2.69,0,,2019-12-27,2026-12-27,7,2
G18512,Rəşad,Fərəcov,Elvin oğlu,M,JEBGBV9,GB2602686,HB185679,True,SV5379630,1996-03-31,30,Goranboy,Vocational/Technical College,2016,2018,Warrant Officer,Senior Warrant Officer,Technical Staff,False,,,,,Sigma,8.31,4.86,1.86,1,2024-08-20,2024-06-04,2027-06-04,3,1
G23291,Tofiq,Məmmədov,Elvin oğlu,M,NP74BTY,MB6242679,HB236784,True,SV5259320,2003-05-12,23,Xaçmaz,Vocational/Technical College,2021,2023,Warrant Officer,Warrant Officer,Technical Staff,False,,,,,Sigma,3.07,3.04,0.04,1,2026-06-16,2021-10-18,2026-10-18,5,4
G23231,Kamran,İbrahimov,Tofiq oğlu,M,MAR9LEN,GM2566572,HB233820,True,SV3007568,2002-07-03,23,Gəncə,Vocational/Technical College,2021,2023,Warrant Officer,Warrant Officer,Technical Staff,False,,,,,Sigma,3.24,3.24,0.24,1,2026-04-04,2025-07-08,2028-07-08,3,3
G22347,Ruslan,Tağıov,Ramin oğlu,M,HE6CNHE,YG6994795,HB220958,False,,2002-02-09,24,Zaqatala,Vocational/Technical College,2020,2022,Warrant Officer,Warrant Officer,Technical Staff,False,,,,,Sigma,3.9,3.9,0.9,1,2025-08-06,2022-08-10,2029-08-10,7,3
G23588,Kənan,Fərəcov,Cavid oğlu,M,KNH4P3F,AS4312986,HB234391,True,SV9188270,2001-04-24,25,Şəki,Vocational/Technical College,2021,2023,Warrant Officer,Warrant Officer,Technical Service,False,,,,,Sigma,3.47,3.47,0.47,1,2026-01-10,2024-09-18,2027-09-18,3,4
G09565,Kamran,Musaov,Orxan oğlu,M,M73S7ZX,PL7523505,HB099974,True,SV7647050,1988-03-23,38,Gəncə,Vocational/Technical College,2007,2009,Warrant Officer,Senior Warrant Officer,Technical Service,False,,,,,Sigma,16.87,1.84,1.84,0,,2023-06-16,2028-06-16,5,3
G21906,Orxan,İbrahimov,Emin oğlu,M,9VE7RFS,HX8691740,HB214246,True,SV2219919,2000-02-22,26,Gəncə,Vocational/Technical College,2019,2021,Warrant Officer,Warrant Officer,Technical Service,False,,,,,Sigma,4.52,3.39,0.39,1,2026-02-08,2022-12-30,2027-12-30,5,3
G22712,Elnur,Qaraov,Ceyhun oğlu,M,ZSDP8MV,EA1600209,HB227198,True,SV2174818,2002-03-28,24,Lənkəran,Vocational/Technical College,2020,2022,Warrant Officer,Warrant Officer,Technical Service,False,,,,,Sigma,4.08,2.39,2.39,0,,2021-12-01,2028-12-01,7,3
G23902,Cavid,Həsənov,Fərid oğlu,M,6PNA9BY,QY4435627,HB233030,True,SV6906890,2002-01-19,24,Şamaxı,Vocational/Technical College,2021,2023,Warrant Officer,Warrant Officer,Technical Service,False,,,,,Sigma,3.01,1.21,1.21,0,,2025-11-05,2030-11-05,5,4
G18430,Vüsal,Yusifov,Rəşad oğlu,M,8AH8TJV,KD0894004,HB189057,False,,1996-07-07,29,Ağdam,Vocational/Technical College,2016,2018,Warrant Officer,Senior Warrant Officer,Technical Service,False,,,,,Sigma,8.25,1.2,1.2,0,,2022-06-05,2029-06-05,7,4
G23276,Rövşən,Sultanov,Ceyhun oğlu,M,EU3MBU2,UH0931377,HB237411,True,SV3361183,2002-05-25,24,Ağdam,Vocational/Technical College,2021,2023,Warrant Officer,Warrant Officer,Technical Service,False,,,,,Sigma,3.18,3.18,0.18,1,2026-04-26,2023-10-26,2030-10-26,7,1
G17879,Elnur,Musaov,Ceyhun oğlu,M,4LWYJEX,WR9549967,HB170266,False,,1997-02-24,29,Mingəçevir,Vocational/Technical College,2015,2017,Warrant Officer,Senior Warrant Officer,Technical Service,False,,,,,Sigma,9.17,5.84,2.84,1,2023-08-28,2024-02-20,2027-02-20,3,2
G22590,Sənan,Fərəcov,Rövşən oğlu,M,JGLHE89,YZ1305222,HB226776,False,,2001-05-03,25,Lənkəran,Vocational/Technical College,2020,2022,Warrant Officer,Warrant Officer,Technical Service,False,,,,,Sigma,3.71,3.71,0.71,1,2025-10-14,2023-03-17,2028-03-17,5,1
G23898,Elvin,Rüstəmov,Elşən oğlu,M,9J52NYX,MV4779799,HB238159,True,SV1945923,2003-04-16,23,Yevlax,Vocational/Technical College,2021,2023,Warrant Officer,Warrant Officer,Technical Service,False,,,,,Sigma,3.05,3.05,0.05,1,2026-06-12,2022-10-18,2029-10-18,7,5
G23419,Orxan,Quliyov,Kamran oğlu,M,LMT7U77,YH0375395,HB237768,True,SV8182491,2002-09-10,23,Tovuz,Vocational/Technical College,2021,2023,Warrant Officer,Warrant Officer,Technical Service,False,,,,,Sigma,3.04,3.04,0.04,1,2026-06-16,2021-12-19,2026-12-19,5,5
G25872,Tural,Kərimov,Sənan oğlu,M,8WUH684,HH3705272,HB250326,False,,2003-03-19,23,Bakı,Vocational/Technical College,2023,2025,Warrant Officer,Junior Warrant Officer,Technical Service,False,,,,,Sigma,1.31,1.31,1.31,0,,2023-09-12,2026-09-12,3,1
G18131,Ceyhun,Abbasov,Kamran oğlu,M,EDMTC7J,DJ9284972,HB186814,False,,1997-06-27,29,Xaçmaz,Vocational/Technical College,2016,2018,Warrant Officer,Senior Warrant Officer,Repair Specialist,False,,,,,Sigma,7.94,4.43,1.43,1,2025-01-24,2023-09-04,2026-09-04,3,1
G24109,Elvin,Musaov,Elçin oğlu,M,S364HQQ,PK3141960,HB247132,True,SV7889093,2004-05-08,22,Salyan,Vocational/Technical College,2022,2024,Warrant Officer,Junior Warrant Officer,Repair Specialist,False,,,,,Sigma,1.92,1.92,1.92,0,,2020-05-28,2027-05-28,7,1
G25531,Elnur,Qaraov,Orxan oğlu,M,KLX8DAK,ZS1975609,HB250934,False,,2005-02-25,21,Şəki,Vocational/Technical College,2023,2025,Warrant Officer,Junior Warrant Officer,Repair Specialist,False,,,,,Sigma,1.27,1.27,1.27,0,,2023-02-01,2028-02-01,5,1
G18619,Kamran,Rüstəmov,Ceyhun oğlu,M,ZVFZ53M,TZ3862216,HB180819,True,SV4615603,1998-01-15,28,Xaçmaz,Vocational/Technical College,2016,2018,Warrant Officer,Senior Warrant Officer,Repair Specialist,False,,,,,Sigma,8.06,4.11,1.11,1,2025-05-21,2026-01-13,2029-01-13,3,2
G17402,Elşən,Yusifov,Tural oğlu,M,RCB9BFV,UC5183041,HB172202,True,SV6992966,1995-06-11,31,Naxçıvan,Vocational/Technical College,2015,2017,Warrant Officer,Senior Warrant Officer,Repair Specialist,False,,,,,Sigma,9.49,2.13,2.13,0,,2025-03-20,2028-03-20,3,1
G25356,Aytac,Sultanova,Ramin qızı,F,TJNGQJE,ZZ9911701,HB253593,True,SV2156718,2003-06-10,23,Naxçıvan,Vocational/Technical College,2023,2025,Warrant Officer,Junior Warrant Officer,Repair Specialist,False,,,,,Sigma,1.13,1.13,1.13,0,,2023-05-07,2028-05-07,5,2
G23270,Fərid,Hacıov,Vüsal oğlu,M,MBN4WZ5,FW1037280,HB235224,True,SV2531518,2002-01-03,24,Sumqayıt,Vocational/Technical College,2021,2023,Warrant Officer,Warrant Officer,Repair Specialist,False,,,,,Sigma,3.02,2.77,2.77,0,,2025-12-12,2028-12-12,3,2
G22986,Röya,Kərimova,Rövşən qızı,F,H4RMCZ3,BH5796347,HB224242,True,SV5934090,2000-07-29,25,Goranboy,Vocational/Technical College,2020,2022,Warrant Officer,Warrant Officer,Repair Specialist,False,,,,,Sigma,4.37,1.87,1.87,0,,2023-12-16,2028-12-16,5,5
