person_id,year,age_group,pullups_count,run_3km_minutes,pullup_score,run_score,fitness_score,result
AO07216,2024,4,4,14.63,34.0,98.7,66.4,Pass
AO07216,2025,5,6,12.35,48.6,100.0,74.3,Pass
AO07216,2026,5,12,13.94,87.1,100.0,93.6,Pass
AO12605,2021,2,8,15.91,52.4,75.9,64.2,Pass
AO12605,2022,2,7,12.08,47.1,100.0,73.6,Pass
AO12605,2023,3,11,15.58,71.9,84.2,78.1,Pass
AO12605,2024,3,13,13.66,83.1,100.0,91.6,Pass
AO12605,2025,3,8,16.76,55.0,72.4,63.7,Pass
AO12605,2026,3,21,15.78,100.0,82.2,91.1,Pass
AO17018,2021,1,13,14.99,75.0,80.1,77.6,Pass
AO17018,2022,2,11,14.04,68.2,94.6,81.4,Pass
AO17018,2023,2,11,13.54,68.2,99.6,83.9,Pass
AO17018,2024,2,13,14.26,78.8,92.4,85.6,Pass
AO17018,2025,2,12,16.54,73.5,69.6,71.6,Pass
AO17018,2026,2,12,14.9,73.5,86.0,79.8,Pass
G22139,2021,1,19,16.19,100.0,68.1,84.1,Pass
G22139,2022,1,12,14.8,70.0,82.0,76.0,Pass
G22139,2023,1,18,14.59,100.0,84.1,92.1,Pass
G22139,2024,1,16,16.19,90.0,68.1,79.1,Pass
G22139,2025,1,15,14.57,85.0,84.3,84.7,Pass
G22139,2026,1,16,15.14,90.0,78.6,84.3,Pass
AO16543,2021,2,15,11.39,89.4,100.0,94.7,Pass
AO16543,2022,2,7,13.45,47.1,100.0,73.6,Pass
AO16543,2023,2,11,14.41,68.2,90.9,79.6,Pass
AO16543,2024,3,14,11.93,88.8,100.0,94.4,Pass
AO16543,2025,3,10,13.74,66.2,100.0,83.1,Pass
AO16543,2026,3,21,11.41,100.0,100.0,100.0,Pass
AO22963,2021,1,14,14.24,80.0,87.6,83.8,Pass
AO22963,2022,1,17,13.48,95.0,95.2,95.1,Pass
AO22963,2023,1,14,13.85,80.0,91.5,85.8,Pass
AO22963,2024,1,14,13.45,80.0,95.5,87.8,Pass
AO22963,2025,2,16,11.89,94.7,100.0,97.4,Pass
AO22963,2026,2,13,15.17,78.8,83.3,81.1,Pass
AO19391,2023,2,13,13.46,78.8,100.0,89.4,Pass
AO19391,2024,2,10,13.37,62.9,100.0,81.5,Pass
AO19391,2025,2,13,14.2,78.8,93.0,85.9,Pass
AO19391,2026,2,15,14.59,89.4,89.1,89.3,Pass
AO18976,2023,2,17,12.87,100.0,100.0,100.0,Pass
AO18976,2024,2,19,15.54,100.0,79.6,89.8,Pass
AO18976,2025,2,15,11.26,89.4,100.0,94.7,Pass
AO18976,2026,2,16,10.0,94.7,100.0,97.4,Pass
AO13357,2021,3,11,9.0,71.9,100.0,86.0,Pass
AO13357,2022,3,10,14.76,66.2,92.4,79.3,Pass
AO13357,2023,3,10,13.19,66.2,100.0,83.1,Pass
AO13357,2024,3,10,10.09,66.2,100.0,83.1,Pass
AO13357,2025,3,11,13.05,71.9,100.0,86.0,Pass
AO13357,2026,4,13,16.81,88.0,76.9,82.5,Pass
AO23290,2023,1,17,10.91,95.0,100.0,97.5,Pass
AO23290,2024,1,9,13.01,55.0,99.9,77.5,Pass
AO23290,2025,1,15,12.14,85.0,100.0,92.5,Pass
AO23290,2026,1,11,13.08,65.0,99.2,82.1,Pass
AO16547,2024,2,7,13.61,47.1,98.9,73.0,Pass
AO16547,2025,3,8,13.49,55.0,100.0,77.5,Pass
AO16547,2026,3,8,14.27,55.0,97.3,76.2,Pass
AO13497,2021,3,8,10.29,55.0,100.0,77.5,Pass
AO13497,2022,3,9,15.55,60.6,84.5,72.6,Pass
AO13497,2023,3,10,12.15,66.2,100.0,83.1,Pass
AO13497,2024,3,11,15.56,71.9,84.4,78.2,Pass
AO13497,2025,3,5,11.67,38.1,100.0,69.1,Pass
AO13497,2026,4,7,12.36,52.0,100.0,76.0,Pass
AO17259,2021,2,14,12.02,84.1,100.0,92.1,Pass
AO17259,2022,2,11,15.0,68.2,85.0,76.6,Pass
AO17259,2023,2,11,14.31,68.2,91.9,80.1,Pass
AO17259,2024,2,6,12.94,41.8,100.0,70.9,Pass
AO17259,2025,3,5,12.3,38.1,100.0,69.1,Pass
AO17259,2026,3,5,13.76,38.1,100.0,69.1,Pass
AO21304,2021,1,12,14.08,70.0,89.2,79.6,Pass
AO21304,2022,1,18,17.34,100.0,56.6,78.3,Pass
AO21304,2023,1,14,10.88,80.0,100.0,90.0,Pass
AO21304,2024,1,18,13.15,100.0,98.5,99.3,Pass
AO21304,2025,2,17,11.45,100.0,100.0,100.0,Pass
AO21304,2026,2,13,13.66,78.8,98.4,88.6,Pass
AO24033,2024,1,9,15.02,55.0,79.8,67.4,Pass
AO24033,2025,1,17,13.53,95.0,94.7,94.9,Pass
AO24033,2026,1,10,11.85,60.0,100.0,80.0,Pass
AO25712,2024,1,15,12.39,85.0,100.0,92.5,Pass
AO25712,2025,1,14,14.06,80.0,89.4,84.7,Pass
AO25712,2026,1,13,12.88,75.0,100.0,87.5,Pass
AO21586,2021,1,19,12.0,100.0,100.0,100.0,Pass
AO21586,2022,1,14,12.51,80.0,100.0,90.0,Pass
AO21586,2023,1,15,12.52,85.0,100.0,92.5,Pass
AO21586,2024,1,9,12.3,55.0,100.0,77.5,Pass
AO21586,2025,1,12,14.82,70.0,81.8,75.9,Pass
AO21586,2026,1,14,13.39,80.0,96.1,88.1,Pass
AO24023,2024,1,12,12.88,70.0,100.0,85.0,Pass
AO24023,2025,1,8,10.62,50.0,100.0,75.0,Pass
AO24023,2026,1,8,11.39,50.0,100.0,75.0,Pass
AO21458,2023,2,9,13.65,57.6,98.5,78.1,Pass
AO21458,2024,2,22,12.71,100.0,100.0,100.0,Pass
AO21458,2025,2,6,13.43,41.8,100.0,70.9,Pass
AO21458,2026,2,10,14.59,62.9,89.1,76.0,Pass
AO18524,2022,1,13,11.58,75.0,100.0,87.5,Pass
AO18524,2023,2,15,13.47,89.4,100.0,94.7,Pass
AO18524,2024,2,12,12.96,73.5,100.0,86.8,Pass
AO18524,2025,2,21,13.68,100.0,98.2,99.1,Pass
AO18524,2026,2,13,13.9,78.8,96.0,87.4,Pass
AO12328,2021,3,8,14.1,55.0,99.0,77.0,Pass
AO12328,2022,3,10,17.03,66.2,69.7,68.0,Pass
AO12328,2023,3,8,16.39,55.0,76.1,65.6,Pass
AO12328,2024,3,9,12.49,60.6,100.0,80.3,Pass
AO12328,2025,4,12,14.31,82.0,100.0,91.0,Pass
AO12328,2026,4,11,15.01,76.0,94.9,85.5,Pass
AO16636,2021,2,7,14.58,47.1,89.2,68.2,Pass
AO16636,2022,2,10,15.08,62.9,84.2,73.6,Pass
AO16636,2023,2,7,13.25,47.1,100.0,73.6,Pass
AO16636,2024,3,4,11.77,32.5,100.0,66.3,Pass
AO16636,2025,3,10,14.05,66.2,99.5,82.9,Pass
AO16636,2026,3,7,13.31,49.4,100.0,74.7,Pass
AO25389,2024,1,12,15.4,70.0,76.0,73.0,Pass
AO25389,2025,1,15,13.38,85.0,96.2,90.6,Pass
AO25389,2026,1,9,12.61,55.0,100.0,77.5,Pass
AO25228,2024,1,17,15.78,95.0,72.2,83.6,Pass
AO25228,2025,1,15,14.96,85.0,80.4,82.7,Pass
AO25228,2026,1,13,10.67,75.0,100.0,87.5,Pass
AO18688,2024,2,10,12.03,62.9,100.0,81.5,Pass
AO18688,2025,2,5,14.7,36.5,88.0,62.3,Pass
AO18688,2026,3,11,15.85,71.9,81.5,76.7,Pass
AO20164,2021,1,15,15.0,85.0,80.0,82.5,Pass
AO20164,2022,1,12,10.71,70.0,100.0,85.0,Pass
AO20164,2023,1,15,12.66,85.0,100.0,92.5,Pass
AO20164,2024,2,8,11.41,52.4,100.0,76.2,Pass
AO20164,2025,2,19,13.96,100.0,95.4,97.7,Pass
AO20164,2026,2,14,14.05,84.1,94.5,89.3,Pass
AO25328,2024,1,18,11.43,100.0,100.0,100.0,Pass
AO25328,2025,1,14,10.71,80.0,100.0,90.0,Pass
AO25328,2026,1,15,10.58,85.0,100.0,92.5,Pass
AO24416,2023,1,17,14.8,95.0,82.0,88.5,Pass
AO24416,2024,1,15,11.59,85.0,100.0,92.5,Pass
AO24416,2025,1,15,13.65,85.0,93.5,89.3,Pass
AO24416,2026,1,15,12.11,85.0,100.0,92.5,Pass
AO22646,2021,1,13,14.49,75.0,85.1,80.1,Pass
AO22646,2022,1,13,12.05,75.0,100.0,87.5,Pass
AO22646,2023,1,9,16.36,55.0,66.4,60.7,Pass
AO22646,2024,1,17,16.92,95.0,60.8,77.9,Pass
AO22646,2025,1,17,14.32,95.0,86.8,90.9,Pass
AO22646,2026,2,13,14.42,78.8,90.8,84.8,Pass
AO22701,2023,1,9,14.5,55.0,85.0,70.0,Pass
AO22701,2024,2,11,13.04,68.2,100.0,84.1,Pass
AO22701,2025,2,17,12.16,100.0,100.0,100.0,Pass
AO22701,2026,2,13,12.71,78.8,100.0,89.4,Pass
AO24250,2023,1,13,12.12,75.0,100.0,87.5,Pass
AO24250,2024,1,14,14.02,80.0,89.8,84.9,Pass
AO24250,2025,1,19,14.08,100.0,89.2,94.6,Pass
AO24250,2026,1,14,12.22,80.0,100.0,90.0,Pass
AO22585,2021,1,8,14.87,50.0,81.3,65.7,Pass
AO22585,2022,1,17,12.77,95.0,100.0,97.5,Pass
AO22585,2023,1,14,10.29,80.0,100.0,90.0,Pass
AO22585,2024,1,10,14.11,60.0,88.9,74.5,Pass
AO22585,2025,1,11,12.41,65.0,100.0,82.5,Pass
AO22585,2026,2,15,13.2,89.4,100.0,94.7,Pass
AO12461,2021,2,12,15.55,73.5,79.5,76.5,Pass
AO12461,2022,3,14,14.68,88.8,93.2,91.0,Pass
AO12461,2023,3,14,14.28,88.8,97.2,93.0,Pass
AO12461,2024,3,8,15.12,55.0,88.8,71.9,Pass
AO12461,2025,3,13,16.25,83.1,77.5,80.3,Pass
AO12461,2026,3,5,13.04,38.1,100.0,69.1,Pass
AO19336,2021,1,9,15.1,55.0,79.0,67.0,Pass
AO19336,2022,1,9,11.24,55.0,100.0,77.5,Pass
AO19336,2023,2,13,16.82,78.8,66.8,72.8,Pass
AO19336,2024,2,15,10.94,89.4,100.0,94.7,Pass
AO19336,2025,2,13,14.75,78.8,87.5,83.2,Pass
AO19336,2026,2,12,14.21,73.5,92.9,83.2,Pass
AO17172,2023,2,18,14.18,100.0,93.2,96.6,Pass
AO17172,2024,2,10,14.75,62.9,87.5,75.2,Pass
AO17172,2025,2,13,13.57,78.8,99.3,89.1,Pass
AO17172,2026,3,9,12.5,60.6,100.0,80.3,Pass
AO22921,2021,1,15,12.65,85.0,100.0,92.5,Pass
AO22921,2022,1,11,11.72,65.0,100.0,82.5,Pass
AO22921,2023,1,9,14.32,55.0,86.8,70.9,Pass
AO22921,2024,1,10,12.25,60.0,100.0,80.0,Pass
AO22921,2025,2,8,10.55,52.4,100.0,76.2,Pass
AO22921,2026,2,9,13.04,57.6,100.0,78.8,Pass
AO20473,2021,1,8,11.49,50.0,100.0,75.0,Pass
AO20473,2022,1,15,14.03,85.0,89.7,87.4,Pass
AO20473,2023,1,8,13.24,50.0,97.6,73.8,Pass
AO20473,2024,1,10,14.57,60.0,84.3,72.2,Pass
AO20473,2025,2,11,11.98,68.2,100.0,84.1,Pass
AO20473,2026,2,9,13.04,57.6,100.0,78.8,Pass
AO24361,2024,1,13,15.01,75.0,79.9,77.5,Pass
AO24361,2025,1,11,12.22,65.0,100.0,82.5,Pass
AO24361,2026,1,15,14.07,85.0,89.3,87.2,Pass
AO11628,2022,3,9,12.1,60.6,100.0,80.3,Pass
AO11628,2023,3,9,14.48,60.6,95.2,77.9,Pass
AO11628,2024,4,16,13.13,100.0,100.0,100.0,Pass
AO11628,2025,4,8,15.01,58.0,94.9,76.5,Pass
AO11628,2026,4,11,13.19,76.0,100.0,88.0,Pass
AO21607,2021,1,13,13.55,75.0,94.5,84.8,Pass
AO21607,2022,1,19,10.88,100.0,100.0,100.0,Pass
AO21607,2023,2,13,13.53,78.8,99.7,89.3,Pass
AO21607,2024,2,17,13.22,100.0,100.0,100.0,Pass
AO21607,2025,2,18,13.42,100.0,100.0,100.0,Pass
AO21607,2026,2,19,11.31,100.0,100.0,100.0,Pass
AO17445,2024,2,8,12.88,52.4,100.0,76.2,Pass
AO17445,2025,3,9,13.03,60.6,100.0,80.3,Pass
AO17445,2026,3,11,14.08,71.9,99.2,85.6,Pass
AO22937,2024,1,12,13.34,70.0,96.6,83.3,Pass
AO22937,2025,2,17,14.33,100.0,91.7,95.9,Pass
AO22937,2026,2,16,13.92,94.7,95.8,95.3,Pass
AO23491,2023,1,14,11.93,80.0,100.0,90.0,Pass
AO23491,2024,1,13,11.54,75.0,100.0,87.5,Pass
AO23491,2025,1,15,14.62,85.0,83.8,84.4,Pass
AO23491,2026,1,11,10.91,65.0,100.0,82.5,Pass
AO18742,2023,2,13,15.45,78.8,80.5,79.7,Pass
AO18742,2024,2,12,11.9,73.5,100.0,86.8,Pass
AO18742,2025,2,4,14.62,31.2,88.8,60.0,Pass
AO18742,2026,2,12,14.38,73.5,91.2,82.4,Pass
AO15635,2021,2,7,13.92,47.1,95.8,71.5,Pass
AO15635,2022,2,11,14.41,68.2,90.9,79.6,Pass
AO15635,2023,3,10,13.41,66.2,100.0,83.1,Pass
AO15635,2024,3,9,15.27,60.6,87.3,74.0,Pass
AO15635,2025,3,7,10.87,49.4,100.0,74.7,Pass
AO15635,2026,3,9,14.03,60.6,99.7,80.2,Pass
G23402,2024,1,12,15.72,70.0,72.8,71.4,Pass
G23402,2025,1,16,10.53,90.0,100.0,95.0,Pass
G23402,2026,1,13,13.41,75.0,95.9,85.5,Pass
G19017,2021,1,22,12.75,100.0,100.0,100.0,Pass
G19017,2022,1,20,13.96,100.0,90.4,95.2,Pass
G19017,2023,1,22,14.26,100.0,87.4,93.7,Pass
G19017,2024,2,16,15.38,94.7,81.2,88.0,Pass
G19017,2025,2,16,13.79,94.7,97.1,95.9,Pass
G19017,2026,2,20,13.42,100.0,100.0,100.0,Pass
G22746,2024,1,9,12.92,55.0,100.0,77.5,Pass
G22746,2025,1,14,10.97,80.0,100.0,90.0,Pass
G22746,2026,1,16,13.88,90.0,91.2,90.6,Pass
G23357,2023,1,14,13.81,80.0,91.9,86.0,Pass
G23357,2024,1,15,10.39,85.0,100.0,92.5,Pass
G23357,2025,1,13,14.2,75.0,88.0,81.5,Pass
G23357,2026,1,15,15.36,85.0,76.4,80.7,Pass
G18673,2023,1,23,12.55,100.0,100.0,100.0,Pass
G18673,2024,2,20,12.62,100.0,100.0,100.0,Pass
G18673,2025,2,22,11.46,100.0,100.0,100.0,Pass
G18673,2026,2,20,11.71,100.0,100.0,100.0,Pass
G11740,2021,3,24,13.66,100.0,100.0,100.0,Pass
G11740,2022,3,17,10.87,100.0,100.0,100.0,Pass
G11740,2023,3,21,13.06,100.0,100.0,100.0,Pass
G11740,2024,3,24,13.73,100.0,100.0,100.0,Pass
G11740,2025,3,20,14.03,100.0,99.7,99.9,Pass
G11740,2026,4,25,13.23,100.0,100.0,100.0,Pass
G23944,2022,1,15,14.85,85.0,81.5,83.3,Pass
G23944,2023,1,14,12.41,80.0,100.0,90.0,Pass
G23944,2024,1,18,11.55,100.0,100.0,100.0,Pass
G23944,2025,1,19,15.62,100.0,73.8,86.9,Pass
G23944,2026,1,22,14.72,100.0,82.8,91.4,Pass
G22677,2023,1,18,13.95,100.0,90.5,95.3,Pass
G22677,2024,1,17,13.14,95.0,98.6,96.8,Pass
G22677,2025,1,20,16.53,100.0,64.7,82.4,Pass
G22677,2026,2,16,14.44,94.7,90.6,92.7,Pass
G25596,2024,1,11,12.69,65.0,100.0,82.5,Pass
G25596,2025,1,10,12.41,60.0,100.0,80.0,Pass
G25596,2026,1,15,13.46,85.0,95.4,90.2,Pass
G23288,2023,1,13,15.47,75.0,75.3,75.2,Pass
G23288,2024,1,13,13.97,75.0,90.3,82.7,Pass
G23288,2025,1,12,15.52,70.0,74.8,72.4,Pass
G23288,2026,1,17,15.82,95.0,71.8,83.4,Pass
G25878,2024,1,11,13.36,65.0,96.4,80.7,Pass
G25878,2025,1,16,12.76,90.0,100.0,95.0,Pass
G25878,2026,1,13,14.11,75.0,88.9,82.0,Pass
G25956,2024,1,15,15.87,85.0,71.3,78.2,Pass
G25956,2025,1,7,15.9,45.0,71.0,58.0,Fail
G25956,2026,1,16,16.65,90.0,63.5,76.8,Pass
G22091,2024,1,20,11.89,100.0,100.0,100.0,Pass
G22091,2025,1,19,13.96,100.0,90.4,95.2,Pass
G22091,2026,1,26,12.08,100.0,100.0,100.0,Pass
G18716,2021,1,20,13.77,100.0,92.3,96.2,Pass
G18716,2022,1,22,13.25,100.0,97.5,98.8,Pass
G18716,2023,2,19,11.94,100.0,100.0,100.0,Pass
G18716,2024,2,16,14.62,94.7,88.8,91.8,Pass
G18716,2025,2,19,14.42,100.0,90.8,95.4,Pass
G18716,2026,2,22,14.72,100.0,87.8,93.9,Pass
G22153,2022,1,17,13.52,95.0,94.8,94.9,Pass
G22153,2023,1,16,13.52,90.0,94.8,92.4,Pass
G22153,2024,1,19,15.46,100.0,75.4,87.7,Pass
G22153,2025,1,17,14.67,95.0,83.3,89.2,Pass
G22153,2026,1,10,14.97,60.0,80.3,70.2,Pass
G11488,2021,3,25,13.03,100.0,100.0,100.0,Pass
G11488,2022,3,23,9.0,100.0,100.0,100.0,Pass
G11488,2023,3,20,12.14,100.0,100.0,100.0,Pass
G11488,2024,3,25,12.36,100.0,100.0,100.0,Pass
G11488,2025,3,26,12.68,100.0,100.0,100.0,Pass
G11488,2026,4,30,13.44,100.0,100.0,100.0,Pass
G24197,2024,1,18,15.69,100.0,73.1,86.6,Pass
G24197,2025,1,10,17.62,60.0,53.8,56.9,Fail
G24197,2026,1,15,17.07,85.0,59.3,72.2,Pass
G17139,2023,2,18,9.0,100.0,100.0,100.0,Pass
G17139,2024,2,21,11.54,100.0,100.0,100.0,Pass
G17139,2025,2,22,15.24,100.0,82.6,91.3,Pass
G17139,2026,2,29,12.95,100.0,100.0,100.0,Pass
G22314,2022,1,15,10.83,85.0,100.0,92.5,Pass
G22314,2023,1,14,13.51,80.0,94.9,87.5,Pass
G22314,2024,1,19,13.21,100.0,97.9,99.0,Pass
G22314,2025,1,18,10.46,100.0,100.0,100.0,Pass
G22314,2026,1,17,14.85,95.0,81.5,88.3,Pass
G23423,2023,1,8,14.97,50.0,80.3,65.2,Pass
G23423,2024,1,15,12.82,85.0,100.0,92.5,Pass
G23423,2025,1,17,14.24,95.0,87.6,91.3,Pass
G23423,2026,1,14,14.14,80.0,88.6,84.3,Pass
G13885,2023,2,20,13.67,100.0,98.3,99.2,Pass
G13885,2024,3,17,11.84,100.0,100.0,100.0,Pass
G13885,2025,3,23,12.59,100.0,100.0,100.0,Pass
G13885,2026,3,23,11.39,100.0,100.0,100.0,Pass
G08643,2021,3,18,13.79,100.0,100.0,100.0,Pass
G08643,2022,3,24,11.24,100.0,100.0,100.0,Pass
G08643,2023,3,22,13.93,100.0,100.0,100.0,Pass
G08643,2024,4,24,12.28,100.0,100.0,100.0,Pass
G08643,2025,4,22,11.11,100.0,100.0,100.0,Pass
G08643,2026,4,25,13.82,100.0,100.0,100.0,Pass
G08693,2024,3,28,15.26,100.0,87.4,93.7,Pass
G08693,2025,4,24,12.42,100.0,100.0,100.0,Pass
G08693,2026,4,18,12.39,100.0,100.0,100.0,Pass
G23673,2023,1,14,13.98,80.0,90.2,85.1,Pass
G23673,2024,1,16,12.42,90.0,100.0,95.0,Pass
G23673,2025,1,21,12.43,100.0,100.0,100.0,Pass
G23673,2026,1,15,11.7,85.0,100.0,92.5,Pass
G24293,2024,1,16,16.91,90.0,60.9,75.5,Pass
G24293,2025,1,15,12.74,85.0,100.0,92.5,Pass
G24293,2026,1,16,14.98,90.0,80.2,85.1,Pass
G23445,2023,1,14,16.54,80.0,64.6,72.3,Pass
G23445,2024,1,10,15.9,60.0,71.0,65.5,Pass
G23445,2025,1,16,15.37,90.0,76.3,83.2,Pass
G23445,2026,1,9,11.95,55.0,100.0,77.5,Pass
G21944,2021,1,16,13.67,90.0,93.3,91.7,Pass
G21944,2022,1,20,12.17,100.0,100.0,100.0,Pass
G21944,2023,1,15,12.9,85.0,100.0,92.5,Pass
G21944,2024,1,15,13.39,85.0,96.1,90.6,Pass
G21944,2025,1,15,13.07,85.0,99.3,92.2,Pass
G21944,2026,1,16,13.62,90.0,93.8,91.9,Pass
G22075,2021,1,13,12.4,75.0,100.0,87.5,Pass
G22075,2022,1,21,15.26,100.0,77.4,88.7,Pass
G22075,2023,1,20,13.97,100.0,90.3,95.2,Pass
G22075,2024,1,11,12.84,65.0,100.0,82.5,Pass
G22075,2025,1,17,12.65,95.0,100.0,97.5,Pass
G22075,2026,1,18,11.82,100.0,100.0,100.0,Pass
G23253,2023,1,10,14.03,60.0,89.7,74.9,Pass
G23253,2024,1,14,15.96,80.0,70.4,75.2,Pass
G23253,2025,1,11,16.81,65.0,61.9,63.5,Pass
G23253,2026,1,3,15.24,25.0,77.6,51.3,Fail
G22963,2021,1,16,16.23,90.0,67.7,78.9,Pass
G22963,2022,1,15,13.01,85.0,99.9,92.5,Pass
G22963,2023,1,13,13.57,75.0,94.3,84.7,Pass
G22963,2024,1,16,14.36,90.0,86.4,88.2,Pass
G22963,2025,1,20,14.25,100.0,87.5,93.8,Pass
G22963,2026,1,14,14.16,80.0,88.4,84.2,Pass
G22206,2022,1,14,15.1,80.0,79.0,79.5,Pass
G22206,2023,1,23,13.59,100.0,94.1,97.1,Pass
G22206,2024,1,17,11.72,95.0,100.0,97.5,Pass
G22206,2025,1,18,15.24,100.0,77.6,88.8,Pass
G22206,2026,1,20,12.93,100.0,100.0,100.0,Pass
G23305,2023,1,9,15.37,55.0,76.3,65.7,Pass
G23305,2024,1,14,13.93,80.0,90.7,85.4,Pass
G23305,2025,1,19,12.97,100.0,100.0,100.0,Pass
G23305,2026,1,14,16.81,80.0,61.9,71.0,Pass
G24645,2023,1,13,15.68,75.0,73.2,74.1,Pass
G24645,2024,1,14,15.95,80.0,70.5,75.3,Pass
G24645,2025,1,14,14.65,80.0,83.5,81.8,Pass
G24645,2026,1,21,14.43,100.0,85.7,92.9,Pass
G25276,2024,1,12,12.6,70.0,100.0,85.0,Pass
G25276,2025,1,9,16.24,55.0,67.6,61.3,Pass
G25276,2026,1,10,16.21,60.0,67.9,64.0,Pass
G24726,2024,1,18,16.14,100.0,68.6,84.3,Pass
G24726,2025,1,18,15.68,100.0,73.2,86.6,Pass
G24726,2026,1,14,13.91,80.0,90.9,85.5,Pass
G22585,2021,1,16,15.67,90.0,73.3,81.7,Pass
G22585,2022,1,15,12.51,85.0,100.0,92.5,Pass
G22585,2023,1,17,12.69,95.0,100.0,97.5,Pass
G22585,2024,1,20,16.05,100.0,69.5,84.8,Pass
G22585,2025,1,24,10.79,100.0,100.0,100.0,Pass
G22585,2026,1,20,14.15,100.0,88.5,94.3,Pass
G18574,2021,1,26,13.03,100.0,99.7,99.9,Pass
G18574,2022,1,21,11.9,100.0,100.0,100.0,Pass
G18574,2023,2,24,13.65,100.0,98.5,99.3,Pass
G18574,2024,2,23,13.95,100.0,95.5,97.8,Pass
G18574,2025,2,18,15.38,100.0,81.2,90.6,Pass
G18574,2026,2,17,14.06,100.0,94.4,97.2,Pass
G24803,2024,1,10,14.16,60.0,88.4,74.2,Pass
G24803,2025,1,12,13.71,70.0,92.9,81.5,Pass
G24803,2026,1,11,17.67,65.0,53.3,59.2,Fail
G24422,2024,1,12,15.67,70.0,73.3,71.7,Pass
G24422,2025,1,13,18.24,75.0,47.6,61.3,Pass
G24422,2026,1,15,17.09,85.0,59.1,72.1,Pass
G24379,2024,1,18,16.24,100.0,67.6,83.8,Pass
G24379,2025,1,15,15.87,85.0,71.3,78.2,Pass
G24379,2026,1,12,12.93,70.0,100.0,85.0,Pass
G20209,2021,1,18,13.28,100.0,97.2,98.6,Pass
G20209,2022,1,13,12.59,75.0,100.0,87.5,Pass
G20209,2023,1,18,13.31,100.0,96.9,98.5,Pass
G20209,2024,1,22,13.3,100.0,97.0,98.5,Pass
G20209,2025,1,17,14.14,95.0,88.6,91.8,Pass
G20209,2026,2,17,12.3,100.0,100.0,100.0,Pass
G23995,2023,1,9,13.04,55.0,99.6,77.3,Pass
G23995,2024,1,11,14.18,65.0,88.2,76.6,Pass
G23995,2025,1,16,15.61,90.0,73.9,82.0,Pass
G23995,2026,1,10,15.51,60.0,74.9,67.5,Pass
G15195,2021,2,21,15.48,100.0,80.2,90.1,Pass
G15195,2022,2,17,11.85,100.0,100.0,100.0,Pass
G15195,2023,2,29,14.12,100.0,93.8,96.9,Pass
G15195,2024,2,21,13.67,100.0,98.3,99.2,Pass
G15195,2025,2,23,14.39,100.0,91.1,95.6,Pass
G15195,2026,3,19,11.19,100.0,100.0,100.0,Pass
G10686,2023,3,20,13.79,100.0,100.0,100.0,Pass
G10686,2024,3,19,13.51,100.0,100.0,100.0,Pass
G10686,2025,4,26,13.81,100.0,100.0,100.0,Pass
G10686,2026,4,20,15.7,100.0,88.0,94.0,Pass
G11957,2024,3,25,13.53,100.0,100.0,100.0,Pass
G11957,2025,3,24,12.83,100.0,100.0,100.0,Pass
G11957,2026,3,23,14.73,100.0,92.7,96.4,Pass
G17797,2024,2,18,13.22,100.0,100.0,100.0,Pass
G17797,2025,2,21,16.62,100.0,68.8,84.4,Pass
G17797,2026,3,20,14.12,100.0,98.8,99.4,Pass
G19538,2024,2,20,14.55,100.0,89.5,94.8,Pass
G19538,2025,2,18,15.94,100.0,75.6,87.8,Pass
G19538,2026,2,17,12.17,100.0,100.0,100.0,Pass
G24344,2023,1,13,16.82,75.0,61.8,68.4,Pass
G24344,2024,1,11,17.05,65.0,59.5,62.3,Pass
G24344,2025,1,17,15.76,95.0,72.4,83.7,Pass
G24344,2026,1,9,17.6,55.0,54.0,54.5,Fail
G22249,2022,1,11,12.04,65.0,100.0,82.5,Pass
G22249,2023,1,14,17.59,80.0,54.1,67.1,Pass
G22249,2024,1,13,12.89,75.0,100.0,87.5,Pass
G22249,2025,1,19,15.95,100.0,70.5,85.3,Pass
G22249,2026,1,14,14.14,80.0,88.6,84.3,Pass
G22769,2023,1,13,9.47,75.0,100.0,87.5,Pass
G22769,2024,1,15,15.2,85.0,78.0,81.5,Pass
G22769,2025,1,25,15.93,100.0,70.7,85.4,Pass
G22769,2026,1,13,16.32,75.0,66.8,70.9,Pass
G08859,2021,3,27,11.26,100.0,100.0,100.0,Pass
G08859,2022,3,21,12.53,100.0,100.0,100.0,Pass
G08859,2023,3,21,13.36,100.0,100.0,100.0,Pass
G08859,2024,4,24,13.26,100.0,100.0,100.0,Pass
G08859,2025,4,24,12.0,100.0,100.0,100.0,Pass
G08859,2026,4,24,9.0,100.0,100.0,100.0,Pass
G22733,2024,1,14,15.85,80.0,71.5,75.8,Pass
G22733,2025,1,22,17.54,100.0,54.6,77.3,Pass
G22733,2026,1,16,12.11,90.0,100.0,95.0,Pass
G11223,2021,2,16,13.23,94.7,100.0,97.4,Pass
G11223,2022,3,27,11.87,100.0,100.0,100.0,Pass
G11223,2023,3,25,12.16,100.0,100.0,100.0,Pass
G11223,2024,3,25,11.33,100.0,100.0,100.0,Pass
G11223,2025,3,29,11.74,100.0,100.0,100.0,Pass
G11223,2026,3,24,15.79,100.0,82.1,91.1,Pass
G13364,2024,3,25,12.26,100.0,100.0,100.0,Pass
G13364,2025,3,21,12.8,100.0,100.0,100.0,Pass
G13364,2026,3,25,12.7,100.0,100.0,100.0,Pass
G25102,2024,1,7,16.83,45.0,61.7,53.4,Fail
G25102,2025,1,12,14.82,70.0,81.8,75.9,Pass
G25102,2026,1,18,14.65,100.0,83.5,91.8,Pass
G13541,2024,3,22,10.36,100.0,100.0,100.0,Pass
G13541,2025,3,20,10.26,100.0,100.0,100.0,Pass
G13541,2026,3,23,12.29,100.0,100.0,100.0,Pass
G23338,2022,1,15,15.85,85.0,71.5,78.3,Pass
G23338,2023,1,15,13.16,85.0,98.4,91.7,Pass
G23338,2024,1,16,14.95,90.0,80.5,85.3,Pass
G23338,2025,1,13,12.34,75.0,100.0,87.5,Pass
G23338,2026,1,18,15.25,100.0,77.5,88.8,Pass
G21587,2021,1,13,16.21,75.0,67.9,71.5,Pass
G21587,2022,1,13,17.21,75.0,57.9,66.5,Pass
G21587,2023,1,15,14.56,85.0,84.4,84.7,Pass
G21587,2024,1,17,14.17,95.0,88.3,91.7,Pass
G21587,2025,1,17,15.04,95.0,79.6,87.3,Pass
G21587,2026,1,19,15.55,100.0,74.5,87.3,Pass
G08482,2021,3,18,12.59,100.0,100.0,100.0,Pass
G08482,2022,3,21,13.73,100.0,100.0,100.0,Pass
G08482,2023,4,29,13.73,100.0,100.0,100.0,Pass
G08482,2024,4,26,11.34,100.0,100.0,100.0,Pass
G08482,2025,4,24,12.62,100.0,100.0,100.0,Pass
G08482,2026,4,18,14.35,100.0,100.0,100.0,Pass
G25255,2024,1,9,13.82,55.0,91.8,73.4,Pass
G25255,2025,1,14,15.46,80.0,75.4,77.7,Pass
G25255,2026,1,13,15.19,75.0,78.1,76.6,Pass
AO97199,2021,5,3,13.16,29.3,100.0,64.7,Pass
AO97199,2022,5,0,12.17,10.0,100.0,55.0,Fail
AO97199,2023,5,1,15.24,16.4,97.6,57.0,Fail
AO97199,2024,5,2,15.61,22.9,93.9,58.4,Fail
AO97199,2025,5,4,15.94,35.7,90.6,63.2,Pass
AO97199,2026,5,7,12.77,55.0,100.0,77.5,Pass
AO16486,2022,2,13,13.85,78.8,96.5,87.7,Pass
AO16486,2023,2,17,15.22,100.0,82.8,91.4,Pass
AO16486,2024,3,12,16.15,77.5,78.5,78.0,Pass
AO16486,2025,3,12,12.52,77.5,100.0,88.8,Pass
AO16486,2026,3,14,16.3,88.8,77.0,82.9,Pass
AO12560,2022,3,11,17.66,71.9,63.4,67.7,Pass
AO12560,2023,3,15,14.19,94.4,98.1,96.3,Pass
AO12560,2024,3,10,11.82,66.2,100.0,83.1,Pass
AO12560,2025,3,5,13.3,38.1,100.0,69.1,Pass
AO12560,2026,4,14,13.06,94.0,100.0,97.0,Pass
G15848,2023,2,22,13.45,100.0,100.0,100.0,Pass
G15848,2024,2,25,12.03,100.0,100.0,100.0,Pass
G15848,2025,3,22,12.56,100.0,100.0,100.0,Pass
G15848,2026,3,25,12.35,100.0,100.0,100.0,Pass
AO13826,2021,2,13,15.76,78.8,77.4,78.1,Pass
AO13826,2022,3,16,14.06,100.0,99.4,99.7,Pass
AO13826,2023,3,11,12.2,71.9,100.0,86.0,Pass
AO13826,2024,3,6,15.39,43.8,86.1,65.0,Pass
AO13826,2025,3,12,16.37,77.5,76.3,76.9,Pass
AO13826,2026,3,13,13.43,83.1,100.0,91.6,Pass
AO21460,2022,1,13,10.96,75.0,100.0,87.5,Pass
AO21460,2023,1,11,11.03,65.0,100.0,82.5,Pass
AO21460,2024,2,14,15.98,84.1,75.2,79.7,Pass
AO21460,2025,2,6,10.06,41.8,100.0,70.9,Pass
AO21460,2026,2,11,11.15,68.2,100.0,84.1,Pass
AO18804,2024,2,14,12.77,84.1,100.0,92.1,Pass
AO18804,2025,2,19,18.93,100.0,45.7,72.9,Pass
AO18804,2026,2,12,14.65,73.5,88.5,81.0,Pass
AO17999,2024,2,6,13.32,41.8,100.0,70.9,Pass
AO17999,2025,2,9,16.04,57.6,74.6,66.1,Pass
AO17999,2026,3,16,16.71,100.0,72.9,86.5,Pass
AO21945,2023,1,14,14.73,80.0,82.7,81.4,Pass
AO21945,2024,1,9,13.9,55.0,91.0,73.0,Pass
AO21945,2025,2,6,11.14,41.8,100.0,70.9,Pass
AO21945,2026,2,9,12.15,57.6,100.0,78.8,Pass
AO22715,2021,1,14,10.16,80.0,100.0,90.0,Pass
AO22715,2022,1,9,16.69,55.0,63.1,59.1,Fail
AO22715,2023,1,10,15.28,60.0,77.2,68.6,Pass
AO22715,2024,1,14,9.67,80.0,100.0,90.0,Pass
AO22715,2025,2,10,13.69,62.9,98.1,80.5,Pass
AO22715,2026,2,14,10.98,84.1,100.0,92.1,Pass
AO16664,2024,3,13,11.83,83.1,100.0,91.6,Pass
AO16664,2025,3,11,15.12,71.9,88.8,80.4,Pass
AO16664,2026,3,9,17.03,60.6,69.7,65.2,Pass
AO24322,2023,1,18,12.14,100.0,100.0,100.0,Pass
AO24322,2024,1,18,12.26,100.0,100.0,100.0,Pass
AO24322,2025,1,15,11.92,85.0,100.0,92.5,Pass
AO24322,2026,2,19,12.77,100.0,100.0,100.0,Pass
AO24715,2023,1,16,14.32,90.0,86.8,88.4,Pass
AO24715,2024,1,14,13.8,80.0,92.0,86.0,Pass
AO24715,2025,1,12,12.51,70.0,100.0,85.0,Pass
AO24715,2026,1,15,9.99,85.0,100.0,92.5,Pass
AO16557,2021,1,14,14.62,80.0,83.8,81.9,Pass
AO16557,2022,2,12,15.13,73.5,83.7,78.6,Pass
AO16557,2023,2,11,13.09,68.2,100.0,84.1,Pass
AO16557,2024,2,12,14.85,73.5,86.5,80.0,Pass
AO16557,2025,2,10,12.46,62.9,100.0,81.5,Pass
AO16557,2026,2,15,14.07,89.4,94.3,91.9,Pass
AO20423,2022,1,18,14.9,100.0,81.0,90.5,Pass
AO20423,2023,2,6,13.21,41.8,100.0,70.9,Pass
AO20423,2024,2,17,13.27,100.0,100.0,100.0,Pass
AO20423,2025,2,16,15.16,94.7,83.4,89.1,Pass
AO20423,2026,2,13,12.39,78.8,100.0,89.4,Pass
AO15870,2022,2,15,13.42,89.4,100.0,94.7,Pass
AO15870,2023,2,14,12.78,84.1,100.0,92.1,Pass
AO15870,2024,3,4,13.54,32.5,100.0,66.3,Pass
AO15870,2025,3,9,16.51,60.6,74.9,67.8,Pass
AO15870,2026,3,8,12.61,55.0,100.0,77.5,Pass
AO17162,2021,2,8,11.97,52.4,100.0,76.2,Pass
AO17162,2022,2,14,13.3,84.1,100.0,92.1,Pass
AO17162,2023,2,8,13.91,52.4,95.9,74.2,Pass
AO17162,2024,2,10,11.39,62.9,100.0,81.5,Pass
AO17162,2025,3,10,13.38,66.2,100.0,83.1,Pass
AO17162,2026,3,12,13.73,77.5,100.0,88.8,Pass
AO24225,2024,1,17,13.16,95.0,98.4,96.7,Pass
AO24225,2025,1,15,14.17,85.0,88.3,86.7,Pass
AO24225,2026,1,19,15.56,100.0,74.4,87.2,Pass
AO24481,2024,1,14,14.69,80.0,83.1,81.6,Pass
AO24481,2025,1,15,11.41,85.0,100.0,92.5,Pass
AO24481,2026,1,20,11.99,100.0,100.0,100.0,Pass
AO12508,2023,3,4,12.46,32.5,100.0,66.3,Pass
AO12508,2024,3,4,16.12,32.5,78.8,55.7,Fail
AO12508,2025,3,7,16.5,49.4,75.0,62.2,Pass
AO12508,2026,4,3,13.52,28.0,100.0,64.0,Pass
AO23007,2023,1,19,13.81,100.0,91.9,96.0,Pass
AO23007,2024,1,17,13.11,95.0,98.9,97.0,Pass
AO23007,2025,1,16,14.06,90.0,89.4,89.7,Pass
AO23007,2026,1,22,17.0,100.0,60.0,80.0,Pass
AO21316,2021,1,11,13.58,65.0,94.2,79.6,Pass
AO21316,2022,1,12,14.83,70.0,81.7,75.9,Pass
AO21316,2023,1,15,16.19,85.0,68.1,76.6,Pass
AO21316,2024,1,10,11.65,60.0,100.0,80.0,Pass
AO21316,2025,1,12,13.76,70.0,92.4,81.2,Pass
AO21316,2026,2,7,11.3,47.1,100.0,73.6,Pass
AO21906,2021,1,21,12.81,100.0,100.0,100.0,Pass
AO21906,2022,1,19,12.71,100.0,100.0,100.0,Pass
AO21906,2023,1,17,12.03,95.0,100.0,97.5,Pass
AO21906,2024,2,10,14.85,62.9,86.5,74.7,Pass
AO21906,2025,2,15,11.66,89.4,100.0,94.7,Pass
AO21906,2026,2,12,14.82,73.5,86.8,80.2,Pass
AO24203,2023,1,13,12.18,75.0,100.0,87.5,Pass
AO24203,2024,1,17,12.99,95.0,100.0,97.5,Pass
AO24203,2025,1,17,10.98,95.0,100.0,97.5,Pass
AO24203,2026,1,13,13.88,75.0,91.2,83.1,Pass
AO20690,2024,1,17,15.87,95.0,71.3,83.2,Pass
AO20690,2025,1,13,13.13,75.0,98.7,86.9,Pass
AO20690,2026,2,13,9.0,78.8,100.0,89.4,Pass
AO19316,2021,1,12,12.18,70.0,100.0,85.0,Pass
AO19316,2022,1,13,14.36,75.0,86.4,80.7,Pass
AO19316,2023,1,13,14.35,75.0,86.5,80.8,Pass
AO19316,2024,1,13,15.07,75.0,79.3,77.2,Pass
AO19316,2025,2,10,13.02,62.9,100.0,81.5,Pass
AO19316,2026,2,12,14.13,73.5,93.7,83.6,Pass
AO20211,2022,1,20,11.4,100.0,100.0,100.0,Pass
AO20211,2023,1,12,15.56,70.0,74.4,72.2,Pass
AO20211,2024,1,11,11.63,65.0,100.0,82.5,Pass
AO20211,2025,1,14,13.36,80.0,96.4,88.2,Pass
AO20211,2026,1,17,13.86,95.0,91.4,93.2,Pass
AO14299,2021,2,14,15.27,84.1,82.3,83.2,Pass
AO14299,2022,3,14,11.98,88.8,100.0,94.4,Pass
AO14299,2023,3,14,16.99,88.8,70.1,79.5,Pass
AO14299,2024,3,13,14.62,83.1,93.8,88.5,Pass
AO14299,2025,3,11,13.85,71.9,100.0,86.0,Pass
AO14299,2026,3,10,11.37,66.2,100.0,83.1,Pass
AO23728,2023,1,20,12.9,100.0,100.0,100.0,Pass
AO23728,2024,1,19,11.37,100.0,100.0,100.0,Pass
AO23728,2025,1,17,13.35,95.0,96.5,95.8,Pass
AO23728,2026,1,15,12.63,85.0,100.0,92.5,Pass
AO22709,2024,1,10,10.87,60.0,100.0,80.0,Pass
AO22709,2025,1,18,13.1,100.0,99.0,99.5,Pass
AO22709,2026,2,17,13.34,100.0,100.0,100.0,Pass
AO18592,2021,2,10,17.66,62.9,58.4,60.7,Pass
AO18592,2022,2,9,15.07,57.6,84.3,71.0,Pass
AO18592,2023,2,10,14.68,62.9,88.2,75.6,Pass
AO18592,2024,2,6,12.33,41.8,100.0,70.9,Pass
AO18592,2025,3,8,14.66,55.0,93.4,74.2,Pass
AO18592,2026,3,8,13.93,55.0,100.0,77.5,Pass
AO18652,2024,2,12,15.14,73.5,83.6,78.6,Pass
AO18652,2025,2,10,13.28,62.9,100.0,81.5,Pass
AO18652,2026,3,13,13.33,83.1,100.0,91.6,Pass
AO24038,2024,1,17,14.52,95.0,84.8,89.9,Pass
AO24038,2025,1,15,13.28,85.0,97.2,91.1,Pass
AO24038,2026,1,17,12.25,95.0,100.0,97.5,Pass
AO23051,2023,1,11,11.31,65.0,100.0,82.5,Pass
AO23051,2024,1,10,13.82,60.0,91.8,75.9,Pass
AO23051,2025,1,17,14.22,95.0,87.8,91.4,Pass
AO23051,2026,2,17,12.9,100.0,100.0,100.0,Pass
AO25210,2024,1,21,12.09,100.0,100.0,100.0,Pass
AO25210,2025,1,13,9.05,75.0,100.0,87.5,Pass
AO25210,2026,1,15,11.47,85.0,100.0,92.5,Pass
AO25050,2024,1,18,10.03,100.0,100.0,100.0,Pass
AO25050,2025,1,18,13.18,100.0,98.2,99.1,Pass
AO25050,2026,1,16,12.23,90.0,100.0,95.0,Pass
AO24602,2024,1,22,12.5,100.0,100.0,100.0,Pass
AO24602,2025,1,16,15.95,90.0,70.5,80.3,Pass
AO24602,2026,1,14,12.57,80.0,100.0,90.0,Pass
AO23001,2023,1,20,14.58,100.0,84.2,92.1,Pass
AO23001,2024,1,16,9.72,90.0,100.0,95.0,Pass
AO23001,2025,1,19,14.37,100.0,86.3,93.2,Pass
AO23001,2026,1,13,13.47,75.0,95.3,85.2,Pass
AO16430,2021,1,14,13.2,80.0,98.0,89.0,Pass
AO16430,2022,2,14,11.84,84.1,100.0,92.1,Pass
AO16430,2023,2,12,15.25,73.5,82.5,78.0,Pass
AO16430,2024,2,14,11.49,84.1,100.0,92.1,Pass
AO16430,2025,2,8,15.26,52.4,82.4,67.4,Pass
AO16430,2026,2,18,16.05,100.0,74.5,87.3,Pass
AO23143,2023,1,15,10.41,85.0,100.0,92.5,Pass
AO23143,2024,1,15,14.49,85.0,85.1,85.1,Pass
AO23143,2025,1,17,12.79,95.0,100.0,97.5,Pass
AO23143,2026,1,11,12.95,65.0,100.0,82.5,Pass
AO24756,2023,1,2,13.55,20.0,94.5,57.3,Fail
AO24756,2024,1,12,13.99,70.0,90.1,80.1,Pass
AO24756,2025,1,14,14.82,80.0,81.8,80.9,Pass
AO24756,2026,1,11,10.85,65.0,100.0,82.5,Pass
AO12366,2021,2,18,14.34,100.0,91.6,95.8,Pass
AO12366,2022,3,10,16.55,66.2,74.5,70.4,Pass
AO12366,2023,3,13,14.45,83.1,95.5,89.3,Pass
AO12366,2024,3,8,14.36,55.0,96.4,75.7,Pass
AO12366,2025,3,7,14.91,49.4,90.9,70.2,Pass
AO12366,2026,3,9,12.73,60.6,100.0,80.3,Pass
AO24395,2023,1,18,11.07,100.0,100.0,100.0,Pass
AO24395,2024,1,16,10.45,90.0,100.0,95.0,Pass
AO24395,2025,1,23,14.28,100.0,87.2,93.6,Pass
AO24395,2026,1,17,11.6,95.0,100.0,97.5,Pass
AO23430,2023,1,16,12.49,90.0,100.0,95.0,Pass
AO23430,2024,1,15,15.01,85.0,79.9,82.5,Pass
AO23430,2025,1,21,12.18,100.0,100.0,100.0,Pass
AO23430,2026,1,11,12.56,65.0,100.0,82.5,Pass
AO24998,2024,1,20,16.41,100.0,65.9,83.0,Pass
AO24998,2025,1,17,13.23,95.0,97.7,96.4,Pass
AO24998,2026,1,11,11.48,65.0,100.0,82.5,Pass
G22440,2022,1,13,13.31,75.0,96.9,86.0,Pass
G22440,2023,1,16,16.19,90.0,68.1,79.1,Pass
G22440,2024,1,18,15.15,100.0,78.5,89.3,Pass
G22440,2025,1,15,14.3,85.0,87.0,86.0,Pass
G22440,2026,1,18,14.05,100.0,89.5,94.8,Pass
G11589,2022,3,20,13.57,100.0,100.0,100.0,Pass
G11589,2023,3,22,14.31,100.0,96.9,98.5,Pass
G11589,2024,3,24,13.37,100.0,100.0,100.0,Pass
G11589,2025,3,23,12.94,100.0,100.0,100.0,Pass
G11589,2026,4,28,13.52,100.0,100.0,100.0,Pass
G23771,2022,1,18,13.99,100.0,90.1,95.1,Pass
G23771,2023,1,16,15.06,90.0,79.4,84.7,Pass
G23771,2024,1,20,14.71,100.0,82.9,91.5,Pass
G23771,2025,1,17,15.52,95.0,74.8,84.9,Pass
G23771,2026,1,20,15.51,100.0,74.9,87.5,Pass
G17117,2021,1,18,10.7,100.0,100.0,100.0,Pass
G17117,2022,1,22,12.96,100.0,100.0,100.0,Pass
G17117,2023,2,19,12.64,100.0,100.0,100.0,Pass
G17117,2024,2,21,11.51,100.0,100.0,100.0,Pass
G17117,2025,2,18,11.03,100.0,100.0,100.0,Pass
G17117,2026,2,22,11.37,100.0,100.0,100.0,Pass
G15417,2024,2,18,13.58,100.0,99.2,99.6,Pass
G15417,2025,2,23,12.67,100.0,100.0,100.0,Pass
G15417,2026,3,23,15.02,100.0,89.8,94.9,Pass
G24483,2024,1,9,17.23,55.0,57.7,56.4,Fail
G24483,2025,1,11,13.9,65.0,91.0,78.0,Pass
G24483,2026,1,19,14.51,100.0,84.9,92.5,Pass
G24819,2023,1,15,16.83,85.0,61.7,73.4,Pass
G24819,2024,1,10,13.93,60.0,90.7,75.4,Pass
G24819,2025,1,13,15.78,75.0,72.2,73.6,Pass
G24819,2026,1,18,16.86,100.0,61.4,80.7,Pass
G22927,2021,1,17,12.43,95.0,100.0,97.5,Pass
G22927,2022,1,21,14.81,100.0,81.9,91.0,Pass
G22927,2023,1,15,15.75,85.0,72.5,78.8,Pass
G22927,2024,1,15,13.31,85.0,96.9,91.0,Pass
G22927,2025,1,14,14.74,80.0,82.6,81.3,Pass
G22927,2026,1,18,12.02,100.0,100.0,100.0,Pass
G24599,2023,1,17,17.31,95.0,56.9,76.0,Pass
G24599,2024,1,11,17.04,65.0,59.6,62.3,Pass
G24599,2025,1,15,13.92,85.0,90.8,87.9,Pass
G24599,2026,1,14,12.83,80.0,100.0,90.0,Pass
G25161,2024,1,15,14.03,85.0,89.7,87.4,Pass
G25161,2025,1,6,13.36,40.0,96.4,68.2,Pass
G25161,2026,1,12,17.07,70.0,59.3,64.7,Pass
G13723,2021,2,16,13.14,94.7,100.0,97.4,Pass
G13723,2022,2,21,14.52,100.0,89.8,94.9,Pass
G13723,2023,3,16,11.18,100.0,100.0,100.0,Pass
G13723,2024,3,24,13.67,100.0,100.0,100.0,Pass
G13723,2025,3,24,12.07,100.0,100.0,100.0,Pass
G13723,2026,3,24,14.95,100.0,90.5,95.3,Pass
G24135,2023,1,14,12.55,80.0,100.0,90.0,Pass
G24135,2024,1,19,15.48,100.0,75.2,87.6,Pass
G24135,2025,1,11,12.77,65.0,100.0,82.5,Pass
G24135,2026,1,19,15.97,100.0,70.3,85.2,Pass
G21624,2021,1,20,13.92,100.0,90.8,95.4,Pass
G21624,2022,1,10,12.6,60.0,100.0,80.0,Pass
G21624,2023,1,18,11.86,100.0,100.0,100.0,Pass
G21624,2024,1,15,12.42,85.0,100.0,92.5,Pass
G21624,2025,1,16,13.49,90.0,95.1,92.6,Pass
G21624,2026,2,15,15.17,89.4,83.3,86.4,Pass
G08986,2024,4,28,11.08,100.0,100.0,100.0,Pass
G08986,2025,4,27,11.4,100.0,100.0,100.0,Pass
G08986,2026,4,21,15.54,100.0,89.6,94.8,Pass
G21223,2023,1,10,11.95,60.0,100.0,80.0,Pass
G21223,2024,1,21,13.14,100.0,98.6,99.3,Pass
G21223,2025,1,21,16.46,100.0,65.4,82.7,Pass
G21223,2026,1,17,16.1,95.0,69.0,82.0,Pass
G23268,2023,1,18,16.54,100.0,64.6,82.3,Pass
G23268,2024,1,17,12.37,95.0,100.0,97.5,Pass
G23268,2025,1,19,14.62,100.0,83.8,91.9,Pass
G23268,2026,1,13,13.12,75.0,98.8,86.9,Pass
G25106,2024,1,7,10.97,45.0,100.0,72.5,Pass
G25106,2025,1,13,11.65,75.0,100.0,87.5,Pass
G25106,2026,1,10,17.67,60.0,53.3,56.7,Fail
G25990,2024,1,9,18.28,55.0,47.2,51.1,Fail
G25990,2025,1,10,13.1,60.0,99.0,79.5,Pass
G25990,2026,1,14,13.5,80.0,95.0,87.5,Pass
G15161,2021,2,22,11.59,100.0,100.0,100.0,Pass
G15161,2022,2,19,13.79,100.0,97.1,98.6,Pass
G15161,2023,2,21,13.35,100.0,100.0,100.0,Pass
G15161,2024,2,20,15.24,100.0,82.6,91.3,Pass
G15161,2025,3,23,16.74,100.0,72.6,86.3,Pass
G15161,2026,3,20,10.83,100.0,100.0,100.0,Pass
G22969,2022,1,14,13.29,80.0,97.1,88.6,Pass
G22969,2023,1,19,14.86,100.0,81.4,90.7,Pass
G22969,2024,1,20,12.43,100.0,100.0,100.0,Pass
G22969,2025,1,14,15.62,80.0,73.8,76.9,Pass
G22969,2026,1,12,11.83,70.0,100.0,85.0,Pass
G25008,2024,1,12,15.67,70.0,73.3,71.7,Pass
G25008,2025,1,10,14.34,60.0,86.6,73.3,Pass
G25008,2026,1,15,14.09,85.0,89.1,87.1,Pass
G24879,2023,1,13,19.43,75.0,35.7,55.4,Fail
G24879,2024,1,12,14.28,70.0,87.2,78.6,Pass
G24879,2025,1,14,10.56,80.0,100.0,90.0,Pass
G24879,2026,1,15,14.49,85.0,85.1,85.1,Pass
G16019,2022,2,18,13.1,100.0,100.0,100.0,Pass
G16019,2023,2,21,14.33,100.0,91.7,95.9,Pass
G16019,2024,2,23,13.33,100.0,100.0,100.0,Pass
G16019,2025,2,26,15.17,100.0,83.3,91.7,Pass
G16019,2026,3,22,10.41,100.0,100.0,100.0,Pass
G24796,2023,1,13,15.59,75.0,74.1,74.6,Pass
G24796,2024,1,9,12.76,55.0,100.0,77.5,Pass
G24796,2025,1,17,15.17,95.0,78.3,86.7,Pass
G24796,2026,1,12,14.68,70.0,83.2,76.6,Pass
G23895,2023,1,16,13.31,90.0,96.9,93.5,Pass
G23895,2024,1,17,12.97,95.0,100.0,97.5,Pass
G23895,2025,1,11,12.74,65.0,100.0,82.5,Pass
G23895,2026,1,17,14.3,95.0,87.0,91.0,Pass
G21967,2024,1,18,15.01,100.0,79.9,90.0,Pass
G21967,2025,2,22,12.04,100.0,100.0,100.0,Pass
G21967,2026,2,19,12.15,100.0,100.0,100.0,Pass
G24128,2023,1,15,13.58,85.0,94.2,89.6,Pass
G24128,2024,1,15,14.72,85.0,82.8,83.9,Pass
G24128,2025,1,12,15.4,70.0,76.0,73.0,Pass
G24128,2026,1,12,17.54,70.0,54.6,62.3,Pass
G17208,2021,1,22,11.89,100.0,100.0,100.0,Pass
G17208,2022,2,19,12.29,100.0,100.0,100.0,Pass
G17208,2023,2,22,15.48,100.0,80.2,90.1,Pass
G17208,2024,2,22,16.22,100.0,72.8,86.4,Pass
G17208,2025,2,25,10.28,100.0,100.0,100.0,Pass
G17208,2026,2,20,10.26,100.0,100.0,100.0,Pass
G23922,2023,1,19,14.87,100.0,81.3,90.7,Pass
G23922,2024,1,12,14.63,70.0,83.7,76.9,Pass
G23922,2025,1,12,13.81,70.0,91.9,81.0,Pass
G23922,2026,1,12,16.19,70.0,68.1,69.1,Pass
G11685,2021,2,19,13.14,100.0,100.0,100.0,Pass
G11685,2022,2,24,11.2,100.0,100.0,100.0,Pass
G11685,2023,3,20,13.26,100.0,100.0,100.0,Pass
G11685,2024,3,21,12.12,100.0,100.0,100.0,Pass
G11685,2025,3,23,12.16,100.0,100.0,100.0,Pass
G11685,2026,3,19,12.04,100.0,100.0,100.0,Pass
G23964,2024,1,18,15.1,100.0,79.0,89.5,Pass
G23964,2025,1,11,16.8,65.0,62.0,63.5,Pass
G23964,2026,1,17,16.02,95.0,69.8,82.4,Pass
G24038,2023,1,13,16.42,75.0,65.8,70.4,Pass
G24038,2024,1,14,12.49,80.0,100.0,90.0,Pass
G24038,2025,1,15,15.09,85.0,79.1,82.1,Pass
G24038,2026,1,12,13.08,70.0,99.2,84.6,Pass
G23945,2022,1,18,15.96,100.0,70.4,85.2,Pass
G23945,2023,1,15,12.66,85.0,100.0,92.5,Pass
G23945,2024,1,17,13.47,95.0,95.3,95.2,Pass
G23945,2025,1,21,13.6,100.0,94.0,97.0,Pass
G23945,2026,1,14,14.02,80.0,89.8,84.9,Pass
G10758,2021,3,18,10.79,100.0,100.0,100.0,Pass
G10758,2022,3,16,13.86,100.0,100.0,100.0,Pass
G10758,2023,3,20,13.53,100.0,100.0,100.0,Pass
G10758,2024,3,24,11.14,100.0,100.0,100.0,Pass
G10758,2025,3,24,12.68,100.0,100.0,100.0,Pass
G10758,2026,4,25,11.33,100.0,100.0,100.0,Pass
G08002,2022,3,22,12.75,100.0,100.0,100.0,Pass
G08002,2023,3,27,15.24,100.0,87.6,93.8,Pass
G08002,2024,4,18,13.1,100.0,100.0,100.0,Pass
G08002,2025,4,20,13.35,100.0,100.0,100.0,Pass
G08002,2026,4,25,12.6,100.0,100.0,100.0,Pass
G24250,2023,1,17,15.2,95.0,78.0,86.5,Pass
G24250,2024,1,11,13.74,65.0,92.6,78.8,Pass
G24250,2025,1,9,12.29,55.0,100.0,77.5,Pass
G24250,2026,1,12,17.33,70.0,56.7,63.4,Pass
G24010,2023,1,17,13.76,95.0,92.4,93.7,Pass
G24010,2024,1,15,12.92,85.0,100.0,92.5,Pass
G24010,2025,1,12,12.62,70.0,100.0,85.0,Pass
G24010,2026,1,13,14.56,75.0,84.4,79.7,Pass
G24043,2023,1,9,14.82,55.0,81.8,68.4,Pass
G24043,2024,1,10,16.88,60.0,61.2,60.6,Pass
G24043,2025,1,15,14.64,85.0,83.6,84.3,Pass
G24043,2026,1,14,13.45,80.0,95.5,87.8,Pass
G22635,2024,1,13,14.7,75.0,83.0,79.0,Pass
G22635,2025,1,18,14.29,100.0,87.1,93.6,Pass
G22635,2026,1,12,15.08,70.0,79.2,74.6,Pass
G22413,2022,1,22,13.07,100.0,99.3,99.7,Pass
G22413,2023,1,16,14.36,90.0,86.4,88.2,Pass
G22413,2024,1,13,12.76,75.0,100.0,87.5,Pass
G22413,2025,1,20,16.72,100.0,62.8,81.4,Pass
G22413,2026,1,14,14.45,80.0,85.5,82.8,Pass
G21070,2023,1,16,11.88,90.0,100.0,95.0,Pass
G21070,2024,1,9,12.58,55.0,100.0,77.5,Pass
G21070,2025,1,15,15.06,85.0,79.4,82.2,Pass
G21070,2026,2,16,15.21,94.7,82.9,88.8,Pass
G23299,2022,1,20,10.45,100.0,100.0,100.0,Pass
G23299,2023,1,19,12.73,100.0,100.0,100.0,Pass
G23299,2024,1,18,16.11,100.0,68.9,84.5,Pass
G23299,2025,1,20,14.23,100.0,87.7,93.9,Pass
G23299,2026,1,13,15.13,75.0,78.7,76.9,Pass
G25915,2024,1,9,15.2,55.0,78.0,66.5,Pass
G25915,2025,1,14,17.06,80.0,59.4,69.7,Pass
G25915,2026,1,12,12.06,70.0,100.0,85.0,Pass
G22473,2021,1,19,15.94,100.0,70.6,85.3,Pass
G22473,2022,1,19,16.59,100.0,64.1,82.1,Pass
G22473,2023,1,11,11.85,65.0,100.0,82.5,Pass
G22473,2024,1,19,12.03,100.0,100.0,100.0,Pass
G22473,2025,1,14,12.02,80.0,100.0,90.0,Pass
G22473,2026,1,17,12.57,95.0,100.0,97.5,Pass
G24309,2023,1,15,15.73,85.0,72.7,78.9,Pass
G24309,2024,1,16,15.71,90.0,72.9,81.5,Pass
G24309,2025,1,13,12.36,75.0,100.0,87.5,Pass
G24309,2026,1,10,16.35,60.0,66.5,63.3,Pass
G18175,2024,2,24,14.99,100.0,85.1,92.6,Pass
G18175,2025,2,20,13.86,100.0,96.4,98.2,Pass
G18175,2026,2,22,12.95,100.0,100.0,100.0,Pass
G10138,2022,3,24,15.03,100.0,89.7,94.9,Pass
G10138,2023,3,26,11.77,100.0,100.0,100.0,Pass
G10138,2024,3,22,13.71,100.0,100.0,100.0,Pass
G10138,2025,3,21,12.38,100.0,100.0,100.0,Pass
G10138,2026,4,22,13.44,100.0,100.0,100.0,Pass
G24284,2024,1,15,14.33,85.0,86.7,85.9,Pass
G24284,2025,1,14,14.88,80.0,81.2,80.6,Pass
G24284,2026,1,20,13.56,100.0,94.4,97.2,Pass
G22544,2022,1,12,13.5,70.0,95.0,82.5,Pass
G22544,2023,1,16,12.94,90.0,100.0,95.0,Pass
G22544,2024,1,14,15.82,80.0,71.8,75.9,Pass
G22544,2025,1,14,14.34,80.0,86.6,83.3,Pass
G22544,2026,1,19,14.53,100.0,84.7,92.4,Pass
G14731,2024,2,19,11.77,100.0,100.0,100.0,Pass
G14731,2025,3,22,11.37,100.0,100.0,100.0,Pass
G14731,2026,3,27,12.43,100.0,100.0,100.0,Pass
G23763,2022,1,9,13.81,55.0,91.9,73.5,Pass
G23763,2023,1,12,16.36,70.0,66.4,68.2,Pass
G23763,2024,1,18,11.49,100.0,100.0,100.0,Pass
G23763,2025,1,17,13.65,95.0,93.5,94.3,Pass
G23763,2026,1,18,14.16,100.0,88.4,94.2,Pass
G08568,2024,4,22,13.16,100.0,100.0,100.0,Pass
G08568,2025,4,24,14.15,100.0,100.0,100.0,Pass
G08568,2026,4,22,14.55,100.0,99.5,99.8,Pass
G12593,2021,3,18,15.39,100.0,86.1,93.1,Pass
G12593,2022,3,22,10.34,100.0,100.0,100.0,Pass
G12593,2023,3,23,14.91,100.0,90.9,95.5,Pass
G12593,2024,3,22,13.91,100.0,100.0,100.0,Pass
G12593,2025,3,23,12.9,100.0,100.0,100.0,Pass
G12593,2026,4,26,12.28,100.0,100.0,100.0,Pass
G08962,2023,3,20,11.93,100.0,100.0,100.0,Pass
G08962,2024,4,22,13.32,100.0,100.0,100.0,Pass
G08962,2025,4,26,12.83,100.0,100.0,100.0,Pass
G08962,2026,4,29,13.88,100.0,100.0,100.0,Pass
G12425,2021,2,17,14.14,100.0,93.6,96.8,Pass
G12425,2022,2,19,13.72,100.0,97.8,98.9,Pass
G12425,2023,3,22,16.01,100.0,79.9,90.0,Pass
G12425,2024,3,22,13.32,100.0,100.0,100.0,Pass
G12425,2025,3,25,13.52,100.0,100.0,100.0,Pass
G12425,2026,3,26,9.99,100.0,100.0,100.0,Pass
G25778,2024,1,11,13.08,65.0,99.2,82.1,Pass
G25778,2025,1,14,15.75,80.0,72.5,76.3,Pass
G25778,2026,1,17,17.66,95.0,53.4,74.2,Pass
G13609,2021,2,22,13.42,100.0,100.0,100.0,Pass
G13609,2022,2,24,17.09,100.0,64.1,82.1,Pass
G13609,2023,2,24,14.47,100.0,90.3,95.2,Pass
G13609,2024,3,26,15.61,100.0,83.9,92.0,Pass
G13609,2025,3,27,16.43,100.0,75.7,87.9,Pass
G13609,2026,3,18,14.96,100.0,90.4,95.2,Pass
G24580,2024,1,12,15.44,70.0,75.6,72.8,Pass
G24580,2025,1,10,14.3,60.0,87.0,73.5,Pass
G24580,2026,1,15,12.79,85.0,100.0,92.5,Pass
G21267,2022,1,12,16.48,70.0,65.2,67.6,Pass
G21267,2023,1,16,11.67,90.0,100.0,95.0,Pass
G21267,2024,1,12,13.85,70.0,91.5,80.8,Pass
G21267,2025,1,19,16.68,100.0,63.2,81.6,Pass
G21267,2026,2,18,14.46,100.0,90.4,95.2,Pass
G23226,2022,1,17,17.95,95.0,50.5,72.8,Pass
G23226,2023,1,21,14.42,100.0,85.8,92.9,Pass
G23226,2024,1,17,14.71,95.0,82.9,89.0,Pass
G23226,2025,1,10,10.93,60.0,100.0,80.0,Pass
G23226,2026,1,16,14.84,90.0,81.6,85.8,Pass
AO05709,2021,4,12,12.85,82.0,100.0,91.0,Pass
AO05709,2022,4,13,17.6,88.0,69.0,78.5,Pass
AO05709,2023,4,12,12.71,82.0,100.0,91.0,Pass
AO05709,2024,5,2,12.8,22.9,100.0,61.5,Pass
AO05709,2025,5,6,16.59,48.6,84.1,66.4,Pass
AO05709,2026,5,6,17.27,48.6,77.3,63.0,Pass
AO12824,2021,3,8,14.47,55.0,95.3,75.2,Pass
AO12824,2022,3,0,14.05,10.0,99.5,54.8,Fail
AO12824,2023,3,3,15.86,26.9,81.4,54.2,Fail
AO12824,2024,3,6,15.86,43.8,81.4,62.6,Pass
AO12824,2025,4,9,14.72,64.0,97.8,80.9,Pass
AO12824,2026,4,7,15.46,52.0,90.4,71.2,Pass
AO16360,2021,2,5,13.32,36.5,100.0,68.3,Pass
AO16360,2022,2,8,12.21,52.4,100.0,76.2,Pass
AO16360,2023,2,11,15.34,68.2,81.6,74.9,Pass
AO16360,2024,2,4,12.91,31.2,100.0,65.6,Pass
AO16360,2025,3,10,14.16,66.2,98.4,82.3,Pass
AO16360,2026,3,6,15.63,43.8,83.7,63.8,Pass
G11837,2021,3,20,14.87,100.0,91.3,95.7,Pass
G11837,2022,3,24,12.7,100.0,100.0,100.0,Pass
G11837,2023,3,19,14.21,100.0,97.9,99.0,Pass
G11837,2024,3,25,12.36,100.0,100.0,100.0,Pass
G11837,2025,3,29,14.39,100.0,96.1,98.1,Pass
G11837,2026,4,25,14.62,100.0,98.8,99.4,Pass
AO13387,2021,2,15,17.16,89.4,63.4,76.4,Pass
AO13387,2022,3,12,13.21,77.5,100.0,88.8,Pass
AO13387,2023,3,10,13.54,66.2,100.0,83.1,Pass
AO13387,2024,3,4,15.35,32.5,86.5,59.5,Fail
AO13387,2025,3,11,15.92,71.9,80.8,76.4,Pass
AO13387,2026,3,4,14.54,32.5,94.6,63.6,Pass
AO18342,2022,2,9,12.18,57.6,100.0,78.8,Pass
AO18342,2023,2,12,14.23,73.5,92.7,83.1,Pass
AO18342,2024,2,9,16.03,57.6,74.7,66.2,Pass
AO18342,2025,2,15,12.34,89.4,100.0,94.7,Pass
AO18342,2026,3,4,16.68,32.5,73.2,52.9,Fail
AO23991,2023,1,14,12.69,80.0,100.0,90.0,Pass
AO23991,2024,1,15,12.34,85.0,100.0,92.5,Pass
AO23991,2025,1,17,12.85,95.0,100.0,97.5,Pass
AO23991,2026,1,11,11.77,65.0,100.0,82.5,Pass
AO11296,2022,3,15,12.94,94.4,100.0,97.2,Pass
AO11296,2023,3,7,15.51,49.4,84.9,67.2,Pass
AO11296,2024,3,11,15.92,71.9,80.8,76.4,Pass
AO11296,2025,4,10,13.73,70.0,100.0,85.0,Pass
AO11296,2026,4,6,15.9,46.0,86.0,66.0,Pass
AO24278,2023,1,7,12.85,45.0,100.0,72.5,Pass
AO24278,2024,1,11,16.89,65.0,61.1,63.1,Pass
AO24278,2025,1,13,13.59,75.0,94.1,84.6,Pass
AO24278,2026,1,9,12.24,55.0,100.0,77.5,Pass
AO21963,2024,1,8,13.17,50.0,98.3,74.2,Pass
AO21963,2025,2,9,12.71,57.6,100.0,78.8,Pass
AO21963,2026,2,13,12.56,78.8,100.0,89.4,Pass
AO24578,2024,1,18,11.87,100.0,100.0,100.0,Pass
AO24578,2025,1,18,10.73,100.0,100.0,100.0,Pass
AO24578,2026,1,17,12.38,95.0,100.0,97.5,Pass
AO25711,2024,1,17,10.74,95.0,100.0,97.5,Pass
AO25711,2025,1,15,12.08,85.0,100.0,92.5,Pass
AO25711,2026,1,18,14.16,100.0,88.4,94.2,Pass
AO14187,2021,2,12,16.74,73.5,67.6,70.6,Pass
AO14187,2022,2,11,12.06,68.2,100.0,84.1,Pass
AO14187,2023,2,13,14.54,78.8,89.6,84.2,Pass
AO14187,2024,3,7,12.99,49.4,100.0,74.7,Pass
AO14187,2025,3,5,15.2,38.1,88.0,63.1,Pass
AO14187,2026,3,12,12.07,77.5,100.0,88.8,Pass
AO22316,2021,1,16,13.55,90.0,94.5,92.3,Pass
AO22316,2022,1,17,11.93,95.0,100.0,97.5,Pass
AO22316,2023,1,13,14.54,75.0,84.6,79.8,Pass
AO22316,2024,1,15,13.01,85.0,99.9,92.5,Pass
AO22316,2025,2,15,11.9,89.4,100.0,94.7,Pass
AO22316,2026,2,12,11.27,73.5,100.0,86.8,Pass
AO18186,2021,1,13,14.51,75.0,84.9,80.0,Pass
AO18186,2022,1,9,15.29,55.0,77.1,66.1,Pass
AO18186,2023,1,15,12.8,85.0,100.0,92.5,Pass
AO18186,2024,2,13,14.1,78.8,94.0,86.4,Pass
AO18186,2025,2,9,12.53,57.6,100.0,78.8,Pass
AO18186,2026,2,12,15.0,73.5,85.0,79.3,Pass
AO20436,2022,1,10,13.88,60.0,91.2,75.6,Pass
AO20436,2023,1,17,13.37,95.0,96.3,95.7,Pass
AO20436,2024,1,14,13.17,80.0,98.3,89.2,Pass
AO20436,2025,1,12,15.96,70.0,70.4,70.2,Pass
AO20436,2026,2,21,13.35,100.0,100.0,100.0,Pass
AO18238,2021,2,13,11.02,78.8,100.0,89.4,Pass
AO18238,2022,2,10,12.97,62.9,100.0,81.5,Pass
AO18238,2023,2,14,13.7,84.1,98.0,91.1,Pass
AO18238,2024,2,12,14.86,73.5,86.4,80.0,Pass
AO18238,2025,2,9,15.32,57.6,81.8,69.7,Pass
AO18238,2026,3,11,15.98,71.9,80.2,76.1,Pass
AO25379,2024,1,15,13.8,85.0,92.0,88.5,Pass
AO25379,2025,1,19,13.11,100.0,98.9,99.5,Pass
AO25379,2026,1,18,14.04,100.0,89.6,94.8,Pass
AO12189,2022,2,5,15.64,36.5,78.6,57.6,Fail
AO12189,2023,3,11,14.49,71.9,95.1,83.5,Pass
AO12189,2024,3,7,13.85,49.4,100.0,74.7,Pass
AO12189,2025,3,17,15.06,100.0,89.4,94.7,Pass
AO12189,2026,3,13,13.68,83.1,100.0,91.6,Pass
AO15573,2021,2,12,15.65,73.5,78.5,76.0,Pass
AO15573,2022,2,13,13.29,78.8,100.0,89.4,Pass
AO15573,2023,3,10,11.58,66.2,100.0,83.1,Pass
AO15573,2024,3,12,14.22,77.5,97.8,87.7,Pass
AO15573,2025,3,10,15.52,66.2,84.8,75.5,Pass
AO15573,2026,3,8,17.05,55.0,69.5,62.3,Pass
AO18127,2021,2,13,13.84,78.8,96.6,87.7,Pass
AO18127,2022,2,8,11.97,52.4,100.0,76.2,Pass
AO18127,2023,2,18,13.6,100.0,99.0,99.5,Pass
AO18127,2024,2,7,13.88,47.1,96.2,71.7,Pass
AO18127,2025,2,8,12.86,52.4,100.0,76.2,Pass
AO18127,2026,3,12,14.59,77.5,94.1,85.8,Pass
AO13278,2024,3,7,10.67,49.4,100.0,74.7,Pass
AO13278,2025,3,9,14.93,60.6,90.7,75.7,Pass
AO13278,2026,3,2,16.06,21.2,79.4,50.3,Fail
AO15860,2021,2,16,11.92,94.7,100.0,97.4,Pass
AO15860,2022,2,10,15.83,62.9,76.7,69.8,Pass
AO15860,2023,2,14,9.32,84.1,100.0,92.1,Pass
AO15860,2024,3,16,15.39,100.0,86.1,93.1,Pass
AO15860,2025,3,11,12.77,71.9,100.0,86.0,Pass
AO15860,2026,3,11,14.26,71.9,97.4,84.7,Pass
AO23574,2023,1,14,12.2,80.0,100.0,90.0,Pass
AO23574,2024,1,24,13.08,100.0,99.2,99.6,Pass
AO23574,2025,1,17,10.16,95.0,100.0,97.5,Pass
AO23574,2026,1,16,11.68,90.0,100.0,95.0,Pass
AO24436,2023,1,15,14.44,85.0,85.6,85.3,Pass
AO24436,2024,1,17,12.0,95.0,100.0,97.5,Pass
AO24436,2025,1,18,13.92,100.0,90.8,95.4,Pass
AO24436,2026,1,25,10.52,100.0,100.0,100.0,Pass
AO24631,2024,1,15,14.28,85.0,87.2,86.1,Pass
AO24631,2025,1,13,16.31,75.0,66.9,71.0,Pass
AO24631,2026,1,10,10.73,60.0,100.0,80.0,Pass
AO15583,2024,3,7,10.5,49.4,100.0,74.7,Pass
AO15583,2025,3,11,14.55,71.9,94.5,83.2,Pass
AO15583,2026,3,6,15.93,43.8,80.7,62.3,Pass
AO24190,2023,1,20,14.6,100.0,84.0,92.0,Pass
AO24190,2024,1,18,12.72,100.0,100.0,100.0,Pass
AO24190,2025,1,14,12.98,80.0,100.0,90.0,Pass
AO24190,2026,1,13,12.94,75.0,100.0,87.5,Pass
AO15781,2022,2,11,13.71,68.2,97.9,83.1,Pass
AO15781,2023,2,14,15.68,84.1,78.2,81.2,Pass
AO15781,2024,3,13,13.07,83.1,100.0,91.6,Pass
AO15781,2025,3,11,14.21,71.9,97.9,84.9,Pass
AO15781,2026,3,11,15.19,71.9,88.1,80.0,Pass
AO12061,2024,3,9,13.61,60.6,100.0,80.3,Pass
AO12061,2025,4,12,12.4,82.0,100.0,91.0,Pass
AO12061,2026,4,9,14.07,64.0,100.0,82.0,Pass
AO18148,2023,2,14,14.84,84.1,86.6,85.4,Pass
AO18148,2024,2,16,12.05,94.7,100.0,97.4,Pass
AO18148,2025,2,11,15.11,68.2,83.9,76.1,Pass
AO18148,2026,2,14,13.77,84.1,97.3,90.7,Pass
AO13289,2021,2,3,16.4,25.9,71.0,48.5,Fail
AO13289,2022,2,13,12.6,78.8,100.0,89.4,Pass
AO13289,2023,2,8,13.96,52.4,95.4,73.9,Pass
AO13289,2024,3,8,13.93,55.0,100.0,77.5,Pass
AO13289,2025,3,11,13.2,71.9,100.0,86.0,Pass
AO13289,2026,3,9,14.67,60.6,93.3,77.0,Pass
AO23475,2023,1,15,11.01,85.0,100.0,92.5,Pass
AO23475,2024,1,15,12.56,85.0,100.0,92.5,Pass
AO23475,2025,1,17,13.32,95.0,96.8,95.9,Pass
AO23475,2026,1,15,10.81,85.0,100.0,92.5,Pass
AO25607,2024,1,13,13.13,75.0,98.7,86.9,Pass
AO25607,2025,1,12,14.1,70.0,89.0,79.5,Pass
AO25607,2026,1,11,11.86,65.0,100.0,82.5,Pass
AO21091,2022,1,20,14.66,100.0,83.4,91.7,Pass
AO21091,2023,1,14,11.86,80.0,100.0,90.0,Pass
AO21091,2024,1,11,11.99,65.0,100.0,82.5,Pass
AO21091,2025,2,12,13.79,73.5,97.1,85.3,Pass
AO21091,2026,2,16,16.02,94.7,74.8,84.8,Pass
AO22207,2023,1,10,14.91,60.0,80.9,70.5,Pass
AO22207,2024,1,16,13.68,90.0,93.2,91.6,Pass
AO22207,2025,2,14,14.06,84.1,94.4,89.3,Pass
AO22207,2026,2,18,11.17,100.0,100.0,100.0,Pass
AO17682,2021,1,16,14.27,90.0,87.3,88.7,Pass
AO17682,2022,2,10,14.93,62.9,85.7,74.3,Pass
AO17682,2023,2,12,14.3,73.5,92.0,82.8,Pass
AO17682,2024,2,11,17.45,68.2,60.5,64.4,Pass
AO17682,2025,2,9,12.54,57.6,100.0,78.8,Pass
AO17682,2026,2,13,11.58,78.8,100.0,89.4,Pass
AO17015,2022,1,12,12.62,70.0,100.0,85.0,Pass
AO17015,2023,2,12,14.22,73.5,92.8,83.2,Pass
AO17015,2024,2,12,9.61,73.5,100.0,86.8,Pass
AO17015,2025,2,12,11.96,73.5,100.0,86.8,Pass
AO17015,2026,2,15,12.5,89.4,100.0,94.7,Pass
AO13576,2022,3,8,13.74,55.0,100.0,77.5,Pass
AO13576,2023,3,10,14.55,66.2,94.5,80.4,Pass
AO13576,2024,3,5,14.14,38.1,98.6,68.4,Pass
AO13576,2025,3,10,15.3,66.2,87.0,76.6,Pass
AO13576,2026,3,13,14.64,83.1,93.6,88.4,Pass
AO20306,2024,2,18,15.49,100.0,80.1,90.1,Pass
AO20306,2025,2,20,13.87,100.0,96.3,98.2,Pass
AO20306,2026,2,13,13.5,78.8,100.0,89.4,Pass
AO14271,2021,2,9,14.52,57.6,89.8,73.7,Pass
AO14271,2022,3,13,11.49,83.1,100.0,91.6,Pass
AO14271,2023,3,7,16.49,49.4,75.1,62.3,Pass
AO14271,2024,3,12,15.66,77.5,83.4,80.5,Pass
AO14271,2025,3,15,14.03,94.4,99.7,97.1,Pass
AO14271,2026,3,14,16.23,88.8,77.7,83.3,Pass
AO25477,2024,1,8,11.07,50.0,100.0,75.0,Pass
AO25477,2025,1,8,11.37,50.0,100.0,75.0,Pass
AO25477,2026,1,11,12.76,65.0,100.0,82.5,Pass
AO16242,2021,2,10,13.49,62.9,100.0,81.5,Pass
AO16242,2022,2,9,11.64,57.6,100.0,78.8,Pass
AO16242,2023,2,7,12.61,47.1,100.0,73.6,Pass
AO16242,2024,2,3,12.31,25.9,100.0,63.0,Pass
AO16242,2025,2,6,13.38,41.8,100.0,70.9,Pass
AO16242,2026,3,12,11.78,77.5,100.0,88.8,Pass
AO23405,2023,1,13,12.62,75.0,100.0,87.5,Pass
AO23405,2024,1,17,13.94,95.0,90.6,92.8,Pass
AO23405,2025,1,20,12.93,100.0,100.0,100.0,Pass
AO23405,2026,1,18,15.5,100.0,75.0,87.5,Pass
AO18046,2023,2,8,12.54,52.4,100.0,76.2,Pass
AO18046,2024,2,14,14.48,84.1,90.2,87.2,Pass
AO18046,2025,2,13,14.9,78.8,86.0,82.4,Pass
AO18046,2026,2,11,15.22,68.2,82.8,75.5,Pass
G20303,2022,1,20,12.86,100.0,100.0,100.0,Pass
G20303,2023,1,13,12.51,75.0,100.0,87.5,Pass
G20303,2024,1,20,13.31,100.0,96.9,98.5,Pass
G20303,2025,1,18,14.44,100.0,85.6,92.8,Pass
G20303,2026,2,23,11.97,100.0,100.0,100.0,Pass
G12516,2021,2,17,17.17,100.0,63.3,81.7,Pass
G12516,2022,3,21,13.67,100.0,100.0,100.0,Pass
G12516,2023,3,23,12.93,100.0,100.0,100.0,Pass
G12516,2024,3,26,11.41,100.0,100.0,100.0,Pass
G12516,2025,3,23,10.75,100.0,100.0,100.0,Pass
G12516,2026,3,25,15.32,100.0,86.8,93.4,Pass
G11545,2023,3,25,13.42,100.0,100.0,100.0,Pass
G11545,2024,3,23,13.57,100.0,100.0,100.0,Pass
G11545,2025,3,23,11.72,100.0,100.0,100.0,Pass
G11545,2026,3,23,13.62,100.0,100.0,100.0,Pass
G24443,2024,1,15,14.36,85.0,86.4,85.7,Pass
G24443,2025,1,13,13.36,75.0,96.4,85.7,Pass
G24443,2026,1,15,13.45,85.0,95.5,90.3,Pass
G24868,2023,1,11,14.94,65.0,80.6,72.8,Pass
G24868,2024,1,11,12.44,65.0,100.0,82.5,Pass
G24868,2025,1,12,14.02,70.0,89.8,79.9,Pass
G24868,2026,1,9,14.02,55.0,89.8,72.4,Pass
G23314,2022,1,15,13.47,85.0,95.3,90.2,Pass
G23314,2023,1,16,15.72,90.0,72.8,81.4,Pass
G23314,2024,1,18,13.63,100.0,93.7,96.9,Pass
G23314,2025,1,16,13.72,90.0,92.8,91.4,Pass
G23314,2026,1,21,13.11,100.0,98.9,99.5,Pass
G19777,2023,1,17,13.59,95.0,94.1,94.6,Pass
G19777,2024,2,25,13.94,100.0,95.6,97.8,Pass
G19777,2025,2,21,13.67,100.0,98.3,99.2,Pass
G19777,2026,2,21,14.48,100.0,90.2,95.1,Pass
G08440,2021,3,26,15.06,100.0,89.4,94.7,Pass
G08440,2022,3,26,15.93,100.0,80.7,90.4,Pass
G08440,2023,3,23,14.03,100.0,99.7,99.9,Pass
G08440,2024,4,19,12.73,100.0,100.0,100.0,Pass
G08440,2025,4,27,14.38,100.0,100.0,100.0,Pass
G08440,2026,4,21,12.22,100.0,100.0,100.0,Pass
G23726,2023,1,18,14.24,100.0,87.6,93.8,Pass
G23726,2024,1,9,14.46,55.0,85.4,70.2,Pass
G23726,2025,1,16,13.66,90.0,93.4,91.7,Pass
G23726,2026,1,14,15.04,80.0,79.6,79.8,Pass
G11657,2021,3,18,16.57,100.0,74.3,87.2,Pass
G11657,2022,3,25,12.81,100.0,100.0,100.0,Pass
G11657,2023,3,28,11.51,100.0,100.0,100.0,Pass
G11657,2024,3,23,9.0,100.0,100.0,100.0,Pass
G11657,2025,3,26,13.57,100.0,100.0,100.0,Pass
G11657,2026,4,23,9.77,100.0,100.0,100.0,Pass
G21722,2023,1,19,12.6,100.0,100.0,100.0,Pass
G21722,2024,1,11,14.24,65.0,87.6,76.3,Pass
G21722,2025,1,15,12.41,85.0,100.0,92.5,Pass
G21722,2026,1,21,16.19,100.0,68.1,84.1,Pass
G22580,2023,1,14,16.22,80.0,67.8,73.9,Pass
G22580,2024,1,10,13.35,60.0,96.5,78.3,Pass
G22580,2025,1,24,13.74,100.0,92.6,96.3,Pass
G22580,2026,2,19,14.07,100.0,94.3,97.2,Pass
G16308,2022,2,24,13.95,100.0,95.5,97.8,Pass
G16308,2023,2,17,12.98,100.0,100.0,100.0,Pass
G16308,2024,2,21,12.34,100.0,100.0,100.0,Pass
G16308,2025,2,19,16.16,100.0,73.4,86.7,Pass
G16308,2026,2,23,12.69,100.0,100.0,100.0,Pass
G23263,2024,1,17,15.42,95.0,75.8,85.4,Pass
G23263,2025,1,14,13.88,80.0,91.2,85.6,Pass
G23263,2026,1,17,14.93,95.0,80.7,87.9,Pass
G22662,2023,1,18,14.75,100.0,82.5,91.3,Pass
G22662,2024,1,13,15.65,75.0,73.5,74.3,Pass
G22662,2025,1,20,12.62,100.0,100.0,100.0,Pass
G22662,2026,1,10,12.74,60.0,100.0,80.0,Pass
G20911,2023,1,15,12.61,85.0,100.0,92.5,Pass
G20911,2024,1,19,10.42,100.0,100.0,100.0,Pass
G20911,2025,2,22,13.17,100.0,100.0,100.0,Pass
G20911,2026,2,22,14.67,100.0,88.3,94.2,Pass
G22464,2024,1,21,15.56,100.0,74.4,87.2,Pass
G22464,2025,1,11,14.85,65.0,81.5,73.3,Pass
G22464,2026,1,17,15.06,95.0,79.4,87.2,Pass
G21369,2024,1,25,15.22,100.0,77.8,88.9,Pass
G21369,2025,1,17,11.03,95.0,100.0,97.5,Pass
G21369,2026,1,16,11.8,90.0,100.0,95.0,Pass
G18149,2024,2,26,15.84,100.0,76.6,88.3,Pass
G18149,2025,2,19,13.33,100.0,100.0,100.0,Pass
G18149,2026,2,21,16.73,100.0,67.7,83.9,Pass
G07690,2024,4,26,14.69,100.0,98.1,99.1,Pass
G07690,2025,4,20,12.42,100.0,100.0,100.0,Pass
G07690,2026,4,29,13.18,100.0,100.0,100.0,Pass
G23804,2024,1,20,15.53,100.0,74.7,87.4,Pass
G23804,2025,1,19,14.29,100.0,87.1,93.6,Pass
G23804,2026,1,18,13.22,100.0,97.8,98.9,Pass
G24311,2024,1,7,12.74,45.0,100.0,72.5,Pass
G24311,2025,1,12,15.84,70.0,71.6,70.8,Pass
G24311,2026,1,12,15.21,70.0,77.9,74.0,Pass
G07820,2021,3,22,12.72,100.0,100.0,100.0,Pass
G07820,2022,4,20,13.08,100.0,100.0,100.0,Pass
G07820,2023,4,30,15.22,100.0,92.8,96.4,Pass
G07820,2024,4,19,10.11,100.0,100.0,100.0,Pass
G07820,2025,4,28,11.72,100.0,100.0,100.0,Pass
G07820,2026,4,21,11.47,100.0,100.0,100.0,Pass
G24390,2024,1,13,14.47,75.0,85.3,80.2,Pass
G24390,2025,1,13,17.49,75.0,55.1,65.1,Pass
G24390,2026,1,12,15.35,70.0,76.5,73.3,Pass
G09841,2024,3,21,14.22,100.0,97.8,98.9,Pass
G09841,2025,4,23,15.8,100.0,87.0,93.5,Pass
G09841,2026,4,26,13.87,100.0,100.0,100.0,Pass
G25584,2024,1,14,13.54,80.0,94.6,87.3,Pass
G25584,2025,1,11,14.3,65.0,87.0,76.0,Pass
G25584,2026,1,12,14.5,70.0,85.0,77.5,Pass
G23074,2022,1,15,15.08,85.0,79.2,82.1,Pass
G23074,2023,1,16,13.2,90.0,98.0,94.0,Pass
G23074,2024,1,16,15.04,90.0,79.6,84.8,Pass
G23074,2025,1,16,13.14,90.0,98.6,94.3,Pass
G23074,2026,1,18,16.18,100.0,68.2,84.1,Pass
G23810,2023,1,16,14.52,90.0,84.8,87.4,Pass
G23810,2024,1,13,15.49,75.0,75.1,75.1,Pass
G23810,2025,1,14,14.44,80.0,85.6,82.8,Pass
G23810,2026,1,16,16.95,90.0,60.5,75.3,Pass
G21565,2024,1,16,17.17,90.0,58.3,74.2,Pass
G21565,2025,1,14,13.94,80.0,90.6,85.3,Pass
G21565,2026,1,17,15.93,95.0,70.7,82.9,Pass
G20187,2024,1,22,11.79,100.0,100.0,100.0,Pass
G20187,2025,2,24,10.07,100.0,100.0,100.0,Pass
G20187,2026,2,24,12.98,100.0,100.0,100.0,Pass
G24951,2024,1,8,14.55,50.0,84.5,67.3,Pass
G24951,2025,1,17,18.36,95.0,46.4,70.7,Pass
G24951,2026,1,13,12.66,75.0,100.0,87.5,Pass
G25456,2024,1,15,15.37,85.0,76.3,80.7,Pass
G25456,2025,1,13,19.89,75.0,31.1,53.1,Fail
G25456,2026,1,9,14.28,55.0,87.2,71.1,Pass
G15955,2021,2,20,13.29,100.0,100.0,100.0,Pass
G15955,2022,2,16,12.39,94.7,100.0,97.4,Pass
G15955,2023,2,15,15.59,89.4,79.1,84.3,Pass
G15955,2024,2,19,13.32,100.0,100.0,100.0,Pass
G15955,2025,2,24,11.2,100.0,100.0,100.0,Pass
G15955,2026,3,22,14.26,100.0,97.4,98.7,Pass
G21305,2022,1,15,14.64,85.0,83.6,84.3,Pass
G21305,2023,1,9,16.42,55.0,65.8,60.4,Pass
G21305,2024,1,18,12.54,100.0,100.0,100.0,Pass
G21305,2025,1,19,15.7,100.0,73.0,86.5,Pass
G21305,2026,1,22,15.67,100.0,73.3,86.7,Pass
G22415,2022,1,16,12.38,90.0,100.0,95.0,Pass
G22415,2023,1,14,9.93,80.0,100.0,90.0,Pass
G22415,2024,1,14,15.53,80.0,74.7,77.4,Pass
G22415,2025,1,17,15.89,95.0,71.1,83.1,Pass
G22415,2026,1,13,15.22,75.0,77.8,76.4,Pass
G22037,2024,1,18,13.98,100.0,90.2,95.1,Pass
G22037,2025,1,19,12.03,100.0,100.0,100.0,Pass
G22037,2026,2,17,14.68,100.0,88.2,94.1,Pass
G22579,2021,1,14,14.07,80.0,89.3,84.7,Pass
G22579,2022,1,17,10.7,95.0,100.0,97.5,Pass
G22579,2023,1,18,11.65,100.0,100.0,100.0,Pass
G22579,2024,1,15,13.7,85.0,93.0,89.0,Pass
G22579,2025,1,20,13.19,100.0,98.1,99.1,Pass
G22579,2026,1,14,12.72,80.0,100.0,90.0,Pass
G22977,2023,1,19,14.01,100.0,89.9,95.0,Pass
G22977,2024,1,18,14.88,100.0,81.2,90.6,Pass
G22977,2025,1,20,16.75,100.0,62.5,81.3,Pass
G22977,2026,1,11,13.52,65.0,94.8,79.9,Pass
G24065,2023,1,10,15.47,60.0,75.3,67.7,Pass
G24065,2024,1,12,15.13,70.0,78.7,74.4,Pass
G24065,2025,1,14,15.63,80.0,73.7,76.9,Pass
G24065,2026,1,16,13.59,90.0,94.1,92.1,Pass
G07673,2021,3,26,11.28,100.0,100.0,100.0,Pass
G07673,2022,4,23,15.88,100.0,86.2,93.1,Pass
G07673,2023,4,25,12.35,100.0,100.0,100.0,Pass
G07673,2024,4,26,10.8,100.0,100.0,100.0,Pass
G07673,2025,4,23,14.13,100.0,100.0,100.0,Pass
G07673,2026,4,20,13.41,100.0,100.0,100.0,Pass
G22535,2022,1,15,11.84,85.0,100.0,92.5,Pass
G22535,2023,1,19,13.85,100.0,91.5,95.8,Pass
G22535,2024,1,17,16.15,95.0,68.5,81.8,Pass
G22535,2025,1,16,13.97,90.0,90.3,90.2,Pass
G22535,2026,1,18,12.19,100.0,100.0,100.0,Pass
G23918,2022,1,17,12.3,95.0,100.0,97.5,Pass
G23918,2023,1,13,16.74,75.0,62.6,68.8,Pass
G23918,2024,1,19,14.97,100.0,80.3,90.2,Pass
G23918,2025,1,17,14.95,95.0,80.5,87.8,Pass
G23918,2026,1,9,13.95,55.0,90.5,72.8,Pass
G25132,2024,1,15,13.29,85.0,97.1,91.1,Pass
G25132,2025,1,9,15.83,55.0,71.7,63.4,Pass
G25132,2026,1,13,15.3,75.0,77.0,76.0,Pass
G22485,2023,1,12,12.71,70.0,100.0,85.0,Pass
G22485,2024,1,13,15.48,75.0,75.2,75.1,Pass
G22485,2025,1,19,17.23,100.0,57.7,78.9,Pass
G22485,2026,1,11,12.2,65.0,100.0,82.5,Pass
G22220,2024,1,20,14.59,100.0,84.1,92.1,Pass
G22220,2025,1,16,15.57,90.0,74.3,82.2,Pass
G22220,2026,1,18,14.42,100.0,85.8,92.9,Pass
G22168,2023,1,14,13.88,80.0,91.2,85.6,Pass
G22168,2024,1,16,15.46,90.0,75.4,82.7,Pass
G22168,2025,1,20,14.24,100.0,87.6,93.8,Pass
G22168,2026,1,18,16.32,100.0,66.8,83.4,Pass
G13401,2022,2,19,12.35,100.0,100.0,100.0,Pass
G13401,2023,2,23,12.26,100.0,100.0,100.0,Pass
G13401,2024,3,22,16.13,100.0,78.7,89.4,Pass
G13401,2025,3,28,10.58,100.0,100.0,100.0,Pass
G13401,2026,3,17,12.43,100.0,100.0,100.0,Pass
G25062,2024,1,15,14.74,85.0,82.6,83.8,Pass
G25062,2025,1,13,17.65,75.0,53.5,64.3,Pass
G25062,2026,1,14,16.19,80.0,68.1,74.1,Pass
G23312,2022,1,17,14.14,95.0,88.6,91.8,Pass
G23312,2023,1,17,14.05,95.0,89.5,92.3,Pass
G23312,2024,1,18,14.11,100.0,88.9,94.5,Pass
G23312,2025,1,12,14.72,70.0,82.8,76.4,Pass
G23312,2026,1,15,13.03,85.0,99.7,92.4,Pass
G11789,2021,2,24,12.01,100.0,100.0,100.0,Pass
G11789,2022,3,21,12.7,100.0,100.0,100.0,Pass
G11789,2023,3,24,14.9,100.0,91.0,95.5,Pass
G11789,2024,3,19,13.09,100.0,100.0,100.0,Pass
G11789,2025,3,21,14.43,100.0,95.7,97.9,Pass
G11789,2026,3,25,10.16,100.0,100.0,100.0,Pass
G25707,2024,1,11,15.78,65.0,72.2,68.6,Pass
G25707,2025,1,15,13.72,85.0,92.8,88.9,Pass
G25707,2026,1,18,13.01,100.0,99.9,100.0,Pass
G22436,2022,1,15,15.54,85.0,74.6,79.8,Pass
G22436,2023,1,21,13.31,100.0,96.9,98.5,Pass
G22436,2024,1,16,14.06,90.0,89.4,89.7,Pass
G22436,2025,1,17,11.83,95.0,100.0,97.5,Pass
G22436,2026,1,16,12.57,90.0,100.0,95.0,Pass
G13194,2021,2,21,14.82,100.0,86.8,93.4,Pass
G13194,2022,2,19,11.92,100.0,100.0,100.0,Pass
G13194,2023,3,25,15.31,100.0,86.9,93.5,Pass
G13194,2024,3,28,13.29,100.0,100.0,100.0,Pass
G13194,2025,3,27,12.03,100.0,100.0,100.0,Pass
G13194,2026,3,21,14.15,100.0,98.5,99.3,Pass
G24151,2024,1,12,12.96,70.0,100.0,85.0,Pass
G24151,2025,1,10,15.46,60.0,75.4,67.7,Pass
G24151,2026,1,13,16.5,75.0,65.0,70.0,Pass
G07405,2023,4,26,11.06,100.0,100.0,100.0,Pass
G07405,2024,4,24,14.46,100.0,100.0,100.0,Pass
G07405,2025,4,26,12.64,100.0,100.0,100.0,Pass
G07405,2026,4,27,13.09,100.0,100.0,100.0,Pass
G11903,2024,3,21,14.24,100.0,97.6,98.8,Pass
G11903,2025,3,19,14.37,100.0,96.3,98.2,Pass
G11903,2026,3,25,9.61,100.0,100.0,100.0,Pass
G23626,2023,1,14,13.76,80.0,92.4,86.2,Pass
G23626,2024,1,16,13.85,90.0,91.5,90.8,Pass
G23626,2025,1,16,11.91,90.0,100.0,95.0,Pass
G23626,2026,1,15,14.13,85.0,88.7,86.9,Pass
G09553,2021,3,27,12.47,100.0,100.0,100.0,Pass
G09553,2022,3,19,12.32,100.0,100.0,100.0,Pass
G09553,2023,3,23,12.74,100.0,100.0,100.0,Pass
G09553,2024,3,27,13.97,100.0,100.0,100.0,Pass
G09553,2025,4,28,13.39,100.0,100.0,100.0,Pass
G09553,2026,4,19,13.23,100.0,100.0,100.0,Pass
G22502,2024,1,16,14.26,90.0,87.4,88.7,Pass
G22502,2025,1,17,15.35,95.0,76.5,85.8,Pass
G22502,2026,1,17,16.22,95.0,67.8,81.4,Pass
G25177,2024,1,9,14.54,55.0,84.6,69.8,Pass
G25177,2025,1,15,14.31,85.0,86.9,86.0,Pass
G25177,2026,1,11,16.65,65.0,63.5,64.3,Pass
AO97317,2021,5,7,14.92,55.0,100.0,77.5,Pass
AO97317,2022,5,13,14.33,93.6,100.0,96.8,Pass
AO97317,2023,5,10,14.01,74.3,100.0,87.2,Pass
AO97317,2024,5,7,15.98,55.0,90.2,72.6,Pass
AO97317,2025,5,10,13.4,74.3,100.0,87.2,Pass
AO97317,2026,5,12,13.62,87.1,100.0,93.6,Pass
AO14416,2023,2,15,14.81,89.4,86.9,88.2,Pass
AO14416,2024,2,4,14.61,31.2,88.9,60.1,Pass
AO14416,2025,3,12,13.32,77.5,100.0,88.8,Pass
AO14416,2026,3,15,13.8,94.4,100.0,97.2,Pass
AO14212,2024,3,8,15.59,55.0,84.1,69.6,Pass
AO14212,2025,3,11,14.23,71.9,97.7,84.8,Pass
AO14212,2026,3,6,17.04,43.8,69.6,56.7,Fail
G23124,2023,1,20,11.08,100.0,100.0,100.0,Pass
G23124,2024,1,20,12.68,100.0,100.0,100.0,Pass
G23124,2025,1,14,13.56,80.0,94.4,87.2,Pass
G23124,2026,1,14,13.54,80.0,94.6,87.3,Pass
AO18162,2021,2,12,12.38,73.5,100.0,86.8,Pass
AO18162,2022,2,7,14.06,47.1,94.4,70.8,Pass
AO18162,2023,2,9,13.67,57.6,98.3,78.0,Pass
AO18162,2024,2,12,15.91,73.5,75.9,74.7,Pass
AO18162,2025,2,10,15.11,62.9,83.9,73.4,Pass
AO18162,2026,3,16,14.07,100.0,99.3,99.7,Pass
AO17072,2021,1,11,15.2,65.0,78.0,71.5,Pass
AO17072,2022,2,15,16.89,89.4,66.1,77.8,Pass
AO17072,2023,2,13,16.96,78.8,65.4,72.1,Pass
AO17072,2024,2,5,12.42,36.5,100.0,68.3,Pass
AO17072,2025,2,16,13.2,94.7,100.0,97.4,Pass
AO17072,2026,2,11,14.35,68.2,91.5,79.9,Pass
AO24985,2024,1,20,13.03,100.0,99.7,99.9,Pass
AO24985,2025,1,13,11.6,75.0,100.0,87.5,Pass
AO24985,2026,1,18,14.33,100.0,86.7,93.4,Pass
AO21429,2021,1,10,14.67,60.0,83.3,71.7,Pass
AO21429,2022,1,10,13.68,60.0,93.2,76.6,Pass
AO21429,2023,1,14,12.54,80.0,100.0,90.0,Pass
AO21429,2024,1,9,13.81,55.0,91.9,73.5,Pass
AO21429,2025,2,13,15.54,78.8,79.6,79.2,Pass
AO21429,2026,2,14,13.63,84.1,98.7,91.4,Pass
AO20240,2021,1,20,13.1,100.0,99.0,99.5,Pass
AO20240,2022,1,18,15.27,100.0,77.3,88.7,Pass
AO20240,2023,1,17,11.9,95.0,100.0,97.5,Pass
AO20240,2024,1,16,12.44,90.0,100.0,95.0,Pass
AO20240,2025,2,16,14.37,94.7,91.3,93.0,Pass
AO20240,2026,2,7,14.25,47.1,92.5,69.8,Pass
AO16860,2023,2,11,13.71,68.2,97.9,83.1,Pass
AO16860,2024,3,16,14.44,100.0,95.6,97.8,Pass
AO16860,2025,3,11,12.07,71.9,100.0,86.0,Pass
AO16860,2026,3,12,16.4,77.5,76.0,76.8,Pass
AO24475,2023,1,16,15.48,90.0,75.2,82.6,Pass
AO24475,2024,1,16,11.91,90.0,100.0,95.0,Pass
AO24475,2025,1,13,13.86,75.0,91.4,83.2,Pass
AO24475,2026,1,16,11.82,90.0,100.0,95.0,Pass
AO24451,2023,1,16,13.69,90.0,93.1,91.6,Pass
AO24451,2024,1,18,12.59,100.0,100.0,100.0,Pass
AO24451,2025,1,12,13.0,70.0,100.0,85.0,Pass
AO24451,2026,1,20,14.38,100.0,86.2,93.1,Pass
AO25736,2024,1,17,13.42,95.0,95.8,95.4,Pass
AO25736,2025,1,14,13.46,80.0,95.4,87.7,Pass
AO25736,2026,1,21,11.98,100.0,100.0,100.0,Pass
AO24080,2024,1,13,11.35,75.0,100.0,87.5,Pass
AO24080,2025,1,10,13.41,60.0,95.9,78.0,Pass
AO24080,2026,1,12,14.96,70.0,80.4,75.2,Pass
AO17637,2022,2,15,16.42,89.4,70.8,80.1,Pass
AO17637,2023,2,16,14.63,94.7,88.7,91.7,Pass
AO17637,2024,2,18,14.17,100.0,93.3,96.7,Pass
AO17637,2025,3,12,15.26,77.5,87.4,82.5,Pass
AO17637,2026,3,12,11.53,77.5,100.0,88.8,Pass
AO23313,2023,1,14,10.9,80.0,100.0,90.0,Pass
AO23313,2024,1,19,12.25,100.0,100.0,100.0,Pass
AO23313,2025,1,16,13.04,90.0,99.6,94.8,Pass
AO23313,2026,1,22,12.63,100.0,100.0,100.0,Pass
AO23316,2023,1,14,12.72,80.0,100.0,90.0,Pass
AO23316,2024,1,13,13.06,75.0,99.4,87.2,Pass
AO23316,2025,1,19,13.16,100.0,98.4,99.2,Pass
AO23316,2026,2,16,12.75,94.7,100.0,97.4,Pass
AO17887,2024,2,12,15.75,73.5,77.5,75.5,Pass
AO17887,2025,2,11,15.0,68.2,85.0,76.6,Pass
AO17887,2026,3,10,12.89,66.2,100.0,83.1,Pass
AO15343,2021,2,12,14.09,73.5,94.1,83.8,Pass
AO15343,2022,2,10,10.6,62.9,100.0,81.5,Pass
AO15343,2023,3,8,12.23,55.0,100.0,77.5,Pass
AO15343,2024,3,17,10.42,100.0,100.0,100.0,Pass
AO15343,2025,3,10,14.48,66.2,95.2,80.7,Pass
AO15343,2026,3,11,13.14,71.9,100.0,86.0,Pass
AO18123,2022,1,15,14.66,85.0,83.4,84.2,Pass
AO18123,2023,1,14,14.64,80.0,83.6,81.8,Pass
AO18123,2024,2,16,15.64,94.7,78.6,86.7,Pass
AO18123,2025,2,17,14.29,100.0,92.1,96.1,Pass
AO18123,2026,2,12,13.0,73.5,100.0,86.8,Pass
AO18600,2021,1,19,15.63,100.0,73.7,86.9,Pass
AO18600,2022,1,10,14.31,60.0,86.9,73.5,Pass
AO18600,2023,1,11,14.23,65.0,87.7,76.4,Pass
AO18600,2024,2,10,13.66,62.9,98.4,80.7,Pass
AO18600,2025,2,13,16.41,78.8,70.9,74.9,Pass
AO18600,2026,2,12,12.81,73.5,100.0,86.8,Pass
AO24112,2023,1,8,12.09,50.0,100.0,75.0,Pass
AO24112,2024,1,13,10.91,75.0,100.0,87.5,Pass
AO24112,2025,1,7,14.14,45.0,88.6,66.8,Pass
AO24112,2026,1,14,12.28,80.0,100.0,90.0,Pass
AO18070,2021,2,18,13.99,100.0,95.1,97.6,Pass
AO18070,2022,2,9,16.97,57.6,65.3,61.5,Pass
AO18070,2023,2,9,14.89,57.6,86.1,71.9,Pass
AO18070,2024,2,16,16.02,94.7,74.8,84.8,Pass
AO18070,2025,2,8,12.64,52.4,100.0,76.2,Pass
AO18070,2026,3,17,13.5,100.0,100.0,100.0,Pass
AO24903,2023,1,16,10.45,90.0,100.0,95.0,Pass
AO24903,2024,1,13,11.73,75.0,100.0,87.5,Pass
AO24903,2025,1,19,15.7,100.0,73.0,86.5,Pass
AO24903,2026,1,16,9.31,90.0,100.0,95.0,Pass
AO21835,2023,1,4,12.99,30.0,100.0,65.0,Pass
AO21835,2024,2,9,14.91,57.6,85.9,71.8,Pass
AO21835,2025,2,12,14.85,73.5,86.5,80.0,Pass
AO21835,2026,2,5,13.11,36.5,100.0,68.3,Pass
AO21206,2024,2,16,12.79,94.7,100.0,97.4,Pass
AO21206,2025,2,12,12.36,73.5,100.0,86.8,Pass
AO21206,2026,2,19,11.61,100.0,100.0,100.0,Pass
AO15626,2022,2,16,10.07,94.7,100.0,97.4,Pass
AO15626,2023,2,14,15.41,84.1,80.9,82.5,Pass
AO15626,2024,2,12,11.73,73.5,100.0,86.8,Pass
AO15626,2025,3,11,15.9,71.9,81.0,76.5,Pass
AO15626,2026,3,12,13.81,77.5,100.0,88.8,Pass
AO16652,2021,2,9,14.53,57.6,89.7,73.7,Pass
AO16652,2022,2,17,11.93,100.0,100.0,100.0,Pass
AO16652,2023,2,5,14.72,36.5,87.8,62.2,Pass
AO16652,2024,2,14,13.96,84.1,95.4,89.8,Pass
AO16652,2025,2,11,12.29,68.2,100.0,84.1,Pass
AO16652,2026,3,16,12.91,100.0,100.0,100.0,Pass
AO21394,2021,1,5,12.16,35.0,100.0,67.5,Pass
AO21394,2022,1,20,15.11,100.0,78.9,89.5,Pass
AO21394,2023,1,12,12.81,70.0,100.0,85.0,Pass
AO21394,2024,2,11,12.31,68.2,100.0,84.1,Pass
AO21394,2025,2,10,15.01,62.9,84.9,73.9,Pass
AO21394,2026,2,9,15.69,57.6,78.1,67.9,Pass
AO17667,2021,1,10,17.82,60.0,51.8,55.9,Fail
AO17667,2022,1,11,15.39,65.0,76.1,70.6,Pass
AO17667,2023,2,16,14.06,94.7,94.4,94.6,Pass
AO17667,2024,2,11,13.06,68.2,100.0,84.1,Pass
AO17667,2025,2,14,9.79,84.1,100.0,92.1,Pass
AO17667,2026,2,13,12.72,78.8,100.0,89.4,Pass
AO25008,2024,1,21,12.47,100.0,100.0,100.0,Pass
AO25008,2025,1,18,14.24,100.0,87.6,93.8,Pass
AO25008,2026,1,18,15.75,100.0,72.5,86.3,Pass
AO21911,2021,1,17,14.11,95.0,88.9,92.0,Pass
AO21911,2022,1,11,12.04,65.0,100.0,82.5,Pass
AO21911,2023,1,20,15.11,100.0,78.9,89.5,Pass
AO21911,2024,1,16,12.25,90.0,100.0,95.0,Pass
AO21911,2025,2,13,12.44,78.8,100.0,89.4,Pass
AO21911,2026,2,11,11.46,68.2,100.0,84.1,Pass
AO24650,2023,1,13,11.57,75.0,100.0,87.5,Pass
AO24650,2024,1,19,13.85,100.0,91.5,95.8,Pass
AO24650,2025,1,15,15.26,85.0,77.4,81.2,Pass
AO24650,2026,2,15,12.15,89.4,100.0,94.7,Pass
AO13655,2021,2,16,14.67,94.7,88.3,91.5,Pass
AO13655,2022,3,20,15.96,100.0,80.4,90.2,Pass
AO13655,2023,3,11,14.49,71.9,95.1,83.5,Pass
AO13655,2024,3,20,16.48,100.0,75.2,87.6,Pass
AO13655,2025,3,8,14.11,55.0,98.9,77.0,Pass
AO13655,2026,3,13,13.83,83.1,100.0,91.6,Pass
AO19192,2021,1,10,16.38,60.0,66.2,63.1,Pass
AO19192,2022,1,13,12.83,75.0,100.0,87.5,Pass
AO19192,2023,1,13,14.63,75.0,83.7,79.4,Pass
AO19192,2024,2,6,14.13,41.8,93.7,67.8,Pass
AO19192,2025,2,6,13.58,41.8,99.2,70.5,Pass
AO19192,2026,2,13,10.93,78.8,100.0,89.4,Pass
AO22118,2024,1,6,14.01,40.0,89.9,65.0,Pass
AO22118,2025,2,8,14.8,52.4,87.0,69.7,Pass
AO22118,2026,2,14,12.88,84.1,100.0,92.1,Pass
AO24579,2024,1,14,13.54,80.0,94.6,87.3,Pass
AO24579,2025,1,19,10.91,100.0,100.0,100.0,Pass
AO24579,2026,1,15,14.41,85.0,85.9,85.5,Pass
AO12488,2023,3,17,14.96,100.0,90.4,95.2,Pass
AO12488,2024,3,12,13.69,77.5,100.0,88.8,Pass
AO12488,2025,3,7,15.23,49.4,87.7,68.6,Pass
AO12488,2026,3,13,14.29,83.1,97.1,90.1,Pass
AO24665,2024,1,17,11.97,95.0,100.0,97.5,Pass
AO24665,2025,1,16,15.59,90.0,74.1,82.1,Pass
AO24665,2026,1,18,12.68,100.0,100.0,100.0,Pass
AO18360,2021,1,11,14.0,65.0,90.0,77.5,Pass
AO18360,2022,2,17,11.28,100.0,100.0,100.0,Pass
AO18360,2023,2,12,13.95,73.5,95.5,84.5,Pass
AO18360,2024,2,14,13.4,84.1,100.0,92.1,Pass
AO18360,2025,2,14,14.18,84.1,93.2,88.7,Pass
AO18360,2026,2,10,13.43,62.9,100.0,81.5,Pass
AO12822,2022,3,9,13.92,60.6,100.0,80.3,Pass
AO12822,2023,3,12,10.49,77.5,100.0,88.8,Pass
AO12822,2024,3,9,13.65,60.6,100.0,80.3,Pass
AO12822,2025,3,14,9.75,88.8,100.0,94.4,Pass
AO12822,2026,3,9,17.04,60.6,69.6,65.1,Pass
AO11938,2021,3,9,14.12,60.6,98.8,79.7,Pass
AO11938,2022,3,9,12.56,60.6,100.0,80.3,Pass
AO11938,2023,3,12,12.57,77.5,100.0,88.8,Pass
AO11938,2024,4,10,14.43,70.0,100.0,85.0,Pass
AO11938,2025,4,8,15.55,58.0,89.5,73.8,Pass
AO11938,2026,4,12,11.98,82.0,100.0,91.0,Pass
AO21355,2024,2,16,14.17,94.7,93.3,94.0,Pass
AO21355,2025,2,13,14.61,78.8,88.9,83.9,Pass
AO21355,2026,2,13,13.63,78.8,98.7,88.8,Pass
AO16958,2021,2,5,13.99,36.5,95.1,65.8,Pass
AO16958,2022,2,8,13.84,52.4,96.6,74.5,Pass
AO16958,2023,2,9,14.32,57.6,91.8,74.7,Pass
AO16958,2024,2,12,14.95,73.5,85.5,79.5,Pass
AO16958,2025,3,12,11.19,77.5,100.0,88.8,Pass
AO16958,2026,3,7,12.14,49.4,100.0,74.7,Pass
AO23557,2023,1,18,14.39,100.0,86.1,93.1,Pass
AO23557,2024,1,14,11.61,80.0,100.0,90.0,Pass
AO23557,2025,1,20,13.13,100.0,98.7,99.4,Pass
AO23557,2026,1,11,16.25,65.0,67.5,66.3,Pass
G08994,2021,3,26,12.9,100.0,100.0,100.0,Pass
G08994,2022,3,21,10.58,100.0,100.0,100.0,Pass
G08994,2023,4,28,12.14,100.0,100.0,100.0,Pass
G08994,2024,4,25,11.85,100.0,100.0,100.0,Pass
G08994,2025,4,30,10.21,100.0,100.0,100.0,Pass
G08994,2026,4,26,15.28,100.0,92.2,96.1,Pass
G21193,2021,1,15,14.74,85.0,82.6,83.8,Pass
G21193,2022,1,13,13.92,75.0,90.8,82.9,Pass
G21193,2023,1,18,14.27,100.0,87.3,93.7,Pass
G21193,2024,1,18,16.01,100.0,69.9,85.0,Pass
G21193,2025,1,14,12.9,80.0,100.0,90.0,Pass
G21193,2026,2,19,15.08,100.0,84.2,92.1,Pass
G23405,2022,1,14,12.33,80.0,100.0,90.0,Pass
G23405,2023,1,14,12.85,80.0,100.0,90.0,Pass
G23405,2024,1,18,14.02,100.0,89.8,94.9,Pass
G23405,2025,1,17,12.76,95.0,100.0,97.5,Pass
G23405,2026,1,13,14.54,75.0,84.6,79.8,Pass
G21265,2021,1,17,11.75,95.0,100.0,97.5,Pass
G21265,2022,1,22,14.51,100.0,84.9,92.5,Pass
G21265,2023,1,18,17.29,100.0,57.1,78.6,Pass
G21265,2024,1,18,11.92,100.0,100.0,100.0,Pass
G21265,2025,1,20,13.74,100.0,92.6,96.3,Pass
G21265,2026,1,16,11.55,90.0,100.0,95.0,Pass
G23583,2024,1,18,12.37,100.0,100.0,100.0,Pass
G23583,2025,1,20,15.42,100.0,75.8,87.9,Pass
G23583,2026,1,12,14.67,70.0,83.3,76.7,Pass
G16237,2021,1,15,11.85,85.0,100.0,92.5,Pass
G16237,2022,2,17,13.15,100.0,100.0,100.0,Pass
G16237,2023,2,18,13.31,100.0,100.0,100.0,Pass
G16237,2024,2,23,14.78,100.0,87.2,93.6,Pass
G16237,2025,2,18,14.87,100.0,86.3,93.2,Pass
G16237,2026,2,22,12.09,100.0,100.0,100.0,Pass
G12759,2022,2,22,15.96,100.0,75.4,87.7,Pass
G12759,2023,3,24,14.24,100.0,97.6,98.8,Pass
G12759,2024,3,23,13.92,100.0,100.0,100.0,Pass
G12759,2025,3,24,13.51,100.0,100.0,100.0,Pass
G12759,2026,3,20,15.5,100.0,85.0,92.5,Pass
G21712,2023,1,17,16.39,95.0,66.1,80.6,Pass
G21712,2024,1,15,13.04,85.0,99.6,92.3,Pass
G21712,2025,1,14,14.97,80.0,80.3,80.2,Pass
G21712,2026,1,18,13.74,100.0,92.6,96.3,Pass
G11534,2023,3,27,17.88,100.0,61.2,80.6,Pass
G11534,2024,3,21,14.75,100.0,92.5,96.3,Pass
G11534,2025,3,24,14.22,100.0,97.8,98.9,Pass
G11534,2026,4,28,15.21,100.0,92.9,96.5,Pass
G13338,2022,2,21,12.37,100.0,100.0,100.0,Pass
G13338,2023,2,23,14.69,100.0,88.1,94.1,Pass
G13338,2024,2,25,12.02,100.0,100.0,100.0,Pass
G13338,2025,3,28,10.69,100.0,100.0,100.0,Pass
G13338,2026,3,25,14.57,100.0,94.3,97.2,Pass
G24740,2024,1,14,15.7,80.0,73.0,76.5,Pass
G24740,2025,1,12,16.08,70.0,69.2,69.6,Pass
G24740,2026,1,7,16.64,45.0,63.6,54.3,Fail
G24625,2023,1,8,15.23,50.0,77.7,63.9,Pass
G24625,2024,1,10,16.34,60.0,66.6,63.3,Pass
G24625,2025,1,14,13.52,80.0,94.8,87.4,Pass
G24625,2026,1,14,14.99,80.0,80.1,80.1,Pass
G08825,2024,4,24,12.39,100.0,100.0,100.0,Pass
G08825,2025,4,25,13.15,100.0,100.0,100.0,Pass
G08825,2026,4,27,12.89,100.0,100.0,100.0,Pass
G24228,2024,1,14,16.13,80.0,68.7,74.4,Pass
G24228,2025,1,9,15.26,55.0,77.4,66.2,Pass
G24228,2026,1,14,13.03,80.0,99.7,89.9,Pass
G22914,2024,1,14,13.16,80.0,98.4,89.2,Pass
G22914,2025,1,14,14.42,80.0,85.8,82.9,Pass
G22914,2026,1,20,17.09,100.0,59.1,79.6,Pass
G23950,2022,1,16,15.26,90.0,77.4,83.7,Pass
G23950,2023,1,17,14.89,95.0,81.1,88.1,Pass
G23950,2024,1,13,13.86,75.0,91.4,83.2,Pass
G23950,2025,1,21,10.51,100.0,100.0,100.0,Pass
G23950,2026,1,19,11.46,100.0,100.0,100.0,Pass
G18229,2021,1,17,12.0,95.0,100.0,97.5,Pass
G18229,2022,1,19,12.37,100.0,100.0,100.0,Pass
G18229,2023,1,22,10.54,100.0,100.0,100.0,Pass
G18229,2024,2,26,12.05,100.0,100.0,100.0,Pass
G18229,2025,2,25,11.1,100.0,100.0,100.0,Pass
G18229,2026,2,23,12.79,100.0,100.0,100.0,Pass
G10034,2024,3,24,11.83,100.0,100.0,100.0,Pass
G10034,2025,4,28,10.47,100.0,100.0,100.0,Pass
G10034,2026,4,16,14.61,100.0,98.9,99.5,Pass
G24055,2024,1,12,14.85,70.0,81.5,75.8,Pass
G24055,2025,1,16,17.44,90.0,55.6,72.8,Pass
G24055,2026,1,12,15.79,70.0,72.1,71.1,Pass
G17751,2021,1,22,14.33,100.0,86.7,93.4,Pass
G17751,2022,1,24,14.29,100.0,87.1,93.6,Pass
G17751,2023,2,24,15.7,100.0,78.0,89.0,Pass
G17751,2024,2,16,12.37,94.7,100.0,97.4,Pass
G17751,2025,2,15,12.98,89.4,100.0,94.7,Pass
G17751,2026,2,22,12.47,100.0,100.0,100.0,Pass
G21335,2022,1,13,12.48,75.0,100.0,87.5,Pass
G21335,2023,1,15,14.19,85.0,88.1,86.6,Pass
G21335,2024,1,14,13.72,80.0,92.8,86.4,Pass
G21335,2025,1,20,13.6,100.0,94.0,97.0,Pass
G21335,2026,1,15,12.03,85.0,100.0,92.5,Pass
G19692,2022,1,20,14.79,100.0,82.1,91.1,Pass
G19692,2023,1,17,11.9,95.0,100.0,97.5,Pass
G19692,2024,2,23,11.43,100.0,100.0,100.0,Pass
G19692,2025,2,24,15.37,100.0,81.3,90.7,Pass
G19692,2026,2,17,11.91,100.0,100.0,100.0,Pass
G18048,2022,1,16,13.11,90.0,98.9,94.5,Pass
G18048,2023,2,22,17.19,100.0,63.1,81.6,Pass
G18048,2024,2,30,15.81,100.0,76.9,88.5,Pass
G18048,2025,2,19,14.67,100.0,88.3,94.2,Pass
G18048,2026,2,22,11.62,100.0,100.0,100.0,Pass
G23617,2023,1,15,14.37,85.0,86.3,85.7,Pass
G23617,2024,1,19,15.38,100.0,76.2,88.1,Pass
G23617,2025,1,22,11.33,100.0,100.0,100.0,Pass
G23617,2026,1,13,14.67,75.0,83.3,79.2,Pass
G18607,2021,1,19,12.4,100.0,100.0,100.0,Pass
G18607,2022,1,13,15.48,75.0,75.2,75.1,Pass
G18607,2023,2,18,12.34,100.0,100.0,100.0,Pass
G18607,2024,2,20,13.19,100.0,100.0,100.0,Pass
G18607,2025,2,24,10.64,100.0,100.0,100.0,Pass
G18607,2026,2,24,9.03,100.0,100.0,100.0,Pass
G22495,2022,1,12,13.88,70.0,91.2,80.6,Pass
G22495,2023,1,17,12.61,95.0,100.0,97.5,Pass
G22495,2024,1,9,12.06,55.0,100.0,77.5,Pass
G22495,2025,1,17,14.7,95.0,83.0,89.0,Pass
G22495,2026,1,20,14.84,100.0,81.6,90.8,Pass
G22236,2022,1,12,13.78,70.0,92.2,81.1,Pass
G22236,2023,1,22,14.94,100.0,80.6,90.3,Pass
G22236,2024,1,16,11.09,90.0,100.0,95.0,Pass
G22236,2025,1,12,12.54,70.0,100.0,85.0,Pass
G22236,2026,1,17,13.88,95.0,91.2,93.1,Pass
G22081,2021,1,17,12.83,95.0,100.0,97.5,Pass
G22081,2022,1,18,12.66,100.0,100.0,100.0,Pass
G22081,2023,1,14,14.28,80.0,87.2,83.6,Pass
G22081,2024,1,16,15.09,90.0,79.1,84.6,Pass
G22081,2025,1,17,10.35,95.0,100.0,97.5,Pass
G22081,2026,1,18,11.07,100.0,100.0,100.0,Pass
G23603,2023,1,11,13.52,65.0,94.8,79.9,Pass
G23603,2024,1,14,14.41,80.0,85.9,83.0,Pass
G23603,2025,1,11,11.61,65.0,100.0,82.5,Pass
G23603,2026,1,16,13.63,90.0,93.7,91.9,Pass
G23250,2022,1,15,13.26,85.0,97.4,91.2,Pass
G23250,2023,1,15,11.09,85.0,100.0,92.5,Pass
G23250,2024,1,20,10.57,100.0,100.0,100.0,Pass
G23250,2025,1,19,13.59,100.0,94.1,97.1,Pass
G23250,2026,1,14,13.77,80.0,92.3,86.2,Pass
G21406,2021,1,16,14.99,90.0,80.1,85.1,Pass
G21406,2022,1,12,14.72,70.0,82.8,76.4,Pass
G21406,2023,1,12,13.0,70.0,100.0,85.0,Pass
G21406,2024,1,14,12.79,80.0,100.0,90.0,Pass
G21406,2025,1,19,11.04,100.0,100.0,100.0,Pass
G21406,2026,1,14,15.14,80.0,78.6,79.3,Pass
G24842,2023,1,17,14.89,95.0,81.1,88.1,Pass
G24842,2024,1,14,14.74,80.0,82.6,81.3,Pass
G24842,2025,1,11,15.53,65.0,74.7,69.9,Pass
G24842,2026,1,14,15.37,80.0,76.3,78.2,Pass
G09851,2024,3,26,15.08,100.0,89.2,94.6,Pass
G09851,2025,4,24,13.89,100.0,100.0,100.0,Pass
G09851,2026,4,21,10.89,100.0,100.0,100.0,Pass
G17884,2021,1,20,11.32,100.0,100.0,100.0,Pass
G17884,2022,1,17,13.57,95.0,94.3,94.7,Pass
G17884,2023,2,18,14.59,100.0,89.1,94.6,Pass
G17884,2024,2,18,15.55,100.0,79.5,89.8,Pass
G17884,2025,2,19,12.4,100.0,100.0,100.0,Pass
G17884,2026,2,15,10.35,89.4,100.0,94.7,Pass
G25117,2024,1,12,16.0,70.0,70.0,70.0,Pass
G25117,2025,1,13,13.43,75.0,95.7,85.4,Pass
G25117,2026,1,10,17.58,60.0,54.2,57.1,Fail
G25881,2024,1,9,14.59,55.0,84.1,69.6,Pass
G25881,2025,1,14,14.03,80.0,89.7,84.9,Pass
G25881,2026,1,8,14.73,50.0,82.7,66.4,Pass
G22817,2022,1,16,15.12,90.0,78.8,84.4,Pass
G22817,2023,1,19,13.78,100.0,92.2,96.1,Pass
G22817,2024,1,14,12.51,80.0,100.0,90.0,Pass
G22817,2025,1,15,13.96,85.0,90.4,87.7,Pass
G22817,2026,1,19,12.91,100.0,100.0,100.0,Pass
G24028,2023,1,6,16.29,40.0,67.1,53.6,Fail
G24028,2024,1,11,15.34,65.0,76.6,70.8,Pass
G24028,2025,1,13,13.72,75.0,92.8,83.9,Pass
G24028,2026,1,17,17.65,95.0,53.5,74.3,Pass
G21397,2021,1,19,11.51,100.0,100.0,100.0,Pass
G21397,2022,1,18,12.95,100.0,100.0,100.0,Pass
G21397,2023,1,19,13.67,100.0,93.3,96.7,Pass
G21397,2024,1,19,11.8,100.0,100.0,100.0,Pass
G21397,2025,1,22,14.5,100.0,85.0,92.5,Pass
G21397,2026,1,17,13.26,95.0,97.4,96.2,Pass
G22616,2021,1,11,13.8,65.0,92.0,78.5,Pass
G22616,2022,1,11,16.1,65.0,69.0,67.0,Pass
G22616,2023,1,19,13.01,100.0,99.9,100.0,Pass
G22616,2024,1,18,13.52,100.0,94.8,97.4,Pass
G22616,2025,1,12,14.09,70.0,89.1,79.6,Pass
G22616,2026,1,19,11.46,100.0,100.0,100.0,Pass
G16679,2022,2,19,10.99,100.0,100.0,100.0,Pass
G16679,2023,2,22,12.67,100.0,100.0,100.0,Pass
G16679,2024,2,20,15.3,100.0,82.0,91.0,Pass
G16679,2025,2,17,13.51,100.0,99.9,100.0,Pass
G16679,2026,2,23,14.17,100.0,93.3,96.7,Pass
G25490,2024,1,14,16.54,80.0,64.6,72.3,Pass
G25490,2025,1,15,16.37,85.0,66.3,75.7,Pass
G25490,2026,1,16,13.04,90.0,99.6,94.8,Pass
G22788,2023,1,18,15.43,100.0,75.7,87.9,Pass
G22788,2024,1,11,15.02,65.0,79.8,72.4,Pass
G22788,2025,1,13,17.81,75.0,51.9,63.5,Pass
G22788,2026,1,15,12.05,85.0,100.0,92.5,Pass
G21226,2022,1,15,14.43,85.0,85.7,85.4,Pass
G21226,2023,1,14,13.19,80.0,98.1,89.1,Pass
G21226,2024,1,15,10.8,85.0,100.0,92.5,Pass
G21226,2025,1,16,14.41,90.0,85.9,88.0,Pass
G21226,2026,2,20,11.49,100.0,100.0,100.0,Pass
G22189,2022,1,17,13.5,95.0,95.0,95.0,Pass
G22189,2023,1,15,13.89,85.0,91.1,88.1,Pass
G22189,2024,1,21,15.78,100.0,72.2,86.1,Pass
G22189,2025,1,18,13.49,100.0,95.1,97.6,Pass
G22189,2026,1,16,13.7,90.0,93.0,91.5,Pass
G21086,2023,1,18,14.16,100.0,88.4,94.2,Pass
G21086,2024,1,19,14.26,100.0,87.4,93.7,Pass
G21086,2025,1,13,13.45,75.0,95.5,85.3,Pass
G21086,2026,2,20,17.14,100.0,63.6,81.8,Pass
G07800,2024,4,19,16.3,100.0,82.0,91.0,Pass
G07800,2025,4,27,14.71,100.0,97.9,99.0,Pass
G07800,2026,4,18,10.34,100.0,100.0,100.0,Pass
G21074,2022,1,16,14.41,90.0,85.9,88.0,Pass
G21074,2023,1,19,14.74,100.0,82.6,91.3,Pass
G21074,2024,1,16,14.06,90.0,89.4,89.7,Pass
G21074,2025,1,15,16.11,85.0,68.9,77.0,Pass
G21074,2026,1,18,13.35,100.0,96.5,98.3,Pass
G23622,2022,1,16,17.52,90.0,54.8,72.4,Pass
G23622,2023,1,14,12.88,80.0,100.0,90.0,Pass
G23622,2024,1,10,16.02,60.0,69.8,64.9,Pass
G23622,2025,1,20,14.03,100.0,89.7,94.9,Pass
G23622,2026,1,20,17.77,100.0,52.3,76.2,Pass
G08080,2022,3,22,11.86,100.0,100.0,100.0,Pass
G08080,2023,4,21,12.26,100.0,100.0,100.0,Pass
G08080,2024,4,24,14.06,100.0,100.0,100.0,Pass
G08080,2025,4,21,12.3,100.0,100.0,100.0,Pass
G08080,2026,4,26,14.86,100.0,96.4,98.2,Pass
G18336,2022,1,19,13.38,100.0,96.2,98.1,Pass
G18336,2023,1,17,13.47,95.0,95.3,95.2,Pass
G18336,2024,2,26,15.44,100.0,80.6,90.3,Pass
G18336,2025,2,20,14.14,100.0,93.6,96.8,Pass
G18336,2026,2,21,14.06,100.0,94.4,97.2,Pass
G19856,2021,1,18,12.3,100.0,100.0,100.0,Pass
G19856,2022,1,22,13.24,100.0,97.6,98.8,Pass
G19856,2023,1,22,16.92,100.0,60.8,80.4,Pass
G19856,2024,1,16,13.54,90.0,94.6,92.3,Pass
G19856,2025,2,19,11.61,100.0,100.0,100.0,Pass
G19856,2026,2,25,13.49,100.0,100.0,100.0,Pass
G06810,2021,3,19,9.95,100.0,100.0,100.0,Pass
G06810,2022,4,21,13.33,100.0,100.0,100.0,Pass
G06810,2023,4,27,15.42,100.0,90.8,95.4,Pass
G06810,2024,4,22,12.25,100.0,100.0,100.0,Pass
G06810,2025,4,23,12.32,100.0,100.0,100.0,Pass
G06810,2026,4,21,13.59,100.0,100.0,100.0,Pass
G09028,2023,3,24,14.77,100.0,92.3,96.2,Pass
G09028,2024,3,22,13.04,100.0,100.0,100.0,Pass
G09028,2025,4,24,12.37,100.0,100.0,100.0,Pass
G09028,2026,4,21,15.27,100.0,92.3,96.2,Pass
G25779,2025,1,15,12.39,85.0,100.0,92.5,Pass
G25779,2026,1,15,15.94,85.0,70.6,77.8,Pass
G16461,2022,1,21,14.04,100.0,89.6,94.8,Pass
G16461,2023,2,18,14.8,100.0,87.0,93.5,Pass
G16461,2024,2,20,11.3,100.0,100.0,100.0,Pass
G16461,2025,2,22,12.83,100.0,100.0,100.0,Pass
G16461,2026,2,20,12.78,100.0,100.0,100.0,Pass
G25044,2024,1,16,16.18,90.0,68.2,79.1,Pass
G25044,2025,1,11,16.81,65.0,61.9,63.5,Pass
G25044,2026,1,8,15.18,50.0,78.2,64.1,Pass
G24144,2023,1,16,12.3,90.0,100.0,95.0,Pass
G24144,2024,1,11,15.04,65.0,79.6,72.3,Pass
G24144,2025,1,19,12.72,100.0,100.0,100.0,Pass
G24144,2026,1,10,13.18,60.0,98.2,79.1,Pass
G22135,2022,1,16,12.91,90.0,100.0,95.0,Pass
G22135,2023,1,16,16.06,90.0,69.4,79.7,Pass
G22135,2024,1,17,17.23,95.0,57.7,76.4,Pass
G22135,2025,1,22,11.55,100.0,100.0,100.0,Pass
G22135,2026,1,21,14.44,100.0,85.6,92.8,Pass
G22448,2021,1,18,13.84,100.0,91.6,95.8,Pass
G22448,2022,1,16,14.92,90.0,80.8,85.4,Pass
G22448,2023,1,18,14.99,100.0,80.1,90.1,Pass
G22448,2024,1,17,10.83,95.0,100.0,97.5,Pass
G22448,2025,1,22,13.39,100.0,96.1,98.1,Pass
G22448,2026,1,15,12.73,85.0,100.0,92.5,Pass
AO97468,2024,5,4,16.91,35.7,80.9,58.3,Fail
AO97468,2025,5,12,14.03,87.1,100.0,93.6,Pass
AO97468,2026,5,5,14.03,42.1,100.0,71.1,Pass
AO12000,2021,3,7,14.5,49.4,95.0,72.2,Pass
AO12000,2022,3,10,12.99,66.2,100.0,83.1,Pass
AO12000,2023,3,11,15.4,71.9,86.0,79.0,Pass
AO12000,2024,3,12,13.05,77.5,100.0,88.8,Pass
AO12000,2025,4,9,13.82,64.0,100.0,82.0,Pass
AO12000,2026,4,8,13.0,58.0,100.0,79.0,Pass
AO13467,2021,3,15,12.71,94.4,100.0,97.2,Pass
AO13467,2022,3,9,15.97,60.6,80.3,70.5,Pass
AO13467,2023,3,5,13.83,38.1,100.0,69.1,Pass
AO13467,2024,3,9,14.68,60.6,93.2,76.9,Pass
AO13467,2025,3,4,13.66,32.5,100.0,66.3,Pass
AO13467,2026,4,12,15.84,82.0,86.6,84.3,Pass
G06923,2024,4,21,13.99,100.0,100.0,100.0,Pass
G06923,2025,4,21,10.94,100.0,100.0,100.0,Pass
G06923,2026,4,23,12.89,100.0,100.0,100.0,Pass
AO12830,2022,3,3,14.58,26.9,94.2,60.6,Pass
AO12830,2023,3,7,14.36,49.4,96.4,72.9,Pass
AO12830,2024,3,9,17.38,60.6,66.2,63.4,Pass
AO12830,2025,4,10,14.47,70.0,100.0,85.0,Pass
AO12830,2026,4,11,13.8,76.0,100.0,88.0,Pass
AO22617,2021,1,13,10.2,75.0,100.0,87.5,Pass
AO22617,2022,1,13,11.28,75.0,100.0,87.5,Pass
AO22617,2023,1,13,13.61,75.0,93.9,84.5,Pass
AO22617,2024,1,15,11.11,85.0,100.0,92.5,Pass
AO22617,2025,1,14,15.21,80.0,77.9,79.0,Pass
AO22617,2026,1,19,16.14,100.0,68.6,84.3,Pass
AO25183,2024,1,14,12.99,80.0,100.0,90.0,Pass
AO25183,2025,1,20,15.55,100.0,74.5,87.3,Pass
AO25183,2026,1,14,15.52,80.0,74.8,77.4,Pass
AO21436,2021,1,14,12.16,80.0,100.0,90.0,Pass
AO21436,2022,1,14,12.38,80.0,100.0,90.0,Pass
AO21436,2023,1,11,14.71,65.0,82.9,74.0,Pass
AO21436,2024,1,16,16.91,90.0,60.9,75.5,Pass
AO21436,2025,2,14,15.57,84.1,79.3,81.7,Pass
AO21436,2026,2,11,13.06,68.2,100.0,84.1,Pass
AO23681,2023,1,14,13.36,80.0,96.4,88.2,Pass
AO23681,2024,1,9,12.35,55.0,100.0,77.5,Pass
AO23681,2025,1,13,14.14,75.0,88.6,81.8,Pass
AO23681,2026,2,14,13.78,84.1,97.2,90.7,Pass
AO25376,2024,1,17,13.5,95.0,95.0,95.0,Pass
AO25376,2025,1,17,11.39,95.0,100.0,97.5,Pass
AO25376,2026,1,13,12.84,75.0,100.0,87.5,Pass
AO22093,2021,1,7,13.02,45.0,99.8,72.4,Pass
AO22093,2022,1,13,13.74,75.0,92.6,83.8,Pass
AO22093,2023,1,11,12.99,65.0,100.0,82.5,Pass
AO22093,2024,1,7,14.27,45.0,87.3,66.2,Pass
AO22093,2025,1,13,13.06,75.0,99.4,87.2,Pass
AO22093,2026,2,12,14.63,73.5,88.7,81.1,Pass
AO23780,2023,1,15,14.23,85.0,87.7,86.4,Pass
AO23780,2024,1,16,11.41,90.0,100.0,95.0,Pass
AO23780,2025,1,11,12.09,65.0,100.0,82.5,Pass
AO23780,2026,1,15,13.73,85.0,92.7,88.9,Pass
AO14671,2021,2,19,12.84,100.0,100.0,100.0,Pass
AO14671,2022,3,11,13.63,71.9,100.0,86.0,Pass
AO14671,2023,3,14,13.27,88.8,100.0,94.4,Pass
AO14671,2024,3,9,14.54,60.6,94.6,77.6,Pass
AO14671,2025,3,16,12.35,100.0,100.0,100.0,Pass
AO14671,2026,3,13,15.22,83.1,87.8,85.5,Pass
AO11537,2021,3,14,15.95,88.8,80.5,84.7,Pass
AO11537,2022,3,9,12.31,60.6,100.0,80.3,Pass
AO11537,2023,3,4,11.41,32.5,100.0,66.3,Pass
AO11537,2024,3,0,15.99,10.0,80.1,45.1,Fail
AO11537,2025,4,12,13.12,82.0,100.0,91.0,Pass
AO11537,2026,4,7,14.12,52.0,100.0,76.0,Pass
AO12140,2021,3,13,13.37,83.1,100.0,91.6,Pass
AO12140,2022,3,6,14.29,43.8,97.1,70.5,Pass
AO12140,2023,3,13,14.32,83.1,96.8,90.0,Pass
AO12140,2024,3,17,14.44,100.0,95.6,97.8,Pass
AO12140,2025,3,9,14.5,60.6,95.0,77.8,Pass
AO12140,2026,4,14,15.4,94.0,91.0,92.5,Pass
AO20080,2021,1,16,13.0,90.0,100.0,95.0,Pass
AO20080,2022,1,12,12.95,70.0,100.0,85.0,Pass
AO20080,2023,2,14,10.2,84.1,100.0,92.1,Pass
AO20080,2024,2,15,12.73,89.4,100.0,94.7,Pass
AO20080,2025,2,18,11.77,100.0,100.0,100.0,Pass
AO20080,2026,2,16,11.25,94.7,100.0,97.4,Pass
AO19031,2021,1,14,13.41,80.0,95.9,88.0,Pass
AO19031,2022,1,12,14.02,70.0,89.8,79.9,Pass
AO19031,2023,1,15,13.62,85.0,93.8,89.4,Pass
AO19031,2024,2,11,15.21,68.2,82.9,75.6,Pass
AO19031,2025,2,11,13.0,68.2,100.0,84.1,Pass
AO19031,2026,2,11,13.37,68.2,100.0,84.1,Pass
AO18862,2021,1,13,13.16,75.0,98.4,86.7,Pass
AO18862,2022,2,13,15.83,78.8,76.7,77.8,Pass
AO18862,2023,2,20,11.6,100.0,100.0,100.0,Pass
AO18862,2024,2,16,16.19,94.7,73.1,83.9,Pass
AO18862,2025,2,16,12.88,94.7,100.0,97.4,Pass
AO18862,2026,2,11,13.26,68.2,100.0,84.1,Pass
AO14110,2021,2,11,12.39,68.2,100.0,84.1,Pass
AO14110,2022,3,9,15.2,60.6,88.0,74.3,Pass
AO14110,2023,3,13,15.26,83.1,87.4,85.3,Pass
AO14110,2024,3,9,12.78,60.6,100.0,80.3,Pass
AO14110,2025,3,12,13.2,77.5,100.0,88.8,Pass
AO14110,2026,3,14,15.31,88.8,86.9,87.9,Pass
AO23445,2024,1,25,15.11,100.0,78.9,89.5,Pass
AO23445,2025,1,17,12.28,95.0,100.0,97.5,Pass
AO23445,2026,1,12,14.94,70.0,80.6,75.3,Pass
AO25358,2024,1,15,12.47,85.0,100.0,92.5,Pass
AO25358,2025,1,16,14.46,90.0,85.4,87.7,Pass
AO25358,2026,1,12,15.45,70.0,75.5,72.8,Pass
AO13818,2023,3,4,14.14,32.5,98.6,65.6,Pass
AO13818,2024,3,8,13.41,55.0,100.0,77.5,Pass
AO13818,2025,3,8,14.67,55.0,93.3,74.2,Pass
AO13818,2026,4,1,13.53,16.0,100.0,58.0,Fail
AO23508,2023,1,14,17.32,80.0,56.8,68.4,Pass
AO23508,2024,1,21,13.13,100.0,98.7,99.4,Pass
AO23508,2025,1,11,12.48,65.0,100.0,82.5,Pass
AO23508,2026,2,18,13.04,100.0,100.0,100.0,Pass
AO23410,2023,1,16,14.43,90.0,85.7,87.9,Pass
AO23410,2024,1,18,13.48,100.0,95.2,97.6,Pass
AO23410,2025,1,18,15.7,100.0,73.0,86.5,Pass
AO23410,2026,2,13,13.36,78.8,100.0,89.4,Pass
AO18024,2023,2,8,13.93,52.4,95.7,74.1,Pass
AO18024,2024,2,3,13.77,25.9,97.3,61.6,Pass
AO18024,2025,2,14,13.42,84.1,100.0,92.1,Pass
AO18024,2026,2,5,17.11,36.5,63.9,50.2,Fail
AO16212,2021,1,16,13.07,90.0,99.3,94.7,Pass
AO16212,2022,2,12,17.41,73.5,60.9,67.2,Pass
AO16212,2023,2,17,13.16,100.0,100.0,100.0,Pass
AO16212,2024,2,10,11.85,62.9,100.0,81.5,Pass
AO16212,2025,2,13,14.64,78.8,88.6,83.7,Pass
AO16212,2026,2,15,12.3,89.4,100.0,94.7,Pass
AO21707,2024,2,17,13.22,100.0,100.0,100.0,Pass
AO21707,2025,2,14,12.98,84.1,100.0,92.1,Pass
AO21707,2026,2,12,12.05,73.5,100.0,86.8,Pass
AO21034,2022,1,14,12.99,80.0,100.0,90.0,Pass
AO21034,2023,1,15,13.18,85.0,98.2,91.6,Pass
AO21034,2024,1,13,12.57,75.0,100.0,87.5,Pass
AO21034,2025,2,17,14.3,100.0,92.0,96.0,Pass
AO21034,2026,2,13,11.34,78.8,100.0,89.4,Pass
AO22645,2021,1,7,11.72,45.0,100.0,72.5,Pass
AO22645,2022,1,13,16.43,75.0,65.7,70.4,Pass
AO22645,2023,1,14,12.99,80.0,100.0,90.0,Pass
AO22645,2024,1,15,12.36,85.0,100.0,92.5,Pass
AO22645,2025,1,13,12.78,75.0,100.0,87.5,Pass
AO22645,2026,1,17,14.71,95.0,82.9,89.0,Pass
AO21263,2021,1,16,14.55,90.0,84.5,87.3,Pass
AO21263,2022,1,15,14.65,85.0,83.5,84.3,Pass
AO21263,2023,1,14,12.93,80.0,100.0,90.0,Pass
AO21263,2024,1,14,12.55,80.0,100.0,90.0,Pass
AO21263,2025,2,12,12.55,73.5,100.0,86.8,Pass
AO21263,2026,2,17,15.74,100.0,77.6,88.8,Pass
AO25112,2024,1,14,13.63,80.0,93.7,86.9,Pass
AO25112,2025,1,20,12.28,100.0,100.0,100.0,Pass
AO25112,2026,1,21,15.28,100.0,77.2,88.6,Pass
AO21878,2022,1,7,10.96,45.0,100.0,72.5,Pass
AO21878,2023,1,3,16.07,25.0,69.3,47.2,Fail
AO21878,2024,2,11,13.69,68.2,98.1,83.2,Pass
AO21878,2025,2,9,14.72,57.6,87.8,72.7,Pass
AO21878,2026,2,15,13.57,89.4,99.3,94.4,Pass
AO20873,2021,1,13,15.25,75.0,77.5,76.3,Pass
AO20873,2022,1,15,15.6,85.0,74.0,79.5,Pass
AO20873,2023,1,7,11.52,45.0,100.0,72.5,Pass
AO20873,2024,1,18,16.12,100.0,68.8,84.4,Pass
AO20873,2025,1,12,13.94,70.0,90.6,80.3,Pass
AO20873,2026,1,16,14.96,90.0,80.4,85.2,Pass
AO24366,2023,1,9,13.65,55.0,93.5,74.3,Pass
AO24366,2024,1,11,12.19,65.0,100.0,82.5,Pass
AO24366,2025,1,19,12.99,100.0,100.0,100.0,Pass
AO24366,2026,2,14,13.72,84.1,97.8,91.0,Pass
AO24140,2024,1,7,12.8,45.0,100.0,72.5,Pass
AO24140,2025,1,12,14.41,70.0,85.9,78.0,Pass
AO24140,2026,1,18,13.17,100.0,98.3,99.2,Pass
AO17508,2021,1,10,12.51,60.0,100.0,80.0,Pass
AO17508,2022,2,10,14.19,62.9,93.1,78.0,Pass
AO17508,2023,2,13,14.09,78.8,94.1,86.5,Pass
AO17508,2024,2,16,12.21,94.7,100.0,97.4,Pass
AO17508,2025,2,6,13.29,41.8,100.0,70.9,Pass
AO17508,2026,2,7,15.42,47.1,80.8,64.0,Pass
AO20321,2023,2,12,16.26,73.5,72.4,73.0,Pass
AO20321,2024,2,17,10.37,100.0,100.0,100.0,Pass
AO20321,2025,2,15,11.98,89.4,100.0,94.7,Pass
AO20321,2026,2,12,13.92,73.5,95.8,84.7,Pass
AO18793,2022,1,10,10.58,60.0,100.0,80.0,Pass
AO18793,2023,1,12,14.41,70.0,85.9,78.0,Pass
AO18793,2024,2,7,10.65,47.1,100.0,73.6,Pass
AO18793,2025,2,16,12.34,94.7,100.0,97.4,Pass
AO18793,2026,2,16,13.01,94.7,100.0,97.4,Pass
AO25165,2024,1,13,15.05,75.0,79.5,77.3,Pass
AO25165,2025,1,21,10.8,100.0,100.0,100.0,Pass
AO25165,2026,1,14,12.21,80.0,100.0,90.0,Pass
AO13943,2021,2,12,13.24,73.5,100.0,86.8,Pass
AO13943,2022,3,13,16.12,83.1,78.8,81.0,Pass
AO13943,2023,3,10,13.4,66.2,100.0,83.1,Pass
AO13943,2024,3,10,17.58,66.2,64.2,65.2,Pass
AO13943,2025,3,10,15.99,66.2,80.1,73.2,Pass
AO13943,2026,3,10,14.73,66.2,92.7,79.5,Pass
AO25541,2024,1,15,13.07,85.0,99.3,92.2,Pass
AO25541,2025,1,15,13.75,85.0,92.5,88.8,Pass
AO25541,2026,1,19,9.85,100.0,100.0,100.0,Pass
AO17098,2024,2,10,14.38,62.9,91.2,77.1,Pass
AO17098,2025,2,12,14.99,73.5,85.1,79.3,Pass
AO17098,2026,3,12,14.68,77.5,93.2,85.4,Pass
AO22788,2023,1,12,13.21,70.0,97.9,84.0,Pass
AO22788,2024,1,6,13.42,40.0,95.8,67.9,Pass
AO22788,2025,2,9,15.29,57.6,82.1,69.9,Pass
AO22788,2026,2,7,16.27,47.1,72.3,59.7,Fail
AO24582,2024,1,16,12.17,90.0,100.0,95.0,Pass
AO24582,2025,1,25,16.92,100.0,60.8,80.4,Pass
AO24582,2026,1,26,12.09,100.0,100.0,100.0,Pass
AO21338,2024,2,13,13.38,78.8,100.0,89.4,Pass
AO21338,2025,2,20,14.42,100.0,90.8,95.4,Pass
AO21338,2026,2,9,12.27,57.6,100.0,78.8,Pass
G21228,2022,1,17,14.85,95.0,81.5,88.3,Pass
G21228,2023,1,19,13.65,100.0,93.5,96.8,Pass
G21228,2024,1,16,16.98,90.0,60.2,75.1,Pass
G21228,2025,1,12,15.14,70.0,78.6,74.3,Pass
G21228,2026,1,14,13.81,80.0,91.9,86.0,Pass
G23248,2022,1,17,12.92,95.0,100.0,97.5,Pass
G23248,2023,1,16,13.5,90.0,95.0,92.5,Pass
G23248,2024,1,15,13.72,85.0,92.8,88.9,Pass
G23248,2025,1,14,15.46,80.0,75.4,77.7,Pass
G23248,2026,1,15,13.1,85.0,99.0,92.0,Pass
G17472,2021,1,19,14.73,100.0,82.7,91.4,Pass
G17472,2022,1,20,12.72,100.0,100.0,100.0,Pass
G17472,2023,2,20,13.51,100.0,99.9,100.0,Pass
G17472,2024,2,17,13.92,100.0,95.8,97.9,Pass
G17472,2025,2,22,13.15,100.0,100.0,100.0,Pass
G17472,2026,2,21,14.33,100.0,91.7,95.9,Pass
G25334,2024,1,10,17.68,60.0,53.2,56.6,Fail
G25334,2025,1,10,15.28,60.0,77.2,68.6,Pass
G25334,2026,1,18,15.11,100.0,78.9,89.5,Pass
G23853,2022,1,19,15.25,100.0,77.5,88.8,Pass
G23853,2023,1,15,12.01,85.0,100.0,92.5,Pass
G23853,2024,1,16,16.49,90.0,65.1,77.6,Pass
G23853,2025,1,17,14.07,95.0,89.3,92.2,Pass
G23853,2026,1,11,14.2,65.0,88.0,76.5,Pass
G24918,2024,1,17,14.28,95.0,87.2,91.1,Pass
G24918,2025,1,13,15.29,75.0,77.1,76.1,Pass
G24918,2026,1,14,15.2,80.0,78.0,79.0,Pass
G21956,2022,1,16,16.46,90.0,65.4,77.7,Pass
G21956,2023,1,16,16.81,90.0,61.9,76.0,Pass
G21956,2024,1,15,11.96,85.0,100.0,92.5,Pass
G21956,2025,1,16,12.64,90.0,100.0,95.0,Pass
G21956,2026,1,22,15.86,100.0,71.4,85.7,Pass
G24754,2024,1,14,13.57,80.0,94.3,87.2,Pass
G24754,2025,1,14,13.8,80.0,92.0,86.0,Pass
G24754,2026,1,14,17.36,80.0,56.4,68.2,Pass
G13596,2023,2,18,13.32,100.0,100.0,100.0,Pass
G13596,2024,3,21,10.79,100.0,100.0,100.0,Pass
G13596,2025,3,23,10.57,100.0,100.0,100.0,Pass
G13596,2026,3,25,14.21,100.0,97.9,99.0,Pass
G22667,2021,1,15,14.65,85.0,83.5,84.3,Pass
G22667,2022,1,17,13.7,95.0,93.0,94.0,Pass
G22667,2023,1,17,13.01,95.0,99.9,97.5,Pass
G22667,2024,1,17,14.3,95.0,87.0,91.0,Pass
G22667,2025,1,22,16.16,100.0,68.4,84.2,Pass
G22667,2026,1,18,13.75,100.0,92.5,96.3,Pass
G22398,2022,1,12,15.84,70.0,71.6,70.8,Pass
G22398,2023,1,15,14.67,85.0,83.3,84.2,Pass
G22398,2024,1,18,13.67,100.0,93.3,96.7,Pass
G22398,2025,1,18,14.71,100.0,82.9,91.5,Pass
G22398,2026,1,21,14.19,100.0,88.1,94.1,Pass
G23722,2022,1,18,13.66,100.0,93.4,96.7,Pass
G23722,2023,1,16,13.94,90.0,90.6,90.3,Pass
G23722,2024,1,15,15.27,85.0,77.3,81.2,Pass
G23722,2025,1,17,13.2,95.0,98.0,96.5,Pass
G23722,2026,1,15,13.17,85.0,98.3,91.7,Pass
G21555,2024,1,22,11.31,100.0,100.0,100.0,Pass
G21555,2025,1,17,11.72,95.0,100.0,97.5,Pass
G21555,2026,1,25,13.39,100.0,96.1,98.1,Pass
G23967,2023,1,11,15.59,65.0,74.1,69.6,Pass
G23967,2024,1,13,15.17,75.0,78.3,76.7,Pass
G23967,2025,1,14,14.26,80.0,87.4,83.7,Pass
G23967,2026,1,21,13.44,100.0,95.6,97.8,Pass
G21563,2021,1,14,14.78,80.0,82.2,81.1,Pass
G21563,2022,1,16,15.68,90.0,73.2,81.6,Pass
G21563,2023,1,15,12.79,85.0,100.0,92.5,Pass
G21563,2024,1,17,12.41,95.0,100.0,97.5,Pass
G21563,2025,1,18,14.53,100.0,84.7,92.4,Pass
G21563,2026,1,16,14.7,90.0,83.0,86.5,Pass
G13345,2024,3,21,10.71,100.0,100.0,100.0,Pass
G13345,2025,3,19,13.66,100.0,100.0,100.0,Pass
G13345,2026,3,22,14.02,100.0,99.8,99.9,Pass
G24895,2024,1,15,15.57,85.0,74.3,79.7,Pass
G24895,2025,1,14,15.88,80.0,71.2,75.6,Pass
G24895,2026,1,13,13.55,75.0,94.5,84.8,Pass
G21379,2021,1,24,14.99,100.0,80.1,90.1,Pass
G21379,2022,1,17,13.61,95.0,93.9,94.5,Pass
G21379,2023,1,21,12.1,100.0,100.0,100.0,Pass
G21379,2024,1,13,13.62,75.0,93.8,84.4,Pass
G21379,2025,2,14,14.01,84.1,94.9,89.5,Pass
G21379,2026,2,24,13.14,100.0,100.0,100.0,Pass
G17341,2021,1,16,11.78,90.0,100.0,95.0,Pass
G17341,2022,2,21,14.02,100.0,94.8,97.4,Pass
G17341,2023,2,22,15.08,100.0,84.2,92.1,Pass
G17341,2024,2,18,11.01,100.0,100.0,100.0,Pass
G17341,2025,2,16,11.9,94.7,100.0,97.4,Pass
G17341,2026,2,20,14.73,100.0,87.7,93.9,Pass
G10878,2022,3,24,11.04,100.0,100.0,100.0,Pass
G10878,2023,3,18,13.33,100.0,100.0,100.0,Pass
G10878,2024,3,30,14.73,100.0,92.7,96.4,Pass
G10878,2025,4,23,12.57,100.0,100.0,100.0,Pass
G10878,2026,4,23,9.0,100.0,100.0,100.0,Pass
G22691,2023,1,17,16.48,95.0,65.2,80.1,Pass
G22691,2024,1,10,14.85,60.0,81.5,70.8,Pass
G22691,2025,1,23,14.73,100.0,82.7,91.4,Pass
G22691,2026,1,14,14.68,80.0,83.2,81.6,Pass
G23878,2022,1,19,13.08,100.0,99.2,99.6,Pass
G23878,2023,1,19,13.71,100.0,92.9,96.5,Pass
G23878,2024,1,16,14.28,90.0,87.2,88.6,Pass
G23878,2025,1,17,15.58,95.0,74.2,84.6,Pass
G23878,2026,1,18,11.78,100.0,100.0,100.0,Pass
G23264,2022,1,20,14.4,100.0,86.0,93.0,Pass
G23264,2023,1,19,14.86,100.0,81.4,90.7,Pass
G23264,2024,1,17,13.22,95.0,97.8,96.4,Pass
G23264,2025,1,11,11.68,65.0,100.0,82.5,Pass
G23264,2026,1,12,15.36,70.0,76.4,73.2,Pass
G09033,2021,3,22,13.75,100.0,100.0,100.0,Pass
G09033,2022,3,24,11.23,100.0,100.0,100.0,Pass
G09033,2023,3,23,15.15,100.0,88.5,94.3,Pass
G09033,2024,4,30,15.16,100.0,93.4,96.7,Pass
G09033,2025,4,25,11.95,100.0,100.0,100.0,Pass
G09033,2026,4,24,12.14,100.0,100.0,100.0,Pass
G22782,2022,1,20,12.47,100.0,100.0,100.0,Pass
G22782,2023,1,18,15.8,100.0,72.0,86.0,Pass
G22782,2024,1,12,12.7,70.0,100.0,85.0,Pass
G22782,2025,1,17,15.16,95.0,78.4,86.7,Pass
G22782,2026,1,18,13.91,100.0,90.9,95.5,Pass
G10254,2022,3,25,14.25,100.0,97.5,98.8,Pass
G10254,2023,3,24,15.56,100.0,84.4,92.2,Pass
G10254,2024,3,22,13.63,100.0,100.0,100.0,Pass
G10254,2025,3,20,13.08,100.0,100.0,100.0,Pass
G10254,2026,4,18,13.36,100.0,100.0,100.0,Pass
G22028,2023,1,12,14.76,70.0,82.4,76.2,Pass
G22028,2024,1,21,13.0,100.0,100.0,100.0,Pass
G22028,2025,1,18,15.84,100.0,71.6,85.8,Pass
G22028,2026,1,21,14.96,100.0,80.4,90.2,Pass
G21049,2023,1,15,15.74,85.0,72.6,78.8,Pass
G21049,2024,1,15,18.53,85.0,44.7,64.9,Pass
G21049,2025,1,16,13.12,90.0,98.8,94.4,Pass
G21049,2026,1,21,14.68,100.0,83.2,91.6,Pass
G23282,2024,1,25,14.94,100.0,80.6,90.3,Pass
G23282,2025,1,15,13.98,85.0,90.2,87.6,Pass
G23282,2026,1,14,12.96,80.0,100.0,90.0,Pass
G25308,2024,1,12,14.85,70.0,81.5,75.8,Pass
G25308,2025,1,15,15.27,85.0,77.3,81.2,Pass
G25308,2026,1,10,12.55,60.0,100.0,80.0,Pass
G22471,2022,1,22,14.68,100.0,83.2,91.6,Pass
G22471,2023,1,20,14.1,100.0,89.0,94.5,Pass
G22471,2024,1,9,13.81,55.0,91.9,73.5,Pass
G22471,2025,1,20,11.47,100.0,100.0,100.0,Pass
G22471,2026,1,13,15.99,75.0,70.1,72.6,Pass
G23592,2022,1,13,15.67,75.0,73.3,74.2,Pass
G23592,2023,1,19,11.48,100.0,100.0,100.0,Pass
G23592,2024,1,20,13.32,100.0,96.8,98.4,Pass
G23592,2025,1,21,13.35,100.0,96.5,98.3,Pass
G23592,2026,1,19,13.78,100.0,92.2,96.1,Pass
G25920,2024,1,12,15.9,70.0,71.0,70.5,Pass
G25920,2025,1,17,11.34,95.0,100.0,97.5,Pass
G25920,2026,1,12,13.14,70.0,98.6,84.3,Pass
G24364,2024,1,13,13.1,75.0,99.0,87.0,Pass
G24364,2025,1,13,14.45,75.0,85.5,80.3,Pass
G24364,2026,1,18,16.68,100.0,63.2,81.6,Pass
G22982,2021,1,12,14.56,70.0,84.4,77.2,Pass
G22982,2022,1,19,13.92,100.0,90.8,95.4,Pass
G22982,2023,1,15,14.24,85.0,87.6,86.3,Pass
G22982,2024,1,16,15.7,90.0,73.0,81.5,Pass
G22982,2025,1,16,12.98,90.0,100.0,95.0,Pass
G22982,2026,1,16,14.15,90.0,88.5,89.3,Pass
G23461,2023,1,9,13.31,55.0,96.9,76.0,Pass
G23461,2024,1,17,14.58,95.0,84.2,89.6,Pass
G23461,2025,1,7,15.35,45.0,76.5,60.8,Pass
G23461,2026,1,15,12.86,85.0,100.0,92.5,Pass
G18512,2021,1,17,11.29,95.0,100.0,97.5,Pass
G18512,2022,2,22,13.47,100.0,100.0,100.0,Pass
G18512,2023,2,19,14.77,100.0,87.3,93.7,Pass
G18512,2024,2,22,9.0,100.0,100.0,100.0,Pass
G18512,2025,2,19,11.26,100.0,100.0,100.0,Pass
G18512,2026,2,23,10.74,100.0,100.0,100.0,Pass
G23291,2022,1,11,11.34,65.0,100.0,82.5,Pass
G23291,2023,1,14,13.33,80.0,96.7,88.4,Pass
G23291,2024,1,20,16.05,100.0,69.5,84.8,Pass
G23291,2025,1,17,14.96,95.0,80.4,87.7,Pass
G23291,2026,1,20,11.52,100.0,100.0,100.0,Pass
G23231,2022,1,13,15.12,75.0,78.8,76.9,Pass
G23231,2023,1,19,16.44,100.0,65.6,82.8,Pass
G23231,2024,1,17,14.51,95.0,84.9,90.0,Pass
G23231,2025,1,20,12.22,100.0,100.0,100.0,Pass
G23231,2026,1,17,15.43,95.0,75.7,85.4,Pass
G22347,2022,1,16,11.83,90.0,100.0,95.0,Pass
G22347,2023,1,13,12.13,75.0,100.0,87.5,Pass
G22347,2024,1,15,18.28,85.0,47.2,66.1,Pass
G22347,2025,1,17,13.84,95.0,91.6,93.3,Pass
G22347,2026,1,17,14.36,95.0,86.4,90.7,Pass
G23588,2022,1,8,11.72,50.0,100.0,75.0,Pass
G23588,2023,1,16,12.77,90.0,100.0,95.0,Pass
G23588,2024,1,20,13.57,100.0,94.3,97.2,Pass
G23588,2025,1,21,11.65,100.0,100.0,100.0,Pass
G23588,2026,1,15,13.97,85.0,90.3,87.7,Pass
G09565,2024,4,25,15.15,100.0,93.5,96.8,Pass
G09565,2025,4,20,14.25,100.0,100.0,100.0,Pass
G09565,2026,4,23,15.03,100.0,94.7,97.4,Pass
G21906,2022,1,14,14.46,80.0,85.4,82.7,Pass
G21906,2023,1,21,11.93,100.0,100.0,100.0,Pass
G21906,2024,1,18,13.74,100.0,92.6,96.3,Pass
G21906,2025,1,20,14.43,100.0,85.7,92.9,Pass
G21906,2026,2,18,10.29,100.0,100.0,100.0,Pass
G22712,2023,1,20,13.61,100.0,93.9,97.0,Pass
G22712,2024,1,13,15.72,75.0,72.8,73.9,Pass
G22712,2025,1,19,15.93,100.0,70.7,85.4,Pass
G22712,2026,1,18,14.94,100.0,80.6,90.3,Pass
G23902,2024,1,17,13.16,95.0,98.4,96.7,Pass
G23902,2025,1,15,16.97,85.0,60.3,72.7,Pass
G23902,2026,1,15,15.46,85.0,75.4,80.2,Pass
G18430,2024,2,19,12.83,100.0,100.0,100.0,Pass
G18430,2025,2,24,12.28,100.0,100.0,100.0,Pass
G18430,2026,2,20,12.41,100.0,100.0,100.0,Pass
G23276,2022,1,21,11.4,100.0,100.0,100.0,Pass
G23276,2023,1,18,11.62,100.0,100.0,100.0,Pass
G23276,2024,1,15,11.81,85.0,100.0,92.5,Pass
G23276,2025,1,16,11.75,90.0,100.0,95.0,Pass
G23276,2026,1,16,14.43,90.0,85.7,87.9,Pass
G17879,2021,1,24,14.72,100.0,82.8,91.4,Pass
G17879,2022,1,20,12.91,100.0,100.0,100.0,Pass
G17879,2023,2,22,14.8,100.0,87.0,93.5,Pass
G17879,2024,2,17,11.91,100.0,100.0,100.0,Pass
G17879,2025,2,21,11.68,100.0,100.0,100.0,Pass
G17879,2026,2,19,14.91,100.0,85.9,93.0,Pass
G22590,2022,1,17,14.44,95.0,85.6,90.3,Pass
G22590,2023,1,18,15.1,100.0,79.0,89.5,Pass
G22590,2024,1,20,17.08,100.0,59.2,79.6,Pass
G22590,2025,1,15,13.23,85.0,97.7,91.4,Pass
G22590,2026,1,18,15.76,100.0,72.4,86.2,Pass
G23898,2022,1,15,12.78,85.0,100.0,92.5,Pass
G23898,2023,1,15,11.84,85.0,100.0,92.5,Pass
G23898,2024,1,18,13.75,100.0,92.5,96.3,Pass
G23898,2025,1,20,14.55,100.0,84.5,92.3,Pass
G23898,2026,1,21,13.35,100.0,96.5,98.3,Pass
G23419,2022,1,15,14.83,85.0,81.7,83.4,Pass
G23419,2023,1,11,13.3,65.0,97.0,81.0,Pass
G23419,2024,1,18,15.86,100.0,71.4,85.7,Pass
G23419,2025,1,14,11.17,80.0,100.0,90.0,Pass
G23419,2026,1,16,16.46,90.0,65.4,77.7,Pass
G25872,2024,1,15,14.91,85.0,80.9,83.0,Pass
G25872,2025,1,14,14.83,80.0,81.7,80.9,Pass
G25872,2026,1,12,16.36,70.0,66.4,68.2,Pass
G18131,2021,1,18,12.1,100.0,100.0,100.0,Pass
G18131,2022,1,14,12.83,80.0,100.0,90.0,Pass
G18131,2023,2,21,12.16,100.0,100.0,100.0,Pass
G18131,2024,2,19,15.56,100.0,79.4,89.7,Pass
G18131,2025,2,18,11.57,100.0,100.0,100.0,Pass
G18131,2026,2,22,13.55,100.0,99.5,99.8,Pass
G24109,2024,1,12,15.52,70.0,74.8,72.4,Pass
G24109,2025,1,14,17.72,80.0,52.8,66.4,Pass
G24109,2026,1,10,16.95,60.0,60.5,60.3,Pass
G25531,2024,1,15,13.49,85.0,95.1,90.1,Pass
G25531,2025,1,12,12.73,70.0,100.0,85.0,Pass
G25531,2026,1,12,14.11,70.0,88.9,79.5,Pass
G18619,2021,1,18,15.69,100.0,73.1,86.6,Pass
G18619,2022,1,20,10.17,100.0,100.0,100.0,Pass
G18619,2023,1,21,13.94,100.0,90.6,95.3,Pass
G18619,2024,2,14,11.97,84.1,100.0,92.1,Pass
G18619,2025,2,22,12.75,100.0,100.0,100.0,Pass
G18619,2026,2,17,13.34,100.0,100.0,100.0,Pass
G17402,2023,2,20,14.39,100.0,91.1,95.6,Pass
G17402,2024,2,16,14.47,94.7,90.3,92.5,Pass
G17402,2025,2,24,12.62,100.0,100.0,100.0,Pass
G17402,2026,3,21,12.35,100.0,100.0,100.0,Pass
G25356,2024,1,13,16.01,75.0,69.9,72.5,Pass
G25356,2025,1,15,14.5,85.0,85.0,85.0,Pass
G25356,2026,1,13,12.68,75.0,100.0,87.5,Pass
G23270,2023,1,17,13.81,95.0,91.9,93.5,Pass
G23270,2024,1,20,15.65,100.0,73.5,86.8,Pass
G23270,2025,1,19,11.15,100.0,100.0,100.0,Pass
G23270,2026,1,20,14.89,100.0,81.1,90.6,Pass
G22986,2024,1,17,11.63,95.0,100.0,97.5,Pass
G22986,2025,1,21,16.09,100.0,69.1,84.6,Pass
G22986,2026,1,16,9.0,90.0,100.0,95.0,Pass
